book,chapter,verse,entity,label
,1,5,the evening,TIME
,1,5,the first day,DATE
,1,7,so,PERSON
,1,8,the evening,TIME
,1,8,the second day,DATE
,1,9,one,CARDINAL
,1,9,so,PERSON
,1,10,Earth,LOC
,1,11,so,PERSON
,1,13,the evening,TIME
,1,13,the third day,DATE
,1,14,the day,DATE
,1,14,seasons,DATE
,1,14,days,DATE
,1,15,so,PERSON
,1,16,two,CARDINAL
,1,16,the day,DATE
,1,18,the day,DATE
,1,18,the night,TIME
,1,19,the evening,TIME
,1,19,the fourth day,DATE
,1,23,the evening,TIME
,1,23,the fifth day,DATE
,1,24,so,PERSON
,1,27,So,PERSON
,1,29,Behold,PERSON
,1,30,so,PERSON
,1,31,the evening,TIME
,1,31,the sixth day,DATE
,2,2,on,PERSON
,2,2,the seventh day,DATE
,2,2,on,PERSON
,2,2,the seventh day,DATE
,2,3,the seventh day,DATE
,2,4,the day,DATE
,2,5,God,PERSON
,2,8,Eden,GPE
,2,8,put,PERSON
,2,10,Eden,LOC
,2,10,four,CARDINAL
,2,11,first,ORDINAL
,2,11,Havilah,ORG
,2,13,second,ORDINAL
,2,13,Ethiopia,GPE
,2,14,third,ORDINAL
,2,14,Assyria,GPE
,2,14,fourth,ORDINAL
,2,14,Euphrates,LOC
,2,15,God,PERSON
,2,15,put,PERSON
,2,15,Eden,LOC
,2,17,the day,DATE
,2,18,God,PERSON
,2,19,Adam,PERSON
,2,19,Adam,PERSON
,2,20,Adam,PERSON
,2,20,Adam,PERSON
,2,21,Adam,PERSON
,2,21,one,CARDINAL
,2,22,God,PERSON
,2,23,Adam,PERSON
,3,1,God,PERSON
,3,1,Yea,PERSON
,3,1,Ye,PERSON
,3,3,Ye,PERSON
,3,4,Ye,PERSON
,3,6,one,CARDINAL
,3,8,Adam,PERSON
,3,9,Adam,PERSON
,3,13,God,PERSON
,3,14,God,PERSON
,3,15,put,PERSON
,3,17,Adam,PERSON
,3,20,Adam,PERSON
,3,20,Eve,PERSON
,3,21,Adam,PERSON
,3,22,God,PERSON
,3,22,Behold,PERSON
,3,22,put,PERSON
,3,23,God,PERSON
,3,23,Eden,LOC
,3,24,So,PERSON
,3,24,Eden Cherubims,PERSON
,4,1,Adam,PERSON
,4,1,Eve,PERSON
,4,1,Cain,PERSON
,4,2,Abel,PERSON
,4,2,Abel,PERSON
,4,2,Cain,PERSON
,4,3,Cain,PERSON
,4,4,Abel,PERSON
,4,4,Abel,PERSON
,4,5,Cain,PERSON
,4,5,Cain,PERSON
,4,6,Cain,PERSON
,4,8,Cain,PERSON
,4,8,Abel,PERSON
,4,8,Cain,PERSON
,4,8,Abel,PERSON
,4,9,Cain,PERSON
,4,9,Abel,PERSON
,4,13,Cain,PERSON
,4,14,this day,DATE
,4,15,Cain,PERSON
,4,15,on,PERSON
,4,15,Cain,PERSON
,4,16,Cain,PERSON
,4,16,on,PERSON
,4,16,Eden,GPE
,4,17,Cain,PERSON
,4,17,Enoch,PERSON
,4,17,Enoch,PERSON
,4,18,Enoch,PERSON
,4,18,Irad,PERSON
,4,18,Irad,PERSON
,4,18,Mehujael,PERSON
,4,18,Mehujael,PERSON
,4,18,Methusael,PERSON
,4,18,Methusael,PERSON
,4,18,Lamech,PERSON
,4,19,Lamech,ORG
,4,19,two,CARDINAL
,4,19,Adah,PERSON
,4,19,Zillah,PERSON
,4,20,Adah,PERSON
,4,20,Jabal,PERSON
,4,21,Jubal,PERSON
,4,22,Zillah,PERSON
,4,22,Tubalcain,PERSON
,4,22,Tubalcain,PERSON
,4,22,Naamah,PERSON
,4,23,Lamech,ORG
,4,23,Adah,PERSON
,4,23,Zillah,PERSON
,4,23,Lamech,ORG
,4,24,Cain,PERSON
,4,24,Lamech seventy,LAW
,4,25,Adam,PERSON
,4,25,Seth,PERSON
,4,25,Abel,PERSON
,4,25,Cain,PERSON
,4,26,Seth,PERSON
,4,26,Enos,PERSON
,5,1,Adam,PERSON
,5,1,the day,DATE
,5,2,Adam,PERSON
,5,2,the day,DATE
,5,3,Adam,PERSON
,5,3,an hundred and thirty years,CARDINAL
,5,3,Seth,PERSON
,5,4,the days,DATE
,5,4,Adam,PERSON
,5,4,Seth,PERSON
,5,4,eight hundred years,DATE
,5,5,Adam,PERSON
,5,5,nine hundred and thirty years,CARDINAL
,5,6,Seth,PERSON
,5,6,an hundred and five years,CARDINAL
,5,6,Enos,PERSON
,5,7,Seth,PERSON
,5,7,Enos,PERSON
,5,7,eight hundred and seven years,CARDINAL
,5,8,Seth,PERSON
,5,8,nine hundred and twelve years,CARDINAL
,5,9,Enos,PERSON
,5,9,ninety years,DATE
,5,9,Cainan,PERSON
,5,10,Enos,PERSON
,5,10,Cainan,PERSON
,5,10,eight hundred and fifteen years,DATE
,5,11,Enos,PERSON
,5,11,nine hundred and,CARDINAL
,5,12,Cainan,PERSON
,5,12,seventy years,DATE
,5,12,Mahalaleel,PERSON
,5,13,Cainan,PERSON
,5,13,Mahalaleel,PERSON
,5,13,eight hundred and forty years,QUANTITY
,5,14,Cainan,LOC
,5,14,nine hundred and ten years,CARDINAL
,5,15,Mahalaleel,PERSON
,5,15,sixty and five years,DATE
,5,15,Jared,PERSON
,5,16,Mahalaleel,PERSON
,5,16,Jared,PERSON
,5,17,Mahalaleel,PERSON
,5,17,eight hundred ninety and,CARDINAL
,5,18,Jared,PERSON
,5,18,Enoch,PERSON
,5,19,Jared,PERSON
,5,19,Enoch,PERSON
,5,19,eight hundred years,DATE
,5,20,Jared,PERSON
,5,20,nine hundred sixty and,CARDINAL
,5,21,Enoch,PERSON
,5,21,sixty and five years,DATE
,5,21,Methuselah,PERSON
,5,22,Enoch,PERSON
,5,22,Methuselah,PERSON
,5,22,three hundred years,DATE
,5,23,Enoch,PERSON
,5,23,three hundred sixty and,CARDINAL
,5,24,Enoch,PERSON
,5,25,Methuselah,PERSON
,5,25,Lamech,PERSON
,5,26,Methuselah,PERSON
,5,26,Lamech,PERSON
,5,27,Methuselah,ORG
,5,27,nine hundred sixty and,CARDINAL
,5,28,Lamech,ORG
,5,29,Noah,PERSON
,5,30,Lamech,ORG
,5,30,Noah,PERSON
,5,30,five hundred ninety and,CARDINAL
,5,31,Lamech,ORG
,5,31,seven hundred seventy and,CARDINAL
,5,32,Noah,PERSON
,5,32,five hundred years old,DATE
,5,32,Noah,PERSON
,5,32,Shem,PERSON
,5,32,Ham,PERSON
,5,32,Japheth,PERSON
,6,1,on,PERSON
,6,3,an hundred and twenty years,CARDINAL
,6,4,those days,DATE
,6,6,on,PERSON
,6,8,Noah,PERSON
,6,9,Noah,PERSON
,6,9,Noah,PERSON
,6,9,Noah,PERSON
,6,10,Noah,PERSON
,6,10,three,CARDINAL
,6,10,"Shem, Ham",PERSON
,6,10,Japheth,PERSON
,6,13,Noah,PERSON
,6,14,ark,PERSON
,6,14,ark,PERSON
,6,15,ark,PERSON
,6,15,three hundred cubits,CARDINAL
,6,15,fifty cubits,CARDINAL
,6,15,thirty cubits,QUANTITY
,6,16,ark,PERSON
,6,16,ark,PERSON
,6,16,second,ORDINAL
,6,16,third,ORDINAL
,6,18,ark,PERSON
,6,19,two,CARDINAL
,6,19,ark,PERSON
,6,20,two,CARDINAL
,6,22,Noah,PERSON
,6,22,so,PERSON
,7,1,Noah,PERSON
,7,1,ark,PERSON
,7,2,two,CARDINAL
,7,4,seven days,DATE
,7,4,forty days,DATE
,7,4,forty nights,DATE
,7,5,Noah,PERSON
,7,6,Noah,PERSON
,7,6,six hundred years old,DATE
,7,7,Noah,PERSON
,7,7,ark,PERSON
,7,9,two,CARDINAL
,7,9,two,CARDINAL
,7,9,Noah,PERSON
,7,9,ark,PERSON
,7,9,Noah,PERSON
,7,10,seven days,DATE
,7,11,the six hundredth year,DATE
,7,11,Noah,PERSON
,7,11,the second month,DATE
,7,11,the seventeenth day of the month,DATE
,7,11,the same day,DATE
,7,12,forty days,DATE
,7,12,forty nights,DATE
,7,13,the selfsame day entered,DATE
,7,13,Noah,PERSON
,7,13,Shem,PERSON
,7,13,Ham,PERSON
,7,13,Japheth,PERSON
,7,13,Noah,PERSON
,7,13,Noah,PERSON
,7,13,three,CARDINAL
,7,13,ark,PERSON
,7,15,Noah,PERSON
,7,15,ark,PERSON
,7,15,two,CARDINAL
,7,15,two,CARDINAL
,7,17,forty days,DATE
,7,17,ark,PERSON
,7,18,ark,PERSON
,7,20,Fifteen cubits,QUANTITY
,7,23,Noah,PERSON
,7,23,ark,GPE
,7,24,an hundred and fifty days,CARDINAL
,8,1,Noah,PERSON
,8,1,ark,PERSON
,8,4,ark,PERSON
,8,4,the seventh month,DATE
,8,4,on,PERSON
,8,4,the seventeenth day of the month,DATE
,8,4,Ararat,GPE
,8,5,the tenth month,DATE
,8,5,the tenth month,DATE
,8,5,on,PERSON
,8,5,the first day of the month,DATE
,8,6,the end of forty days,DATE
,8,6,Noah,PERSON
,8,6,ark,PERSON
,8,9,ark,PERSON
,8,9,on,PERSON
,8,9,put,PERSON
,8,9,ark,PERSON
,8,10,seven days,DATE
,8,10,ark,PERSON
,8,11,so,PERSON
,8,11,Noah,PERSON
,8,12,seven days,DATE
,8,13,the six hundredth and first year,DATE
,8,13,the first month,DATE
,8,13,the first day of the month,DATE
,8,13,Noah,PERSON
,8,13,ark,PERSON
,8,14,the second month,DATE
,8,14,on,PERSON
,8,14,seven and twentieth day of the month,DATE
,8,15,Noah,PERSON
,8,16,ark,PERSON
,8,18,Noah,PERSON
,8,19,ark,PERSON
,8,20,Noah,PERSON
,8,20,on,PERSON
,8,22,summer,DATE
,9,1,Noah,PERSON
,9,8,Noah,PERSON
,9,10,ark,PERSON
,9,17,Noah,PERSON
,9,18,Noah,PERSON
,9,18,ark,PERSON
,9,18,Shem,PERSON
,9,18,Ham,PERSON
,9,18,Japheth,PERSON
,9,18,Ham,PERSON
,9,18,Canaan,GPE
,9,19,three,CARDINAL
,9,19,Noah,PERSON
,9,20,Noah,PERSON
,9,22,Ham,PERSON
,9,22,Canaan,GPE
,9,22,two,CARDINAL
,9,23,Shem,PERSON
,9,23,Japheth,PERSON
,9,24,Noah,PERSON
,9,25,Canaan,GPE
,9,26,Blessed,PERSON
,9,26,Shem,PERSON
,9,26,Canaan,GPE
,9,27,Japheth,PERSON
,9,27,Shem,PERSON
,9,27,Canaan,GPE
,9,28,Noah,PERSON
,9,28,three hundred and fifty years,CARDINAL
,9,29,Noah,PERSON
,9,29,nine hundred and fifty years,CARDINAL
,10,1,Noah,PERSON
,10,1,Shem,PERSON
,10,1,Ham,PERSON
,10,1,Japheth,PERSON
,10,2,Japheth,PERSON
,10,2,Gomer,PERSON
,10,2,Magog,GPE
,10,2,Madai,ORG
,10,2,Javan,PERSON
,10,2,Tubal,FAC
,10,2,Meshech,ORG
,10,2,Tiras,PERSON
,10,3,Gomer,PERSON
,10,3,Ashkenaz,PERSON
,10,3,Riphath,ORG
,10,3,Togarmah,ORG
,10,4,Javan,PERSON
,10,4,Elishah,PERSON
,10,4,Tarshish,PERSON
,10,4,Kittim,PERSON
,10,4,Dodanim,PERSON
,10,5,Gentiles,ORG
,10,6,Ham,PERSON
,10,6,Cush,PERSON
,10,6,Mizraim,PERSON
,10,6,Phut,ORG
,10,6,Canaan,GPE
,10,7,Cush,PERSON
,10,7,Seba,PERSON
,10,7,Havilah,ORG
,10,7,Sabtah,ORG
,10,7,Raamah,ORG
,10,7,Sabtechah,PERSON
,10,7,Raamah,ORG
,10,7,Sheba,PERSON
,10,7,Dedan,PERSON
,10,8,Cush,PERSON
,10,8,Nimrod,PERSON
,10,9,Nimrod,ORG
,10,10,Babel,PERSON
,10,10,Erech,PERSON
,10,10,Accad,PERSON
,10,10,Calneh,PERSON
,10,10,Shinar,ORG
,10,11,Asshur,ORG
,10,11,Nineveh,GPE
,10,11,Rehoboth,GPE
,10,11,Calah,ORG
,10,12,Resen,PERSON
,10,12,Nineveh,PERSON
,10,12,Calah,ORG
,10,13,Mizraim,PERSON
,10,13,Ludim,ORG
,10,13,Anamim,PERSON
,10,13,Lehabim,ORG
,10,13,Naphtuhim,ORG
,10,14,Pathrusim,PERSON
,10,14,Casluhim,ORG
,10,14,Philistim,PERSON
,10,14,Caphtorim,ORG
,10,15,Canaan,GPE
,10,15,Sidon,PERSON
,10,15,first,ORDINAL
,10,15,Heth,PERSON
,10,16,Amorite,PERSON
,10,16,Girgasite,PERSON
,10,17,Hivite,PERSON
,10,17,Arkite,PRODUCT
,10,17,Sinite,PERSON
,10,18,Arvadite,PRODUCT
,10,18,Zemarite,NORP
,10,18,Canaanites,NORP
,10,19,Canaanites,ORG
,10,19,Sidon,GPE
,10,19,Gerar,PERSON
,10,19,Gaza,GPE
,10,19,Sodom,GPE
,10,19,Gomorrah,PERSON
,10,19,Admah,GPE
,10,19,Zeboim,ORG
,10,19,Lasha,PERSON
,10,20,Ham,PERSON
,10,21,Shem,PERSON
,10,21,Eber,PERSON
,10,21,Japheth,PERSON
,10,22,Shem,PERSON
,10,22,Elam,PERSON
,10,22,Asshur,ORG
,10,22,Arphaxad,ORG
,10,22,Lud,PERSON
,10,22,Aram,PERSON
,10,23,Aram,PERSON
,10,23,Uz,PERSON
,10,23,Hul,PERSON
,10,23,Gether,PERSON
,10,23,Mash,PERSON
,10,24,Arphaxad,PERSON
,10,24,Salah,PERSON
,10,24,Salah,PERSON
,10,24,Eber,PERSON
,10,25,Eber,PERSON
,10,25,two,CARDINAL
,10,25,one,CARDINAL
,10,25,Peleg,PERSON
,10,25,his days,DATE
,10,25,Joktan,GPE
,10,26,Joktan,PERSON
,10,26,Almodad,PERSON
,10,26,Sheleph,PERSON
,10,26,Hazarmaveth,ORG
,10,26,Jerah,PERSON
,10,27,Hadoram,PERSON
,10,27,Uzal,GPE
,10,27,Diklah,GPE
,10,28,Obal,PERSON
,10,28,Abimael,PERSON
,10,28,Sheba,PERSON
,10,29,Ophir,GPE
,10,29,Havilah,ORG
,10,29,Jobab,PERSON
,10,29,Joktan,GPE
,10,30,Mesha,PERSON
,10,31,Shem,PERSON
,10,32,Noah,PERSON
,11,1,one,CARDINAL
,11,1,one,CARDINAL
,11,2,Shinar,ORG
,11,3,one,CARDINAL
,11,6,Behold,PERSON
,11,8,So,PERSON
,11,9,Babel,PERSON
,11,10,Shem,PERSON
,11,10,Shem,PERSON
,11,10,an hundred years old,DATE
,11,10,Arphaxad,ORG
,11,10,two years,DATE
,11,11,Shem,PERSON
,11,11,Arphaxad,ORG
,11,11,five hundred years,DATE
,11,12,Arphaxad,ORG
,11,12,five and thirty years,DATE
,11,12,Salah,PERSON
,11,13,Arphaxad,PERSON
,11,13,four hundred and three years,DATE
,11,14,Salah,PERSON
,11,14,thirty years,DATE
,11,14,Eber,PERSON
,11,15,Salah,PERSON
,11,15,Eber,PERSON
,11,15,four hundred and three years,CARDINAL
,11,16,Eber,PERSON
,11,16,four and thirty years,DATE
,11,16,Peleg,PERSON
,11,17,Eber,PERSON
,11,17,Peleg,PERSON
,11,17,four hundred and thirty years,CARDINAL
,11,18,Peleg,PERSON
,11,18,thirty years,DATE
,11,18,Reu,PERSON
,11,19,Peleg,PERSON
,11,19,Reu,PERSON
,11,19,two hundred and nine years,CARDINAL
,11,20,Reu,PERSON
,11,20,two and thirty years,DATE
,11,20,Serug,PERSON
,11,21,Reu,PERSON
,11,21,Serug two hundred and seven years,LAW
,11,22,Serug,PERSON
,11,22,thirty years,DATE
,11,22,Nahor,PERSON
,11,23,Serug,PERSON
,11,23,Nahor,PERSON
,11,23,two hundred years,DATE
,11,24,Nahor,GPE
,11,24,nine and twenty years,DATE
,11,24,Terah,PERSON
,11,25,Nahor,GPE
,11,25,Terah,PERSON
,11,25,an hundred and nineteen years,CARDINAL
,11,26,Terah,PERSON
,11,26,seventy years,DATE
,11,26,Abram,PERSON
,11,26,Nahor,GPE
,11,26,Haran,PERSON
,11,27,Terah,PERSON
,11,27,Terah,PERSON
,11,27,Abram,PERSON
,11,27,Nahor,GPE
,11,27,Haran,PERSON
,11,27,Haran begat Lot,PRODUCT
,11,28,Haran,PERSON
,11,28,Terah,PERSON
,11,28,Chaldees,ORG
,11,29,Abram,PERSON
,11,29,Nahor,PERSON
,11,29,Abram,PERSON
,11,29,Sarai,PERSON
,11,29,Nahor,ORG
,11,29,Milcah,PERSON
,11,29,daughter,PERSON
,11,29,Haran,PERSON
,11,29,Milcah,PERSON
,11,29,Iscah,PERSON
,11,30,Sarai,PERSON
,11,31,Terah,PERSON
,11,31,Abram,PERSON
,11,31,Lot,PERSON
,11,31,Haran,PERSON
,11,31,Sarai,PERSON
,11,31,daughter,PERSON
,11,31,Abram,PERSON
,11,31,Chaldees,ORG
,11,31,Canaan,GPE
,11,31,Haran,PERSON
,11,32,the days,DATE
,11,32,Terah,ORG
,11,32,two hundred and,CARDINAL
,11,32,Terah,PERSON
,11,32,Haran,PERSON
,12,1,Abram,PERSON
,12,4,So,PERSON
,12,4,Abram,PERSON
,12,4,Lot,PERSON
,12,4,Abram,PERSON
,12,4,five years old,DATE
,12,4,Haran,PERSON
,12,5,Abram,PERSON
,12,5,Sarai,PERSON
,12,5,Lot,PERSON
,12,5,Haran,PERSON
,12,5,Canaan,GPE
,12,5,Canaan,GPE
,12,6,Abram,PERSON
,12,6,Sichem,ORG
,12,6,Moreh,PRODUCT
,12,6,Canaanite,NORP
,12,7,Abram,PERSON
,12,8,on,PERSON
,12,8,Bethel,GPE
,12,8,Bethel,GPE
,12,8,on,PERSON
,12,8,Hai,PERSON
,12,8,on,PERSON
,12,9,Abram,PERSON
,12,9,on,PERSON
,12,10,Abram,PERSON
,12,10,Egypt,GPE
,12,11,Egypt,GPE
,12,11,Sarai,PERSON
,12,12,Egyptians,NORP
,12,14,Abram,PERSON
,12,14,Egypt,GPE
,12,14,Egyptians,NORP
,12,15,Pharaoh,PERSON
,12,15,Pharaoh,PERSON
,12,15,Pharaoh,PERSON
,12,16,Abram,PERSON
,12,17,Pharaoh,PERSON
,12,17,Sarai Abram's,PERSON
,12,18,Pharaoh,PERSON
,12,18,Abram,PERSON
,12,19,so,PERSON
,12,20,Pharaoh,PERSON
,13,1,Abram,PERSON
,13,1,Egypt,GPE
,13,1,Lot,PERSON
,13,2,Abram,PERSON
,13,3,on,PERSON
,13,3,Bethel,GPE
,13,3,Bethel,GPE
,13,3,Hai,GPE
,13,4,first,ORDINAL
,13,4,Abram,PERSON
,13,4,on,PERSON
,13,5,Lot,PERSON
,13,5,Abram,PERSON
,13,6,so,PERSON
,13,7,Abram,PERSON
,13,7,Lot's,ORG
,13,7,Canaanite,NORP
,13,7,Perizzite,PERSON
,13,8,Abram,PERSON
,13,8,Lot,PERSON
,13,10,Lot,PERSON
,13,10,Jordan,GPE
,13,10,Sodom,GPE
,13,10,Gomorrah,GPE
,13,10,Egypt,GPE
,13,10,Zoar,GPE
,13,11,Lot,PERSON
,13,11,Jordan,GPE
,13,11,Lot,PERSON
,13,12,Abram,PERSON
,13,12,Canaan,GPE
,13,12,Lot,PERSON
,13,12,Sodom,GPE
,13,13,Sodom,GPE
,13,14,Abram,PERSON
,13,14,Lot,PERSON
,13,16,so,PERSON
,13,18,Abram,PERSON
,13,18,Mamre,ORG
,13,18,Hebron,GPE
,14,1,the days,DATE
,14,1,Amraphel,NORP
,14,1,Shinar,NORP
,14,1,Arioch,PERSON
,14,1,Ellasar,PERSON
,14,1,Chedorlaomer,PERSON
,14,1,Elam,ORG
,14,1,Tidal,ORG
,14,2,Bera,GPE
,14,2,Sodom,GPE
,14,2,Birsha,NORP
,14,2,Gomorrah,GPE
,14,2,Shinab,GPE
,14,2,Admah,GPE
,14,2,Shemeber,PERSON
,14,2,Zeboiim,PERSON
,14,2,Bela,PERSON
,14,2,Zoar,GPE
,14,3,Siddim,PERSON
,14,4,Twelve years,DATE
,14,4,Chedorlaomer,PERSON
,14,4,the thirteenth year,DATE
,14,5,the fourteenth year,DATE
,14,5,Chedorlaomer,PERSON
,14,5,Rephaims,ORG
,14,5,Ashteroth Karnaim,PERSON
,14,5,Ham,PERSON
,14,5,Shaveh Kiriathaim,FAC
,14,6,Horites,FAC
,14,6,Seir,PERSON
,14,6,Elparan,PERSON
,14,7,Enmishpat,PERSON
,14,7,Kadesh,ORG
,14,7,Amalekites,GPE
,14,7,Amorites,ORG
,14,7,Hazezontamar,GPE
,14,8,Sodom,GPE
,14,8,Gomorrah,GPE
,14,8,Admah,GPE
,14,8,Zeboiim,PERSON
,14,8,Bela,PERSON
,14,8,Zoar,GPE
,14,8,Siddim,PERSON
,14,9,Chedorlaomer,PERSON
,14,9,Elam,ORG
,14,9,Tidal,LOC
,14,9,Amraphel,NORP
,14,9,Shinar,ORG
,14,9,Arioch,PERSON
,14,9,Ellasar,ORG
,14,9,four,CARDINAL
,14,9,five,CARDINAL
,14,10,Siddim,PERSON
,14,10,Sodom,GPE
,14,10,Gomorrah,GPE
,14,11,Sodom,GPE
,14,11,Gomorrah,GPE
,14,12,Lot,PERSON
,14,12,Abram,PERSON
,14,12,Sodom,GPE
,14,13,Abram,PERSON
,14,13,Hebrew,NORP
,14,13,Mamre the Amorite,LOC
,14,13,Eshcol,LOC
,14,13,Aner,PERSON
,14,13,Abram,PERSON
,14,14,Abram,PERSON
,14,14,three hundred and eighteen,CARDINAL
,14,14,Dan,PERSON
,14,15,night,TIME
,14,15,Hobah,PERSON
,14,15,on,PERSON
,14,15,Damascus,GPE
,14,16,Lot,PERSON
,14,17,Sodom,GPE
,14,17,Chedorlaomer,PERSON
,14,17,Shaveh,GPE
,14,18,Melchizedek,PERSON
,14,18,Salem,GPE
,14,19,Blessed,PERSON
,14,19,Abram,PERSON
,14,21,Sodom,GPE
,14,21,Abram,PERSON
,14,22,Abram,PERSON
,14,22,Sodom,GPE
,14,23,Abram,PERSON
,14,24,Aner,PERSON
,14,24,Eshcol,LOC
,14,24,Mamre,ORG
,15,1,Abram,PERSON
,15,1,Abram,PERSON
,15,2,Abram,PERSON
,15,2,God,PERSON
,15,2,Eliezer,PERSON
,15,2,Damascus,GPE
,15,3,Abram,PERSON
,15,3,Behold,PERSON
,15,3,one,CARDINAL
,15,5,So,PERSON
,15,7,Chaldees,ORG
,15,8,God,PERSON
,15,9,three years old,DATE
,15,9,three years old,DATE
,15,9,ram,PERSON
,15,9,three years old,DATE
,15,11,Abram,PERSON
,15,12,Abram,PERSON
,15,13,Abram,PERSON
,15,13,four hundred years,DATE
,15,16,fourth,ORDINAL
,15,16,Amorites,ORG
,15,18,the same day,DATE
,15,18,Abram,PERSON
,15,18,Egypt,GPE
,15,18,Euphrates,LOC
,15,19,Kenizzites,GPE
,15,19,Kadmonites,LOC
,15,20,Hittites,NORP
,15,20,Perizzites,FAC
,15,20,Rephaims,ORG
,15,21,Amorites,ORG
,15,21,Canaanites,ORG
,15,21,Girgashites,EVENT
,15,21,Jebusites,LOC
,16,1,Sarai Abram's,PERSON
,16,1,Egyptian,NORP
,16,1,Hagar,PERSON
,16,2,Sarai,PERSON
,16,2,Abram,PERSON
,16,2,Abram,PERSON
,16,2,Sarai,PERSON
,16,3,Sarai Abram's,PERSON
,16,3,Hagar,PERSON
,16,3,Egyptian,NORP
,16,3,Abram,PERSON
,16,3,ten years,DATE
,16,3,Canaan,GPE
,16,3,Abram,PERSON
,16,4,Hagar,PERSON
,16,5,Sarai,PERSON
,16,5,Abram,PERSON
,16,6,Abram,PERSON
,16,6,Sarai,PERSON
,16,6,Sarai,PERSON
,16,7,Shur,PERSON
,16,8,Hagar,PERSON
,16,8,Sarai,PERSON
,16,8,whence camest,PERSON
,16,8,Sarai,PERSON
,16,11,Behold,PERSON
,16,11,Ishmael,PERSON
,16,13,seeth,PERSON
,16,14,Beerlahairoi,GPE
,16,14,Kadesh and Bered,ORG
,16,15,Hagar bare Abram,PERSON
,16,15,Abram,PERSON
,16,15,Hagar,PERSON
,16,15,Ishmael,PERSON
,16,16,Abram,PERSON
,16,16,six years old,DATE
,16,16,Hagar,PERSON
,16,16,Ishmael,PERSON
,16,16,Abram,PERSON
,17,1,Abram,PERSON
,17,1,ninety years old,DATE
,17,1,nine,CARDINAL
,17,1,Abram,PERSON
,17,3,Abram,PERSON
,17,3,on,PERSON
,17,5,Abram,PERSON
,17,5,Abraham,PERSON
,17,8,Canaan,GPE
,17,9,Abraham,PERSON
,17,12,eight days old,DATE
,17,15,Abraham,PERSON
,17,15,Sarai,PERSON
,17,15,Sarai,PERSON
,17,15,Sarah,PERSON
,17,17,Abraham,PERSON
,17,17,an hundred years old,DATE
,17,17,Sarah,PERSON
,17,17,ninety years old,DATE
,17,18,Abraham,PERSON
,17,18,Ishmael,PERSON
,17,19,Sarah,PERSON
,17,19,Isaac,PERSON
,17,20,Ishmael,PERSON
,17,20,twelve,CARDINAL
,17,21,Isaac,PERSON
,17,21,Sarah,PERSON
,17,21,the next year,DATE
,17,22,Abraham,PERSON
,17,23,Abraham,PERSON
,17,23,Ishmael,PERSON
,17,23,Abraham,PERSON
,17,23,the selfsame day,DATE
,17,24,Abraham,PERSON
,17,24,ninety years old,DATE
,17,24,nine,CARDINAL
,17,25,Ishmael,PERSON
,17,25,thirteen years old,DATE
,17,26,the selfsame day,DATE
,17,26,Abraham,PERSON
,17,26,Ishmael,PERSON
,18,1,Mamre,LOC
,18,1,the day,DATE
,18,2,three,CARDINAL
,18,5,on,PERSON
,18,5,So,PERSON
,18,6,Abraham,PERSON
,18,6,Sarah,PERSON
,18,6,three,CARDINAL
,18,7,Abraham,PERSON
,18,9,Sarah,PERSON
,18,9,Behold,PERSON
,18,10,Sarah,PERSON
,18,10,Sarah,PERSON
,18,11,Abraham,PERSON
,18,11,Sarah,PERSON
,18,11,Sarah,PERSON
,18,12,Sarah,PERSON
,18,13,Abraham,PERSON
,18,13,Sarah,PERSON
,18,14,Sarah,PERSON
,18,15,Sarah,PERSON
,18,15,Nay,PERSON
,18,16,Sodom,GPE
,18,16,Abraham,PERSON
,18,16,on,PERSON
,18,17,Abraham,PERSON
,18,18,Abraham,PERSON
,18,19,Abraham,PERSON
,18,20,Sodom,GPE
,18,20,Gomorrah,GPE
,18,22,Sodom,GPE
,18,22,Abraham,PERSON
,18,23,Abraham,PERSON
,18,24,fifty,CARDINAL
,18,24,fifty,CARDINAL
,18,26,Sodom,GPE
,18,27,Abraham,PERSON
,18,28,five,CARDINAL
,18,28,fifty,CARDINAL
,18,28,five,CARDINAL
,18,28,five,CARDINAL
,18,29,forty,DATE
,18,29,forty,DATE
,18,30,thirty,CARDINAL
,18,31,twenty,CARDINAL
,18,31,twenty,DATE
,18,32,ten,CARDINAL
,18,32,ten,CARDINAL
,18,33,Abraham,PERSON
,18,33,Abraham,PERSON
,19,1,two,CARDINAL
,19,1,Sodom,GPE
,19,1,Lot,PERSON
,19,1,Sodom,GPE
,19,1,Lot,PERSON
,19,2,all night,TIME
,19,2,on,PERSON
,19,2,Nay,PERSON
,19,2,all night,TIME
,19,4,Sodom,GPE
,19,5,Lot,PERSON
,19,5,this night,TIME
,19,6,Lot,PERSON
,19,7,so,PERSON
,19,8,two,CARDINAL
,19,9,Lot,PERSON
,19,10,put,PERSON
,19,10,Lot,PERSON
,19,11,so,PERSON
,19,12,Lot,PERSON
,19,14,Lot,PERSON
,19,15,Lot,PERSON
,19,15,two,CARDINAL
,19,16,two,CARDINAL
,19,18,Lot,PERSON
,19,18,so,PERSON
,19,22,Zoar,GPE
,19,23,Lot,PERSON
,19,23,Zoar,GPE
,19,24,Sodom,GPE
,19,24,Gomorrah,LOC
,19,27,Abraham gat,PERSON
,19,27,early in the morning,TIME
,19,28,Sodom,GPE
,19,28,Gomorrah,GPE
,19,29,Abraham,PERSON
,19,29,Lot,PERSON
,19,29,Lot,PERSON
,19,30,Lot,PERSON
,19,30,Zoar,GPE
,19,30,two,CARDINAL
,19,30,Zoar,GPE
,19,30,two,CARDINAL
,19,34,on,PERSON
,19,34,Behold,PERSON
,19,34,this night,TIME
,19,36,Lot,PERSON
,19,37,first,ORDINAL
,19,37,Moab,LOC
,19,37,Moabites,NORP
,19,37,this day,DATE
,19,38,Benammi,PERSON
,19,38,Ammon,PERSON
,19,38,this day,DATE
,20,1,Abraham,PERSON
,20,1,Kadesh,ORG
,20,1,Shur,PERSON
,20,1,Gerar,ORG
,20,2,Abraham,PERSON
,20,2,Sarah,PERSON
,20,2,Abimelech,ORG
,20,2,Gerar,ORG
,20,2,Sarah,PERSON
,20,3,Abimelech,ORG
,20,3,night,TIME
,20,4,Abimelech,ORG
,20,6,Yea,PERSON
,20,8,Abimelech,ORG
,20,8,early in the morning,TIME
,20,9,Abimelech,ORG
,20,9,Abraham,PERSON
,20,9,on,PERSON
,20,9,on,PERSON
,20,10,Abimelech,ORG
,20,10,Abraham,PERSON
,20,11,Abraham,PERSON
,20,12,daughter,PERSON
,20,12,daughter,PERSON
,20,14,Abimelech,ORG
,20,14,Abraham,PERSON
,20,14,Sarah,PERSON
,20,15,Abimelech,ORG
,20,15,Behold,PERSON
,20,16,Sarah,PERSON
,20,16,Behold,PERSON
,20,16,thousand,CARDINAL
,20,17,So,PERSON
,20,17,Abraham,PERSON
,20,17,Abimelech,ORG
,20,18,Abimelech,ORG
,20,18,Sarah Abraham's,PERSON
,21,1,Sarah,PERSON
,21,1,Sarah,PERSON
,21,2,Sarah,PERSON
,21,2,Abraham,PERSON
,21,3,Abraham,PERSON
,21,3,Sarah,PERSON
,21,3,Isaac,PERSON
,21,4,Abraham,PERSON
,21,4,Isaac,PERSON
,21,4,eight days old,DATE
,21,5,Abraham,PERSON
,21,5,an hundred years old,DATE
,21,5,Isaac,PERSON
,21,6,Sarah,PERSON
,21,6,so,PERSON
,21,7,Abraham,PERSON
,21,7,Sarah,PERSON
,21,8,Abraham,PERSON
,21,8,the same day,DATE
,21,8,Isaac,PERSON
,21,9,Sarah,PERSON
,21,9,Hagar,PERSON
,21,9,Egyptian,NORP
,21,9,Abraham,PERSON
,21,10,Abraham,PERSON
,21,10,Isaac,PERSON
,21,11,Abraham,PERSON
,21,12,Abraham,PERSON
,21,12,Sarah,PERSON
,21,12,Isaac,PERSON
,21,14,Abraham,PERSON
,21,14,early in the morning,TIME
,21,14,Hagar,PERSON
,21,14,on,PERSON
,21,14,Beersheba,GPE
,21,16,death,PERSON
,21,17,Hagar,PERSON
,21,17,Hagar,PERSON
,21,21,Paran,GPE
,21,21,Egypt,GPE
,21,22,Abimelech,ORG
,21,22,Phichol,ORG
,21,22,Abraham,PERSON
,21,24,Abraham,PERSON
,21,25,Abraham,PERSON
,21,25,Abimelech,PERSON
,21,25,Abimelech,ORG
,21,26,Abimelech,ORG
,21,27,Abraham,PERSON
,21,27,Abimelech,ORG
,21,28,Abraham,PERSON
,21,28,seven,CARDINAL
,21,29,Abimelech,ORG
,21,29,Abraham,PERSON
,21,29,seven,CARDINAL
,21,30,seven,CARDINAL
,21,31,Beersheba,PERSON
,21,32,Beersheba,PERSON
,21,32,Abimelech,ORG
,21,32,Phichol,ORG
,21,32,Philistines,PRODUCT
,21,33,Abraham,PERSON
,21,33,Beersheba,GPE
,21,33,on,PERSON
,21,34,Abraham,PERSON
,21,34,Philistines,ORG
,21,34,many days,DATE
,22,1,Abraham,PERSON
,22,1,Abraham,PERSON
,22,1,Behold,PERSON
,22,2,Isaac,PERSON
,22,2,Moriah,GPE
,22,3,Abraham,PERSON
,22,3,early in the morning,TIME
,22,3,two,CARDINAL
,22,3,Isaac,PERSON
,22,4,on,PERSON
,22,4,the third day,DATE
,22,4,Abraham,PERSON
,22,5,Abraham,PERSON
,22,6,Abraham,PERSON
,22,6,Isaac,PERSON
,22,7,Isaac,PERSON
,22,7,Abraham,PERSON
,22,8,Abraham,PERSON
,22,8,so,PERSON
,22,9,Abraham,PERSON
,22,9,Isaac,PERSON
,22,9,on,PERSON
,22,10,Abraham,PERSON
,22,11,Abraham,PERSON
,22,11,Abraham,PERSON
,22,11,I.,PERSON
,22,13,Abraham,PERSON
,22,13,ram,PERSON
,22,13,Abraham,PERSON
,22,13,ram,PERSON
,22,14,Abraham,PERSON
,22,14,Jehovahjireh,GPE
,22,14,this day,DATE
,22,15,Abraham,PERSON
,22,15,second,ORDINAL
,22,19,So,PERSON
,22,19,Abraham,PERSON
,22,19,Beersheba,PERSON
,22,19,Abraham,PERSON
,22,19,Beersheba,GPE
,22,20,Abraham,PERSON
,22,20,Milcah,PERSON
,22,20,Nahor,PERSON
,22,21,Buz,ORG
,22,21,Kemuel,PERSON
,22,21,Aram,PERSON
,22,22,Chesed,PRODUCT
,22,22,Hazo,ORG
,22,22,Pildash,ORG
,22,22,Jidlaph,PERSON
,22,22,Bethuel,ORG
,22,23,Bethuel,PERSON
,22,23,Rebekah,PERSON
,22,23,eight,CARDINAL
,22,23,Milcah,PERSON
,22,23,Nahor,GPE
,22,23,Abraham,PERSON
,22,24,Reumah,PERSON
,22,24,Tebah,ORG
,22,24,Gaham,PERSON
,22,24,Thahash,ORG
,22,24,Maachah,LOC
,23,1,Sarah,PERSON
,23,1,an hundred and seven,CARDINAL
,23,1,twenty years old,DATE
,23,1,the years,DATE
,23,1,Sarah,PERSON
,23,2,Sarah,PERSON
,23,2,Kirjatharba,GPE
,23,2,Hebron,GPE
,23,2,Canaan,GPE
,23,2,Abraham,PERSON
,23,2,Sarah,PERSON
,23,3,Abraham,PERSON
,23,3,Heth,PERSON
,23,5,Heth,PERSON
,23,5,Abraham,PERSON
,23,7,Abraham,PERSON
,23,7,Heth,PERSON
,23,8,Ephron,PERSON
,23,8,Zohar,PERSON
,23,9,Machpelah,PERSON
,23,10,Ephron,PERSON
,23,10,Heth,PERSON
,23,10,Ephron,PERSON
,23,10,Hittite,NORP
,23,10,Abraham,PERSON
,23,10,Heth,PERSON
,23,12,Abraham,PERSON
,23,13,Ephron,PERSON
,23,14,Ephron,PERSON
,23,14,Abraham,PERSON
,23,15,four hundred shekels,QUANTITY
,23,16,Abraham,PERSON
,23,16,Ephron,PERSON
,23,16,Abraham,PERSON
,23,16,Ephron,PERSON
,23,16,Heth,PERSON
,23,16,four hundred shekels,QUANTITY
,23,17,Ephron,PERSON
,23,17,Machpelah,ORG
,23,17,Mamre,ORG
,23,18,Abraham,PERSON
,23,18,Heth,PERSON
,23,19,Abraham,PERSON
,23,19,Sarah,PERSON
,23,19,Machpelah,PERSON
,23,19,Mamre,PERSON
,23,19,Hebron,GPE
,23,19,Canaan,GPE
,23,20,Abraham,PERSON
,23,20,Heth,PERSON
,24,1,Abraham,PERSON
,24,1,Abraham,PERSON
,24,2,Abraham,PERSON
,24,2,Put,PERSON
,24,3,Canaanites,ORG
,24,4,Isaac,PERSON
,24,6,Abraham,PERSON
,24,6,Beware,PERSON
,24,9,put,PERSON
,24,9,Abraham,PERSON
,24,10,ten,CARDINAL
,24,10,Mesopotamia,LOC
,24,10,Nahor,GPE
,24,12,Abraham,PERSON
,24,12,this day,DATE
,24,12,Abraham,PERSON
,24,14,Drink,PERSON
,24,14,Isaac,PERSON
,24,15,Rebekah,PERSON
,24,15,Bethuel,PERSON
,24,15,Milcah,PERSON
,24,15,Nahor,GPE
,24,15,Abraham,PERSON
,24,18,Drink,PERSON
,24,22,half a shekel,QUANTITY
,24,22,two,CARDINAL
,24,22,ten shekels,QUANTITY
,24,23,daughter,PERSON
,24,24,daughter,PERSON
,24,24,Bethuel,PERSON
,24,24,Milcah,PERSON
,24,24,Nahor,GPE
,24,27,Blessed,PERSON
,24,27,Abraham,PERSON
,24,29,Rebekah,PERSON
,24,29,Laban,PERSON
,24,29,Laban,PERSON
,24,30,Rebekah,PERSON
,24,33,on,PERSON
,24,34,Abraham,PERSON
,24,36,Sarah,PERSON
,24,37,Canaanites,NORP
,24,42,this day,DATE
,24,42,Abraham,PERSON
,24,45,Rebekah,PERSON
,24,45,on,PERSON
,24,46,Drink,PERSON
,24,46,so,PERSON
,24,47,daughter,PERSON
,24,47,daughter,PERSON
,24,47,Bethuel,PERSON
,24,47,Nahor,ORG
,24,47,Milcah,PERSON
,24,47,put,PERSON
,24,48,Abraham,PERSON
,24,48,daughter,PERSON
,24,50,Laban,PERSON
,24,50,Bethuel,PERSON
,24,51,Rebekah,PERSON
,24,52,Abraham,PERSON
,24,53,Rebekah,PERSON
,24,54,all night,TIME
,24,55,a few days,DATE
,24,58,Rebekah,PERSON
,24,59,Rebekah,PERSON
,24,59,Abraham,PERSON
,24,60,Rebekah,PERSON
,24,60,thousands of millions,CARDINAL
,24,61,Rebekah,PERSON
,24,61,Rebekah,PERSON
,24,62,Isaac,PERSON
,24,62,Lahairoi,ORG
,24,63,Isaac,PERSON
,24,64,Rebekah,PERSON
,24,64,Isaac,PERSON
,24,65,vail,GPE
,24,66,Isaac,PERSON
,24,67,Isaac,PERSON
,24,67,Sarah,PERSON
,24,67,Rebekah,PERSON
,24,67,Isaac,PERSON
,24,67,death,PERSON
,25,1,Abraham,PERSON
,25,1,Keturah,PERSON
,25,2,Zimran,GPE
,25,2,Jokshan,GPE
,25,2,Medan,GPE
,25,2,Midian,ORG
,25,2,Ishbak,ORG
,25,2,Shuah,PERSON
,25,3,Jokshan,GPE
,25,3,Sheba,PERSON
,25,3,Dedan,PERSON
,25,3,Dedan,PERSON
,25,3,Asshurim,ORG
,25,3,Letushim,ORG
,25,3,Leummim,ORG
,25,4,Midian,PERSON
,25,4,Ephah,GPE
,25,4,Epher,PERSON
,25,4,Hanoch,PRODUCT
,25,4,Eldaah,ORG
,25,4,Keturah,GPE
,25,5,Abraham,PERSON
,25,5,Isaac,PERSON
,25,6,Abraham,PERSON
,25,6,Abraham,PERSON
,25,6,Isaac,PERSON
,25,7,the days of the years,DATE
,25,7,Abraham,PERSON
,25,7,an hundred threescore and,CARDINAL
,25,8,Abraham,PERSON
,25,9,Isaac,PERSON
,25,9,Ishmael,PERSON
,25,9,Machpelah,PERSON
,25,9,Ephron,PERSON
,25,9,Zohar,PERSON
,25,9,Hittite,NORP
,25,9,Mamre,ORG
,25,10,Abraham,PERSON
,25,10,Heth,PERSON
,25,10,Abraham,PERSON
,25,10,Sarah,PERSON
,25,11,death,PERSON
,25,11,Abraham,PERSON
,25,11,Isaac,PERSON
,25,11,Isaac,PERSON
,25,11,Lahairoi,ORG
,25,12,Ishmael,PERSON
,25,12,Abraham,PERSON
,25,12,Hagar,PERSON
,25,12,Egyptian,NORP
,25,12,Sarah,PERSON
,25,12,Abraham,PERSON
,25,13,Ishmael,PERSON
,25,13,Ishmael,PERSON
,25,13,Nebajoth,PERSON
,25,13,Kedar,PERSON
,25,13,Adbeel,ORG
,25,13,Mibsam,PERSON
,25,14,Mishma,PRODUCT
,25,14,Dumah,PERSON
,25,14,Massa,PERSON
,25,15,Hadar,ORG
,25,15,Tema,ORG
,25,15,Jetur,PERSON
,25,15,Naphish,ORG
,25,15,Kedemah,PERSON
,25,16,Ishmael,PERSON
,25,16,twelve,CARDINAL
,25,17,the years,DATE
,25,17,Ishmael,PERSON
,25,17,an hundred and thirty and,CARDINAL
,25,18,Havilah,PERSON
,25,18,Shur,PERSON
,25,18,Egypt,GPE
,25,18,Assyria,GPE
,25,19,Isaac,PERSON
,25,19,Abraham,PERSON
,25,19,Abraham,PERSON
,25,19,Isaac,PERSON
,25,20,Isaac,PERSON
,25,20,forty years old,DATE
,25,20,Rebekah,PERSON
,25,20,daughter,PERSON
,25,20,Bethuel,PERSON
,25,20,Syrian,NORP
,25,20,Laban,PERSON
,25,20,Syrian,NORP
,25,21,Isaac,PERSON
,25,21,Rebekah,PERSON
,25,22,so,PERSON
,25,23,Two,CARDINAL
,25,23,two,CARDINAL
,25,23,one,CARDINAL
,25,25,first,ORDINAL
,25,25,Esau,PERSON
,25,26,on,PERSON
,25,26,Esau,PERSON
,25,26,Jacob,PERSON
,25,26,Isaac,PERSON
,25,26,threescore years old,DATE
,25,27,Esau,PERSON
,25,27,Jacob,PERSON
,25,28,Isaac loved Esau,PERSON
,25,28,Rebekah,PERSON
,25,28,Jacob,PERSON
,25,29,Jacob,PERSON
,25,29,Esau,PERSON
,25,30,Esau,PERSON
,25,30,"Jacob, Feed me",ORG
,25,30,Edom,ORG
,25,31,Jacob,PERSON
,25,31,this day,DATE
,25,32,Esau,PERSON
,25,32,Behold,PERSON
,25,33,Jacob,PERSON
,25,33,this day,DATE
,25,33,Jacob,PERSON
,25,34,Jacob,PERSON
,25,34,Esau,PERSON
,25,34,Esau,PERSON
,26,1,first,ORDINAL
,26,1,the days,DATE
,26,1,Abraham,PERSON
,26,1,Isaac,PERSON
,26,1,Abimelech,PERSON
,26,2,Egypt,GPE
,26,3,Abraham,PERSON
,26,5,Abraham,PERSON
,26,6,Isaac,PERSON
,26,6,Gerar,PERSON
,26,7,Rebekah,PERSON
,26,8,Abimelech,ORG
,26,8,Philistines,NORP
,26,8,Isaac,PERSON
,26,8,Rebekah,PERSON
,26,9,Abimelech,ORG
,26,9,Isaac,PERSON
,26,9,Behold,PERSON
,26,9,Isaac,PERSON
,26,10,Abimelech,ORG
,26,11,Abimelech,ORG
,26,11,put,PERSON
,26,11,death,PERSON
,26,12,Isaac,PERSON
,26,12,the same year,DATE
,26,14,Philistines,NORP
,26,15,the days,DATE
,26,15,Abraham,PERSON
,26,15,Philistines,ORG
,26,16,Abimelech,ORG
,26,16,Isaac,PERSON
,26,17,Isaac,PERSON
,26,17,Gerar,ORG
,26,18,Isaac,PERSON
,26,18,the days,DATE
,26,18,Abraham,PERSON
,26,18,Philistines,ORG
,26,18,death,PERSON
,26,18,Abraham,PERSON
,26,19,Isaac,PERSON
,26,20,Gerar,ORG
,26,20,Isaac,PERSON
,26,20,Esek,PERSON
,26,21,Sitnah,PERSON
,26,22,Rehoboth,GPE
,26,23,Beersheba,GPE
,26,24,Abraham,PERSON
,26,24,Abraham,PERSON
,26,25,Isaac,PERSON
,26,26,Abimelech,ORG
,26,26,Gerar,ORG
,26,26,Ahuzzath,PERSON
,26,26,one,CARDINAL
,26,26,Phichol,ORG
,26,27,Isaac,PERSON
,26,31,Isaac,PERSON
,26,32,the same day,DATE
,26,32,Isaac,PERSON
,26,33,Shebah,PERSON
,26,33,Beersheba,PERSON
,26,33,this day,DATE
,26,34,Esau,PERSON
,26,34,forty years old,DATE
,26,34,Judith,PERSON
,26,34,daughter,PERSON
,26,34,Beeri,PERSON
,26,34,Hittite,NORP
,26,34,Bashemath,NORP
,26,34,daughter,PERSON
,26,34,Elon the Hittite,ORG
,26,35,Isaac,PERSON
,26,35,Rebekah,PERSON
,27,1,Isaac,PERSON
,27,1,so,PERSON
,27,1,Esau,PERSON
,27,1,I.,PERSON
,27,2,death,PERSON
,27,5,Rebekah,PERSON
,27,5,Isaac,PERSON
,27,5,Esau,PERSON
,27,5,Esau,PERSON
,27,6,Rebekah,PERSON
,27,6,Jacob,PERSON
,27,6,Behold,PERSON
,27,6,Esau,PERSON
,27,7,death,PERSON
,27,9,two,CARDINAL
,27,10,death,PERSON
,27,11,Jacob,PERSON
,27,11,Rebekah,PERSON
,27,11,Esau,PERSON
,27,15,Rebekah,PERSON
,27,15,Esau,PERSON
,27,15,put,PERSON
,27,15,Jacob,PERSON
,27,16,put,PERSON
,27,17,Jacob,PERSON
,27,19,Jacob,PERSON
,27,19,Esau,PERSON
,27,19,first,ORDINAL
,27,20,Isaac,PERSON
,27,20,so,PERSON
,27,21,Isaac,PERSON
,27,21,Jacob,PERSON
,27,21,Esau,PERSON
,27,22,Jacob,PERSON
,27,22,Isaac,PERSON
,27,22,Jacob,PERSON
,27,22,Esau,PERSON
,27,23,Esau,PERSON
,27,23,so,PERSON
,27,24,Esau,PERSON
,27,26,Isaac,PERSON
,27,30,Isaac,PERSON
,27,30,Jacob,PERSON
,27,30,Jacob,PERSON
,27,30,Isaac,PERSON
,27,30,Esau,PERSON
,27,32,Isaac,PERSON
,27,32,Esau,PERSON
,27,33,Isaac,PERSON
,27,34,Esau,PERSON
,27,36,Jacob,PERSON
,27,36,two,CARDINAL
,27,37,Isaac,PERSON
,27,37,Esau,PERSON
,27,38,Esau,PERSON
,27,38,Esau,PERSON
,27,39,Isaac,PERSON
,27,41,Esau,PERSON
,27,41,Jacob,PERSON
,27,41,Esau,PERSON
,27,41,Jacob,PERSON
,27,42,Esau,PERSON
,27,42,Rebekah,PERSON
,27,42,Jacob,PERSON
,27,42,Esau,PERSON
,27,43,Laban,PERSON
,27,43,Haran,PERSON
,27,44,a few days,DATE
,27,45,one day,DATE
,27,46,Rebekah,PERSON
,27,46,Isaac,PERSON
,27,46,Heth,PERSON
,27,46,Jacob,PERSON
,27,46,Heth,PERSON
,28,1,Isaac,PERSON
,28,1,Jacob,PERSON
,28,1,Canaan,GPE
,28,2,Padanaram,ORG
,28,2,Bethuel,PERSON
,28,2,Laban,PERSON
,28,4,Abraham,PERSON
,28,4,Abraham,PERSON
,28,5,Isaac,PERSON
,28,5,Jacob,PERSON
,28,5,Laban,PERSON
,28,5,Bethuel,PERSON
,28,5,Syrian,NORP
,28,5,Rebekah,PERSON
,28,5,Jacob,PERSON
,28,5,Esau,PERSON
,28,6,Esau,PERSON
,28,6,Isaac,PERSON
,28,6,Jacob,PERSON
,28,6,Padanaram,ORG
,28,6,Canaan,GPE
,28,7,Jacob,PERSON
,28,7,Padanaram,ORG
,28,8,Esau,PERSON
,28,8,Canaan,GPE
,28,8,Isaac,PERSON
,28,9,Esau,PERSON
,28,9,Ishmael,PERSON
,28,9,Mahalath,PERSON
,28,9,daughter,PERSON
,28,9,Ishmael Abraham's,PERSON
,28,9,Nebajoth,PERSON
,28,10,Jacob,PERSON
,28,10,Beersheba,GPE
,28,10,Haran,PERSON
,28,11,all night,TIME
,28,11,put,PERSON
,28,12,on,PERSON
,28,12,on,PERSON
,28,13,Abraham,PERSON
,28,13,Isaac,PERSON
,28,16,Jacob,PERSON
,28,18,Jacob,PERSON
,28,18,early in the morning,TIME
,28,18,put,PERSON
,28,19,Bethel,PERSON
,28,19,Luz,PERSON
,28,19,first,ORDINAL
,28,20,Jacob,PERSON
,28,20,put,PERSON
,28,20,on,PERSON
,28,21,So,PERSON
,28,22,tenth,ORDINAL
,29,1,Jacob,PERSON
,29,1,on,PERSON
,29,2,three,CARDINAL
,29,3,put,PERSON
,29,4,Jacob,PERSON
,29,4,Haran,PERSON
,29,5,Laban,PERSON
,29,5,Nahor,GPE
,29,6,Rachel,PERSON
,29,6,daughter,PERSON
,29,7,Lo,PERSON
,29,9,Rachel,PERSON
,29,10,Jacob,PERSON
,29,10,Rachel,PERSON
,29,10,daughter,PERSON
,29,10,Laban,PERSON
,29,10,Laban,PERSON
,29,10,Jacob,PERSON
,29,10,Laban,PERSON
,29,11,Jacob,PERSON
,29,11,Rachel,PERSON
,29,12,Jacob,PERSON
,29,12,Rachel,PERSON
,29,12,Rebekah,PERSON
,29,13,Laban,PERSON
,29,13,Jacob,PERSON
,29,13,Laban,PERSON
,29,14,Laban,PERSON
,29,15,Laban,PERSON
,29,15,Jacob,PERSON
,29,16,Laban,PERSON
,29,16,two,CARDINAL
,29,16,Leah,PERSON
,29,16,Rachel,PERSON
,29,17,Leah,PERSON
,29,17,Rachel,PERSON
,29,18,Jacob,PERSON
,29,18,Rachel,PERSON
,29,18,seven years,DATE
,29,18,Rachel,PERSON
,29,18,daughter,PERSON
,29,19,Laban,PERSON
,29,20,Jacob,PERSON
,29,20,seven years,DATE
,29,20,Rachel,PERSON
,29,20,a few days,DATE
,29,21,Jacob,PERSON
,29,21,Laban,PERSON
,29,22,Laban,PERSON
,29,23,Leah,PERSON
,29,23,daughter,PERSON
,29,24,Laban,PERSON
,29,24,daughter,PERSON
,29,24,Leah Zilpah,PERSON
,29,25,Leah,PERSON
,29,25,Laban,PERSON
,29,25,Rachel,PERSON
,29,26,Laban,PERSON
,29,26,so,PERSON
,29,27,her week,DATE
,29,27,seven other years,DATE
,29,28,Jacob,PERSON
,29,28,so,PERSON
,29,28,Rachel,PERSON
,29,28,daughter,PERSON
,29,29,Laban,PERSON
,29,29,Rachel,PERSON
,29,29,daughter,PERSON
,29,29,Bilhah,PERSON
,29,30,Rachel,PERSON
,29,30,Rachel,PERSON
,29,30,Leah,PERSON
,29,30,seven other years,DATE
,29,31,Leah,PERSON
,29,31,Rachel,PERSON
,29,32,Leah,PERSON
,29,32,Reuben,PERSON
,29,33,Simeon,PERSON
,29,34,three,CARDINAL
,29,34,Levi,PERSON
,29,35,Judah,PERSON
,30,1,Rachel,PERSON
,30,1,Jacob,PERSON
,30,1,Rachel,PERSON
,30,1,Jacob,PERSON
,30,2,Jacob,PERSON
,30,2,Rachel,PERSON
,30,3,Bilhah,PERSON
,30,4,Bilhah,PERSON
,30,4,Jacob,PERSON
,30,5,Bilhah,PERSON
,30,5,Jacob,PERSON
,30,6,Rachel,PERSON
,30,6,Dan,PERSON
,30,7,Bilhah Rachel's,PERSON
,30,7,Jacob,PERSON
,30,7,second,ORDINAL
,30,8,Rachel,PERSON
,30,8,Naphtali,PERSON
,30,9,Leah,PERSON
,30,9,Zilpah,PERSON
,30,9,Jacob,PERSON
,30,10,Zilpah Leah's,PERSON
,30,10,Jacob,PERSON
,30,11,Leah,PERSON
,30,11,Gad,PERSON
,30,12,Zilpah Leah's,PERSON
,30,12,Jacob,PERSON
,30,12,second,ORDINAL
,30,13,Leah,PERSON
,30,13,Asher,PERSON
,30,14,Reuben,PERSON
,30,14,the days,DATE
,30,14,Leah,PERSON
,30,14,Rachel,PERSON
,30,14,Leah,PERSON
,30,15,Rachel,PERSON
,30,16,Jacob,PERSON
,30,16,Leah,PERSON
,30,17,Leah,PERSON
,30,17,Jacob,PERSON
,30,17,fifth,ORDINAL
,30,18,Leah,PERSON
,30,18,Issachar,WORK_OF_ART
,30,19,Leah,PERSON
,30,19,Jacob,PERSON
,30,19,sixth,ORDINAL
,30,20,Leah,PERSON
,30,20,six,CARDINAL
,30,20,Zebulun,PERSON
,30,21,daughter,PERSON
,30,21,Dinah,PERSON
,30,22,Rachel,PERSON
,30,24,Joseph,PERSON
,30,25,Rachel,PERSON
,30,25,Joseph,PERSON
,30,25,Jacob,PERSON
,30,25,Laban,PERSON
,30,27,Laban,PERSON
,30,31,Jacob,PERSON
,30,33,So,PERSON
,30,34,Laban,PERSON
,30,34,Behold,PERSON
,30,36,three days',DATE
,30,36,Jacob,PERSON
,30,36,Jacob,PERSON
,30,36,Laban,PERSON
,30,37,Jacob,PERSON
,30,40,Jacob,PERSON
,30,40,Laban,PERSON
,30,40,put,PERSON
,30,40,put,PERSON
,30,40,Laban,PERSON
,30,41,Jacob,PERSON
,30,42,put,PERSON
,30,42,so,PERSON
,30,42,Laban,PERSON
,30,42,Jacob,PERSON
,31,1,Laban,PERSON
,31,1,Jacob,PERSON
,31,2,Jacob,PERSON
,31,2,Laban,PERSON
,31,3,Jacob,PERSON
,31,4,Jacob,PERSON
,31,4,Rachel,PERSON
,31,4,Leah,PERSON
,31,7,ten,CARDINAL
,31,11,Jacob,PERSON
,31,11,I.,PERSON
,31,12,Lift,PERSON
,31,12,Laban,PERSON
,31,13,Bethel,GPE
,31,14,Rachel,PERSON
,31,14,Leah,PERSON
,31,17,Jacob,PERSON
,31,18,Padanaram,ORG
,31,18,Isaac,PERSON
,31,18,Canaan,GPE
,31,19,Laban,PERSON
,31,19,Rachel,PERSON
,31,20,Jacob,PERSON
,31,20,Laban,PERSON
,31,20,Syrian,NORP
,31,21,So,PERSON
,31,21,Gilead,PERSON
,31,22,Laban,PERSON
,31,22,on,PERSON
,31,22,the third day,DATE
,31,22,Jacob,PERSON
,31,23,seven days',DATE
,31,23,Gilead,PERSON
,31,24,Laban,PERSON
,31,24,Syrian,NORP
,31,24,night,TIME
,31,24,Jacob,PERSON
,31,25,Laban,PERSON
,31,25,Jacob,PERSON
,31,25,Jacob,PERSON
,31,25,Laban,PERSON
,31,25,Gilead,GPE
,31,26,Laban,PERSON
,31,26,Jacob,PERSON
,31,28,so,PERSON
,31,29,Jacob,PERSON
,31,31,Jacob,PERSON
,31,31,Laban,PERSON
,31,32,Jacob,PERSON
,31,32,Rachel,PERSON
,31,33,Laban,PERSON
,31,33,Jacob,PERSON
,31,33,Leah,PERSON
,31,33,two,CARDINAL
,31,33,Leah,PERSON
,31,33,Rachel,PERSON
,31,34,Rachel,PERSON
,31,34,put,PERSON
,31,34,Laban,PERSON
,31,36,Jacob,PERSON
,31,36,Laban,PERSON
,31,36,Jacob,PERSON
,31,36,Laban,PERSON
,31,36,so,PERSON
,31,38,This twenty years,DATE
,31,39,day,DATE
,31,39,night,TIME
,31,40,the day,DATE
,31,41,twenty years,DATE
,31,41,fourteen years,DATE
,31,41,two,CARDINAL
,31,41,six years,DATE
,31,41,ten,CARDINAL
,31,42,Abraham,PERSON
,31,42,Isaac,PERSON
,31,43,Laban,PERSON
,31,43,Jacob,PERSON
,31,43,this day,DATE
,31,45,Jacob,PERSON
,31,46,Jacob,PERSON
,31,46,Gather,PERSON
,31,47,Laban,PERSON
,31,47,Jegarsahadutha,PERSON
,31,47,Jacob,PERSON
,31,48,Laban,PERSON
,31,48,this day,DATE
,31,48,Galeed,ORG
,31,49,Mizpah,PERSON
,31,51,Laban,PERSON
,31,51,Jacob,PERSON
,31,53,Abraham,PERSON
,31,53,Nahor,GPE
,31,53,Jacob,PERSON
,31,53,Isaac,PERSON
,31,54,Jacob,PERSON
,31,54,all night,TIME
,31,55,early in the morning,TIME
,31,55,Laban,PERSON
,31,55,Laban,PERSON
,32,1,Jacob,PERSON
,32,1,on,PERSON
,32,2,Jacob,PERSON
,32,2,Mahanaim,PERSON
,32,3,Jacob,PERSON
,32,3,Esau,PERSON
,32,3,Seir,WORK_OF_ART
,32,3,Edom,GPE
,32,4,Esau,PERSON
,32,4,Jacob,PERSON
,32,4,Laban,PERSON
,32,6,Jacob,PERSON
,32,6,Esau,PERSON
,32,6,four hundred,CARDINAL
,32,7,Jacob,PERSON
,32,7,two,CARDINAL
,32,8,Esau,PERSON
,32,8,one,CARDINAL
,32,9,Jacob,PERSON
,32,9,Abraham,PERSON
,32,9,Isaac,PERSON
,32,10,Jordan,GPE
,32,10,two,CARDINAL
,32,11,Esau,PERSON
,32,13,Esau,PERSON
,32,14,Two hundred,CARDINAL
,32,14,twenty,CARDINAL
,32,14,two hundred,CARDINAL
,32,14,twenty,CARDINAL
,32,15,Thirty,CARDINAL
,32,15,forty,CARDINAL
,32,15,ten,CARDINAL
,32,15,twenty,CARDINAL
,32,15,ten,CARDINAL
,32,16,put,PERSON
,32,17,Esau,PERSON
,32,18,Jacob,PERSON
,32,18,Esau,PERSON
,32,19,so,PERSON
,32,19,second,ORDINAL
,32,19,third,ORDINAL
,32,19,On,PERSON
,32,19,Esau,PERSON
,32,20,Jacob,PERSON
,32,21,So,PERSON
,32,21,that night,TIME
,32,22,that night,TIME
,32,22,two,CARDINAL
,32,22,two,CARDINAL
,32,22,eleven,CARDINAL
,32,22,Jabbok,ORG
,32,24,Jacob,PERSON
,32,24,the day,DATE
,32,25,Jacob,PERSON
,32,26,the day,DATE
,32,27,Jacob,PERSON
,32,28,Jacob,PERSON
,32,28,Israel,GPE
,32,29,Jacob,PERSON
,32,30,Jacob,PERSON
,32,31,Penuel,ORG
,32,32,Israel,GPE
,32,32,this day,DATE
,32,32,Jacob,PERSON
,33,1,Jacob,PERSON
,33,1,Esau,PERSON
,33,1,four hundred,CARDINAL
,33,1,Leah,PERSON
,33,1,Rachel,PERSON
,33,1,two,CARDINAL
,33,2,put,PERSON
,33,2,Leah,PERSON
,33,2,Rachel,PERSON
,33,2,Joseph,PERSON
,33,3,seven,CARDINAL
,33,4,Esau,PERSON
,33,4,on,PERSON
,33,7,Leah,PERSON
,33,7,Joseph,PERSON
,33,7,Rachel,PERSON
,33,9,Esau,PERSON
,33,10,Jacob,PERSON
,33,10,Nay,PERSON
,33,13,one day,DATE
,33,14,on,PERSON
,33,14,Seir,PERSON
,33,15,Esau,PERSON
,33,16,So,PERSON
,33,16,Esau,PERSON
,33,16,that day,DATE
,33,16,on,PERSON
,33,16,Seir,PERSON
,33,17,Jacob,PERSON
,33,17,Succoth,GPE
,33,17,Succoth,GPE
,33,18,Jacob,PERSON
,33,18,Shalem,GPE
,33,18,Shechem,ORG
,33,18,Canaan,GPE
,33,18,Padanaram,ORG
,33,19,Hamor,ORG
,33,19,Shechem,ORG
,33,19,hundred,CARDINAL
,33,20,EleloheIsrael,GPE
,34,1,Dinah,PERSON
,34,1,daughter,PERSON
,34,1,Leah,PERSON
,34,1,Jacob,PERSON
,34,2,Shechem,ORG
,34,2,Hamor the Hivite,ORG
,34,3,Dinah,PERSON
,34,3,daughter,PERSON
,34,3,Jacob,PERSON
,34,4,Shechem,ORG
,34,4,Hamor,PERSON
,34,5,Jacob,PERSON
,34,5,Dinah,PERSON
,34,5,daughter,PERSON
,34,5,Jacob,PERSON
,34,6,Hamor,PERSON
,34,6,Shechem,ORG
,34,6,Jacob,PERSON
,34,7,Jacob,PERSON
,34,7,Israel,GPE
,34,7,Jacob,PERSON
,34,7,daughter,PERSON
,34,8,Hamor,ORG
,34,8,Shechem,PERSON
,34,8,daughter,PERSON
,34,11,Shechem,ORG
,34,12,so,PERSON
,34,13,Jacob,PERSON
,34,13,Shechem,ORG
,34,13,Hamor,ORG
,34,13,Dinah,PERSON
,34,16,one,CARDINAL
,34,17,daughter,PERSON
,34,18,Hamor,ORG
,34,18,Shechem Hamor's,ORG
,34,19,Jacob,PERSON
,34,19,daughter,PERSON
,34,20,Hamor,PERSON
,34,20,Shechem,ORG
,34,22,one,CARDINAL
,34,24,Hamor,PERSON
,34,24,Shechem,PERSON
,34,25,on,PERSON
,34,25,the third day,DATE
,34,25,two,CARDINAL
,34,25,Jacob,PERSON
,34,25,Simeon,PERSON
,34,25,Levi,PERSON
,34,25,Dinah,PERSON
,34,26,Hamor,ORG
,34,26,Shechem,ORG
,34,26,Dinah,PERSON
,34,26,Shechem,ORG
,34,27,Jacob,PERSON
,34,30,Jacob,PERSON
,34,30,Simeon,PERSON
,34,30,Levi,PERSON
,34,30,Ye,PERSON
,34,30,Canaanites,ORG
,34,30,Perizzites,LOC
,35,1,Jacob,PERSON
,35,1,Bethel,GPE
,35,1,Esau,PERSON
,35,2,Jacob,PERSON
,35,2,Put,PERSON
,35,3,Bethel,GPE
,35,3,the day,DATE
,35,4,Jacob,PERSON
,35,4,Jacob,PERSON
,35,4,Shechem,ORG
,35,5,Jacob,PERSON
,35,6,So,PERSON
,35,6,Jacob,PERSON
,35,6,Luz,PERSON
,35,6,Canaan,GPE
,35,6,Bethel,GPE
,35,7,Elbethel,PERSON
,35,8,Deborah Rebekah's,PERSON
,35,8,Bethel,GPE
,35,8,Allonbachuth,PERSON
,35,9,Jacob,PERSON
,35,9,Padanaram,ORG
,35,10,Jacob,PERSON
,35,10,Jacob,PERSON
,35,10,Israel,GPE
,35,10,Israel,GPE
,35,12,Abraham,PERSON
,35,12,Isaac,PERSON
,35,14,Jacob,PERSON
,35,15,Jacob,PERSON
,35,15,Bethel,GPE
,35,16,Bethel,GPE
,35,16,Ephrath,PERSON
,35,16,Rachel,PERSON
,35,18,Benoni,PERSON
,35,18,Benjamin,PERSON
,35,19,Rachel,PERSON
,35,19,Ephrath,ORG
,35,19,Bethlehem,ORG
,35,20,Jacob,PERSON
,35,20,Rachel's,FAC
,35,20,this day,DATE
,35,21,Israel,GPE
,35,21,Edar,ORG
,35,22,Israel,GPE
,35,22,Reuben,PERSON
,35,22,Bilhah,PERSON
,35,22,Israel,GPE
,35,22,Jacob,PERSON
,35,22,twelve,CARDINAL
,35,23,Leah,PERSON
,35,23,Reuben,PERSON
,35,23,Jacob,PERSON
,35,23,Simeon,PERSON
,35,23,Levi,PERSON
,35,23,Judah,PERSON
,35,23,Issachar,WORK_OF_ART
,35,23,Zebulun,PERSON
,35,24,Rachel; Joseph,PERSON
,35,24,Benjamin,PERSON
,35,25,Bilhah,GPE
,35,25,Rachel,PERSON
,35,25,Dan,PERSON
,35,25,Naphtali,PERSON
,35,26,Zilpah,GPE
,35,26,Leah,PERSON
,35,26,Gad,PERSON
,35,26,Asher,PERSON
,35,26,Jacob,PERSON
,35,26,Padanaram,GPE
,35,27,Jacob,PERSON
,35,27,Isaac,PERSON
,35,27,Mamre,PERSON
,35,27,Arbah,GPE
,35,27,Hebron,GPE
,35,27,Abraham,PERSON
,35,27,Isaac,PERSON
,35,28,the days,DATE
,35,28,Isaac,PERSON
,35,28,an hundred and fourscore years,CARDINAL
,35,29,Isaac,PERSON
,35,29,Esau,PERSON
,35,29,Jacob,PERSON
,36,1,Esau,PERSON
,36,1,Edom,ORG
,36,2,Esau,PERSON
,36,2,Canaan,GPE
,36,2,Adah,PERSON
,36,2,daughter,PERSON
,36,2,Elon the Hittite,ORG
,36,2,Aholibamah,GPE
,36,2,daughter,PERSON
,36,2,Anah,PERSON
,36,2,daughter,PERSON
,36,2,Zibeon,PERSON
,36,3,Bashemath Ishmael's,PERSON
,36,3,daughter,PERSON
,36,3,Nebajoth,GPE
,36,4,Adah,PERSON
,36,4,Esau Eliphaz,PERSON
,36,4,Bashemath bare Reuel,PRODUCT
,36,5,Aholibamah,NORP
,36,5,Jeush,PERSON
,36,5,Jaalam,PERSON
,36,5,Korah,PERSON
,36,5,Esau,PERSON
,36,5,Canaan,GPE
,36,6,Esau,PERSON
,36,6,Canaan,GPE
,36,6,Jacob,PERSON
,36,8,Esau,PERSON
,36,8,Seir,PERSON
,36,8,Esau,PERSON
,36,9,Esau,PERSON
,36,9,Edomites,NORP
,36,9,Seir,PERSON
,36,10,Esau,PERSON
,36,10,Eliphaz,PERSON
,36,10,Adah,PERSON
,36,10,Esau,PERSON
,36,10,Reuel,PERSON
,36,10,Bashemath,NORP
,36,10,Esau,PERSON
,36,11,Eliphaz,NORP
,36,11,Teman,PERSON
,36,11,Omar,PERSON
,36,11,Zepho,PERSON
,36,11,Gatam,ORG
,36,11,Kenaz,LOC
,36,12,Timna,PERSON
,36,12,Eliphaz Esau's,PERSON
,36,12,Eliphaz Amalek,PERSON
,36,12,Adah Esau's,PERSON
,36,13,Reuel,ORG
,36,13,Nahath,ORG
,36,13,Zerah,GPE
,36,13,Shammah,ORG
,36,13,Mizzah,PERSON
,36,13,Bashemath Esau's,ORG
,36,14,Aholibamah,GPE
,36,14,daughter,PERSON
,36,14,Anah,PERSON
,36,14,daughter,PERSON
,36,14,Zibeon,PERSON
,36,14,Esau,PERSON
,36,14,Esau Jeush,PERSON
,36,14,Jaalam,PERSON
,36,14,Korah,GPE
,36,15,Esau,PERSON
,36,15,Eliphaz,PERSON
,36,15,Esau,PERSON
,36,15,Teman,PERSON
,36,15,Omar,PERSON
,36,15,Zepho,PERSON
,36,15,Kenaz,PERSON
,36,16,Korah,PERSON
,36,16,Gatam,PERSON
,36,16,Amalek,PERSON
,36,16,Eliphaz,NORP
,36,16,Edom,GPE
,36,16,Adah,PERSON
,36,17,Reuel Esau's,PERSON
,36,17,Nahath,PERSON
,36,17,Zerah,PERSON
,36,17,Shammah,PERSON
,36,17,Mizzah,PERSON
,36,17,Reuel,ORG
,36,17,Edom,GPE
,36,17,Bashemath Esau's,ORG
,36,18,Aholibamah Esau's,ORG
,36,18,Jeush,PERSON
,36,18,Jaalam,PERSON
,36,18,Korah,PERSON
,36,18,Aholibamah,GPE
,36,18,daughter,PERSON
,36,18,Anah,PERSON
,36,18,Esau,PERSON
,36,19,Esau,PERSON
,36,19,Edom,ORG
,36,20,Seir the Horite,ORG
,36,20,Lotan,LOC
,36,20,Shobal,ORG
,36,20,Zibeon,PERSON
,36,20,Anah,PERSON
,36,21,Dishon,PERSON
,36,21,Ezer,PERSON
,36,21,Dishan,PERSON
,36,21,Horites,FAC
,36,21,Seir,PERSON
,36,21,Edom,GPE
,36,22,Lotan,LOC
,36,22,Hori,ORG
,36,22,Hemam,ORG
,36,22,Lotan,PERSON
,36,22,Timna,PERSON
,36,23,Shobal,ORG
,36,23,Alvan,ORG
,36,23,Manahath,ORG
,36,23,Ebal,PERSON
,36,23,Shepho,PERSON
,36,23,Onam,ORG
,36,24,Zibeon,LOC
,36,24,Ajah,PERSON
,36,24,Anah,PERSON
,36,24,Anah,PERSON
,36,24,Zibeon,PERSON
,36,25,Anah,PERSON
,36,25,Dishon,PERSON
,36,25,Aholibamah,GPE
,36,25,daughter,PERSON
,36,25,Anah,PERSON
,36,26,Dishon,GPE
,36,26,Hemdan,GPE
,36,26,Eshban,PERSON
,36,26,Ithran,ORG
,36,26,Cheran,PRODUCT
,36,27,Ezer,PERSON
,36,27,Bilhan,PERSON
,36,27,Zaavan,PERSON
,36,27,Akan,ORG
,36,28,Dishan,GPE
,36,28,Uz,PERSON
,36,28,Aran,ORG
,36,29,Horites,FAC
,36,29,duke Lotan,PERSON
,36,29,Shobal,PERSON
,36,29,Zibeon,PERSON
,36,29,Anah,PERSON
,36,30,Duke Dishon,PERSON
,36,30,Ezer,PERSON
,36,30,Dishan,PERSON
,36,30,Hori,ORG
,36,30,Seir,PERSON
,36,31,Edom,GPE
,36,31,Israel,GPE
,36,32,Bela,PERSON
,36,32,Beor,PERSON
,36,32,Dinhabah,ORG
,36,33,Bela,PERSON
,36,33,Jobab,PERSON
,36,33,Zerah of Bozrah,PERSON
,36,34,Jobab,PERSON
,36,34,Husham,PERSON
,36,34,Temani,PERSON
,36,35,Husham,PERSON
,36,35,Hadad,PERSON
,36,35,Bedad,GPE
,36,35,Midian,PERSON
,36,35,Moab,GPE
,36,35,Avith,PERSON
,36,36,Hadad,PERSON
,36,36,Samlah of Masrekah,PERSON
,36,37,Samlah,ORG
,36,37,Saul,PERSON
,36,37,Rehoboth,GPE
,36,38,Saul,PERSON
,36,38,Baalhanan,PERSON
,36,38,Achbor,ORG
,36,39,Baalhanan,PERSON
,36,39,Achbor,PERSON
,36,39,Hadar,PERSON
,36,39,Pau,ORG
,36,39,Mehetabel,PERSON
,36,39,daughter,PERSON
,36,39,Matred,PERSON
,36,39,daughter,PERSON
,36,39,Mezahab,PERSON
,36,40,Esau,PERSON
,36,40,Timnah,PERSON
,36,40,Alvah,PERSON
,36,40,Jetheth,PERSON
,36,41,Aholibamah,PERSON
,36,41,Elah,PERSON
,36,41,Pinon,PERSON
,36,42,Kenaz,PERSON
,36,42,Teman,PERSON
,36,42,Mibzar,PERSON
,36,43,Magdiel,PERSON
,36,43,Iram,PERSON
,36,43,Edom,ORG
,36,43,Esau,PERSON
,37,1,Jacob,PERSON
,37,1,Canaan,GPE
,37,2,Jacob,PERSON
,37,2,Joseph,PERSON
,37,2,seventeen years old,DATE
,37,2,Bilhah,PERSON
,37,2,Zilpah,GPE
,37,2,Joseph,PERSON
,37,3,Israel,GPE
,37,3,Joseph,PERSON
,37,5,Joseph,PERSON
,37,9,Behold,PERSON
,37,9,eleven,CARDINAL
,37,12,Shechem,GPE
,37,13,Israel,GPE
,37,13,Joseph,PERSON
,37,13,Shechem,GPE
,37,13,I.,PERSON
,37,14,So,PERSON
,37,14,Hebron,GPE
,37,14,Shechem,ORG
,37,17,Dothan,GPE
,37,17,Joseph,PERSON
,37,17,Dothan,GPE
,37,19,one,CARDINAL
,37,21,Reuben,PERSON
,37,22,Reuben,PERSON
,37,23,Joseph,PERSON
,37,23,Joseph,PERSON
,37,23,on,PERSON
,37,25,Ishmeelites,ORG
,37,25,Gilead,ORG
,37,25,Egypt,GPE
,37,26,Judah,PERSON
,37,27,Ishmeelites,ORG
,37,28,Midianites,NORP
,37,28,Joseph,PERSON
,37,28,Joseph,PERSON
,37,28,Ishmeelites,ORG
,37,28,twenty,CARDINAL
,37,28,Joseph,PERSON
,37,28,Egypt,GPE
,37,29,Reuben,PERSON
,37,29,Joseph,PERSON
,37,31,Joseph,PERSON
,37,33,Joseph,PERSON
,37,34,Jacob,PERSON
,37,34,put,PERSON
,37,36,Midianites,ORG
,37,36,Egypt,GPE
,37,36,Potiphar,PERSON
,37,36,Pharaoh,PERSON
,38,1,Judah,PERSON
,38,1,Adullamite,PERSON
,38,1,Hirah,PERSON
,38,2,Judah,PERSON
,38,2,daughter,PERSON
,38,2,Canaanite,NORP
,38,2,Shuah,PERSON
,38,3,Er,PERSON
,38,4,Onan,PRODUCT
,38,5,Shelah,PERSON
,38,5,Chezib,PERSON
,38,6,Judah,PERSON
,38,6,Er,PERSON
,38,6,Tamar,PERSON
,38,7,Er,PERSON
,38,7,Judah,PERSON
,38,8,Judah,PERSON
,38,8,"Onan, Go",ORG
,38,9,Onan,ORG
,38,9,on,PERSON
,38,11,Judah,PERSON
,38,11,Tamar,PERSON
,38,11,daughter,PERSON
,38,11,Shelah,ORG
,38,11,Tamar,PERSON
,38,12,daughter,PERSON
,38,12,Shuah Judah's,PERSON
,38,12,Judah,PERSON
,38,12,Timnath,GPE
,38,12,Hirah,PERSON
,38,12,Adullamite,PERSON
,38,13,Tamar,PERSON
,38,13,Timnath,NORP
,38,14,put,PERSON
,38,14,vail,GPE
,38,14,Timnath,NORP
,38,14,Shelah,ORG
,38,15,Judah,PERSON
,38,16,daughter,PERSON
,38,19,vail,GPE
,38,19,put,PERSON
,38,19,on,PERSON
,38,20,Judah,PERSON
,38,20,Adullamite,PERSON
,38,22,Judah,PERSON
,38,23,Judah,PERSON
,38,24,about three months,DATE
,38,24,Judah,PERSON
,38,24,Tamar,PERSON
,38,24,daughter,PERSON
,38,24,Judah,PERSON
,38,26,Judah,PERSON
,38,26,Shelah,ORG
,38,28,put,PERSON
,38,28,first,ORDINAL
,38,29,Pharez,PERSON
,38,30,Zarah,PERSON
,39,1,Joseph,PERSON
,39,1,Egypt,GPE
,39,1,Potiphar,ORG
,39,1,Pharaoh,PERSON
,39,1,Egyptian,NORP
,39,1,Ishmeelites,ORG
,39,2,Joseph,PERSON
,39,2,Egyptian,NORP
,39,4,Joseph,PERSON
,39,4,put,PERSON
,39,5,Egyptian,NORP
,39,5,Joseph,PERSON
,39,6,Joseph,PERSON
,39,6,Joseph,PERSON
,39,7,Joseph,PERSON
,39,8,Behold,PERSON
,39,10,Joseph,PERSON
,39,11,Joseph,PERSON
,39,14,Hebrew,LANGUAGE
,39,17,Hebrew,LANGUAGE
,39,20,Joseph,PERSON
,39,20,put,PERSON
,39,21,Joseph,PERSON
,39,22,Joseph,PERSON
,40,1,Egypt,GPE
,40,1,baker,PERSON
,40,1,Egypt,GPE
,40,2,Pharaoh,PERSON
,40,2,two,CARDINAL
,40,3,put,PERSON
,40,3,Joseph,PERSON
,40,4,Joseph,PERSON
,40,5,one night,TIME
,40,5,Egypt,GPE
,40,6,Joseph,PERSON
,40,7,Pharaoh,PERSON
,40,7,so,PERSON
,40,8,Joseph,PERSON
,40,9,Joseph,PERSON
,40,10,three,CARDINAL
,40,11,Pharaoh,PERSON
,40,11,Pharaoh,PERSON
,40,11,Pharaoh,PERSON
,40,12,Joseph,PERSON
,40,12,three,CARDINAL
,40,12,three days,DATE
,40,13,three days,DATE
,40,13,Pharaoh,PERSON
,40,13,Pharaoh,PERSON
,40,14,on,PERSON
,40,14,Pharaoh,PERSON
,40,15,Hebrews,NORP
,40,15,put,PERSON
,40,16,baker,PERSON
,40,16,Joseph,PERSON
,40,16,three,CARDINAL
,40,16,on,PERSON
,40,17,Pharaoh,PERSON
,40,18,Joseph,PERSON
,40,18,three,CARDINAL
,40,18,three days,DATE
,40,19,three days,DATE
,40,19,Pharaoh,PERSON
,40,19,on,PERSON
,40,20,the third day,DATE
,40,20,Pharaoh,PERSON
,40,20,baker,PERSON
,40,21,Pharaoh,PERSON
,40,22,baker,PERSON
,40,22,Joseph,PERSON
,40,23,Joseph,PERSON
,41,1,the end of two full years,DATE
,41,1,Pharaoh,PERSON
,41,2,seven,CARDINAL
,41,2,kine,ORG
,41,2,fed,ORG
,41,3,seven,CARDINAL
,41,4,seven,CARDINAL
,41,4,So,PERSON
,41,4,Pharaoh,PERSON
,41,5,second,ORDINAL
,41,5,seven,CARDINAL
,41,6,seven,CARDINAL
,41,7,seven,CARDINAL
,41,7,seven,CARDINAL
,41,7,Pharaoh,PERSON
,41,8,Egypt,GPE
,41,8,Pharaoh,PERSON
,41,8,Pharaoh,PERSON
,41,9,Pharaoh,PERSON
,41,9,this day,DATE
,41,10,Pharaoh,PERSON
,41,10,put,PERSON
,41,10,baker,PERSON
,41,11,one night,TIME
,41,12,Hebrew,LANGUAGE
,41,13,so,PERSON
,41,14,Pharaoh,PERSON
,41,14,Joseph,PERSON
,41,14,Pharaoh,PERSON
,41,15,Pharaoh,PERSON
,41,15,Joseph,PERSON
,41,16,Joseph,PERSON
,41,16,Pharaoh,PERSON
,41,16,Pharaoh,PERSON
,41,17,Pharaoh,PERSON
,41,17,Joseph,PERSON
,41,18,seven,CARDINAL
,41,18,fed,ORG
,41,19,seven,CARDINAL
,41,19,Egypt,GPE
,41,20,first,ORDINAL
,41,20,seven,CARDINAL
,41,21,So,PERSON
,41,22,seven,CARDINAL
,41,22,one,CARDINAL
,41,23,seven,CARDINAL
,41,24,seven,CARDINAL
,41,25,Joseph,PERSON
,41,25,Pharaoh,PERSON
,41,25,Pharaoh,PERSON
,41,25,Pharaoh,PERSON
,41,26,seven,CARDINAL
,41,26,seven years,DATE
,41,26,seven,CARDINAL
,41,26,seven years,DATE
,41,27,seven,CARDINAL
,41,27,seven years,DATE
,41,27,seven,CARDINAL
,41,27,seven years,DATE
,41,28,Pharaoh,PERSON
,41,28,Pharaoh,PERSON
,41,29,seven years,DATE
,41,29,Egypt,GPE
,41,30,seven years,DATE
,41,30,Egypt,GPE
,41,32,Pharaoh,PERSON
,41,33,Pharaoh,PERSON
,41,33,Egypt,GPE
,41,34,Pharaoh,PERSON
,41,34,fifth,ORDINAL
,41,34,Egypt,GPE
,41,34,seven plenteous years,DATE
,41,35,Pharaoh,PERSON
,41,36,the seven years,DATE
,41,36,Egypt,GPE
,41,37,Pharaoh,PERSON
,41,38,Pharaoh,PERSON
,41,39,Pharaoh,PERSON
,41,39,Joseph,PERSON
,41,39,Forasmuch,PERSON
,41,39,so,PERSON
,41,41,Pharaoh,PERSON
,41,41,Joseph,PERSON
,41,41,Egypt,GPE
,41,42,Pharaoh,PERSON
,41,42,put,PERSON
,41,42,Joseph,PERSON
,41,42,put,PERSON
,41,43,second,ORDINAL
,41,43,Egypt,GPE
,41,44,Pharaoh,PERSON
,41,44,Joseph,PERSON
,41,44,Pharaoh,PERSON
,41,44,Egypt,GPE
,41,45,Pharaoh,PERSON
,41,45,Joseph,PERSON
,41,45,Zaphnathpaaneah,PERSON
,41,45,Asenath,PERSON
,41,45,daughter,PERSON
,41,45,Potipherah,PERSON
,41,45,On,PERSON
,41,45,Joseph,PERSON
,41,45,Egypt,GPE
,41,46,Joseph,PERSON
,41,46,thirty years old,DATE
,41,46,Pharaoh,PERSON
,41,46,Egypt,GPE
,41,46,Joseph,PERSON
,41,46,Pharaoh,PERSON
,41,46,Egypt,GPE
,41,47,seven plenteous years,DATE
,41,48,the seven years,DATE
,41,48,Egypt,GPE
,41,49,Joseph,PERSON
,41,50,Joseph,PERSON
,41,50,two,CARDINAL
,41,50,the years,DATE
,41,50,Asenath,ORG
,41,50,daughter,PERSON
,41,50,Potipherah,PERSON
,41,50,On,PERSON
,41,51,Joseph,PERSON
,41,51,Manasseh,PERSON
,41,52,second,ORDINAL
,41,52,Ephraim,PERSON
,41,53,the seven years,DATE
,41,53,Egypt,GPE
,41,54,the seven years,DATE
,41,54,Joseph,PERSON
,41,54,Egypt,GPE
,41,55,Egypt,GPE
,41,55,Pharaoh,PERSON
,41,55,Pharaoh,PERSON
,41,55,Egyptians,NORP
,41,55,Joseph,PERSON
,41,56,Joseph,PERSON
,41,56,Egyptians,NORP
,41,56,Egypt,GPE
,41,57,Egypt,GPE
,41,57,Joseph,PERSON
,41,57,so,PERSON
,42,1,Jacob,PERSON
,42,1,Egypt,GPE
,42,1,Jacob,PERSON
,42,2,Behold,PERSON
,42,2,Egypt,GPE
,42,3,Joseph,PERSON
,42,3,ten,CARDINAL
,42,3,Egypt,GPE
,42,4,Benjamin,PERSON
,42,4,Joseph,PERSON
,42,4,Jacob,PERSON
,42,5,Israel,GPE
,42,5,Canaan,GPE
,42,6,Joseph,PERSON
,42,6,Joseph,PERSON
,42,7,Joseph,PERSON
,42,7,Canaan,GPE
,42,8,Joseph,PERSON
,42,9,Joseph,PERSON
,42,9,Ye,PERSON
,42,10,Nay,PERSON
,42,11,one,CARDINAL
,42,12,Nay,PERSON
,42,13,twelve,CARDINAL
,42,13,one,CARDINAL
,42,13,Canaan,GPE
,42,13,this day,DATE
,42,14,Joseph,PERSON
,42,14,Ye,PERSON
,42,15,Pharaoh,PERSON
,42,16,Pharaoh,PERSON
,42,17,put,PERSON
,42,17,three days,DATE
,42,18,Joseph,PERSON
,42,18,the third day,DATE
,42,19,one,CARDINAL
,42,20,so,PERSON
,42,20,so,PERSON
,42,21,one,CARDINAL
,42,22,Reuben,PERSON
,42,23,Joseph,PERSON
,42,24,Simeon,PERSON
,42,25,Joseph,PERSON
,42,29,Jacob,PERSON
,42,29,Canaan,GPE
,42,32,twelve,CARDINAL
,42,32,this day,DATE
,42,32,Canaan,GPE
,42,33,one,CARDINAL
,42,34,so,PERSON
,42,36,Jacob,PERSON
,42,36,Joseph,PERSON
,42,36,Simeon,PERSON
,42,36,Benjamin,PERSON
,42,37,Reuben,PERSON
,42,37,two,CARDINAL
,43,2,Egypt,GPE
,43,3,Judah,PERSON
,43,3,Ye,PERSON
,43,5,Ye,PERSON
,43,6,Israel,GPE
,43,6,so,PERSON
,43,8,Judah,PERSON
,43,8,Israel,GPE
,43,10,second,ORDINAL
,43,11,Israel,GPE
,43,11,so,PERSON
,43,14,Benjamin,PERSON
,43,15,Benjamin,PERSON
,43,15,Egypt,GPE
,43,15,Joseph,PERSON
,43,16,Joseph,PERSON
,43,16,Benjamin,PERSON
,43,16,noon,TIME
,43,17,Joseph,PERSON
,43,17,Joseph,PERSON
,43,18,Joseph,PERSON
,43,18,first,ORDINAL
,43,19,Joseph,PERSON
,43,20,first,ORDINAL
,43,22,put,PERSON
,43,23,Simeon,PERSON
,43,24,Joseph,PERSON
,43,25,Joseph,PERSON
,43,25,noon,TIME
,43,26,Joseph,PERSON
,43,29,Benjamin,PERSON
,43,30,Joseph,PERSON
,43,31,on,PERSON
,43,32,on,PERSON
,43,32,Egyptians,NORP
,43,32,Egyptians,NORP
,43,32,Hebrews,NORP
,43,32,Egyptians,NORP
,43,34,Benjamin,PERSON
,43,34,five,CARDINAL
,43,34,so,PERSON
,44,1,put,PERSON
,44,2,put,PERSON
,44,2,Joseph,PERSON
,44,4,Joseph,PERSON
,44,5,so,PERSON
,44,8,Canaan,GPE
,44,12,Benjamin,PERSON
,44,14,Judah,PERSON
,44,14,Joseph,PERSON
,44,14,on,PERSON
,44,15,Joseph,PERSON
,44,16,Judah,PERSON
,44,17,so,PERSON
,44,18,Judah,PERSON
,44,18,Pharaoh,PERSON
,44,27,Ye,PERSON
,44,27,two,CARDINAL
,44,34,on,PERSON
,45,1,Joseph,PERSON
,45,1,Joseph,PERSON
,45,2,Egyptians,NORP
,45,2,Pharaoh,PERSON
,45,3,Joseph,PERSON
,45,3,Joseph,PERSON
,45,4,Joseph,PERSON
,45,4,Joseph,PERSON
,45,4,Egypt,GPE
,45,6,these two years,DATE
,45,6,five years,DATE
,45,8,So,PERSON
,45,8,Pharaoh,PERSON
,45,8,Egypt,GPE
,45,9,Joseph,PERSON
,45,9,Egypt,GPE
,45,10,Goshen,GPE
,45,11,five years,DATE
,45,12,Benjamin,PERSON
,45,13,Egypt,GPE
,45,14,Benjamin,PERSON
,45,14,Benjamin,PERSON
,45,16,Pharaoh,PERSON
,45,16,Joseph,PERSON
,45,16,Pharaoh,PERSON
,45,17,Pharaoh,PERSON
,45,17,Joseph,PERSON
,45,17,Canaan,GPE
,45,18,Egypt,GPE
,45,19,Egypt,GPE
,45,20,Egypt,GPE
,45,21,Israel,GPE
,45,21,so,PERSON
,45,21,Joseph,PERSON
,45,21,Pharaoh,PERSON
,45,22,Benjamin,PERSON
,45,22,three hundred,CARDINAL
,45,22,five,CARDINAL
,45,23,ten,CARDINAL
,45,23,Egypt,GPE
,45,23,ten,CARDINAL
,45,24,So,PERSON
,45,25,Egypt,GPE
,45,25,Canaan,GPE
,45,25,Jacob,PERSON
,45,26,Joseph,PERSON
,45,26,Egypt,GPE
,45,26,Jacob,PERSON
,45,27,Joseph,PERSON
,45,27,Joseph,PERSON
,45,27,Jacob,PERSON
,45,28,Israel,GPE
,45,28,Joseph,PERSON
,46,1,Israel,GPE
,46,1,Beersheba,PERSON
,46,1,Isaac,PERSON
,46,2,Israel,GPE
,46,2,Jacob,PERSON
,46,2,Jacob,PERSON
,46,2,I.,PERSON
,46,3,Egypt,GPE
,46,4,Egypt,GPE
,46,4,Joseph,PERSON
,46,4,put,PERSON
,46,5,Jacob,PERSON
,46,5,Beersheba,PERSON
,46,5,Israel,GPE
,46,5,Jacob,PERSON
,46,5,Pharaoh,PERSON
,46,6,Canaan,GPE
,46,6,Egypt,GPE
,46,6,Jacob,PERSON
,46,7,Egypt,GPE
,46,8,Israel,GPE
,46,8,Egypt,GPE
,46,8,Jacob,PERSON
,46,8,Reuben,PERSON
,46,8,Jacob,PERSON
,46,9,Reuben,PERSON
,46,9,Hanoch,PERSON
,46,9,Phallu,ORG
,46,9,Hezron,ORG
,46,9,Carmi,GPE
,46,10,Simeon,PERSON
,46,10,Jemuel,GPE
,46,10,Jamin,PERSON
,46,10,Ohad,ORG
,46,10,Jachin,GPE
,46,10,Zohar,PERSON
,46,10,Shaul,PERSON
,46,10,Canaanitish,PERSON
,46,11,Levi,PERSON
,46,11,Gershon,PERSON
,46,11,Kohath,PERSON
,46,11,Merari,ORG
,46,12,Judah,PERSON
,46,12,Er,PERSON
,46,12,Onan,ORG
,46,12,Shelah,ORG
,46,12,Pharez,PERSON
,46,12,Zarah,PERSON
,46,12,Er,PERSON
,46,12,Onan,PERSON
,46,12,Canaan,GPE
,46,12,Hezron,ORG
,46,12,Hamul,GPE
,46,13,Issachar,PERSON
,46,13,Tola,PERSON
,46,13,Phuvah,PERSON
,46,13,Job,ORG
,46,13,Shimron,ORG
,46,14,Zebulun,PERSON
,46,14,Sered,PERSON
,46,14,Elon,ORG
,46,14,Jahleel,PERSON
,46,15,Leah,PERSON
,46,15,Jacob,PERSON
,46,15,Padanaram,GPE
,46,15,daughter,PERSON
,46,15,Dinah,PERSON
,46,15,thirty and three,CARDINAL
,46,16,Gad,PERSON
,46,16,Ziphion,EVENT
,46,16,Haggi,GPE
,46,16,Shuni,PERSON
,46,16,Ezbon,ORG
,46,16,Eri,PERSON
,46,16,Arodi,GPE
,46,16,Areli,GPE
,46,17,Asher,PERSON
,46,17,Jimnah,PERSON
,46,17,Ishuah,PERSON
,46,17,Isui,PERSON
,46,17,Beriah,ORG
,46,17,Serah,PERSON
,46,17,Beriah,ORG
,46,17,Heber,GPE
,46,17,Malchiel,PERSON
,46,18,Zilpah,GPE
,46,18,Laban,PERSON
,46,18,Leah,PERSON
,46,18,daughter,PERSON
,46,18,Jacob,PERSON
,46,18,sixteen,CARDINAL
,46,19,Rachel Jacob's,PERSON
,46,19,Joseph,PERSON
,46,19,Benjamin,PERSON
,46,20,Joseph,PERSON
,46,20,Egypt,GPE
,46,20,Manasseh,PERSON
,46,20,Ephraim,PERSON
,46,20,Asenath,ORG
,46,20,daughter,PERSON
,46,20,Potipherah,PERSON
,46,20,On,PERSON
,46,21,Benjamin,PERSON
,46,21,Belah,ORG
,46,21,Becher,PERSON
,46,21,Ashbel,GPE
,46,21,Gera,PERSON
,46,21,Naaman,PERSON
,46,21,Ehi,PERSON
,46,21,Rosh,PERSON
,46,21,Muppim,GPE
,46,21,Huppim,ORG
,46,21,Ard,PERSON
,46,22,Rachel,PERSON
,46,22,Jacob,PERSON
,46,22,fourteen,CARDINAL
,46,23,Dan,PERSON
,46,23,Hushim,ORG
,46,24,Naphtali,PERSON
,46,24,Jahzeel,PERSON
,46,24,Guni,PERSON
,46,24,Jezer,PERSON
,46,24,Shillem,PERSON
,46,25,Bilhah,ORG
,46,25,Laban,PERSON
,46,25,Rachel,PERSON
,46,25,daughter,PERSON
,46,25,Jacob,PERSON
,46,25,seven,CARDINAL
,46,26,Jacob,PERSON
,46,26,Egypt,GPE
,46,26,Jacob,PERSON
,46,26,threescore and six,CARDINAL
,46,27,Joseph,PERSON
,46,27,Egypt,GPE
,46,27,two,CARDINAL
,46,27,Jacob,PERSON
,46,27,Egypt,GPE
,46,27,threescore and ten,CARDINAL
,46,28,Judah,PERSON
,46,28,Joseph,PERSON
,46,28,Goshen,GPE
,46,28,Goshen,GPE
,46,29,Joseph,PERSON
,46,29,Israel,GPE
,46,29,Goshen,GPE
,46,29,on,PERSON
,46,29,on,PERSON
,46,30,Israel,GPE
,46,30,Joseph,PERSON
,46,31,Joseph,PERSON
,46,31,Pharaoh,PERSON
,46,31,Canaan,GPE
,46,33,Pharaoh,PERSON
,46,34,Goshen,GPE
,46,34,Egyptians,NORP
,47,1,Joseph,PERSON
,47,1,Pharaoh,PERSON
,47,1,Canaan,GPE
,47,1,Goshen,GPE
,47,2,five,CARDINAL
,47,2,Pharaoh,PERSON
,47,3,Pharaoh,PERSON
,47,3,Pharaoh,PERSON
,47,4,Pharaoh,PERSON
,47,4,Canaan,GPE
,47,4,Goshen,GPE
,47,5,Pharaoh,PERSON
,47,5,Joseph,PERSON
,47,6,Egypt,GPE
,47,6,Goshen,GPE
,47,7,Joseph,PERSON
,47,7,Jacob,PERSON
,47,7,Pharaoh,PERSON
,47,7,Jacob,PERSON
,47,7,Pharaoh,PERSON
,47,8,Pharaoh,PERSON
,47,8,Jacob,PERSON
,47,9,Jacob,PERSON
,47,9,Pharaoh,PERSON
,47,9,an hundred and thirty years,CARDINAL
,47,9,the days of the years,DATE
,47,9,the days of the years,DATE
,47,9,the days,DATE
,47,10,Jacob,PERSON
,47,10,Pharaoh,PERSON
,47,10,Pharaoh,PERSON
,47,11,Joseph,PERSON
,47,11,Egypt,GPE
,47,11,Rameses,PERSON
,47,11,Pharaoh,PERSON
,47,12,Joseph,PERSON
,47,13,so,PERSON
,47,13,Egypt,GPE
,47,13,Canaan,GPE
,47,14,Joseph,PERSON
,47,14,Egypt,GPE
,47,14,Canaan,GPE
,47,14,Joseph,PERSON
,47,14,Pharaoh,PERSON
,47,15,Egypt,GPE
,47,15,Canaan,GPE
,47,15,Egyptians,NORP
,47,15,Joseph,PERSON
,47,16,Joseph,PERSON
,47,17,Joseph,PERSON
,47,17,Joseph,PERSON
,47,17,that year,DATE
,47,18,that year,DATE
,47,18,the second year,DATE
,47,19,Pharaoh,PERSON
,47,20,Joseph,PERSON
,47,20,Egypt,GPE
,47,20,Pharaoh,PERSON
,47,20,Egyptians,NORP
,47,20,so,PERSON
,47,20,Pharaoh,PERSON
,47,21,one,CARDINAL
,47,21,Egypt,GPE
,47,22,Pharaoh,PERSON
,47,22,Pharaoh,PERSON
,47,23,Joseph,PERSON
,47,23,this day,DATE
,47,23,Pharaoh,PERSON
,47,24,fifth,ORDINAL
,47,24,Pharaoh,PERSON
,47,24,four,CARDINAL
,47,25,Pharaoh,PERSON
,47,26,Joseph,PERSON
,47,26,Egypt,GPE
,47,26,this day,DATE
,47,26,Pharaoh,PERSON
,47,26,fifth,ORDINAL
,47,26,Pharaoh,PERSON
,47,27,Israel,GPE
,47,27,Egypt,GPE
,47,27,Goshen,GPE
,47,28,Jacob,PERSON
,47,28,Egypt,GPE
,47,28,seventeen years,DATE
,47,28,so,PERSON
,47,28,Jacob,PERSON
,47,29,Israel,GPE
,47,29,Joseph,PERSON
,47,29,put,PERSON
,47,29,Egypt,GPE
,47,30,Egypt,GPE
,47,31,Israel,GPE
,48,1,"Joseph, Behold",PERSON
,48,1,two,CARDINAL
,48,1,Manasseh,PERSON
,48,1,Ephraim,PERSON
,48,2,Jacob,PERSON
,48,2,Behold,PERSON
,48,2,Joseph,PERSON
,48,2,Israel,GPE
,48,3,Jacob,PERSON
,48,3,Joseph,PERSON
,48,3,Luz,PERSON
,48,3,Canaan,GPE
,48,4,Behold,PERSON
,48,5,two,CARDINAL
,48,5,Ephraim,PERSON
,48,5,Manasseh,PERSON
,48,5,Egypt,GPE
,48,5,Egypt,GPE
,48,5,Reuben,PERSON
,48,5,Simeon,PERSON
,48,7,Padan,PERSON
,48,7,Rachel,PERSON
,48,7,Canaan,GPE
,48,7,Ephrath,PERSON
,48,7,Ephrath,ORG
,48,7,Bethlehem,ORG
,48,8,Israel,GPE
,48,8,Joseph,PERSON
,48,9,Joseph,PERSON
,48,10,Israel,GPE
,48,10,so,PERSON
,48,11,Israel,GPE
,48,11,Joseph,PERSON
,48,12,Joseph,PERSON
,48,13,Joseph,PERSON
,48,13,Ephraim,PERSON
,48,13,Israel,GPE
,48,13,Manasseh,PERSON
,48,13,Israel,GPE
,48,14,Israel,GPE
,48,14,Ephraim,PERSON
,48,14,Manasseh,ORG
,48,14,Manasseh,PERSON
,48,15,Joseph,PERSON
,48,15,Abraham,PERSON
,48,15,Isaac,PERSON
,48,15,fed,ORG
,48,15,this day,DATE
,48,16,Angel,PERSON
,48,16,on,PERSON
,48,16,Abraham,PERSON
,48,16,Isaac,PERSON
,48,17,Joseph,PERSON
,48,17,Ephraim,PERSON
,48,17,Ephraim,PERSON
,48,17,Manasseh,PERSON
,48,18,Joseph,PERSON
,48,18,so,PERSON
,48,18,put,PERSON
,48,20,that day,DATE
,48,20,Israel,GPE
,48,20,Ephraim,PERSON
,48,20,Manasseh,PERSON
,48,20,Ephraim,PERSON
,48,20,Manasseh,PERSON
,48,21,Israel,GPE
,48,21,"Joseph, Behold",PERSON
,48,22,one,CARDINAL
,48,22,Amorite,PERSON
,49,1,Jacob,PERSON
,49,1,Gather,PERSON
,49,1,the last days,DATE
,49,2,Jacob,PERSON
,49,2,Israel,GPE
,49,3,Reuben,PERSON
,49,5,Simeon,PERSON
,49,5,Levi,PERSON
,49,7,Jacob,PERSON
,49,7,Israel,GPE
,49,8,Judah,PERSON
,49,9,Judah,PERSON
,49,10,Judah,GPE
,49,10,Shiloh,GPE
,49,13,Zebulun,PERSON
,49,13,Zidon,PERSON
,49,14,Issachar,WORK_OF_ART
,49,14,between two,CARDINAL
,49,16,Dan,PERSON
,49,16,Israel,GPE
,49,17,Dan,PERSON
,49,17,so,PERSON
,49,19,Gad,PERSON
,49,20,Asher,PERSON
,49,21,Naphtali,PERSON
,49,22,Joseph,PERSON
,49,24,Jacob,PERSON
,49,24,Israel,GPE
,49,26,on,PERSON
,49,26,Joseph,PERSON
,49,26,on,PERSON
,49,27,Benjamin shall ravin,PERSON
,49,28,twelve,CARDINAL
,49,28,Israel,GPE
,49,29,Ephron,PERSON
,49,29,Hittite,NORP
,49,30,Machpelah,ORG
,49,30,Mamre,ORG
,49,30,Canaan,GPE
,49,30,Abraham,PERSON
,49,30,Ephron,PERSON
,49,30,Hittite,NORP
,49,31,Abraham,PERSON
,49,31,Sarah,PERSON
,49,31,Isaac,PERSON
,49,31,Rebekah,PERSON
,49,31,Leah,PERSON
,49,32,Heth,PERSON
,49,33,Jacob,PERSON
,50,1,Joseph,PERSON
,50,2,Joseph,PERSON
,50,2,Israel,GPE
,50,3,forty days,DATE
,50,3,so,PERSON
,50,3,the days,DATE
,50,3,Egyptians,NORP
,50,3,threescore and ten days,DATE
,50,4,the days,DATE
,50,4,Joseph,PERSON
,50,4,Pharaoh,PERSON
,50,4,Pharaoh,PERSON
,50,5,Lo,PERSON
,50,5,Canaan,GPE
,50,6,Pharaoh,PERSON
,50,7,Joseph,PERSON
,50,7,Pharaoh,PERSON
,50,7,Egypt,GPE
,50,8,Joseph,PERSON
,50,8,Goshen,GPE
,50,10,Atad,GPE
,50,10,Jordan,GPE
,50,10,seven days,DATE
,50,11,Canaanites,ORG
,50,11,Atad,GPE
,50,11,Egyptians,NORP
,50,11,Abelmizraim,FAC
,50,11,Jordan,GPE
,50,13,Canaan,GPE
,50,13,Machpelah,ORG
,50,13,Abraham,PERSON
,50,13,Ephron,PERSON
,50,13,Hittite,NORP
,50,13,Mamre,LOC
,50,14,Joseph,PERSON
,50,14,Egypt,GPE
,50,15,Joseph,PERSON
,50,15,Joseph,PERSON
,50,16,Joseph,PERSON
,50,17,So,PERSON
,50,17,Joseph,PERSON
,50,17,Joseph,PERSON
,50,18,Behold,PERSON
,50,19,Joseph,PERSON
,50,20,this day,DATE
,50,22,Joseph,PERSON
,50,22,Egypt,GPE
,50,22,Joseph,PERSON
,50,22,an hundred and ten years,CARDINAL
,50,23,Joseph,PERSON
,50,23,Ephraim,PERSON
,50,23,third,ORDINAL
,50,23,Machir,LOC
,50,23,Manasseh,PERSON
,50,23,Joseph,PERSON
,50,24,Joseph,PERSON
,50,24,Abraham,PERSON
,50,24,Isaac,PERSON
,50,24,Jacob,PERSON
,50,25,Joseph,PERSON
,50,25,Israel,GPE
,50,26,So,PERSON
,50,26,Joseph,PERSON
,50,26,an hundred and ten years old,CARDINAL
,50,26,put,PERSON
,50,26,Egypt,GPE
,1,1,Israel,GPE
,1,1,Egypt,GPE
,1,1,Jacob,PERSON
,1,2,Reuben,PERSON
,1,2,Simeon,PERSON
,1,2,Levi,PERSON
,1,2,Judah,PERSON
,1,3,Issachar,PERSON
,1,3,Zebulun,PERSON
,1,3,Benjamin,PERSON
,1,4,Dan,PERSON
,1,4,Naphtali,PERSON
,1,4,Gad,PERSON
,1,4,Asher,PERSON
,1,5,Jacob,PERSON
,1,5,seventy,CARDINAL
,1,5,Joseph,PERSON
,1,5,Egypt,GPE
,1,6,Joseph,PERSON
,1,7,Israel,GPE
,1,8,Egypt,GPE
,1,8,Joseph,PERSON
,1,9,Israel,GPE
,1,10,on,PERSON
,1,10,so,PERSON
,1,11,Pharaoh,PERSON
,1,11,Pithom and Raamses,ORG
,1,12,Israel,GPE
,1,13,Egyptians,NORP
,1,13,Israel,GPE
,1,15,Egypt,GPE
,1,15,Hebrew,NORP
,1,15,Shiphrah,PERSON
,1,15,Puah,PERSON
,1,16,Hebrew,NORP
,1,16,daughter,PERSON
,1,17,Egypt,GPE
,1,18,Egypt,GPE
,1,19,Pharaoh,PERSON
,1,19,Hebrew,NORP
,1,19,Egyptian,NORP
,1,22,Pharaoh,PERSON
,1,22,daughter,PERSON
,2,1,Levi,PERSON
,2,1,daughter,PERSON
,2,1,Levi,PERSON
,2,2,three months,DATE
,2,3,ark,PERSON
,2,3,put,PERSON
,2,5,daughter,PERSON
,2,5,Pharaoh,PERSON
,2,5,ark,PERSON
,2,6,on,PERSON
,2,6,Hebrews,ORG
,2,7,Pharaoh,PERSON
,2,7,daughter,PERSON
,2,7,Hebrew,NORP
,2,8,Pharaoh,PERSON
,2,8,daughter,PERSON
,2,9,Pharaoh,PERSON
,2,9,daughter,PERSON
,2,10,Pharaoh,PERSON
,2,10,daughter,PERSON
,2,10,Moses,PERSON
,2,11,those days,DATE
,2,11,Moses,PERSON
,2,11,on,PERSON
,2,11,Egyptian,NORP
,2,11,Hebrew,LANGUAGE
,2,12,Egyptian,NORP
,2,13,the second day,DATE
,2,13,two,CARDINAL
,2,13,Hebrews,NORP
,2,14,intendest,PERSON
,2,14,Egyptian,NORP
,2,14,Moses,PERSON
,2,15,Pharaoh,PERSON
,2,15,Moses,PERSON
,2,15,Moses,PERSON
,2,15,Pharaoh,PERSON
,2,15,Midian,PERSON
,2,16,Midian,ORG
,2,16,seven,CARDINAL
,2,17,Moses,PERSON
,2,18,Reuel,PERSON
,2,18,so,PERSON
,2,19,Egyptian,NORP
,2,21,Moses,PERSON
,2,21,Moses Zipporah,PERSON
,2,21,daughter,PERSON
,2,22,Gershom,PERSON
,2,23,Egypt,GPE
,2,23,Israel,GPE
,2,24,Abraham,PERSON
,2,24,Isaac,PERSON
,2,24,Jacob,PERSON
,2,25,Israel,GPE
,3,1,Moses,PERSON
,3,1,Jethro,PERSON
,3,1,Midian,PERSON
,3,1,Horeb,ORG
,3,2,bush,PERSON
,3,2,bush,PERSON
,3,2,bush,PERSON
,3,3,Moses,PERSON
,3,3,bush,PERSON
,3,4,bush,PERSON
,3,4,Moses,PERSON
,3,4,Moses,PERSON
,3,4,I.,PERSON
,3,5,put,PERSON
,3,6,Abraham,PERSON
,3,6,Isaac,PERSON
,3,6,Jacob,PERSON
,3,6,Moses,PERSON
,3,7,Egypt,GPE
,3,8,Egyptians,NORP
,3,8,Canaanites,ORG
,3,8,Hittites,NORP
,3,8,Amorites,ORG
,3,8,Perizzites,FAC
,3,8,Hivites,LOC
,3,8,Jebusites,LOC
,3,9,Israel,GPE
,3,9,Egyptians,NORP
,3,10,Pharaoh,PERSON
,3,10,Israel,GPE
,3,10,Egypt,GPE
,3,11,Moses,PERSON
,3,11,Pharaoh,PERSON
,3,11,Israel,GPE
,3,11,Egypt,GPE
,3,12,Egypt,GPE
,3,13,Moses,PERSON
,3,13,Israel,GPE
,3,14,Moses,PERSON
,3,14,Israel,GPE
,3,15,Moses,PERSON
,3,15,Israel,GPE
,3,15,Abraham,PERSON
,3,15,Isaac,PERSON
,3,15,Jacob,PERSON
,3,16,Israel,GPE
,3,16,Abraham,PERSON
,3,16,Isaac,PERSON
,3,16,Jacob,PERSON
,3,16,Egypt,GPE
,3,17,Egypt,GPE
,3,17,Canaanites,ORG
,3,17,Hittites,NORP
,3,17,Amorites,ORG
,3,17,Perizzites,FAC
,3,17,Hivites,LOC
,3,17,Jebusites,LOC
,3,18,Israel,GPE
,3,18,Egypt,GPE
,3,18,Hebrews,LOC
,3,18,three days',DATE
,3,19,Egypt,GPE
,3,20,Egypt,GPE
,3,21,Egyptians,NORP
,3,22,put,PERSON
,3,22,Egyptians,NORP
,4,1,Moses,PERSON
,4,3,on,PERSON
,4,3,on,PERSON
,4,3,Moses,PERSON
,4,4,Moses,PERSON
,4,4,Put,PERSON
,4,4,put,PERSON
,4,5,Abraham,PERSON
,4,5,Isaac,PERSON
,4,5,Jacob,PERSON
,4,6,Put,PERSON
,4,6,put,PERSON
,4,7,Put,PERSON
,4,7,put,PERSON
,4,8,first,ORDINAL
,4,9,two,CARDINAL
,4,10,Moses,PERSON
,4,14,Moses,PERSON
,4,14,Aaron,PERSON
,4,14,Levite,PERSON
,4,15,put,PERSON
,4,18,Moses,PERSON
,4,18,Jethro,PERSON
,4,18,Egypt,GPE
,4,18,Jethro,PERSON
,4,18,Moses,PERSON
,4,19,Moses,PERSON
,4,19,Midian,PERSON
,4,19,Egypt,GPE
,4,20,Moses,PERSON
,4,20,Egypt,GPE
,4,20,Moses,PERSON
,4,21,Moses,PERSON
,4,21,Egypt,GPE
,4,21,Pharaoh,PERSON
,4,21,put,PERSON
,4,22,Pharaoh,PERSON
,4,22,Israel,GPE
,4,25,Zipporah,PERSON
,4,26,So,PERSON
,4,27,Aaron,PERSON
,4,27,Moses,PERSON
,4,28,Moses,PERSON
,4,28,Aaron,PERSON
,4,29,Moses,PERSON
,4,29,Aaron,PERSON
,4,29,Israel,GPE
,4,30,Aaron,PERSON
,4,30,Moses,PERSON
,4,31,Israel,GPE
,5,1,Moses,PERSON
,5,1,Aaron,PERSON
,5,1,Pharaoh,PERSON
,5,1,Israel,GPE
,5,2,Pharaoh,PERSON
,5,2,Israel,GPE
,5,2,Israel,GPE
,5,3,Hebrews,LOC
,5,3,three days',DATE
,5,4,Egypt,GPE
,5,4,Moses,PERSON
,5,4,Aaron,PERSON
,5,5,Pharaoh,PERSON
,5,5,Behold,PERSON
,5,6,Pharaoh,PERSON
,5,10,Pharaoh,PERSON
,5,12,So,PERSON
,5,12,Egypt,GPE
,5,13,daily,DATE
,5,14,Israel,GPE
,5,14,Pharaoh,PERSON
,5,14,yesterday,DATE
,5,15,Israel,GPE
,5,15,Pharaoh,PERSON
,5,17,Ye,PERSON
,5,19,Israel,GPE
,5,19,Ye,PERSON
,5,19,daily,DATE
,5,20,Moses,PERSON
,5,20,Aaron,PERSON
,5,20,Pharaoh,PERSON
,5,21,Pharaoh,PERSON
,5,21,put,PERSON
,5,22,Moses,PERSON
,5,22,so,PERSON
,5,23,Pharaoh,PERSON
,6,1,Moses,PERSON
,6,1,Pharaoh,PERSON
,6,2,Moses,PERSON
,6,3,Abraham,PERSON
,6,3,Isaac,PERSON
,6,3,Jacob,PERSON
,6,3,God Almighty,ORG
,6,3,JEHOVAH,PERSON
,6,4,Canaan,GPE
,6,5,Israel,GPE
,6,5,Egyptians,NORP
,6,6,Israel,GPE
,6,6,Egyptians,NORP
,6,7,Egyptians,NORP
,6,8,Abraham,PERSON
,6,8,Isaac,PERSON
,6,8,Jacob,PERSON
,6,9,Moses,PERSON
,6,9,so,PERSON
,6,9,Israel,GPE
,6,9,Moses,PERSON
,6,10,Moses,PERSON
,6,11,Pharaoh,PERSON
,6,11,Egypt,GPE
,6,11,Israel,GPE
,6,12,Moses,PERSON
,6,12,Behold,PERSON
,6,12,Israel,GPE
,6,12,Pharaoh,PERSON
,6,13,Moses,PERSON
,6,13,Aaron,PERSON
,6,13,Israel,GPE
,6,13,Pharaoh,PERSON
,6,13,Egypt,GPE
,6,13,Israel,GPE
,6,13,Egypt,GPE
,6,14,Reuben,PERSON
,6,14,Israel,GPE
,6,14,Hanoch,PERSON
,6,14,Pallu,ORG
,6,14,Hezron,ORG
,6,14,Carmi,PERSON
,6,14,Reuben,PERSON
,6,15,Simeon,PERSON
,6,15,Jemuel,GPE
,6,15,Jamin,PERSON
,6,15,Ohad,ORG
,6,15,Jachin,GPE
,6,15,Zohar,PERSON
,6,15,Shaul,PERSON
,6,15,Canaanitish,PERSON
,6,15,Simeon,PERSON
,6,16,Levi,PERSON
,6,16,Gershon,PERSON
,6,16,Kohath,PERSON
,6,16,Merari,ORG
,6,16,the years,DATE
,6,16,Levi,PERSON
,6,16,an hundred thirty and,CARDINAL
,6,17,Gershon,PERSON
,6,17,Libni,GPE
,6,17,Shimi,PERSON
,6,18,Kohath,GPE
,6,18,Amram,ORG
,6,18,Izhar,ORG
,6,18,Hebron,GPE
,6,18,Uzziel,ORG
,6,18,the years,DATE
,6,18,Kohath,GPE
,6,18,an hundred thirty and,CARDINAL
,6,19,Merari,ORG
,6,19,Mahali,PERSON
,6,19,Mushi,PERSON
,6,19,Levi,PERSON
,6,20,Amram,ORG
,6,20,Jochebed,ORG
,6,20,Aaron,PERSON
,6,20,Moses,PERSON
,6,20,the years,DATE
,6,20,Amram,ORG
,6,20,an hundred and thirty and,CARDINAL
,6,21,Izhar,ORG
,6,21,Korah,GPE
,6,21,Nepheg,PERSON
,6,21,Zichri,PERSON
,6,22,Uzziel,ORG
,6,22,Mishael,PERSON
,6,22,Elzaphan,GPE
,6,22,Zithri,PERSON
,6,23,Aaron,PERSON
,6,23,Elisheba,ORG
,6,23,daughter,PERSON
,6,23,Amminadab,ORG
,6,23,Naashon,ORG
,6,23,Nadab,GPE
,6,23,Abihu,PERSON
,6,23,Eleazar,PERSON
,6,23,Ithamar,PERSON
,6,24,Korah,GPE
,6,24,Assir,PERSON
,6,24,Elkanah,PERSON
,6,24,Abiasaph,PERSON
,6,24,Korhites,LOC
,6,25,Eleazar Aaron's,PERSON
,6,25,one,CARDINAL
,6,25,Putiel,PERSON
,6,25,Phinehas,PERSON
,6,25,Levites,ORG
,6,26,Aaron,PERSON
,6,26,Moses,PERSON
,6,26,Israel,GPE
,6,26,Egypt,GPE
,6,27,Pharaoh,PERSON
,6,27,Egypt,GPE
,6,27,Israel,GPE
,6,27,Egypt,GPE
,6,27,Moses,PERSON
,6,27,Aaron,PERSON
,6,28,on,PERSON
,6,28,the day,DATE
,6,28,Moses,PERSON
,6,28,Egypt,GPE
,6,29,Moses,PERSON
,6,29,Pharaoh,PERSON
,6,29,Egypt,GPE
,6,30,Moses,PERSON
,6,30,Behold,PERSON
,6,30,Pharaoh,PERSON
,7,1,Moses,PERSON
,7,1,Pharaoh,PERSON
,7,1,Aaron,PERSON
,7,2,Aaron,PERSON
,7,2,Pharaoh,PERSON
,7,2,Israel,GPE
,7,3,Pharaoh,PERSON
,7,3,Egypt,GPE
,7,4,Pharaoh,PERSON
,7,4,Egypt,GPE
,7,4,Israel,GPE
,7,4,Egypt,GPE
,7,5,Egyptians,NORP
,7,5,Egypt,GPE
,7,5,Israel,GPE
,7,6,Moses,PERSON
,7,6,Aaron,PERSON
,7,6,so,PERSON
,7,7,Moses,PERSON
,7,7,fourscore years old,DATE
,7,7,Aaron,PERSON
,7,7,three years old,DATE
,7,7,Pharaoh,PERSON
,7,8,Moses,PERSON
,7,8,Aaron,PERSON
,7,9,Pharaoh,PERSON
,7,9,Aaron,PERSON
,7,9,Pharaoh,PERSON
,7,10,Moses,PERSON
,7,10,Aaron,PERSON
,7,10,Pharaoh,PERSON
,7,10,so,PERSON
,7,10,Aaron,PERSON
,7,10,Pharaoh,PERSON
,7,11,Pharaoh,PERSON
,7,11,Egypt,GPE
,7,12,Aaron,PERSON
,7,13,Pharaoh,PERSON
,7,14,Moses,PERSON
,7,14,Pharaoh,PERSON
,7,15,Pharaoh,PERSON
,7,16,Hebrews,LOC
,7,18,Egyptians,NORP
,7,19,Moses,PERSON
,7,19,Aaron,PERSON
,7,19,Egypt,GPE
,7,19,Egypt,GPE
,7,20,Moses,PERSON
,7,20,Aaron,PERSON
,7,20,so,PERSON
,7,20,Pharaoh,PERSON
,7,21,Egyptians,NORP
,7,21,Egypt,GPE
,7,22,Egypt,GPE
,7,22,so,PERSON
,7,22,Pharaoh,PERSON
,7,23,Pharaoh,PERSON
,7,24,Egyptians,NORP
,7,25,seven days,DATE
,8,1,Moses,PERSON
,8,1,Pharaoh,PERSON
,8,3,thine house,ORG
,8,4,on,PERSON
,8,5,Moses,PERSON
,8,5,Aaron,PERSON
,8,5,Egypt,GPE
,8,6,Aaron,PERSON
,8,6,Egypt,GPE
,8,6,Egypt,GPE
,8,7,so,PERSON
,8,7,Egypt,GPE
,8,8,Pharaoh,PERSON
,8,8,Moses,PERSON
,8,8,Aaron,PERSON
,8,8,Intreat the LORD,ORG
,8,9,Moses,PERSON
,8,9,Pharaoh,PERSON
,8,12,Moses,PERSON
,8,12,Aaron,PERSON
,8,12,Pharaoh,PERSON
,8,12,Moses,PERSON
,8,12,Pharaoh,PERSON
,8,13,Moses,PERSON
,8,15,Pharaoh,PERSON
,8,16,Moses,PERSON
,8,16,Aaron,PERSON
,8,16,Egypt,GPE
,8,17,so,PERSON
,8,17,Aaron,PERSON
,8,17,Egypt,GPE
,8,18,so,PERSON
,8,18,so,PERSON
,8,19,Pharaoh,PERSON
,8,19,Pharaoh,PERSON
,8,20,Moses,PERSON
,8,20,early in the morning,TIME
,8,20,Pharaoh,PERSON
,8,21,Egyptians,NORP
,8,22,that day,DATE
,8,22,Goshen,GPE
,8,23,put,PERSON
,8,24,so,PERSON
,8,24,Pharaoh,PERSON
,8,24,Egypt,GPE
,8,25,Pharaoh,PERSON
,8,25,Moses,PERSON
,8,25,Aaron,PERSON
,8,26,Moses,PERSON
,8,26,so,PERSON
,8,26,Egyptians,NORP
,8,26,Egyptians,NORP
,8,27,three days',DATE
,8,28,Pharaoh,PERSON
,8,29,Moses,PERSON
,8,29,Behold,PERSON
,8,29,Pharaoh,PERSON
,8,29,Pharaoh,PERSON
,8,30,Moses,PERSON
,8,30,Pharaoh,PERSON
,8,31,Moses,PERSON
,8,31,Pharaoh,PERSON
,8,32,Pharaoh,PERSON
,9,1,Moses,PERSON
,9,1,Pharaoh,PERSON
,9,1,Hebrews,NORP
,9,4,Israel,GPE
,9,4,Egypt,GPE
,9,4,Israel,GPE
,9,6,on,PERSON
,9,6,Egypt,GPE
,9,6,Israel,GPE
,9,7,Pharaoh,PERSON
,9,7,Israelites,NORP
,9,7,Pharaoh,PERSON
,9,8,Moses,PERSON
,9,8,Aaron,PERSON
,9,8,Moses,PERSON
,9,8,Pharaoh,PERSON
,9,9,Egypt,GPE
,9,9,Egypt,GPE
,9,10,Pharaoh,PERSON
,9,10,Moses,PERSON
,9,11,Moses,PERSON
,9,11,Egyptians,NORP
,9,12,Pharaoh,PERSON
,9,12,Moses,PERSON
,9,13,Moses,PERSON
,9,13,early in the morning,TIME
,9,13,Pharaoh,PERSON
,9,13,Hebrews,NORP
,9,18,Egypt,GPE
,9,20,Pharaoh,PERSON
,9,22,Moses,PERSON
,9,22,Egypt,GPE
,9,22,Egypt,GPE
,9,23,Moses,PERSON
,9,23,Egypt,GPE
,9,24,So,PERSON
,9,24,Egypt,GPE
,9,25,Egypt,GPE
,9,26,Goshen,GPE
,9,26,Israel,GPE
,9,27,Pharaoh,PERSON
,9,27,Moses,PERSON
,9,27,Aaron,PERSON
,9,29,Moses,PERSON
,9,33,Moses,PERSON
,9,33,Pharaoh,PERSON
,9,34,Pharaoh,PERSON
,9,35,Pharaoh,PERSON
,9,35,Israel,GPE
,9,35,Moses,PERSON
,10,1,Moses,PERSON
,10,1,Pharaoh,PERSON
,10,2,Egypt,GPE
,10,3,Moses,PERSON
,10,3,Aaron,PERSON
,10,3,Pharaoh,PERSON
,10,3,Hebrews,NORP
,10,6,Egyptians,NORP
,10,6,the day,DATE
,10,6,this day,DATE
,10,6,Pharaoh,PERSON
,10,7,Pharaoh,PERSON
,10,7,Egypt,GPE
,10,8,Moses,PERSON
,10,8,Aaron,PERSON
,10,8,Pharaoh,PERSON
,10,9,Moses,PERSON
,10,10,so,PERSON
,10,11,so,PERSON
,10,11,Pharaoh,PERSON
,10,12,Moses,PERSON
,10,12,Egypt,GPE
,10,12,Egypt,GPE
,10,13,Moses,PERSON
,10,13,Egypt,GPE
,10,14,Egypt,GPE
,10,14,Egypt,GPE
,10,15,so,PERSON
,10,15,Egypt,GPE
,10,16,Pharaoh,PERSON
,10,16,Moses,PERSON
,10,16,Aaron,PERSON
,10,17,death,PERSON
,10,18,Pharaoh,PERSON
,10,19,one,CARDINAL
,10,19,Egypt,GPE
,10,20,Pharaoh,PERSON
,10,20,so,PERSON
,10,20,Israel,GPE
,10,21,Moses,PERSON
,10,21,Egypt,GPE
,10,22,Moses,PERSON
,10,22,Egypt,GPE
,10,22,three days,DATE
,10,23,three days,DATE
,10,23,Israel,GPE
,10,24,Pharaoh,PERSON
,10,24,Moses,PERSON
,10,25,Moses,PERSON
,10,25,Thou,PERSON
,10,27,Pharaoh,PERSON
,10,28,Pharaoh,PERSON
,10,28,that day,DATE
,10,29,Moses,PERSON
,10,29,Thou,PERSON
,11,1,Moses,PERSON
,11,1,one,CARDINAL
,11,1,Pharaoh,PERSON
,11,1,Egypt,GPE
,11,3,Egyptians,NORP
,11,3,Moses,PERSON
,11,3,Egypt,GPE
,11,3,Pharaoh,PERSON
,11,4,Moses,PERSON
,11,4,About midnight,TIME
,11,4,Egypt,GPE
,11,5,Egypt,GPE
,11,5,first,ORDINAL
,11,5,Pharaoh,PERSON
,11,6,Egypt,GPE
,11,7,Israel,GPE
,11,7,put,PERSON
,11,7,Egyptians,NORP
,11,7,Israel,GPE
,11,8,Pharaoh,PERSON
,11,9,Moses,PERSON
,11,9,Pharaoh,PERSON
,11,9,Egypt,GPE
,11,10,Moses,PERSON
,11,10,Aaron,PERSON
,11,10,Pharaoh,PERSON
,11,10,Pharaoh,PERSON
,11,10,so,PERSON
,11,10,Israel,GPE
,12,1,Moses,PERSON
,12,1,Aaron,PERSON
,12,1,Egypt,GPE
,12,2,This month,DATE
,12,2,the beginning of months,DATE
,12,2,the first month of the year,DATE
,12,3,Israel,GPE
,12,3,the tenth day of this month,DATE
,12,5,the first year,DATE
,12,6,the fourteenth day of the same month,DATE
,12,6,Israel,GPE
,12,7,on,PERSON
,12,7,two,CARDINAL
,12,7,on,PERSON
,12,8,that night,TIME
,12,10,the morning,TIME
,12,10,the morning,TIME
,12,11,on,PERSON
,12,12,Egypt,GPE
,12,12,this night,TIME
,12,12,Egypt,GPE
,12,12,Egypt,GPE
,12,13,Egypt,GPE
,12,14,this day,DATE
,12,15,Seven days,DATE
,12,15,the first day,DATE
,12,15,put,PERSON
,12,15,the first day,DATE
,12,15,the seventh day,DATE
,12,15,Israel,GPE
,12,16,the first day,DATE
,12,16,the seventh day,DATE
,12,17,this selfsame day,DATE
,12,17,Egypt,GPE
,12,17,this day,DATE
,12,18,the first month,DATE
,12,18,on,PERSON
,12,18,the fourteenth day of the month,DATE
,12,18,twentieth day,DATE
,12,19,Seven days,DATE
,12,19,Israel,GPE
,12,21,Moses,PERSON
,12,21,Israel,GPE
,12,22,two,CARDINAL
,12,22,the morning,TIME
,12,23,Egyptians,NORP
,12,23,on,PERSON
,12,23,two,CARDINAL
,12,27,Israel,GPE
,12,27,Egypt,GPE
,12,27,Egyptians,NORP
,12,28,Israel,GPE
,12,28,Moses,PERSON
,12,28,Aaron,PERSON
,12,28,so,PERSON
,12,29,midnight,TIME
,12,29,Egypt,GPE
,12,29,Pharaoh,PERSON
,12,29,on,PERSON
,12,30,Pharaoh,PERSON
,12,30,the night,TIME
,12,30,Egyptians,NORP
,12,30,Egypt,GPE
,12,30,one,CARDINAL
,12,31,Moses,PERSON
,12,31,Aaron,PERSON
,12,31,night,TIME
,12,31,Israel,GPE
,12,33,Egyptians,NORP
,12,35,Israel,GPE
,12,35,Moses,PERSON
,12,35,Egyptians,NORP
,12,36,Egyptians,NORP
,12,36,so,PERSON
,12,36,Egyptians,NORP
,12,37,Israel,GPE
,12,37,Rameses,PERSON
,12,37,Succoth,GPE
,12,37,about six hundred thousand,CARDINAL
,12,37,on,PERSON
,12,39,Egypt,GPE
,12,39,Egypt,GPE
,12,40,Israel,GPE
,12,40,Egypt,GPE
,12,40,four hundred and thirty years,DATE
,12,41,four hundred and thirty years,CARDINAL
,12,41,Egypt,GPE
,12,42,a night,TIME
,12,42,Egypt,GPE
,12,42,that night,TIME
,12,42,Israel,GPE
,12,43,Moses,PERSON
,12,43,Aaron,PERSON
,12,46,one,CARDINAL
,12,47,Israel,GPE
,12,49,One,CARDINAL
,12,50,Israel,GPE
,12,50,Moses,PERSON
,12,50,Aaron,PERSON
,12,50,so,PERSON
,12,51,the selfsame day,DATE
,12,51,Israel,GPE
,12,51,Egypt,GPE
,13,1,Moses,PERSON
,13,2,Israel,GPE
,13,3,Moses,PERSON
,13,3,this day,DATE
,13,3,Egypt,GPE
,13,4,This day,DATE
,13,4,Abib,ORG
,13,5,Canaanites,ORG
,13,5,Hittites,NORP
,13,5,Amorites,ORG
,13,5,Hivites,LOC
,13,5,Jebusites,LOC
,13,5,this month,DATE
,13,6,Seven days,DATE
,13,6,the seventh day,DATE
,13,7,seven days,DATE
,13,8,that day,DATE
,13,8,Egypt,GPE
,13,9,Egypt,GPE
,13,11,Canaanites,NORP
,13,14,Egypt,GPE
,13,15,Pharaoh,PERSON
,13,15,Egypt,GPE
,13,16,Egypt,GPE
,13,17,Pharaoh,PERSON
,13,17,Philistines,NORP
,13,17,Egypt,GPE
,13,18,the Red sea,LOC
,13,18,Israel,GPE
,13,18,Egypt,GPE
,13,19,Moses,PERSON
,13,19,Joseph,PERSON
,13,19,Israel,GPE
,13,20,Succoth,GPE
,13,20,Etham,GPE
,13,21,night,TIME
,13,21,day,DATE
,13,22,night,TIME
,14,1,Moses,PERSON
,14,2,Israel,GPE
,14,2,Pihahiroth,PERSON
,14,2,Migdol,PERSON
,14,2,Baalzephon,PERSON
,14,3,Pharaoh,PERSON
,14,3,Israel,GPE
,14,4,Pharaoh,PERSON
,14,4,Pharaoh,PERSON
,14,4,Egyptians,NORP
,14,4,so,PERSON
,14,5,Egypt,GPE
,14,5,Pharaoh,PERSON
,14,5,Israel,GPE
,14,7,six hundred,CARDINAL
,14,7,Egypt,GPE
,14,8,Pharaoh,PERSON
,14,8,Egypt,GPE
,14,8,Israel,GPE
,14,8,Israel,GPE
,14,9,Egyptians,NORP
,14,9,Pharaoh,PERSON
,14,9,Pihahiroth,PERSON
,14,10,Pharaoh,PERSON
,14,10,Israel,GPE
,14,10,Egyptians,NORP
,14,10,Israel,GPE
,14,11,Moses,PERSON
,14,11,Egypt,GPE
,14,11,Egypt,GPE
,14,12,Egypt,GPE
,14,12,Egyptians,NORP
,14,12,Egyptians,NORP
,14,13,Moses,PERSON
,14,13,Egyptians,NORP
,14,15,Moses,PERSON
,14,15,Israel,GPE
,14,16,Israel,GPE
,14,16,on,PERSON
,14,17,Egyptians,NORP
,14,17,Pharaoh,PERSON
,14,18,Egyptians,NORP
,14,18,Pharaoh,PERSON
,14,19,Israel,GPE
,14,20,Egyptians,NORP
,14,20,Israel,GPE
,14,20,night,TIME
,14,20,so,PERSON
,14,21,Moses,PERSON
,14,22,Israel,GPE
,14,22,on,PERSON
,14,22,on,PERSON
,14,23,Egyptians,NORP
,14,23,Pharaoh,PERSON
,14,24,morning,TIME
,14,24,Egyptians,NORP
,14,24,Egyptians,NORP
,14,25,so,PERSON
,14,25,Egyptians,NORP
,14,25,Israel,GPE
,14,25,Egyptians,NORP
,14,26,Moses,PERSON
,14,26,Egyptians,NORP
,14,27,Moses,PERSON
,14,27,Egyptians,NORP
,14,27,Egyptians,NORP
,14,28,Pharaoh,PERSON
,14,28,so,PERSON
,14,29,Israel,GPE
,14,29,on,PERSON
,14,29,on,PERSON
,14,30,Israel,GPE
,14,30,that day,DATE
,14,30,Egyptians,NORP
,14,30,Israel,GPE
,14,30,Egyptians,NORP
,14,31,Israel,GPE
,14,31,Egyptians,NORP
,14,31,Moses,PERSON
,15,1,Moses,PERSON
,15,1,Israel,GPE
,15,4,Pharaoh,PERSON
,15,4,the Red sea,LOC
,15,14,on,PERSON
,15,14,Palestina,GPE
,15,15,Edom,ORG
,15,15,Moab,GPE
,15,15,Canaan,GPE
,15,17,Sanctuary,LOC
,15,19,Pharaoh,PERSON
,15,19,Israel,GPE
,15,19,on,PERSON
,15,20,Miriam,PERSON
,15,20,Aaron,PERSON
,15,21,Miriam,PERSON
,15,22,So,PERSON
,15,22,Moses,PERSON
,15,22,Israel,GPE
,15,22,the Red sea,LOC
,15,22,Shur,ORG
,15,22,three days,DATE
,15,23,Marah,PERSON
,15,23,Marah,PERSON
,15,23,Marah,PERSON
,15,24,Moses,PERSON
,15,26,put,PERSON
,15,26,Egyptians,NORP
,15,26,healeth,PERSON
,15,27,Elim,PRODUCT
,15,27,twelve,CARDINAL
,15,27,threescore and ten,CARDINAL
,16,1,Elim,PRODUCT
,16,1,Israel,GPE
,16,1,Sin,ORG
,16,1,Elim,NORP
,16,1,Sinai,GPE
,16,1,on,PERSON
,16,1,the fifteenth day of the second month,DATE
,16,1,Egypt,GPE
,16,2,Israel,GPE
,16,2,Moses,PERSON
,16,2,Aaron,PERSON
,16,3,Israel,GPE
,16,3,Egypt,GPE
,16,4,Moses,PERSON
,16,4,every day,DATE
,16,5,on,PERSON
,16,5,the sixth day,DATE
,16,5,daily,DATE
,16,6,Moses,PERSON
,16,6,Aaron,PERSON
,16,6,Israel,GPE
,16,6,Egypt,GPE
,16,8,Moses,PERSON
,16,9,Moses,PERSON
,16,9,Aaron,PERSON
,16,9,Israel,GPE
,16,10,Aaron,PERSON
,16,10,Israel,GPE
,16,11,Moses,PERSON
,16,12,Israel,GPE
,16,12,morning,TIME
,16,14,on,PERSON
,16,15,Israel,GPE
,16,15,one,CARDINAL
,16,15,Moses,PERSON
,16,16,Gather,PERSON
,16,17,Israel,GPE
,16,17,so,PERSON
,16,19,Moses,PERSON
,16,20,Moses,PERSON
,16,20,the morning,TIME
,16,20,Moses,PERSON
,16,22,on,PERSON
,16,22,the sixth day,DATE
,16,22,two,CARDINAL
,16,22,one,CARDINAL
,16,22,Moses,PERSON
,16,23,to day,DATE
,16,23,the morning,TIME
,16,24,the morning,TIME
,16,24,Moses,PERSON
,16,25,Moses,PERSON
,16,25,to day,DATE
,16,26,Six days,DATE
,16,26,on,PERSON
,16,26,the seventh day,DATE
,16,27,on,PERSON
,16,27,the seventh day,DATE
,16,28,Moses,PERSON
,16,29,on,PERSON
,16,29,the sixth day,DATE
,16,29,two days,DATE
,16,29,on,PERSON
,16,29,the seventh day,DATE
,16,30,So,PERSON
,16,30,on,PERSON
,16,30,the seventh day,DATE
,16,31,Israel,GPE
,16,31,Manna,PERSON
,16,32,Moses,PERSON
,16,32,Egypt,GPE
,16,33,Moses,PERSON
,16,33,Aaron,PERSON
,16,33,put,PERSON
,16,34,Moses,PERSON
,16,34,so,PERSON
,16,34,Aaron,PERSON
,16,35,Israel,GPE
,16,35,forty years,DATE
,16,35,Canaan,GPE
,16,36,tenth,ORDINAL
,16,36,ephah,PERSON
,17,1,Israel,GPE
,17,1,Sin,ORG
,17,1,Rephidim,GPE
,17,2,Moses,PERSON
,17,2,Moses,PERSON
,17,3,Moses,PERSON
,17,3,Egypt,GPE
,17,4,Moses,PERSON
,17,5,Moses,PERSON
,17,5,on,PERSON
,17,5,Israel,GPE
,17,6,Horeb,GPE
,17,6,Moses,PERSON
,17,6,so,PERSON
,17,6,Israel,GPE
,17,7,Massah,PERSON
,17,7,Meribah,PERSON
,17,7,Israel,GPE
,17,8,Amalek,PERSON
,17,8,Israel,GPE
,17,8,Rephidim,GPE
,17,9,Moses,PERSON
,17,9,Joshua,PERSON
,17,9,Amalek,PERSON
,17,9,on,PERSON
,17,10,So,PERSON
,17,10,Joshua,PERSON
,17,10,Moses,PERSON
,17,10,Amalek,PERSON
,17,10,Moses,PERSON
,17,10,Aaron,PERSON
,17,10,Hur,PERSON
,17,11,Moses,PERSON
,17,11,Israel,GPE
,17,11,Amalek,PERSON
,17,12,Moses,PERSON
,17,12,put,PERSON
,17,12,Aaron,PERSON
,17,12,Hur,PERSON
,17,12,on,PERSON
,17,12,on,PERSON
,17,13,Joshua discomfited Amalek,PERSON
,17,14,Moses,PERSON
,17,14,Joshua,PERSON
,17,14,put,PERSON
,17,14,Amalek,PERSON
,17,15,Moses,PERSON
,17,15,Jehovahnissi,PERSON
,17,16,Amalek,PERSON
,18,1,Jethro,PERSON
,18,1,Midian,ORG
,18,1,Moses,PERSON
,18,1,Moses,PERSON
,18,1,Israel,GPE
,18,1,Israel,GPE
,18,1,Egypt,GPE
,18,2,Jethro,PERSON
,18,2,Moses,PERSON
,18,2,Zipporah,PERSON
,18,2,Moses,PERSON
,18,3,two,CARDINAL
,18,3,Gershom,ORG
,18,4,Eliezer,PERSON
,18,4,Pharaoh,PERSON
,18,5,Jethro,PERSON
,18,5,Moses,PERSON
,18,5,Moses,PERSON
,18,6,Moses,PERSON
,18,6,Jethro,PERSON
,18,6,two,CARDINAL
,18,7,Moses,PERSON
,18,8,Moses,PERSON
,18,8,Pharaoh,PERSON
,18,8,Egyptians,NORP
,18,8,Israel,GPE
,18,9,Jethro,PERSON
,18,9,Israel,GPE
,18,9,Egyptians,NORP
,18,10,Jethro,PERSON
,18,10,Blessed,PERSON
,18,10,Egyptians,NORP
,18,10,Pharaoh,PERSON
,18,10,Egyptians,NORP
,18,12,Jethro,PERSON
,18,12,Moses,PERSON
,18,12,Aaron,PERSON
,18,12,Israel,GPE
,18,12,Moses,PERSON
,18,13,on,PERSON
,18,13,Moses,PERSON
,18,13,Moses,PERSON
,18,13,the morning,TIME
,18,14,Moses,PERSON
,18,14,morning,TIME
,18,15,Moses,PERSON
,18,17,Moses,PERSON
,18,21,thousands,CARDINAL
,18,21,hundreds,CARDINAL
,18,21,fifties,DATE
,18,21,tens,CARDINAL
,18,22,so,PERSON
,18,23,so,PERSON
,18,24,So,PERSON
,18,24,Moses,PERSON
,18,25,Moses,PERSON
,18,25,Israel,GPE
,18,25,thousands,CARDINAL
,18,25,hundreds,CARDINAL
,18,25,fifties,DATE
,18,25,tens,CARDINAL
,18,26,Moses,PERSON
,18,27,Moses,PERSON
,19,1,the third month,DATE
,19,1,Israel,GPE
,19,1,Egypt,GPE
,19,1,the same day,DATE
,19,1,Sinai,GPE
,19,2,Rephidim,ORG
,19,2,Sinai,GPE
,19,2,Israel,GPE
,19,3,Moses,PERSON
,19,3,Jacob,PERSON
,19,3,Israel,GPE
,19,4,Ye,PERSON
,19,4,Egyptians,NORP
,19,4,on,PERSON
,19,6,Israel,GPE
,19,7,Moses,PERSON
,19,8,Moses,PERSON
,19,9,Moses,PERSON
,19,9,Lo,PERSON
,19,9,Moses,PERSON
,19,10,Moses,PERSON
,19,11,the third day,DATE
,19,11,the third day,DATE
,19,11,Sinai,GPE
,19,12,put,PERSON
,19,12,death,PERSON
,19,14,Moses,PERSON
,19,15,the third day,DATE
,19,16,on,PERSON
,19,16,the third day,DATE
,19,16,so,PERSON
,19,17,Moses,PERSON
,19,18,mount Sinai,LOC
,19,18,on,PERSON
,19,19,Moses,PERSON
,19,20,mount Sinai,GPE
,19,20,on,PERSON
,19,20,Moses,PERSON
,19,20,Moses,PERSON
,19,21,Moses,PERSON
,19,23,Moses,PERSON
,19,23,mount Sinai,GPE
,19,24,Aaron,PERSON
,19,25,So,PERSON
,19,25,Moses,PERSON
,20,2,Egypt,GPE
,20,5,third,ORDINAL
,20,5,fourth,ORDINAL
,20,6,thousands,CARDINAL
,20,8,the sabbath day,DATE
,20,9,Six days,DATE
,20,10,the seventh day,DATE
,20,10,daughter,PERSON
,20,11,six days,DATE
,20,11,the seventh day,DATE
,20,19,Moses,PERSON
,20,20,Moses,PERSON
,20,21,Moses,PERSON
,20,22,Moses,PERSON
,20,22,Israel,GPE
,20,22,Ye,PERSON
,21,2,Hebrew,LANGUAGE
,21,2,six years,DATE
,21,2,seventh,ORDINAL
,21,7,daughter,PERSON
,21,11,three,CARDINAL
,21,12,so,PERSON
,21,12,put,PERSON
,21,12,death,PERSON
,21,15,put,PERSON
,21,15,death,PERSON
,21,16,put,PERSON
,21,16,death,PERSON
,21,17,put,PERSON
,21,17,death,PERSON
,21,18,one,CARDINAL
,21,21,day,DATE
,21,21,two,CARDINAL
,21,22,so,PERSON
,21,29,put,PERSON
,21,29,death,PERSON
,21,30,on,PERSON
,21,31,daughter,PERSON
,21,32,thirty shekels,CARDINAL
,21,35,one,CARDINAL
,22,1,five,CARDINAL
,22,1,four,CARDINAL
,22,5,put,PERSON
,22,6,so,PERSON
,22,8,put,PERSON
,22,11,put,PERSON
,22,19,put,PERSON
,22,19,death,PERSON
,22,21,Egypt,GPE
,22,29,first,ORDINAL
,22,30,seven days,DATE
,22,30,on,PERSON
,22,30,the eighth day,DATE
,23,1,put,PERSON
,23,9,Egypt,GPE
,23,10,six years,DATE
,23,11,the seventh year,DATE
,23,12,Six days,DATE
,23,12,on,PERSON
,23,12,the seventh day,DATE
,23,14,Three,CARDINAL
,23,14,the year,DATE
,23,15,seven days,DATE
,23,15,Abib,NORP
,23,15,Egypt,GPE
,23,16,the end of the year,DATE
,23,17,Three,CARDINAL
,23,17,the year,DATE
,23,18,the morning,TIME
,23,19,first,ORDINAL
,23,23,Amorites,ORG
,23,23,Hittites,NORP
,23,23,Perizzites,FAC
,23,23,Canaanites,NORP
,23,23,Hivites,GPE
,23,23,Jebusites,LOC
,23,28,Hivite,PERSON
,23,28,Canaanite,NORP
,23,28,Hittite,NORP
,23,29,one year,DATE
,23,31,the Red sea,LOC
,23,31,Philistines,NORP
,24,1,Moses,PERSON
,24,1,Aaron,PERSON
,24,1,Nadab,GPE
,24,1,Abihu,PERSON
,24,1,seventy,CARDINAL
,24,1,Israel,GPE
,24,2,Moses,PERSON
,24,3,Moses,PERSON
,24,3,one,CARDINAL
,24,4,Moses,PERSON
,24,4,early in the morning,TIME
,24,4,twelve,CARDINAL
,24,4,twelve,CARDINAL
,24,4,Israel,GPE
,24,5,Israel,GPE
,24,6,Moses,PERSON
,24,6,half,CARDINAL
,24,6,put,PERSON
,24,6,half,CARDINAL
,24,6,on,PERSON
,24,8,Moses,PERSON
,24,8,on,PERSON
,24,9,Moses,PERSON
,24,9,Aaron,PERSON
,24,9,Nadab,GPE
,24,9,Abihu,PERSON
,24,9,seventy,CARDINAL
,24,9,Israel,GPE
,24,10,Israel,GPE
,24,11,Israel,GPE
,24,12,Moses,PERSON
,24,13,Moses,PERSON
,24,13,Joshua,PERSON
,24,13,Moses,PERSON
,24,14,Tarry,PERSON
,24,14,Aaron,PERSON
,24,14,Hur,PERSON
,24,15,Moses,PERSON
,24,16,mount Sinai,GPE
,24,16,six days,DATE
,24,16,the seventh day,DATE
,24,16,Moses,PERSON
,24,17,on,PERSON
,24,17,Israel,GPE
,24,18,Moses,PERSON
,24,18,gat,ORG
,24,18,Moses,PERSON
,24,18,forty days,DATE
,24,18,forty nights,DATE
,25,1,Moses,PERSON
,25,2,Israel,GPE
,25,5,shittim wood,ORG
,25,7,ephod,PERSON
,25,9,so,PERSON
,25,10,ark,PERSON
,25,10,two cubits,QUANTITY
,25,10,half,CARDINAL
,25,10,a cubit and a half,QUANTITY
,25,10,a cubit and a half,QUANTITY
,25,12,four,CARDINAL
,25,12,put,PERSON
,25,12,four,CARDINAL
,25,12,two,CARDINAL
,25,12,two,CARDINAL
,25,13,shittim wood,ORG
,25,14,put,PERSON
,25,14,ark,PERSON
,25,14,ark,PERSON
,25,15,ark,PERSON
,25,16,put,PERSON
,25,16,ark,PERSON
,25,17,two cubits,QUANTITY
,25,17,half,CARDINAL
,25,17,a cubit and a half,QUANTITY
,25,18,two,CARDINAL
,25,18,two,CARDINAL
,25,19,on,PERSON
,25,19,on,PERSON
,25,19,on,PERSON
,25,19,two,CARDINAL
,25,20,on,PERSON
,25,21,put,PERSON
,25,21,ark,PERSON
,25,21,ark,GPE
,25,21,put,PERSON
,25,22,two,CARDINAL
,25,22,ark,PERSON
,25,22,Israel,GPE
,25,23,shittim wood,ORG
,25,23,two,CARDINAL
,25,23,a cubit and a half,QUANTITY
,25,26,four,CARDINAL
,25,26,put,PERSON
,25,26,four,CARDINAL
,25,26,on,PERSON
,25,26,the four feet,QUANTITY
,25,28,shittim wood,ORG
,25,32,six,CARDINAL
,25,32,three,CARDINAL
,25,32,candlestick,FAC
,25,32,three,CARDINAL
,25,32,candlestick,FAC
,25,33,Three,CARDINAL
,25,33,one,CARDINAL
,25,33,three,CARDINAL
,25,33,so,PERSON
,25,33,six,CARDINAL
,25,33,candlestick,FAC
,25,34,four,CARDINAL
,25,35,two,CARDINAL
,25,35,two,CARDINAL
,25,35,two,CARDINAL
,25,35,six,CARDINAL
,25,35,candlestick,FAC
,25,36,one,CARDINAL
,25,37,seven,CARDINAL
,26,1,ten,CARDINAL
,26,2,one,CARDINAL
,26,2,eight and,QUANTITY
,26,2,one,CARDINAL
,26,2,one,CARDINAL
,26,3,five,CARDINAL
,26,4,one,CARDINAL
,26,4,second,ORDINAL
,26,5,Fifty,CARDINAL
,26,5,one,CARDINAL
,26,5,fifty,CARDINAL
,26,5,second,ORDINAL
,26,5,one,CARDINAL
,26,6,fifty,CARDINAL
,26,6,one,CARDINAL
,26,7,eleven,CARDINAL
,26,8,one,CARDINAL
,26,8,thirty cubits,QUANTITY
,26,8,one,CARDINAL
,26,8,eleven,CARDINAL
,26,8,one,CARDINAL
,26,9,couple five,CARDINAL
,26,9,six,CARDINAL
,26,9,sixth,ORDINAL
,26,10,fifty,CARDINAL
,26,10,on,PERSON
,26,10,one,CARDINAL
,26,10,fifty,CARDINAL
,26,10,second,ORDINAL
,26,11,fifty,CARDINAL
,26,11,put,PERSON
,26,12,half,CARDINAL
,26,13,on,PERSON
,26,13,on,PERSON
,26,13,on,PERSON
,26,13,on,PERSON
,26,15,shittim wood,ORG
,26,16,Ten cubits,CARDINAL
,26,16,a cubit and a half,QUANTITY
,26,16,one,CARDINAL
,26,17,Two,CARDINAL
,26,17,one,CARDINAL
,26,18,twenty,CARDINAL
,26,18,on,PERSON
,26,19,forty,CARDINAL
,26,19,twenty,CARDINAL
,26,19,two,CARDINAL
,26,19,one,CARDINAL
,26,19,two,CARDINAL
,26,19,two,CARDINAL
,26,19,two,CARDINAL
,26,20,second,ORDINAL
,26,20,on,PERSON
,26,20,twenty,CARDINAL
,26,21,forty,CARDINAL
,26,21,two,CARDINAL
,26,21,one,CARDINAL
,26,21,two,CARDINAL
,26,22,the tabernacle westward,LOC
,26,22,six,CARDINAL
,26,23,two,CARDINAL
,26,23,two,CARDINAL
,26,24,two,CARDINAL
,26,25,eight,CARDINAL
,26,25,sixteen,CARDINAL
,26,25,two,CARDINAL
,26,25,one,CARDINAL
,26,25,two,CARDINAL
,26,26,shittim wood,ORG
,26,26,five,CARDINAL
,26,27,five,CARDINAL
,26,27,five,CARDINAL
,26,27,two,CARDINAL
,26,32,four,CARDINAL
,26,32,shittim wood,ORG
,26,32,four,CARDINAL
,26,33,vail,GPE
,26,33,the vail the ark of the testimony:,ORG
,26,33,the vail shall divide,ORG
,26,34,put,PERSON
,26,34,ark,PERSON
,26,35,vail,GPE
,26,35,candlestick,FAC
,26,35,on,PERSON
,26,35,put,PERSON
,26,35,on,PERSON
,26,37,five,CARDINAL
,26,37,shittim wood,ORG
,26,37,five,CARDINAL
,27,1,shittim wood,ORG
,27,1,five cubits,QUANTITY
,27,1,five cubits,QUANTITY
,27,1,three cubits,QUANTITY
,27,2,four,CARDINAL
,27,4,four,CARDINAL
,27,4,four,CARDINAL
,27,5,put,PERSON
,27,6,shittim wood,ORG
,27,7,put,PERSON
,27,7,two,CARDINAL
,27,8,so,PERSON
,27,9,an hundred cubits,CARDINAL
,27,10,twenty,CARDINAL
,27,10,twenty,CARDINAL
,27,11,an hundred cubits,CARDINAL
,27,11,twenty,CARDINAL
,27,11,twenty,CARDINAL
,27,12,on,PERSON
,27,12,fifty cubits,CARDINAL
,27,12,ten,CARDINAL
,27,12,ten,CARDINAL
,27,13,on,PERSON
,27,13,fifty cubits,CARDINAL
,27,14,one,CARDINAL
,27,14,fifteen cubits,CARDINAL
,27,14,three,CARDINAL
,27,14,three,CARDINAL
,27,15,on,PERSON
,27,15,fifteen cubits,CARDINAL
,27,15,three,CARDINAL
,27,15,three,CARDINAL
,27,16,twenty cubits,QUANTITY
,27,16,four,CARDINAL
,27,16,four,CARDINAL
,27,18,an hundred cubits,CARDINAL
,27,18,fifty,CARDINAL
,27,18,five cubits,QUANTITY
,27,20,Israel,GPE
,27,21,vail,GPE
,27,21,Aaron,PERSON
,27,21,evening to morning,TIME
,27,21,on,PERSON
,27,21,Israel,GPE
,28,1,Aaron,PERSON
,28,1,Israel,GPE
,28,1,Aaron,PERSON
,28,1,Nadab,GPE
,28,1,Abihu,PERSON
,28,1,Eleazar,PERSON
,28,1,Ithamar,PERSON
,28,1,Aaron,PERSON
,28,2,Aaron,PERSON
,28,3,Aaron,PERSON
,28,4,ephod,PERSON
,28,4,Aaron,PERSON
,28,6,ephod,PERSON
,28,7,two,CARDINAL
,28,7,two,CARDINAL
,28,7,so,PERSON
,28,8,ephod,PERSON
,28,9,two,CARDINAL
,28,9,on,PERSON
,28,9,Israel,GPE
,28,10,Six,CARDINAL
,28,10,on,PERSON
,28,10,one,CARDINAL
,28,10,six,CARDINAL
,28,10,on,PERSON
,28,11,two,CARDINAL
,28,11,Israel,GPE
,28,12,put,PERSON
,28,12,two,CARDINAL
,28,12,ephod,PERSON
,28,12,Israel,GPE
,28,12,Aaron,PERSON
,28,12,two,CARDINAL
,28,14,two,CARDINAL
,28,15,ephod,PERSON
,28,16,Foursquare,ORG
,28,17,four,CARDINAL
,28,17,first,ORDINAL
,28,17,the first row,DATE
,28,18,second,ORDINAL
,28,19,third,ORDINAL
,28,19,ligure,GPE
,28,20,the fourth row,DATE
,28,21,Israel,GPE
,28,21,twelve,DATE
,28,21,twelve,CARDINAL
,28,23,two,CARDINAL
,28,23,put,PERSON
,28,23,two,CARDINAL
,28,23,on,PERSON
,28,23,two,CARDINAL
,28,24,put,PERSON
,28,24,two,CARDINAL
,28,24,two,CARDINAL
,28,24,on,PERSON
,28,25,two,CARDINAL
,28,25,two,CARDINAL
,28,25,two,CARDINAL
,28,25,put,PERSON
,28,25,on,PERSON
,28,25,ephod,PERSON
,28,26,two,CARDINAL
,28,26,put,PERSON
,28,26,two,CARDINAL
,28,26,ephod,PERSON
,28,27,two,CARDINAL
,28,27,put,PERSON
,28,27,on,PERSON
,28,27,two,CARDINAL
,28,27,ephod,PERSON
,28,27,ephod,PERSON
,28,28,ephod,PERSON
,28,28,ephod,PERSON
,28,28,ephod,PERSON
,28,29,Aaron,PERSON
,28,29,Israel,GPE
,28,30,put,PERSON
,28,30,Urim,ORG
,28,30,Thummim,ORG
,28,30,Aaron,PERSON
,28,30,Aaron,PERSON
,28,30,Israel,GPE
,28,31,ephod,PERSON
,28,35,Aaron,PERSON
,28,37,put,PERSON
,28,37,on,PERSON
,28,38,Aaron,PERSON
,28,38,Aaron,PERSON
,28,38,Israel,GPE
,28,40,Aaron,PERSON
,28,41,put,PERSON
,28,41,Aaron,PERSON
,28,43,Aaron,PERSON
,29,1,one,CARDINAL
,29,1,two,CARDINAL
,29,3,put,PERSON
,29,3,one,CARDINAL
,29,3,two,CARDINAL
,29,4,Aaron,PERSON
,29,5,put,PERSON
,29,5,Aaron,PERSON
,29,5,ephod,PERSON
,29,5,ephod,PERSON
,29,5,ephod,PERSON
,29,6,put,PERSON
,29,6,put,PERSON
,29,8,put,PERSON
,29,9,Aaron,PERSON
,29,9,put,PERSON
,29,9,on,PERSON
,29,9,Aaron,PERSON
,29,10,Aaron,PERSON
,29,10,put,PERSON
,29,12,put,PERSON
,29,13,two,CARDINAL
,29,15,one,CARDINAL
,29,15,ram,PERSON
,29,15,Aaron,PERSON
,29,15,put,PERSON
,29,15,ram,PERSON
,29,16,ram,PERSON
,29,17,ram,PERSON
,29,17,put,PERSON
,29,18,ram,PERSON
,29,19,ram,PERSON
,29,19,Aaron,PERSON
,29,19,put,PERSON
,29,19,ram,PERSON
,29,20,ram,PERSON
,29,20,put,PERSON
,29,20,Aaron,PERSON
,29,21,Aaron,PERSON
,29,22,ram,PERSON
,29,22,two,CARDINAL
,29,22,ram,PERSON
,29,23,one,CARDINAL
,29,23,one,CARDINAL
,29,23,one,CARDINAL
,29,24,put,PERSON
,29,24,Aaron,PERSON
,29,26,ram,PERSON
,29,26,Aaron,PERSON
,29,27,ram,PERSON
,29,27,Aaron,PERSON
,29,28,Aaron,PERSON
,29,28,Israel,GPE
,29,28,Israel,GPE
,29,29,Aaron,PERSON
,29,30,put,PERSON
,29,30,on,PERSON
,29,30,seven days,DATE
,29,31,ram,PERSON
,29,32,Aaron,PERSON
,29,32,ram,PERSON
,29,34,the morning,TIME
,29,35,Aaron,PERSON
,29,35,seven days,DATE
,29,36,every day,DATE
,29,37,Seven days,DATE
,29,38,two,CARDINAL
,29,38,the first year day,DATE
,29,39,one,CARDINAL
,29,40,one,CARDINAL
,29,40,tenth,ORDINAL
,29,40,fourth,ORDINAL
,29,40,fourth,ORDINAL
,29,41,the morning,TIME
,29,43,Israel,GPE
,29,44,Aaron,PERSON
,29,45,Israel,GPE
,29,46,Egypt,GPE
,30,1,shittim wood,ORG
,30,2,two cubits,QUANTITY
,30,4,two,CARDINAL
,30,4,two,CARDINAL
,30,4,two,CARDINAL
,30,5,shittim wood,ORG
,30,6,put,PERSON
,30,6,vail,GPE
,30,6,ark,PERSON
,30,7,Aaron,PERSON
,30,8,Aaron,PERSON
,30,10,Aaron,PERSON
,30,10,a year,DATE
,30,10,the year,DATE
,30,11,Moses,PERSON
,30,12,Israel,GPE
,30,13,half a shekel,MONEY
,30,14,twenty years old,DATE
,30,15,less than half a shekel,CARDINAL
,30,16,Israel,GPE
,30,16,Israel,GPE
,30,17,Moses,PERSON
,30,18,put,PERSON
,30,18,put,PERSON
,30,19,Aaron,PERSON
,30,21,So,PERSON
,30,22,Moses,PERSON
,30,23,five hundred shekels,MONEY
,30,23,so,PERSON
,30,23,two hundred and fifty shekels,CARDINAL
,30,23,two hundred and fifty shekels,CARDINAL
,30,24,five hundred shekels,QUANTITY
,30,26,ark,PERSON
,30,30,Aaron,PERSON
,30,31,Israel,GPE
,30,34,Moses,PERSON
,30,36,put,PERSON
,31,1,Moses,PERSON
,31,2,Bezaleel,PERSON
,31,2,Uri,PERSON
,31,2,Hur,PERSON
,31,2,Judah,PERSON
,31,6,Aholiab,PERSON
,31,6,Ahisamach,PERSON
,31,6,Dan,PERSON
,31,6,put,PERSON
,31,7,ark,PERSON
,31,10,Aaron,PERSON
,31,12,Moses,PERSON
,31,13,Israel,GPE
,31,14,put,PERSON
,31,14,death,PERSON
,31,15,Six days,DATE
,31,15,seventh,ORDINAL
,31,15,put,PERSON
,31,15,death,PERSON
,31,16,Israel,GPE
,31,17,Israel,GPE
,31,17,six days,DATE
,31,17,on,PERSON
,31,17,the seventh day,DATE
,31,18,Moses,PERSON
,31,18,mount Sinai,GPE
,31,18,two,CARDINAL
,32,1,Moses,PERSON
,32,1,Aaron,PERSON
,32,1,Moses,PERSON
,32,1,Egypt,GPE
,32,2,Aaron,PERSON
,32,2,Break,EVENT
,32,3,Aaron,PERSON
,32,4,Israel,GPE
,32,4,Egypt,GPE
,32,5,Aaron,PERSON
,32,5,Aaron,PERSON
,32,6,on,PERSON
,32,7,Moses,PERSON
,32,7,Egypt,GPE
,32,8,Israel,GPE
,32,8,Egypt,GPE
,32,9,Moses,PERSON
,32,11,Moses,PERSON
,32,11,Egypt,GPE
,32,12,Egyptians,NORP
,32,13,Abraham,PERSON
,32,13,Isaac,PERSON
,32,13,Israel,GPE
,32,15,Moses,PERSON
,32,15,two,CARDINAL
,32,15,on,PERSON
,32,15,on,PERSON
,32,15,on,PERSON
,32,17,Joshua,PERSON
,32,17,Moses,PERSON
,32,19,Moses,PERSON
,32,20,Israel,GPE
,32,21,Moses,PERSON
,32,21,Aaron,PERSON
,32,21,so,PERSON
,32,22,Aaron,PERSON
,32,22,on,PERSON
,32,23,Moses,PERSON
,32,23,Egypt,GPE
,32,24,So,PERSON
,32,25,Moses,PERSON
,32,25,Aaron,PERSON
,32,26,Moses,PERSON
,32,26,on,PERSON
,32,26,Levi,PERSON
,32,27,Israel,GPE
,32,27,Put,PERSON
,32,28,Levi,PERSON
,32,28,Moses,PERSON
,32,28,that day,DATE
,32,28,about three thousand,CARDINAL
,32,29,Moses,PERSON
,32,29,today,DATE
,32,29,this day,DATE
,32,30,on,PERSON
,32,30,Moses,PERSON
,32,30,Ye,PERSON
,32,31,Moses,PERSON
,32,33,Moses,PERSON
,32,34,the day,DATE
,32,35,Aaron,PERSON
,33,1,Moses,PERSON
,33,1,Depart,PERSON
,33,1,Egypt,GPE
,33,1,Abraham,PERSON
,33,1,Isaac,PERSON
,33,1,Jacob,PERSON
,33,2,Canaanite,NORP
,33,2,Amorite,PERSON
,33,2,Hittite,NORP
,33,2,Perizzite,PERSON
,33,2,Hivite,PERSON
,33,4,put,PERSON
,33,4,on,PERSON
,33,5,Moses,PERSON
,33,5,Israel,GPE
,33,5,Ye,PERSON
,33,5,put,PERSON
,33,6,Israel,GPE
,33,7,Moses,PERSON
,33,8,Moses,PERSON
,33,8,Moses,PERSON
,33,9,Moses,PERSON
,33,9,Moses,PERSON
,33,11,Moses,PERSON
,33,11,Joshua,PERSON
,33,11,Nun,PERSON
,33,12,Moses,PERSON
,33,16,so,PERSON
,33,17,Moses,PERSON
,33,19,on,PERSON
,33,21,Behold,PERSON
,33,22,put,PERSON
,34,1,Moses,PERSON
,34,1,Hew,PERSON
,34,1,two,CARDINAL
,34,1,first,ORDINAL
,34,1,first,ORDINAL
,34,2,mount Sinai,GPE
,34,4,two,CARDINAL
,34,4,first,ORDINAL
,34,4,Moses,PERSON
,34,4,early in the morning,TIME
,34,4,mount Sinai,GPE
,34,4,two,CARDINAL
,34,7,thousands,CARDINAL
,34,7,third,ORDINAL
,34,7,fourth,ORDINAL
,34,8,Moses,PERSON
,34,10,Behold,PERSON
,34,11,Amorite,PERSON
,34,11,Canaanite,NORP
,34,11,Hittite,NORP
,34,11,Perizzite,PERSON
,34,11,Hivite,PERSON
,34,18,Seven days,DATE
,34,18,Abib,NORP
,34,18,Abib,PERSON
,34,18,Egypt,GPE
,34,21,Six days,DATE
,34,21,on,PERSON
,34,21,the seventh day,DATE
,34,22,the feast of weeks,DATE
,34,22,the year's end,DATE
,34,23,Thrice,DATE
,34,23,the year,DATE
,34,23,Israel,GPE
,34,24,the year,DATE
,34,26,first,ORDINAL
,34,27,Moses,PERSON
,34,27,Israel,GPE
,34,28,forty days,DATE
,34,28,forty nights,DATE
,34,28,ten,CARDINAL
,34,29,Moses,PERSON
,34,29,mount Sinai,GPE
,34,29,two,CARDINAL
,34,29,Moses,PERSON
,34,29,Moses,PERSON
,34,30,Aaron,PERSON
,34,30,Israel,GPE
,34,30,Moses,PERSON
,34,31,Moses,PERSON
,34,31,Aaron,PERSON
,34,31,Moses,PERSON
,34,32,Israel,GPE
,34,32,mount Sinai,GPE
,34,33,Moses,PERSON
,34,33,put,PERSON
,34,33,on,PERSON
,34,34,Moses,PERSON
,34,34,vail,GPE
,34,34,Israel,GPE
,34,35,Israel,GPE
,34,35,Moses,PERSON
,34,35,Moses,PERSON
,34,35,Moses,PERSON
,34,35,put,PERSON
,35,1,Moses,PERSON
,35,1,Israel,GPE
,35,2,Six days,DATE
,35,2,on,PERSON
,35,2,the seventh day,DATE
,35,2,put,PERSON
,35,2,death,PERSON
,35,4,Moses,PERSON
,35,4,Israel,GPE
,35,7,shittim wood,ORG
,35,9,ephod,PERSON
,35,12,ark,PERSON
,35,12,the vail of the,ORG
,35,19,Aaron,PERSON
,35,20,Israel,GPE
,35,20,Moses,PERSON
,35,27,ephod,PERSON
,35,29,Israel,GPE
,35,29,Moses,PERSON
,35,30,Moses,PERSON
,35,30,Israel,GPE
,35,30,Bezaleel,PERSON
,35,30,Uri,PERSON
,35,30,Hur,PERSON
,35,30,Judah,GPE
,35,34,put,PERSON
,35,34,Aholiab,PERSON
,35,34,Ahisamach,PERSON
,35,34,Dan,PERSON
,36,1,Aholiab,LOC
,36,1,put,PERSON
,36,2,Moses,PERSON
,36,2,Bezaleel,PERSON
,36,2,Aholiab,LOC
,36,2,put,PERSON
,36,3,Moses,PERSON
,36,3,Israel,GPE
,36,5,Moses,PERSON
,36,6,Moses,PERSON
,36,6,So,PERSON
,36,8,ten,CARDINAL
,36,9,one,CARDINAL
,36,9,twenty and eight cubits,QUANTITY
,36,9,one,CARDINAL
,36,9,one,CARDINAL
,36,10,five,CARDINAL
,36,10,five,CARDINAL
,36,11,on,PERSON
,36,11,one,CARDINAL
,36,11,second,ORDINAL
,36,12,Fifty,CARDINAL
,36,12,one,CARDINAL
,36,12,fifty,CARDINAL
,36,12,second,ORDINAL
,36,12,one,CARDINAL
,36,13,fifty,CARDINAL
,36,13,so,PERSON
,36,13,one,CARDINAL
,36,14,eleven,CARDINAL
,36,15,one,CARDINAL
,36,15,thirty cubits,QUANTITY
,36,15,four cubits,QUANTITY
,36,15,one,CARDINAL
,36,15,eleven,CARDINAL
,36,15,one,CARDINAL
,36,16,five,CARDINAL
,36,16,six,CARDINAL
,36,17,fifty,CARDINAL
,36,17,fifty,CARDINAL
,36,17,second,ORDINAL
,36,18,fifty,CARDINAL
,36,20,shittim wood,ORG
,36,21,ten cubits,QUANTITY
,36,21,one cubit,QUANTITY
,36,22,One,CARDINAL
,36,22,two,CARDINAL
,36,23,twenty,CARDINAL
,36,24,forty,CARDINAL
,36,24,twenty,CARDINAL
,36,24,two,CARDINAL
,36,24,one,CARDINAL
,36,24,two,CARDINAL
,36,24,two,CARDINAL
,36,24,two,CARDINAL
,36,25,twenty,CARDINAL
,36,26,forty,CARDINAL
,36,26,two,CARDINAL
,36,26,one,CARDINAL
,36,26,two,CARDINAL
,36,27,the tabernacle westward,LOC
,36,27,six,CARDINAL
,36,28,two,CARDINAL
,36,28,two,CARDINAL
,36,29,one,CARDINAL
,36,30,eight,CARDINAL
,36,30,sixteen,CARDINAL
,36,30,two,CARDINAL
,36,31,shittim wood,ORG
,36,31,five,CARDINAL
,36,32,five,CARDINAL
,36,32,five,CARDINAL
,36,36,four,CARDINAL
,36,36,shittim wood,ORG
,36,36,four,CARDINAL
,36,38,five,CARDINAL
,36,38,five,CARDINAL
,37,1,Bezaleel,PERSON
,37,1,ark,PERSON
,37,1,two cubits,QUANTITY
,37,1,a cubit and a half,QUANTITY
,37,1,a cubit and a half,QUANTITY
,37,3,four,CARDINAL
,37,3,four,CARDINAL
,37,3,two,CARDINAL
,37,3,two,CARDINAL
,37,4,shittim wood,ORG
,37,5,put,PERSON
,37,5,ark,PERSON
,37,5,ark,GPE
,37,6,two cubits,QUANTITY
,37,6,one cubit,QUANTITY
,37,6,a half,CARDINAL
,37,7,two,CARDINAL
,37,7,one,CARDINAL
,37,7,on,PERSON
,37,7,two,CARDINAL
,37,8,One,CARDINAL
,37,8,on,PERSON
,37,8,on,PERSON
,37,8,on,PERSON
,37,8,on,PERSON
,37,8,on,PERSON
,37,8,two,CARDINAL
,37,9,on,PERSON
,37,10,shittim wood,ORG
,37,10,two,CARDINAL
,37,10,a cubit and a half,QUANTITY
,37,13,four,CARDINAL
,37,13,put,PERSON
,37,13,four,CARDINAL
,37,13,the four feet,QUANTITY
,37,15,shittim wood,ORG
,37,17,candlestick,FAC
,37,18,six,CARDINAL
,37,18,three,CARDINAL
,37,18,candlestick,FAC
,37,18,three,CARDINAL
,37,18,candlestick,FAC
,37,19,Three,CARDINAL
,37,19,one,CARDINAL
,37,19,three,CARDINAL
,37,19,so,PERSON
,37,19,six,CARDINAL
,37,19,candlestick,FAC
,37,20,four,CARDINAL
,37,21,two,CARDINAL
,37,21,two,CARDINAL
,37,21,two,CARDINAL
,37,21,six,CARDINAL
,37,23,seven,CARDINAL
,37,25,two cubits,QUANTITY
,37,27,two,CARDINAL
,37,27,two,CARDINAL
,37,27,two,CARDINAL
,37,28,shittim wood,ORG
,38,1,shittim wood,ORG
,38,1,five cubits,QUANTITY
,38,1,five cubits,QUANTITY
,38,1,three cubits,QUANTITY
,38,2,on,PERSON
,38,2,four,CARDINAL
,38,5,four,CARDINAL
,38,5,four,CARDINAL
,38,6,shittim wood,ORG
,38,7,put,PERSON
,38,7,on,PERSON
,38,9,on,PERSON
,38,9,an hundred cubits,CARDINAL
,38,10,twenty,CARDINAL
,38,10,twenty,CARDINAL
,38,11,an hundred cubits,CARDINAL
,38,11,twenty,CARDINAL
,38,12,fifty cubits,CARDINAL
,38,12,ten,CARDINAL
,38,12,ten,CARDINAL
,38,13,fifty cubits,QUANTITY
,38,14,fifteen cubits,QUANTITY
,38,14,three,CARDINAL
,38,14,three,CARDINAL
,38,15,on,PERSON
,38,15,fifteen cubits,CARDINAL
,38,15,three,CARDINAL
,38,15,three,CARDINAL
,38,18,twenty cubits,QUANTITY
,38,18,five cubits,QUANTITY
,38,19,four,CARDINAL
,38,19,four,CARDINAL
,38,21,the tabernacle of testimony,ORG
,38,21,Moses,PERSON
,38,21,Levites,ORG
,38,21,Ithamar,PERSON
,38,21,Aaron,PERSON
,38,22,Bezaleel,PERSON
,38,22,Uri,PERSON
,38,22,Hur,PERSON
,38,22,Judah,GPE
,38,22,Moses,PERSON
,38,23,Aholiab,PERSON
,38,23,Ahisamach,PERSON
,38,23,Dan,PERSON
,38,24,twenty and nine,CARDINAL
,38,24,seven hundred and thirty shekels,CARDINAL
,38,25,hundred,CARDINAL
,38,25,a thousand seven hundred and threescore and fifteen shekels,CARDINAL
,38,26,half a shekel,MONEY
,38,26,twenty years old,DATE
,38,26,six hundred thousand and three thousand and five hundred and fifty,DATE
,38,27,hundred,CARDINAL
,38,27,vail,GPE
,38,27,hundred,CARDINAL
,38,27,hundred,CARDINAL
,38,28,the thousand seven hundred seventy and,DATE
,38,29,seventy,CARDINAL
,38,29,two thousand and four hundred shekels,CARDINAL
,39,1,Aaron,PERSON
,39,1,Moses,PERSON
,39,2,ephod,PERSON
,39,4,two,CARDINAL
,39,5,ephod,PERSON
,39,5,Moses,PERSON
,39,6,Israel,GPE
,39,7,put,PERSON
,39,7,on,PERSON
,39,7,ephod,PERSON
,39,7,Israel,GPE
,39,7,Moses,PERSON
,39,8,ephod,PERSON
,39,10,four,CARDINAL
,39,10,the first row,DATE
,39,10,the first row,DATE
,39,11,the second row,DATE
,39,12,the third row,DATE
,39,12,ligure,GPE
,39,13,the fourth row,DATE
,39,14,Israel,GPE
,39,14,twelve,DATE
,39,14,twelve,CARDINAL
,39,16,two,CARDINAL
,39,16,two,CARDINAL
,39,16,put,PERSON
,39,16,two,CARDINAL
,39,16,two,CARDINAL
,39,17,put,PERSON
,39,17,two,CARDINAL
,39,17,two,CARDINAL
,39,17,on,PERSON
,39,18,two,CARDINAL
,39,18,two,CARDINAL
,39,18,two,CARDINAL
,39,18,put,PERSON
,39,18,on,PERSON
,39,18,ephod,PERSON
,39,19,two,CARDINAL
,39,19,put,PERSON
,39,19,on,PERSON
,39,19,two,CARDINAL
,39,19,on,PERSON
,39,19,ephod,PERSON
,39,20,two,CARDINAL
,39,20,put,PERSON
,39,20,on,PERSON
,39,20,two,CARDINAL
,39,20,ephod,PERSON
,39,20,ephod,PERSON
,39,21,ephod,PERSON
,39,21,ephod,PERSON
,39,21,ephod,PERSON
,39,21,Moses,PERSON
,39,22,ephod,PERSON
,39,25,put,PERSON
,39,26,Moses,PERSON
,39,27,Aaron,PERSON
,39,29,Moses,PERSON
,39,31,on,PERSON
,39,31,Moses,PERSON
,39,32,Israel,GPE
,39,32,Moses,PERSON
,39,32,so,PERSON
,39,33,Moses,PERSON
,39,35,ark,PERSON
,39,41,Aaron,PERSON
,39,42,Moses,PERSON
,39,42,so,PERSON
,39,42,Israel,GPE
,39,43,Moses,PERSON
,39,43,so,PERSON
,39,43,Moses,PERSON
,40,1,Moses,PERSON
,40,2,On,PERSON
,40,2,the first day of the first month,DATE
,40,3,put,PERSON
,40,3,ark,PERSON
,40,3,ark,PERSON
,40,3,vail,GPE
,40,5,ark,PERSON
,40,5,put,PERSON
,40,7,put,PERSON
,40,12,Aaron,PERSON
,40,13,put,PERSON
,40,13,Aaron,PERSON
,40,16,Moses,PERSON
,40,16,so,PERSON
,40,17,the first month,DATE
,40,17,the second year,DATE
,40,17,on,PERSON
,40,17,the first day of the month,DATE
,40,18,Moses,PERSON
,40,18,put,PERSON
,40,19,put,PERSON
,40,19,Moses,PERSON
,40,20,put,PERSON
,40,20,ark,PERSON
,40,20,on,PERSON
,40,20,ark,PERSON
,40,20,put,PERSON
,40,20,ark,PERSON
,40,21,ark,GPE
,40,21,ark,PERSON
,40,21,Moses,PERSON
,40,22,put,PERSON
,40,22,vail,GPE
,40,23,Moses,PERSON
,40,24,put,PERSON
,40,24,on,PERSON
,40,24,the tabernacle southward,LOC
,40,25,Moses,PERSON
,40,26,put,PERSON
,40,27,Moses,PERSON
,40,29,put,PERSON
,40,29,Moses,PERSON
,40,30,put,PERSON
,40,31,Moses,PERSON
,40,31,Aaron,PERSON
,40,32,Moses,PERSON
,40,33,So,PERSON
,40,33,Moses,PERSON
,40,35,Moses,PERSON
,40,36,Israel,GPE
,40,37,the day,DATE
,40,38,on,PERSON
,40,38,night,TIME
,40,38,Israel,GPE
,1,1,Moses,PERSON
,1,2,Israel,GPE
,1,4,put,PERSON
,1,5,Aaron,PERSON
,1,7,Aaron,PERSON
,1,7,put,PERSON
,1,8,Aaron,PERSON
,1,8,on,PERSON
,1,9,on,PERSON
,1,11,on,PERSON
,1,11,Aaron,PERSON
,1,12,on,PERSON
,1,12,on,PERSON
,1,15,on,PERSON
,1,16,on,PERSON
,2,1,put,PERSON
,2,2,Aaron,PERSON
,2,3,Aaron,PERSON
,2,10,Aaron,PERSON
,2,12,on,PERSON
,2,13,thou season,DATE
,2,15,put,PERSON
,3,2,Aaron,PERSON
,3,4,two,CARDINAL
,3,4,on,PERSON
,3,5,Aaron,PERSON
,3,5,on,PERSON
,3,5,on,PERSON
,3,8,Aaron,PERSON
,3,10,two,CARDINAL
,3,13,Aaron,PERSON
,3,15,two,CARDINAL
,4,1,Moses,PERSON
,4,2,Israel,GPE
,4,5,the bullock's,ORG
,4,6,seven,CARDINAL
,4,6,the vail of the sanctuary,ORG
,4,7,put,PERSON
,4,9,two,CARDINAL
,4,12,on,PERSON
,4,13,Israel,GPE
,4,16,the bullock's,ORG
,4,17,seven,CARDINAL
,4,17,vail,GPE
,4,18,put,PERSON
,4,20,so,PERSON
,4,21,first,ORDINAL
,4,25,put,PERSON
,4,30,put,PERSON
,4,34,put,PERSON
,5,4,one,CARDINAL
,5,5,one,CARDINAL
,5,7,two,CARDINAL
,5,7,two,CARDINAL
,5,7,one,CARDINAL
,5,8,first,ORDINAL
,5,10,second,ORDINAL
,5,11,two,CARDINAL
,5,11,two,CARDINAL
,5,11,tenth,ORDINAL
,5,11,ephah,PERSON
,5,11,put,PERSON
,5,11,put,PERSON
,5,12,on,PERSON
,5,13,one,CARDINAL
,5,14,Moses,PERSON
,5,15,ram,PERSON
,5,15,shekels,CARDINAL
,5,16,fifth,ORDINAL
,5,16,ram,PERSON
,5,18,ram,PERSON
,6,1,Moses,PERSON
,6,5,fifth,ORDINAL
,6,5,the day,DATE
,6,6,ram,PERSON
,6,8,Moses,PERSON
,6,9,Aaron,PERSON
,6,9,all night unto the morning,TIME
,6,10,put,PERSON
,6,10,on,PERSON
,6,10,put,PERSON
,6,10,on,PERSON
,6,10,put,PERSON
,6,11,put,PERSON
,6,11,put,PERSON
,6,11,on,PERSON
,6,12,put,PERSON
,6,12,on,PERSON
,6,14,Aaron,PERSON
,6,16,Aaron,PERSON
,6,18,Aaron,PERSON
,6,19,Moses,PERSON
,6,20,Aaron,PERSON
,6,20,the day,DATE
,6,20,tenth,ORDINAL
,6,20,ephah,PERSON
,6,20,half,CARDINAL
,6,20,half,CARDINAL
,6,20,night,TIME
,6,24,Moses,PERSON
,6,25,Aaron,PERSON
,7,4,two,CARDINAL
,7,4,on,PERSON
,7,7,so,PERSON
,7,7,one,CARDINAL
,7,10,Aaron,PERSON
,7,12,thanksgiving,DATE
,7,14,one,CARDINAL
,7,15,thanksgiving,DATE
,7,15,the same day,DATE
,7,15,the morning,TIME
,7,16,the same day,DATE
,7,16,on,PERSON
,7,17,on,PERSON
,7,17,the third day,DATE
,7,18,on,PERSON
,7,18,the third day,DATE
,7,22,Moses,PERSON
,7,23,Israel,GPE
,7,23,Ye,PERSON
,7,28,Moses,PERSON
,7,29,Israel,GPE
,7,31,Aaron,PERSON
,7,33,Aaron,PERSON
,7,34,Israel,GPE
,7,34,Aaron,PERSON
,7,34,Israel,GPE
,7,35,Aaron,PERSON
,7,35,the day,DATE
,7,36,Israel,GPE
,7,36,the day,DATE
,7,38,Moses,PERSON
,7,38,mount Sinai,GPE
,7,38,the day,DATE
,7,38,Israel,GPE
,7,38,Sinai,GPE
,8,1,Moses,PERSON
,8,2,Aaron,PERSON
,8,2,two,CARDINAL
,8,4,Moses,PERSON
,8,5,Moses,PERSON
,8,6,Moses,PERSON
,8,6,Aaron,PERSON
,8,7,put,PERSON
,8,7,put,PERSON
,8,7,ephod,PERSON
,8,7,ephod,PERSON
,8,8,put,PERSON
,8,8,put,PERSON
,8,8,Urim,ORG
,8,8,Thummim,ORG
,8,9,put,PERSON
,8,9,put,PERSON
,8,9,Moses,PERSON
,8,10,Moses,PERSON
,8,11,seven,CARDINAL
,8,12,Aaron,PERSON
,8,13,Moses,PERSON
,8,13,Aaron,PERSON
,8,13,put,PERSON
,8,13,put,PERSON
,8,13,Moses,PERSON
,8,14,Aaron,PERSON
,8,15,Moses,PERSON
,8,15,put,PERSON
,8,16,two,CARDINAL
,8,16,Moses,PERSON
,8,17,Moses,PERSON
,8,18,ram,PERSON
,8,18,Aaron,PERSON
,8,18,ram,PERSON
,8,19,Moses,PERSON
,8,20,ram,PERSON
,8,20,Moses,PERSON
,8,21,Moses,PERSON
,8,21,ram,PERSON
,8,21,Moses,PERSON
,8,22,ram,PERSON
,8,22,ram,PERSON
,8,22,Aaron,PERSON
,8,22,ram,PERSON
,8,23,Moses,PERSON
,8,23,put,PERSON
,8,23,Aaron,PERSON
,8,24,Aaron,PERSON
,8,24,Moses,PERSON
,8,24,put,PERSON
,8,24,Moses,PERSON
,8,25,two,CARDINAL
,8,26,one,CARDINAL
,8,26,one,CARDINAL
,8,26,put,PERSON
,8,26,on,PERSON
,8,27,put,PERSON
,8,27,Aaron,PERSON
,8,28,Moses,PERSON
,8,28,on,PERSON
,8,29,Moses,PERSON
,8,29,ram,PERSON
,8,29,Moses,PERSON
,8,29,Moses,PERSON
,8,30,Moses,PERSON
,8,30,Aaron,PERSON
,8,30,Aaron,PERSON
,8,31,Moses,PERSON
,8,31,Aaron,PERSON
,8,31,Aaron,PERSON
,8,33,seven days,DATE
,8,33,the days,DATE
,8,33,seven days,DATE
,8,34,this day,DATE
,8,34,so,PERSON
,8,35,seven days,DATE
,8,35,so,PERSON
,8,36,So,PERSON
,8,36,Aaron,PERSON
,8,36,Moses,PERSON
,9,1,on,PERSON
,9,1,the eighth day,DATE
,9,1,Moses,PERSON
,9,1,Aaron,PERSON
,9,1,Israel,GPE
,9,2,Aaron,PERSON
,9,2,ram,PERSON
,9,3,Israel,GPE
,9,3,the first year,DATE
,9,4,ram,PERSON
,9,5,Moses,PERSON
,9,6,Moses,PERSON
,9,7,Moses,PERSON
,9,7,Aaron,PERSON
,9,8,Aaron,PERSON
,9,9,Aaron,PERSON
,9,9,put,PERSON
,9,10,Moses,PERSON
,9,12,Aaron,PERSON
,9,14,on,PERSON
,9,15,first,ORDINAL
,9,18,ram,PERSON
,9,18,Aaron,PERSON
,9,19,ram,PERSON
,9,20,put,PERSON
,9,21,Aaron,PERSON
,9,21,Moses,PERSON
,9,22,Aaron,PERSON
,9,23,Moses,PERSON
,9,23,Aaron,PERSON
,9,24,on,PERSON
,10,1,Nadab,GPE
,10,1,Abihu,PERSON
,10,1,Aaron,PERSON
,10,1,put,PERSON
,10,1,put,PERSON
,10,3,Moses,PERSON
,10,3,Aaron,PERSON
,10,3,Aaron,PERSON
,10,4,Moses,PERSON
,10,4,Mishael,PERSON
,10,4,Elzaphan,PERSON
,10,4,Uzziel,ORG
,10,4,Aaron,PERSON
,10,5,So,PERSON
,10,5,Moses,PERSON
,10,6,Moses,PERSON
,10,6,Aaron,PERSON
,10,6,Eleazar,PERSON
,10,6,Ithamar,PERSON
,10,6,Israel,GPE
,10,7,Moses,PERSON
,10,8,Aaron,PERSON
,10,10,put,PERSON
,10,11,Israel,GPE
,10,11,Moses,PERSON
,10,12,Moses,PERSON
,10,12,Aaron,PERSON
,10,12,Eleazar,PERSON
,10,12,Ithamar,PERSON
,10,13,so,PERSON
,10,14,Israel,GPE
,10,16,Moses,PERSON
,10,16,Eleazar,PERSON
,10,16,Ithamar,PERSON
,10,16,Aaron,PERSON
,10,19,Aaron,PERSON
,10,19,Moses,PERSON
,10,19,this day,DATE
,10,20,Moses,PERSON
,11,1,Moses,PERSON
,11,1,Aaron,PERSON
,11,2,Israel,GPE
,11,2,on,PERSON
,11,3,cheweth the cud,ORG
,11,18,the gier eagle,ORG
,11,20,four,CARDINAL
,11,21,four,CARDINAL
,11,23,four feet,QUANTITY
,11,27,on,PERSON
,11,27,all four,CARDINAL
,11,32,put,PERSON
,11,32,so,PERSON
,11,34,on,PERSON
,11,38,put,PERSON
,11,42,four,CARDINAL
,11,45,Egypt,GPE
,12,1,Moses,PERSON
,12,2,Israel,GPE
,12,2,seven days,DATE
,12,2,the days,DATE
,12,3,the eighth day,DATE
,12,4,the days,DATE
,12,5,two weeks,DATE
,12,6,daughter,PERSON
,12,6,the first year,DATE
,12,8,two,CARDINAL
,12,8,two,CARDINAL
,13,1,Moses,PERSON
,13,1,Aaron,PERSON
,13,2,Aaron,PERSON
,13,2,one,CARDINAL
,13,3,on,PERSON
,13,3,on,PERSON
,13,4,seven days,DATE
,13,5,on,PERSON
,13,5,the seventh day,DATE
,13,5,seven days,DATE
,13,6,on,PERSON
,13,6,the seventh day,DATE
,13,20,seeth,PERSON
,13,21,on,PERSON
,13,21,seven days,DATE
,13,26,on,PERSON
,13,26,seven days,DATE
,13,27,the seventh day,DATE
,13,31,on,PERSON
,13,31,seven days,DATE
,13,32,the seventh day,DATE
,13,32,on,PERSON
,13,33,seven days,DATE
,13,34,the seventh day,DATE
,13,34,on,PERSON
,13,36,on,PERSON
,13,45,put,PERSON
,13,50,seven days,DATE
,13,51,on,PERSON
,13,51,on,PERSON
,13,51,the seventh day,DATE
,13,54,seven days,DATE
,13,55,on,PERSON
,13,58,second,ORDINAL
,14,1,Moses,PERSON
,14,2,the day,DATE
,14,4,two,CARDINAL
,14,7,seven,CARDINAL
,14,8,seven days,DATE
,14,9,on,PERSON
,14,9,the seventh day,DATE
,14,10,on,PERSON
,14,10,the eighth day,DATE
,14,10,two,CARDINAL
,14,10,one,CARDINAL
,14,10,the first year,DATE
,14,10,three tenth,CARDINAL
,14,10,one,CARDINAL
,14,13,so,PERSON
,14,14,put,PERSON
,14,16,seven,CARDINAL
,14,17,put,PERSON
,14,21,so,PERSON
,14,21,one,CARDINAL
,14,21,one tenth,CARDINAL
,14,22,two,CARDINAL
,14,22,two,CARDINAL
,14,23,on,PERSON
,14,23,the eighth day,DATE
,14,25,put,PERSON
,14,27,seven,CARDINAL
,14,28,put,PERSON
,14,29,put,PERSON
,14,33,Moses,PERSON
,14,33,Aaron,PERSON
,14,34,Canaan,GPE
,14,34,put,PERSON
,14,37,on,PERSON
,14,38,seven days,DATE
,14,39,the seventh day,DATE
,14,42,put,PERSON
,14,47,the house shall wash,ORG
,14,47,the house shall wash,ORG
,14,48,the house clean,ORG
,14,49,two,CARDINAL
,14,51,seven,CARDINAL
,15,1,Moses,PERSON
,15,1,Aaron,PERSON
,15,2,Israel,GPE
,15,6,on,PERSON
,15,13,seven days,DATE
,15,14,on,PERSON
,15,14,the eighth day,DATE
,15,14,two,CARDINAL
,15,14,two,CARDINAL
,15,19,put,PERSON
,15,19,seven days,DATE
,15,23,on,PERSON
,15,23,on,PERSON
,15,24,seven days,DATE
,15,25,many days,DATE
,15,25,the days,DATE
,15,28,seven days,DATE
,15,29,on,PERSON
,15,29,the eighth day,DATE
,15,29,two,CARDINAL
,15,29,two,CARDINAL
,15,31,Israel,GPE
,16,1,Moses,PERSON
,16,1,death,PERSON
,16,1,two,CARDINAL
,16,1,Aaron,PERSON
,16,2,Moses,PERSON
,16,2,Aaron,PERSON
,16,2,vail,GPE
,16,2,ark,PERSON
,16,3,Aaron,PERSON
,16,3,ram,PERSON
,16,4,put,PERSON
,16,4,on,PERSON
,16,4,so,PERSON
,16,4,put,PERSON
,16,4,on,PERSON
,16,5,Israel,GPE
,16,5,two,CARDINAL
,16,5,one,CARDINAL
,16,5,ram,PERSON
,16,6,Aaron,PERSON
,16,7,two,CARDINAL
,16,8,Aaron,PERSON
,16,8,two,CARDINAL
,16,8,one,CARDINAL
,16,8,lot,PERSON
,16,8,lot,PERSON
,16,9,Aaron,PERSON
,16,9,lot,PERSON
,16,10,on,PERSON
,16,10,lot,PERSON
,16,11,Aaron,PERSON
,16,13,put,PERSON
,16,14,seven,CARDINAL
,16,15,vail,GPE
,16,16,Israel,GPE
,16,16,so,PERSON
,16,17,Israel,GPE
,16,18,put,PERSON
,16,19,seven,CARDINAL
,16,19,Israel,GPE
,16,21,Aaron,PERSON
,16,21,Israel,GPE
,16,23,Aaron,PERSON
,16,23,put,PERSON
,16,23,put,PERSON
,16,23,on,PERSON
,16,24,put,PERSON
,16,24,on,PERSON
,16,27,one,CARDINAL
,16,29,the seventh month,DATE
,16,29,on,PERSON
,16,29,the tenth day of the month,DATE
,16,30,on,PERSON
,16,30,that day,DATE
,16,32,put,PERSON
,16,32,on,PERSON
,16,34,Israel,GPE
,16,34,Moses,PERSON
,17,1,Moses,PERSON
,17,2,Aaron,PERSON
,17,2,Israel,GPE
,17,3,Israel,GPE
,17,5,Israel,GPE
,17,8,Israel,GPE
,17,10,Israel,GPE
,17,12,Israel,GPE
,17,13,Israel,GPE
,17,14,Israel,GPE
,17,14,Ye,PERSON
,18,1,Moses,PERSON
,18,2,Israel,GPE
,18,3,Egypt,GPE
,18,3,Canaan,GPE
,18,9,daughter,PERSON
,18,9,daughter,PERSON
,18,10,daughter,PERSON
,18,10,daughter,PERSON
,18,10,daughter,PERSON
,18,11,daughter,PERSON
,18,15,daughter,PERSON
,18,17,daughter,PERSON
,18,17,daughter,PERSON
,18,17,daughter,PERSON
,18,17,daughter,PERSON
,18,19,put,PERSON
,18,21,Molech,ORG
,19,1,Moses,PERSON
,19,2,Israel,GPE
,19,6,on,PERSON
,19,6,the third day,DATE
,19,7,on,PERSON
,19,7,the third day,DATE
,19,13,all night,TIME
,19,14,put,PERSON
,19,20,put,PERSON
,19,20,death,PERSON
,19,21,ram,PERSON
,19,22,ram,PERSON
,19,23,three years,DATE
,19,24,the fourth year,DATE
,19,25,the fifth year,DATE
,19,29,daughter,PERSON
,19,34,Egypt,GPE
,19,36,ephah,PERSON
,19,36,Egypt,GPE
,20,1,Moses,PERSON
,20,2,Israel,GPE
,20,2,Israel,GPE
,20,2,Israel,GPE
,20,2,Molech,ORG
,20,2,put,PERSON
,20,2,death,PERSON
,20,3,Molech,ORG
,20,4,Molech,ORG
,20,5,Molech,ORG
,20,9,put,PERSON
,20,9,death,PERSON
,20,10,put,PERSON
,20,10,death,PERSON
,20,11,put,PERSON
,20,11,death,PERSON
,20,12,daughter,PERSON
,20,12,put,PERSON
,20,12,death,PERSON
,20,13,put,PERSON
,20,13,death,PERSON
,20,15,put,PERSON
,20,15,death,PERSON
,20,16,put,PERSON
,20,16,death,PERSON
,20,17,daughter,PERSON
,20,17,daughter,PERSON
,20,24,Ye,PERSON
,20,25,put,PERSON
,20,25,on,PERSON
,20,27,put,PERSON
,20,27,death,PERSON
,21,1,Moses,PERSON
,21,1,Aaron,PERSON
,21,2,daughter,PERSON
,21,7,put,PERSON
,21,9,daughter,PERSON
,21,10,put,PERSON
,21,10,on,PERSON
,21,16,Moses,PERSON
,21,17,Aaron,PERSON
,21,21,Aaron,PERSON
,21,23,vail,GPE
,21,24,Moses,PERSON
,21,24,Aaron,PERSON
,21,24,Israel,GPE
,22,1,Moses,PERSON
,22,2,Aaron,PERSON
,22,2,Israel,GPE
,22,3,Israel,GPE
,22,4,Aaron,PERSON
,22,12,daughter,PERSON
,22,13,daughter,PERSON
,22,14,put,PERSON
,22,14,fifth,ORDINAL
,22,15,Israel,GPE
,22,17,Moses,PERSON
,22,18,Aaron,PERSON
,22,18,Israel,GPE
,22,18,Israel,GPE
,22,18,Israel,GPE
,22,26,Moses,PERSON
,22,27,seven days,DATE
,22,27,the eighth day,DATE
,22,28,one day,DATE
,22,30,On,PERSON
,22,30,the same day,DATE
,22,32,Israel,GPE
,22,33,Egypt,GPE
,23,1,Moses,PERSON
,23,2,Israel,GPE
,23,3,Six days,DATE
,23,3,the seventh day,DATE
,23,5,the fourteenth day of the first month,DATE
,23,6,on,PERSON
,23,6,the fifteenth day of the same month,DATE
,23,6,seven days ye,DATE
,23,7,the first day,DATE
,23,8,seven days,DATE
,23,8,the seventh day,DATE
,23,9,Moses,PERSON
,23,10,Israel,GPE
,23,11,on,PERSON
,23,12,that day,DATE
,23,12,the first year,DATE
,23,13,two tenth,CARDINAL
,23,13,fourth,ORDINAL
,23,14,the selfsame day,DATE
,23,15,the day,DATE
,23,15,seven,CARDINAL
,23,16,seventh,ORDINAL
,23,16,fifty days,DATE
,23,17,two,CARDINAL
,23,17,two,CARDINAL
,23,18,seven,CARDINAL
,23,18,the first year,DATE
,23,18,one,CARDINAL
,23,18,two,CARDINAL
,23,19,one,CARDINAL
,23,19,two,CARDINAL
,23,19,the first year,DATE
,23,20,two,CARDINAL
,23,21,on,PERSON
,23,21,the selfsame day,DATE
,23,23,Moses,PERSON
,23,24,Israel,GPE
,23,24,the seventh month,DATE
,23,24,the first day of the month,DATE
,23,26,Moses,PERSON
,23,27,on,PERSON
,23,27,the tenth day of this seventh month,DATE
,23,27,a day,DATE
,23,32,the ninth day of the month,DATE
,23,33,Moses,PERSON
,23,34,Israel,GPE
,23,34,The fifteenth day of this seventh month,DATE
,23,34,seven days,DATE
,23,35,On,PERSON
,23,35,the first day,DATE
,23,36,Seven days,DATE
,23,36,on,PERSON
,23,36,the eighth day,DATE
,23,39,the fifteenth day of the seventh month,DATE
,23,39,seven days,DATE
,23,39,on,PERSON
,23,39,the first day,DATE
,23,39,on,PERSON
,23,39,the eighth day,DATE
,23,40,on,PERSON
,23,40,the first day,DATE
,23,40,seven days,DATE
,23,41,seven days,DATE
,23,41,the year,DATE
,23,41,the seventh month,DATE
,23,42,seven days,DATE
,23,42,Israelites,NORP
,23,43,Israel,GPE
,23,43,Egypt,GPE
,23,44,Moses,PERSON
,23,44,Israel,GPE
,24,1,Moses,PERSON
,24,2,Israel,GPE
,24,3,the vail of the testimony,ORG
,24,3,Aaron,PERSON
,24,3,the evening unto the morning,TIME
,24,5,twelve,CARDINAL
,24,5,two,CARDINAL
,24,5,one,CARDINAL
,24,6,two,CARDINAL
,24,6,six on a row,DATE
,24,7,put,PERSON
,24,7,on,PERSON
,24,8,Israel,GPE
,24,9,Aaron,PERSON
,24,10,Israelitish,NORP
,24,10,Egyptian,NORP
,24,10,Israel,GPE
,24,10,Israelitish,NORP
,24,10,Israel,GPE
,24,11,Israelitish,NORP
,24,11,Moses,PERSON
,24,11,Shelomith,ORG
,24,11,daughter,PERSON
,24,11,Dibri,ORG
,24,11,Dan,PERSON
,24,12,put,PERSON
,24,13,Moses,PERSON
,24,15,Israel,GPE
,24,16,put,PERSON
,24,16,death,PERSON
,24,16,put,PERSON
,24,16,death,PERSON
,24,17,put,PERSON
,24,17,death,PERSON
,24,19,so,PERSON
,24,20,so,PERSON
,24,21,put,PERSON
,24,21,death,PERSON
,24,22,one,CARDINAL
,24,22,one,CARDINAL
,24,23,Moses,PERSON
,24,23,Israel,GPE
,24,23,Israel,GPE
,24,23,Moses,PERSON
,25,1,Moses,PERSON
,25,1,mount Sinai,GPE
,25,2,Israel,GPE
,25,3,Six years,DATE
,25,3,six years,DATE
,25,4,the seventh year,DATE
,25,5,a year,DATE
,25,8,seven,CARDINAL
,25,8,seven years,DATE
,25,8,the seven sabbaths of years,DATE
,25,9,on,PERSON
,25,9,the tenth day of the seventh month,DATE
,25,9,the day,DATE
,25,10,the fiftieth year,DATE
,25,11,fiftieth year,DATE
,25,13,the year,DATE
,25,15,years,DATE
,25,16,the years,DATE
,25,20,the seventh year,DATE
,25,21,the sixth year,DATE
,25,21,three years,DATE
,25,22,the eighth year,DATE
,25,22,the ninth year,DATE
,25,27,the years,DATE
,25,28,the year,DATE
,25,29,a whole year,DATE
,25,29,a full year,DATE
,25,30,a full year,DATE
,25,32,Levites,ORG
,25,32,Levites,ORG
,25,33,Levites,ORG
,25,33,the year,DATE
,25,33,Levites,ORG
,25,33,Israel,GPE
,25,38,Egypt,GPE
,25,38,Canaan,GPE
,25,42,Egypt,GPE
,25,46,Israel,GPE
,25,46,one,CARDINAL
,25,48,one,CARDINAL
,25,50,the year,DATE
,25,50,years,DATE
,25,52,few years,DATE
,25,52,years,DATE
,25,54,these years,DATE
,25,54,the year,DATE
,25,55,Israel,GPE
,25,55,Egypt,GPE
,26,4,season,DATE
,26,8,five,CARDINAL
,26,8,an hundred,CARDINAL
,26,8,an hundred,CARDINAL
,26,8,put,PERSON
,26,8,ten thousand,CARDINAL
,26,13,Egypt,GPE
,26,15,so,PERSON
,26,18,seven,CARDINAL
,26,21,seven,CARDINAL
,26,24,seven,CARDINAL
,26,26,ten,CARDINAL
,26,26,one,CARDINAL
,26,28,seven,CARDINAL
,26,42,Jacob,PERSON
,26,42,Isaac,PERSON
,26,42,Abraham,PERSON
,26,45,Egypt,GPE
,26,46,Israel,GPE
,26,46,mount Sinai,GPE
,26,46,Moses,PERSON
,27,1,Moses,PERSON
,27,2,Israel,GPE
,27,3,twenty years old,DATE
,27,3,sixty years old,DATE
,27,3,fifty shekels,MONEY
,27,4,thirty shekels,MONEY
,27,5,five years old,DATE
,27,5,twenty years old,DATE
,27,5,twenty shekels,CARDINAL
,27,6,month,DATE
,27,6,five years old,DATE
,27,6,five shekels,MONEY
,27,6,three shekels,MONEY
,27,7,sixty years old,DATE
,27,7,fifteen shekels,MONEY
,27,12,so,PERSON
,27,13,fifth,ORDINAL
,27,14,so,PERSON
,27,15,fifth,ORDINAL
,27,16,fifty shekels,MONEY
,27,17,the year,DATE
,27,18,the years,DATE
,27,18,the year,DATE
,27,19,fifth,ORDINAL
,27,23,the year,DATE
,27,23,that day,DATE
,27,24,the year,DATE
,27,25,twenty,CARDINAL
,27,27,fifth,ORDINAL
,27,29,put,PERSON
,27,29,death,PERSON
,27,31,fifth,ORDINAL
,27,32,tenth,ORDINAL
,27,34,Moses,PERSON
,27,34,Israel,GPE
,27,34,mount Sinai,GPE
,1,1,Moses,PERSON
,1,1,Sinai,GPE
,1,1,on,PERSON
,1,1,the first day of the second month,DATE
,1,1,the second year,DATE
,1,1,Egypt,GPE
,1,2,Israel,GPE
,1,3,twenty years old,DATE
,1,3,Israel,GPE
,1,3,Aaron,PERSON
,1,5,Reuben,PERSON
,1,5,Elizur,LOC
,1,5,Shedeur,ORG
,1,6,Simeon,PERSON
,1,6,Shelumiel,PERSON
,1,6,Zurishaddai,ORG
,1,7,Judah,PERSON
,1,7,Nahshon,PERSON
,1,7,Amminadab,ORG
,1,8,Issachar,ORG
,1,8,Nethaneel,PERSON
,1,8,Zuar,PERSON
,1,9,Zebulun,GPE
,1,9,Eliab,PERSON
,1,9,Helon,PRODUCT
,1,10,Joseph,PERSON
,1,10,Ephraim,PERSON
,1,10,Elishama,PERSON
,1,10,Ammihud,PERSON
,1,10,Manasseh,NORP
,1,10,Gamaliel,PERSON
,1,10,Pedahzur,ORG
,1,11,Benjamin,PERSON
,1,11,Abidan,PERSON
,1,11,Gideoni,ORG
,1,12,Dan,PERSON
,1,12,Ahiezer,EVENT
,1,12,Ammishaddai,FAC
,1,13,Asher,ORG
,1,13,Pagiel,PERSON
,1,13,Ocran,ORG
,1,14,Gad,PERSON
,1,14,Eliasaph,PERSON
,1,14,Deuel,PERSON
,1,15,Naphtali,GPE
,1,15,Ahira,PERSON
,1,15,Enan,EVENT
,1,16,thousands,CARDINAL
,1,16,Israel,GPE
,1,17,Moses,PERSON
,1,17,Aaron,PERSON
,1,18,on,PERSON
,1,18,the first day of the second month,DATE
,1,18,twenty years old,DATE
,1,19,Moses,PERSON
,1,19,so,PERSON
,1,19,Sinai,GPE
,1,20,Reuben,PERSON
,1,20,Israel,GPE
,1,20,twenty years old,DATE
,1,21,Reuben,PERSON
,1,21,forty and six thousand and five hundred,CARDINAL
,1,22,Simeon,PERSON
,1,22,twenty years old,DATE
,1,23,Simeon,PERSON
,1,23,fifty and nine thousand and three hundred,CARDINAL
,1,24,Gad,PERSON
,1,24,twenty years old,DATE
,1,25,Gad,PERSON
,1,25,forty and five thousand six hundred and fifty,CARDINAL
,1,26,Judah,GPE
,1,26,twenty years old,DATE
,1,27,Judah,GPE
,1,27,threescore and fourteen thousand and six hundred,CARDINAL
,1,28,Issachar,WORK_OF_ART
,1,28,twenty years old,DATE
,1,29,Issachar,WORK_OF_ART
,1,29,fifty and four thousand and four hundred,CARDINAL
,1,30,Zebulun,GPE
,1,30,twenty years old,DATE
,1,31,Zebulun,GPE
,1,31,fifty and seven thousand and four hundred,CARDINAL
,1,32,Joseph,PERSON
,1,32,Ephraim,PERSON
,1,32,twenty years old,DATE
,1,33,Ephraim,PERSON
,1,33,forty thousand and five hundred,CARDINAL
,1,34,Manasseh,GPE
,1,34,twenty years old,DATE
,1,35,Manasseh,GPE
,1,35,thirty and two thousand and two hundred,CARDINAL
,1,36,Benjamin,PERSON
,1,36,twenty years old,DATE
,1,37,Benjamin,PERSON
,1,37,thirty and five thousand and four hundred,CARDINAL
,1,38,Dan,PERSON
,1,38,twenty years old,DATE
,1,39,Dan,PERSON
,1,39,threescore and two thousand and seven hundred,CARDINAL
,1,40,Asher,PERSON
,1,40,twenty years old,DATE
,1,41,Asher,PERSON
,1,41,forty and one thousand and five hundred,CARDINAL
,1,42,Naphtali,GPE
,1,42,twenty years old,DATE
,1,43,Naphtali,GPE
,1,43,fifty and three thousand and four hundred,CARDINAL
,1,44,Moses,PERSON
,1,44,Aaron,PERSON
,1,44,Israel,GPE
,1,44,twelve,CARDINAL
,1,45,So,PERSON
,1,45,Israel,GPE
,1,45,twenty years old,DATE
,1,45,Israel,GPE
,1,46,six hundred thousand and three thousand and five hundred and fifty,CARDINAL
,1,47,Levites,ORG
,1,48,Moses,PERSON
,1,49,Levi,PERSON
,1,49,Israel,GPE
,1,50,Levites,ORG
,1,51,the tabernacle setteth forward,ORG
,1,51,Levites,ORG
,1,51,Levites,ORG
,1,51,put,PERSON
,1,51,death,PERSON
,1,52,Israel,GPE
,1,53,Levites,ORG
,1,53,Israel,GPE
,1,53,Levites,ORG
,1,54,Israel,GPE
,1,54,Moses,PERSON
,1,54,so,PERSON
,2,1,Moses,PERSON
,2,1,Aaron,PERSON
,2,2,Israel,GPE
,2,3,on,PERSON
,2,3,Judah,PERSON
,2,3,Nahshon,PERSON
,2,3,Amminadab,ORG
,2,3,Judah,PERSON
,2,4,threescore and fourteen thousand and six hundred,CARDINAL
,2,5,Issachar,WORK_OF_ART
,2,5,Nethaneel,PERSON
,2,5,Zuar,PERSON
,2,5,Issachar,WORK_OF_ART
,2,6,fifty and four thousand and four hundred,CARDINAL
,2,7,Zebulun,PERSON
,2,7,Eliab,PERSON
,2,7,Helon,PRODUCT
,2,7,Zebulun,GPE
,2,8,fifty and seven thousand and four hundred,CARDINAL
,2,9,Judah,PERSON
,2,9,an hundred thousand and fourscore thousand and six thousand and four hundred,CARDINAL
,2,9,first,ORDINAL
,2,10,On,PERSON
,2,10,Reuben,PERSON
,2,10,Reuben,PERSON
,2,10,Elizur,PERSON
,2,10,Shedeur,ORG
,2,11,forty and six thousand and five hundred,CARDINAL
,2,12,Simeon,PERSON
,2,12,Simeon,PERSON
,2,12,Shelumiel,PERSON
,2,12,Zurishaddai,ORG
,2,13,fifty and nine thousand and three hundred,CARDINAL
,2,14,Gad,PERSON
,2,14,Gad,PERSON
,2,14,Eliasaph,ORG
,2,14,Reuel,ORG
,2,15,forty and five thousand and six hundred and fifty,CARDINAL
,2,16,Reuben,PERSON
,2,16,an hundred thousand and fifty and one thousand and four hundred and fifty,CARDINAL
,2,16,second,ORDINAL
,2,17,Levites,ORG
,2,17,so,PERSON
,2,18,On,PERSON
,2,18,Ephraim,PERSON
,2,18,Ephraim,PERSON
,2,18,Elishama,PERSON
,2,18,Ammihud,ORG
,2,19,forty thousand and five hundred,CARDINAL
,2,20,Manasseh,NORP
,2,20,Manasseh,NORP
,2,20,Gamaliel,PERSON
,2,20,Pedahzur,ORG
,2,21,thirty and two thousand and two hundred,CARDINAL
,2,22,Benjamin,PERSON
,2,22,Benjamin,PERSON
,2,22,Abidan,PERSON
,2,22,Gideoni,ORG
,2,23,thirty and five thousand and four hundred,CARDINAL
,2,24,Ephraim,PERSON
,2,24,an hundred thousand and eight thousand and an hundred,CARDINAL
,2,24,third,ORDINAL
,2,25,Dan,PERSON
,2,25,on,PERSON
,2,25,Dan,PERSON
,2,25,Ahiezer,ORG
,2,25,Ammishaddai,FAC
,2,26,threescore and two thousand and seven hundred,CARDINAL
,2,27,Asher,PERSON
,2,27,Asher,PERSON
,2,27,Pagiel,PERSON
,2,27,Ocran,ORG
,2,28,forty and one thousand and five hundred,CARDINAL
,2,29,Naphtali,PERSON
,2,29,Naphtali,PERSON
,2,29,Ahira,PERSON
,2,29,Enan,EVENT
,2,30,fifty and three thousand and four hundred,CARDINAL
,2,31,Dan,PERSON
,2,31,an hundred thousand and fifty and seven thousand and six hundred,CARDINAL
,2,32,Israel,GPE
,2,32,six hundred thousand and three thousand and five hundred and fifty,CARDINAL
,2,33,Levites,ORG
,2,33,Israel,GPE
,2,33,Moses,PERSON
,2,34,Israel,GPE
,2,34,Moses,PERSON
,2,34,so,PERSON
,2,34,so,PERSON
,3,1,Aaron,PERSON
,3,1,Moses,PERSON
,3,1,the day,DATE
,3,1,Moses,PERSON
,3,1,mount Sinai,GPE
,3,2,Aaron,PERSON
,3,2,Nadab,LOC
,3,2,Abihu,PERSON
,3,2,Eleazar,PERSON
,3,2,Ithamar,PERSON
,3,3,Aaron,PERSON
,3,4,Nadab,GPE
,3,4,Abihu,PERSON
,3,4,Sinai,GPE
,3,4,Eleazar,PERSON
,3,4,Ithamar,PERSON
,3,4,Aaron,PERSON
,3,5,Moses,PERSON
,3,6,Levi,PERSON
,3,6,Aaron,PERSON
,3,8,Israel,GPE
,3,9,Levites,ORG
,3,9,Aaron,PERSON
,3,9,Israel,GPE
,3,10,Aaron,PERSON
,3,10,on,PERSON
,3,10,put,PERSON
,3,10,death,PERSON
,3,11,Moses,PERSON
,3,12,Levites,ORG
,3,12,Israel,GPE
,3,12,Israel,GPE
,3,12,Levites,ORG
,3,13,on,PERSON
,3,13,the day,DATE
,3,13,Egypt,GPE
,3,13,Israel,GPE
,3,14,Moses,PERSON
,3,14,Sinai,GPE
,3,15,Levi,PERSON
,3,15,month,DATE
,3,16,Moses,PERSON
,3,17,Levi,PERSON
,3,17,Gershon,PERSON
,3,17,Kohath,PERSON
,3,17,Merari,ORG
,3,18,Gershon,PERSON
,3,18,Libni,GPE
,3,18,Shimei,ORG
,3,19,Kohath,GPE
,3,19,Amram,ORG
,3,19,Izehar,GPE
,3,19,Hebron,GPE
,3,19,Uzziel,ORG
,3,20,Merari,ORG
,3,20,Mahli,ORG
,3,20,Mushi,PERSON
,3,20,Levites,ORG
,3,21,Gershon,PERSON
,3,21,Libnites,GPE
,3,21,Shimites,LOC
,3,21,Gershonites,PRODUCT
,3,22,month,DATE
,3,22,seven thousand and five hundred,CARDINAL
,3,23,Gershonites,ORG
,3,23,the tabernacle westward,LOC
,3,24,Gershonites,ORG
,3,24,Eliasaph,ORG
,3,24,Lael,PERSON
,3,25,Gershon,PERSON
,3,27,Kohath,PERSON
,3,27,Amramites,GPE
,3,27,Izeharites,GPE
,3,27,Hebronites,ORG
,3,27,Uzzielites,ORG
,3,27,Kohathites,GPE
,3,28,month,DATE
,3,28,eight thousand and six hundred,CARDINAL
,3,29,Kohath,GPE
,3,29,on,PERSON
,3,29,the tabernacle southward,LOC
,3,30,Kohathites,GPE
,3,30,Elizaphan,PERSON
,3,30,Uzziel,ORG
,3,31,ark,PERSON
,3,32,Eleazar,PERSON
,3,32,Aaron,PERSON
,3,32,Levites,ORG
,3,33,Merari,ORG
,3,33,Mahlites,LOC
,3,33,Mushites,PERSON
,3,33,Merari,ORG
,3,34,month,DATE
,3,34,six thousand and two hundred,CARDINAL
,3,35,Merari,ORG
,3,35,Zuriel,PERSON
,3,35,Abihail,PERSON
,3,35,on,PERSON
,3,36,Merari,ORG
,3,38,Moses,PERSON
,3,38,Aaron,PERSON
,3,38,Israel,GPE
,3,38,put,PERSON
,3,38,death,PERSON
,3,39,Levites,ORG
,3,39,Moses,PERSON
,3,39,Aaron,PERSON
,3,39,month,DATE
,3,39,twenty and two thousand,CARDINAL
,3,40,Moses,PERSON
,3,40,Israel,GPE
,3,40,month,DATE
,3,41,Levites,ORG
,3,41,Israel,GPE
,3,41,Levites,ORG
,3,41,Israel,GPE
,3,42,Moses,PERSON
,3,42,Israel,GPE
,3,43,month,DATE
,3,43,twenty and two thousand two hundred and threescore and thirteen,CARDINAL
,3,44,Moses,PERSON
,3,45,Levites,ORG
,3,45,Israel,GPE
,3,45,Levites,ORG
,3,45,Levites,ORG
,3,46,two hundred and threescore and thirteen,CARDINAL
,3,46,Israel,GPE
,3,46,Levites,ORG
,3,47,five shekels,MONEY
,3,48,Aaron,PERSON
,3,49,Moses,PERSON
,3,49,Levites,ORG
,3,50,Israel,GPE
,3,50,a thousand three hundred and threescore and five shekels,CARDINAL
,3,51,Moses,PERSON
,3,51,Aaron,PERSON
,3,51,Moses,PERSON
,4,1,Moses,PERSON
,4,1,Aaron,PERSON
,4,2,Kohath,PERSON
,4,2,Levi,PERSON
,4,3,thirty years old,DATE
,4,3,fifty years old,DATE
,4,4,Kohath,GPE
,4,5,Aaron,PERSON
,4,5,vail,GPE
,4,5,ark,PERSON
,4,6,put,PERSON
,4,6,put,PERSON
,4,7,put,PERSON
,4,8,put,PERSON
,4,10,put,PERSON
,4,10,put,PERSON
,4,11,put,PERSON
,4,12,put,PERSON
,4,12,put,PERSON
,4,12,on,PERSON
,4,14,put,PERSON
,4,14,put,PERSON
,4,15,Aaron,PERSON
,4,15,Kohath,PERSON
,4,15,Kohath,GPE
,4,16,Eleazar,PERSON
,4,16,Aaron,PERSON
,4,16,daily,DATE
,4,17,Moses,PERSON
,4,17,Aaron,PERSON
,4,18,Kohathites,GPE
,4,18,Levites,PRODUCT
,4,19,Aaron,PERSON
,4,21,Moses,PERSON
,4,22,Gershon,PERSON
,4,23,thirty years old,DATE
,4,23,fifty years old,DATE
,4,24,Gershonites,ORG
,4,26,so,PERSON
,4,27,Aaron,PERSON
,4,27,Gershonites,ORG
,4,28,Gershon,PERSON
,4,28,Ithamar,PERSON
,4,28,Aaron,PERSON
,4,29,Merari,ORG
,4,30,thirty years old,DATE
,4,30,fifty years old,DATE
,4,33,Merari,ORG
,4,33,Ithamar,PERSON
,4,33,Aaron,PERSON
,4,34,Moses,PERSON
,4,34,Aaron,PERSON
,4,34,Kohathites,GPE
,4,35,thirty years old,DATE
,4,35,fifty years old,DATE
,4,36,two thousand seven hundred and fifty,DATE
,4,37,Kohathites,GPE
,4,37,Moses,PERSON
,4,37,Aaron,PERSON
,4,37,Moses,PERSON
,4,38,Gershon,PERSON
,4,39,thirty years old,DATE
,4,39,fifty years old,DATE
,4,40,two thousand and six hundred and thirty,CARDINAL
,4,41,Gershon,PERSON
,4,41,Moses,PERSON
,4,41,Aaron,PERSON
,4,42,Merari,ORG
,4,43,thirty years old,DATE
,4,43,fifty years old,DATE
,4,44,three thousand and two hundred,CARDINAL
,4,45,Merari,ORG
,4,45,Moses,PERSON
,4,45,Aaron,PERSON
,4,45,Moses,PERSON
,4,46,Levites,ORG
,4,46,Moses,PERSON
,4,46,Aaron,PERSON
,4,46,Israel,GPE
,4,47,thirty years old,DATE
,4,47,fifty years old,DATE
,4,48,eight thousand and five hundred and fourscore,CARDINAL
,4,49,Moses,PERSON
,4,49,Moses,PERSON
,5,1,Moses,PERSON
,5,2,Israel,GPE
,5,2,put,PERSON
,5,3,put,PERSON
,5,3,put,PERSON
,5,4,Israel,GPE
,5,4,so,PERSON
,5,4,put,PERSON
,5,4,Moses,PERSON
,5,4,so,PERSON
,5,4,Israel,GPE
,5,5,Moses,PERSON
,5,6,Israel,GPE
,5,7,fifth,ORDINAL
,5,8,ram,PERSON
,5,9,Israel,GPE
,5,11,Moses,PERSON
,5,12,Israel,GPE
,5,15,tenth,ORDINAL
,5,15,ephah,PERSON
,5,15,put,PERSON
,5,17,put,PERSON
,5,18,put,PERSON
,6,1,Moses,PERSON
,6,2,Israel,GPE
,6,2,Nazarite,NORP
,6,5,All the days,DATE
,6,5,the days,DATE
,6,6,the days,DATE
,6,9,the day,DATE
,6,9,on,PERSON
,6,9,the seventh day,DATE
,6,10,on,PERSON
,6,10,the eighth day,DATE
,6,10,two,CARDINAL
,6,10,two,CARDINAL
,6,11,same day,DATE
,6,12,the first year,DATE
,6,12,the days,DATE
,6,13,Nazarite,NORP
,6,13,the days,DATE
,6,14,the first year,DATE
,6,14,one,CARDINAL
,6,14,the first year,DATE
,6,14,one,CARDINAL
,6,14,ram,PERSON
,6,17,ram,PERSON
,6,18,Nazarite,NORP
,6,18,put,PERSON
,6,19,ram,PERSON
,6,19,one,CARDINAL
,6,19,one,CARDINAL
,6,19,put,PERSON
,6,19,Nazarite,PERSON
,6,20,Nazarite,NORP
,6,21,Nazarite,NORP
,6,21,so,PERSON
,6,22,Moses,PERSON
,6,23,Aaron,PERSON
,6,23,On,PERSON
,6,23,Israel,GPE
,6,27,put,PERSON
,6,27,Israel,GPE
,7,1,on,PERSON
,7,1,the day,DATE
,7,1,Moses,PERSON
,7,2,Israel,GPE
,7,3,six,CARDINAL
,7,3,twelve,CARDINAL
,7,3,two,CARDINAL
,7,3,one,CARDINAL
,7,4,Moses,PERSON
,7,5,Levites,ORG
,7,6,Moses,PERSON
,7,6,Levites,PRODUCT
,7,7,Two,CARDINAL
,7,7,four,CARDINAL
,7,7,Gershon,PERSON
,7,8,four,CARDINAL
,7,8,eight,CARDINAL
,7,8,Merari,ORG
,7,8,Ithamar,PERSON
,7,8,Aaron,PERSON
,7,9,Kohath,PERSON
,7,10,the day,DATE
,7,11,Moses,PERSON
,7,11,on,PERSON
,7,12,the first day,DATE
,7,12,Nahshon,PERSON
,7,12,Amminadab,ORG
,7,12,Judah,PERSON
,7,13,one,CARDINAL
,7,13,an hundred and thirty shekels,CARDINAL
,7,13,one,CARDINAL
,7,13,seventy shekels,QUANTITY
,7,14,One,CARDINAL
,7,14,ten shekels,MONEY
,7,15,One,CARDINAL
,7,15,one,CARDINAL
,7,15,ram,PERSON
,7,15,one,CARDINAL
,7,15,the first year,DATE
,7,16,One,CARDINAL
,7,17,two,CARDINAL
,7,17,five,CARDINAL
,7,17,five,CARDINAL
,7,17,five,CARDINAL
,7,17,the first year,DATE
,7,17,Nahshon,ORG
,7,17,Amminadab,ORG
,7,18,On,PERSON
,7,18,the second day,DATE
,7,18,Nethaneel,PERSON
,7,18,Zuar,PERSON
,7,18,Issachar,WORK_OF_ART
,7,19,one,CARDINAL
,7,19,an hundred and thirty shekels,CARDINAL
,7,19,one,CARDINAL
,7,19,seventy shekels,QUANTITY
,7,20,One,CARDINAL
,7,20,ten shekels,QUANTITY
,7,21,One,CARDINAL
,7,21,one,CARDINAL
,7,21,ram,PERSON
,7,21,one,CARDINAL
,7,21,the first year,DATE
,7,22,One,CARDINAL
,7,23,two,CARDINAL
,7,23,five,CARDINAL
,7,23,five,CARDINAL
,7,23,five,CARDINAL
,7,23,the first year,DATE
,7,23,Nethaneel,PERSON
,7,23,Zuar,PERSON
,7,24,On,PERSON
,7,24,the third day,DATE
,7,24,Eliab,PERSON
,7,24,Helon,PERSON
,7,24,Zebulun,GPE
,7,25,one,CARDINAL
,7,25,an hundred and thirty shekels,CARDINAL
,7,25,one,CARDINAL
,7,25,seventy shekels,QUANTITY
,7,26,One,CARDINAL
,7,26,ten shekels,QUANTITY
,7,27,One,CARDINAL
,7,27,one,CARDINAL
,7,27,ram,PERSON
,7,27,one,CARDINAL
,7,27,the first year,DATE
,7,28,One,CARDINAL
,7,29,two,CARDINAL
,7,29,five,CARDINAL
,7,29,five,CARDINAL
,7,29,five,CARDINAL
,7,29,the first year,DATE
,7,29,Eliab,PERSON
,7,29,Helon,PRODUCT
,7,30,On,PERSON
,7,30,the fourth day,DATE
,7,30,Elizur,LOC
,7,30,Shedeur,GPE
,7,30,Reuben,PERSON
,7,31,one,CARDINAL
,7,31,an hundred and thirty shekels,CARDINAL
,7,31,one,CARDINAL
,7,31,seventy shekels,QUANTITY
,7,32,One,CARDINAL
,7,32,ten shekels,QUANTITY
,7,33,One,CARDINAL
,7,33,one,CARDINAL
,7,33,ram,PERSON
,7,33,one,CARDINAL
,7,33,the first year,DATE
,7,34,One,CARDINAL
,7,35,two,CARDINAL
,7,35,five,CARDINAL
,7,35,five,CARDINAL
,7,35,five,CARDINAL
,7,35,the first year,DATE
,7,35,Elizur,LOC
,7,35,Shedeur,ORG
,7,36,On,PERSON
,7,36,the fifth day,DATE
,7,36,Shelumiel,PERSON
,7,36,Zurishaddai,ORG
,7,36,Simeon,PERSON
,7,37,one,CARDINAL
,7,37,an hundred and thirty shekels,CARDINAL
,7,37,one,CARDINAL
,7,37,seventy shekels,QUANTITY
,7,38,One,CARDINAL
,7,38,ten shekels,QUANTITY
,7,39,One,CARDINAL
,7,39,one,CARDINAL
,7,39,ram,PERSON
,7,39,one,CARDINAL
,7,39,the first year,DATE
,7,40,One,CARDINAL
,7,41,two,CARDINAL
,7,41,five,CARDINAL
,7,41,five,CARDINAL
,7,41,five,CARDINAL
,7,41,the first year,DATE
,7,41,Shelumiel,PERSON
,7,41,Zurishaddai,ORG
,7,42,On,PERSON
,7,42,the sixth day,DATE
,7,42,Eliasaph,PERSON
,7,42,Deuel,PERSON
,7,42,Gad,PERSON
,7,43,one,CARDINAL
,7,43,an hundred and thirty shekels,CARDINAL
,7,43,seventy shekels,QUANTITY
,7,44,One,CARDINAL
,7,44,ten shekels,QUANTITY
,7,45,One,CARDINAL
,7,45,one,CARDINAL
,7,45,ram,PERSON
,7,45,one,CARDINAL
,7,45,the first year,DATE
,7,46,One,CARDINAL
,7,47,two,CARDINAL
,7,47,five,CARDINAL
,7,47,five,CARDINAL
,7,47,five,CARDINAL
,7,47,the first year,DATE
,7,47,Eliasaph,ORG
,7,47,Deuel,PERSON
,7,48,On,PERSON
,7,48,the seventh day,DATE
,7,48,Elishama,PERSON
,7,48,Ammihud,PERSON
,7,48,Ephraim,PERSON
,7,49,one,CARDINAL
,7,49,an hundred and thirty shekels,CARDINAL
,7,49,one,CARDINAL
,7,49,seventy shekels,QUANTITY
,7,50,One,CARDINAL
,7,50,ten shekels,QUANTITY
,7,51,One,CARDINAL
,7,51,one,CARDINAL
,7,51,ram,PERSON
,7,51,one,CARDINAL
,7,51,the first year,DATE
,7,52,One,CARDINAL
,7,53,two,CARDINAL
,7,53,five,CARDINAL
,7,53,five,CARDINAL
,7,53,five,CARDINAL
,7,53,the first year,DATE
,7,53,Elishama,ORG
,7,53,Ammihud,ORG
,7,54,On,PERSON
,7,54,the eighth day,DATE
,7,54,Gamaliel,PERSON
,7,54,Pedahzur,ORG
,7,54,Manasseh,NORP
,7,55,one,CARDINAL
,7,55,an hundred and thirty shekels,CARDINAL
,7,55,one,CARDINAL
,7,55,seventy shekels,QUANTITY
,7,56,One,CARDINAL
,7,56,ten shekels,QUANTITY
,7,57,One,CARDINAL
,7,57,one,CARDINAL
,7,57,ram,PERSON
,7,57,one,CARDINAL
,7,57,the first year,DATE
,7,58,One,CARDINAL
,7,59,two,CARDINAL
,7,59,five,CARDINAL
,7,59,five,CARDINAL
,7,59,five,CARDINAL
,7,59,the first year,DATE
,7,59,Gamaliel,PERSON
,7,59,Pedahzur,ORG
,7,60,On,PERSON
,7,60,the ninth day,DATE
,7,60,Abidan,PERSON
,7,60,Gideoni,PERSON
,7,60,Benjamin,PERSON
,7,61,one,CARDINAL
,7,61,an hundred and thirty shekels,CARDINAL
,7,61,one,CARDINAL
,7,61,seventy shekels,QUANTITY
,7,62,One,CARDINAL
,7,62,ten shekels,QUANTITY
,7,63,One,CARDINAL
,7,63,one,CARDINAL
,7,63,ram,PERSON
,7,63,one,CARDINAL
,7,63,the first year,DATE
,7,64,One,CARDINAL
,7,65,two,CARDINAL
,7,65,five,CARDINAL
,7,65,five,CARDINAL
,7,65,five,CARDINAL
,7,65,the first year,DATE
,7,65,Abidan,ORG
,7,65,Gideoni,ORG
,7,66,On,PERSON
,7,66,the tenth day,DATE
,7,66,Ahiezer,EVENT
,7,66,Ammishaddai,GPE
,7,66,Dan,PERSON
,7,67,one,CARDINAL
,7,67,an hundred and thirty shekels,CARDINAL
,7,67,one,CARDINAL
,7,67,seventy shekels,QUANTITY
,7,68,One,CARDINAL
,7,68,ten shekels,QUANTITY
,7,69,One,CARDINAL
,7,69,one,CARDINAL
,7,69,ram,PERSON
,7,69,one,CARDINAL
,7,69,the first year,DATE
,7,70,One,CARDINAL
,7,71,two,CARDINAL
,7,71,five,CARDINAL
,7,71,five,CARDINAL
,7,71,five,CARDINAL
,7,71,the first year,DATE
,7,71,Ahiezer,ORG
,7,71,Ammishaddai,FAC
,7,72,On,PERSON
,7,72,eleventh,ORDINAL
,7,72,Pagiel,PERSON
,7,72,Ocran,EVENT
,7,72,Asher,PERSON
,7,73,one,CARDINAL
,7,73,an hundred and thirty shekels,CARDINAL
,7,73,one,CARDINAL
,7,73,seventy shekels,QUANTITY
,7,74,One,CARDINAL
,7,74,ten shekels,QUANTITY
,7,75,One,CARDINAL
,7,75,one,CARDINAL
,7,75,ram,PERSON
,7,75,one,CARDINAL
,7,75,the first year,DATE
,7,76,One,CARDINAL
,7,77,two,CARDINAL
,7,77,five,CARDINAL
,7,77,five,CARDINAL
,7,77,five,CARDINAL
,7,77,the first year,DATE
,7,77,Pagiel,ORG
,7,77,Ocran,ORG
,7,78,On,PERSON
,7,78,the twelfth day,DATE
,7,78,Ahira,PERSON
,7,78,Enan,EVENT
,7,78,Naphtali,PERSON
,7,79,one,CARDINAL
,7,79,an hundred and thirty shekels,CARDINAL
,7,79,one,CARDINAL
,7,79,seventy shekels,QUANTITY
,7,80,One,CARDINAL
,7,80,ten shekels,QUANTITY
,7,81,One,CARDINAL
,7,81,one,CARDINAL
,7,81,ram,PERSON
,7,81,one,CARDINAL
,7,81,the first year,DATE
,7,82,One,CARDINAL
,7,83,two,CARDINAL
,7,83,five,CARDINAL
,7,83,five,CARDINAL
,7,83,five,CARDINAL
,7,83,the first year,DATE
,7,83,Ahira,PERSON
,7,83,Enan,EVENT
,7,84,the day,DATE
,7,84,Israel,GPE
,7,84,twelve,CARDINAL
,7,84,twelve,CARDINAL
,7,84,twelve,CARDINAL
,7,85,an hundred and thirty shekels,CARDINAL
,7,85,seventy,CARDINAL
,7,85,two thousand and four hundred shekels,CARDINAL
,7,86,twelve,CARDINAL
,7,86,ten shekels,QUANTITY
,7,86,an hundred and twenty shekels,CARDINAL
,7,87,twelve,CARDINAL
,7,87,twelve,CARDINAL
,7,87,the first year twelve,DATE
,7,88,twenty and four,CARDINAL
,7,88,sixty,CARDINAL
,7,88,sixty,CARDINAL
,7,88,the first year sixty,DATE
,7,89,Moses,PERSON
,7,89,ark,PERSON
,7,89,two,CARDINAL
,8,1,Moses,PERSON
,8,2,Aaron,PERSON
,8,2,seven,CARDINAL
,8,2,candlestick,FAC
,8,3,Aaron,PERSON
,8,3,so,PERSON
,8,3,Moses,PERSON
,8,4,candlestick,FAC
,8,4,Moses,PERSON
,8,4,so,PERSON
,8,4,candlestick,FAC
,8,5,Moses,PERSON
,8,6,Levites,ORG
,8,6,Israel,GPE
,8,7,so,PERSON
,8,9,Levites,ORG
,8,9,Israel,GPE
,8,10,Levites,ORG
,8,10,Israel,GPE
,8,10,put,PERSON
,8,10,Levites,PRODUCT
,8,11,Aaron,PERSON
,8,11,Levites,ORG
,8,11,Israel,GPE
,8,12,Levites,ORG
,8,12,Levites,PRODUCT
,8,13,Levites,ORG
,8,13,Aaron,PERSON
,8,14,Levites,ORG
,8,14,Israel,GPE
,8,14,Levites,ORG
,8,15,Levites,ORG
,8,16,Israel,GPE
,8,16,Israel,GPE
,8,17,Israel,GPE
,8,17,on,PERSON
,8,17,the day,DATE
,8,17,Egypt,GPE
,8,18,Levites,ORG
,8,18,Israel,GPE
,8,19,Levites,ORG
,8,19,Aaron,PERSON
,8,19,Israel,GPE
,8,19,Israel,GPE
,8,19,Israel,GPE
,8,19,Israel,GPE
,8,19,Israel,GPE
,8,20,Moses,PERSON
,8,20,Aaron,PERSON
,8,20,Israel,GPE
,8,20,Levites,ORG
,8,20,Moses,PERSON
,8,20,Levites,ORG
,8,20,so,PERSON
,8,20,Israel,GPE
,8,21,Levites,ORG
,8,21,Aaron,PERSON
,8,21,Aaron,PERSON
,8,22,Levites,ORG
,8,22,Aaron,PERSON
,8,22,Moses,PERSON
,8,22,Levites,ORG
,8,22,so,PERSON
,8,23,Moses,PERSON
,8,24,Levites,ORG
,8,24,twenty and five years old,DATE
,8,25,the age of fifty years,DATE
,8,26,Levites,ORG
,9,1,Moses,PERSON
,9,1,Sinai,GPE
,9,1,the first month of the second year,DATE
,9,1,Egypt,GPE
,9,2,Israel,GPE
,9,3,the fourteenth day of this month,DATE
,9,4,Moses,PERSON
,9,4,Israel,GPE
,9,5,on,PERSON
,9,5,the fourteenth day of the first month,DATE
,9,5,Sinai,GPE
,9,5,Moses,PERSON
,9,5,so,PERSON
,9,5,Israel,GPE
,9,6,on,PERSON
,9,6,that day,DATE
,9,6,Moses,PERSON
,9,6,Aaron,PERSON
,9,6,on,PERSON
,9,7,Israel,GPE
,9,8,Moses,PERSON
,9,9,Moses,PERSON
,9,10,Israel,GPE
,9,11,The fourteenth day of the second month,DATE
,9,12,the morning,TIME
,9,14,so,PERSON
,9,14,one,CARDINAL
,9,15,on,PERSON
,9,15,the day,DATE
,9,15,the morning,TIME
,9,16,So,PERSON
,9,16,day,DATE
,9,16,night,TIME
,9,17,Israel,GPE
,9,17,Israel,GPE
,9,18,Israel,GPE
,9,19,Israel,GPE
,9,20,so,PERSON
,9,20,a few days,DATE
,9,21,so,PERSON
,9,21,the morning,TIME
,9,21,day,DATE
,9,22,two days,DATE
,9,22,a month,DATE
,9,22,a year,DATE
,9,22,Israel,GPE
,9,23,Moses,PERSON
,10,1,Moses,PERSON
,10,2,two,CARDINAL
,10,4,one,CARDINAL
,10,4,thousands,CARDINAL
,10,4,Israel,GPE
,10,5,on,PERSON
,10,6,second,ORDINAL
,10,6,on,PERSON
,10,8,Aaron,PERSON
,10,10,the day,DATE
,10,10,months,DATE
,10,11,on,PERSON
,10,11,the twentieth day,DATE
,10,11,the second year,DATE
,10,12,Israel,GPE
,10,12,Sinai,GPE
,10,12,Paran,FAC
,10,13,first,ORDINAL
,10,13,Moses,PERSON
,10,14,first,ORDINAL
,10,14,Judah,PERSON
,10,14,Nahshon,PERSON
,10,14,Amminadab,ORG
,10,15,Issachar,PERSON
,10,15,Nethaneel,PERSON
,10,15,Zuar,PERSON
,10,16,Zebulun,GPE
,10,16,Eliab,PERSON
,10,16,Helon,PRODUCT
,10,17,Gershon,PERSON
,10,17,Merari,ORG
,10,18,Reuben,PERSON
,10,18,Elizur,PERSON
,10,18,Shedeur,ORG
,10,19,Simeon,PERSON
,10,19,Shelumiel,PERSON
,10,19,Zurishaddai,ORG
,10,20,Gad,PERSON
,10,20,Eliasaph,ORG
,10,20,Deuel,PERSON
,10,21,Kohathites,GPE
,10,22,Ephraim,GPE
,10,22,Elishama,PERSON
,10,22,Ammihud,ORG
,10,23,Manasseh,NORP
,10,23,Gamaliel,PERSON
,10,23,Pedahzur,ORG
,10,24,Benjamin,PERSON
,10,24,Abidan,PERSON
,10,24,Gideoni,ORG
,10,25,Dan,PERSON
,10,25,Ahiezer,ORG
,10,25,Ammishaddai,FAC
,10,26,Asher,PERSON
,10,26,Pagiel,PERSON
,10,26,Ocran,ORG
,10,27,Naphtali,GPE
,10,27,Ahira,PERSON
,10,27,Enan,EVENT
,10,28,Israel,GPE
,10,29,Moses,PERSON
,10,29,Hobab,PERSON
,10,29,Midianite,PERSON
,10,29,Moses,PERSON
,10,29,Israel,GPE
,10,33,three days',DATE
,10,33,ark,PERSON
,10,33,the three days',DATE
,10,35,ark,GPE
,10,35,Moses,PERSON
,10,35,Rise,PERSON
,10,36,the many thousands,CARDINAL
,10,36,Israel,GPE
,11,2,Moses,PERSON
,11,2,Moses,PERSON
,11,3,Taberah,PERSON
,11,4,Israel,GPE
,11,5,Egypt,GPE
,11,10,Moses,PERSON
,11,10,Moses,PERSON
,11,11,Moses,PERSON
,11,16,Moses,PERSON
,11,16,Gather,PERSON
,11,16,seventy,CARDINAL
,11,16,Israel,GPE
,11,17,put,PERSON
,11,18,Egypt,GPE
,11,19,one day,DATE
,11,19,two days,DATE
,11,19,five days,DATE
,11,19,ten days,DATE
,11,19,twenty days,DATE
,11,20,a whole month,DATE
,11,20,Egypt,GPE
,11,21,Moses,PERSON
,11,21,six hundred thousand,CARDINAL
,11,23,Moses,PERSON
,11,24,Moses,PERSON
,11,24,seventy,CARDINAL
,11,25,seventy,CARDINAL
,11,26,two,CARDINAL
,11,26,Eldad,PERSON
,11,26,Medad,PERSON
,11,27,Moses,PERSON
,11,27,Eldad,PERSON
,11,27,Medad,PERSON
,11,28,Joshua,PERSON
,11,28,Nun,PERSON
,11,28,Moses,PERSON
,11,28,one,CARDINAL
,11,28,Moses,PERSON
,11,29,Moses,PERSON
,11,29,Enviest,PERSON
,11,29,put,PERSON
,11,30,Moses gat,PERSON
,11,30,Israel,GPE
,11,31,day,DATE
,11,31,on,PERSON
,11,31,day,DATE
,11,31,on,PERSON
,11,31,two,CARDINAL
,11,32,the next day,DATE
,11,32,ten,CARDINAL
,11,34,Kibrothhattaavah,GPE
,11,35,Kibrothhattaavah,GPE
,11,35,Hazeroth,PERSON
,11,35,Hazeroth,PERSON
,12,1,Miriam,PERSON
,12,1,Aaron,PERSON
,12,1,Moses,PERSON
,12,1,Ethiopian,NORP
,12,1,Ethiopian,NORP
,12,2,Moses,PERSON
,12,3,Moses,PERSON
,12,4,Moses,PERSON
,12,4,Aaron,PERSON
,12,4,Miriam,PERSON
,12,4,three,CARDINAL
,12,4,three,CARDINAL
,12,5,Aaron,PERSON
,12,5,Miriam,PERSON
,12,7,Moses,PERSON
,12,7,so,PERSON
,12,8,Moses,PERSON
,12,10,Miriam,PERSON
,12,10,Aaron,PERSON
,12,10,Miriam,PERSON
,12,11,Aaron,PERSON
,12,11,Moses,PERSON
,12,12,one,CARDINAL
,12,12,half,CARDINAL
,12,13,Moses,PERSON
,12,14,Moses,PERSON
,12,14,seven days,DATE
,12,14,seven days,DATE
,12,15,Miriam,PERSON
,12,15,seven days,DATE
,12,15,Miriam,PERSON
,12,16,Hazeroth,PERSON
,12,16,Paran,FAC
,13,1,Moses,PERSON
,13,2,Canaan,GPE
,13,2,Israel,GPE
,13,3,Moses,PERSON
,13,3,Paran,FAC
,13,3,Israel,GPE
,13,4,Reuben,PERSON
,13,4,Shammua,PERSON
,13,4,Zaccur,LOC
,13,5,Simeon,PERSON
,13,5,Shaphat,PERSON
,13,5,Hori,ORG
,13,6,Judah,PERSON
,13,6,Caleb,PERSON
,13,6,Jephunneh,ORG
,13,7,Issachar,WORK_OF_ART
,13,7,Igal,PERSON
,13,7,Joseph,PERSON
,13,8,Ephraim,PERSON
,13,8,Oshea,PERSON
,13,8,Nun,PERSON
,13,9,"Benjamin, Palti the",ORG
,13,9,Raphu,PERSON
,13,10,Zebulun,GPE
,13,10,Gaddiel,PERSON
,13,10,Sodi,ORG
,13,11,Joseph,PERSON
,13,11,Manasseh,GPE
,13,11,Gaddi,PERSON
,13,11,Susi,PERSON
,13,12,Dan,PERSON
,13,12,Ammiel,PERSON
,13,12,Gemalli,PERSON
,13,13,Asher,PERSON
,13,13,Sethur,PERSON
,13,13,Michael,PERSON
,13,14,Naphtali,GPE
,13,14,Nahbi,PERSON
,13,14,Vophsi,GPE
,13,15,"Gad, Geuel",ORG
,13,15,Machi,LOC
,13,16,Moses,PERSON
,13,16,Moses,PERSON
,13,16,Oshea,PERSON
,13,16,Nun Jehoshua,PERSON
,13,17,Moses,PERSON
,13,17,Canaan,GPE
,13,21,So,PERSON
,13,21,Zin unto Rehob,PERSON
,13,21,Hamath,NORP
,13,22,Hebron,GPE
,13,22,Ahiman,PERSON
,13,22,Sheshai,GPE
,13,22,Talmai,ORG
,13,22,Anak,PERSON
,13,22,Hebron,GPE
,13,22,seven years,DATE
,13,22,Zoan,PERSON
,13,22,Egypt,GPE
,13,23,the brook of,LOC
,13,23,Eshcol,LOC
,13,23,one,CARDINAL
,13,23,between two,CARDINAL
,13,24,the brook Eshcol,LOC
,13,24,Israel,GPE
,13,25,forty days,DATE
,13,26,Moses,PERSON
,13,26,Aaron,PERSON
,13,26,Israel,GPE
,13,26,Paran,GPE
,13,26,Kadesh,ORG
,13,28,Anak,PERSON
,13,29,Amalekites,GPE
,13,29,Hittites,NORP
,13,29,Jebusites,LOC
,13,29,Amorites,ORG
,13,29,Canaanites,NORP
,13,29,Jordan,GPE
,13,30,Caleb,PERSON
,13,30,Moses,PERSON
,13,32,Israel,GPE
,13,33,Anak,PERSON
,13,33,so,PERSON
,14,1,that night,TIME
,14,2,Israel,GPE
,14,2,Moses,PERSON
,14,2,Aaron,PERSON
,14,2,Egypt,GPE
,14,3,Egypt,GPE
,14,4,one,CARDINAL
,14,4,Egypt,GPE
,14,5,Moses,PERSON
,14,5,Aaron,PERSON
,14,5,on,PERSON
,14,5,Israel,GPE
,14,6,Joshua,PERSON
,14,6,Nun,PERSON
,14,6,Caleb,PERSON
,14,6,Jephunneh,ORG
,14,7,Israel,GPE
,14,10,Israel,GPE
,14,11,Moses,PERSON
,14,13,Moses,PERSON
,14,13,Egyptians,NORP
,14,14,day,DATE
,14,14,night,TIME
,14,15,one,CARDINAL
,14,18,third,ORDINAL
,14,18,fourth,ORDINAL
,14,19,Egypt,GPE
,14,22,Egypt,GPE
,14,22,ten,CARDINAL
,14,24,Caleb,PERSON
,14,25,Amalekites,GPE
,14,25,Canaanites,NORP
,14,25,Tomorrow,DATE
,14,25,the Red sea,LOC
,14,26,Moses,PERSON
,14,26,Aaron,PERSON
,14,27,Israel,GPE
,14,28,so,PERSON
,14,29,twenty years old,DATE
,14,30,Caleb,PERSON
,14,30,Jephunneh,ORG
,14,30,Joshua,PERSON
,14,30,Nun,PERSON
,14,33,forty years,DATE
,14,34,the days,DATE
,14,34,forty days,DATE
,14,34,each day,DATE
,14,34,forty years,DATE
,14,36,Moses,PERSON
,14,38,Joshua,PERSON
,14,38,Nun,PERSON
,14,38,Caleb,PERSON
,14,38,Jephunneh,ORG
,14,39,Moses,PERSON
,14,39,Israel,GPE
,14,40,early in the morning,TIME
,14,40,gat,ORG
,14,40,Lo,PERSON
,14,41,Moses,PERSON
,14,43,Amalekites,GPE
,14,43,Canaanites,NORP
,14,44,ark,PERSON
,14,44,Moses,PERSON
,14,45,Amalekites,GPE
,14,45,Canaanites,ORG
,14,45,Hormah,GPE
,15,1,Moses,PERSON
,15,2,Israel,GPE
,15,4,tenth,ORDINAL
,15,4,fourth,ORDINAL
,15,5,fourth,ORDINAL
,15,5,one,CARDINAL
,15,6,ram,PERSON
,15,6,two,CARDINAL
,15,6,third,ORDINAL
,15,7,third,ORDINAL
,15,9,three tenth,CARDINAL
,15,9,half,CARDINAL
,15,10,half,CARDINAL
,15,11,one,CARDINAL
,15,11,one,CARDINAL
,15,11,ram,PERSON
,15,12,so,PERSON
,15,14,so,PERSON
,15,15,One,CARDINAL
,15,15,so,PERSON
,15,16,One,CARDINAL
,15,16,one,CARDINAL
,15,17,Moses,PERSON
,15,18,Israel,GPE
,15,20,first,ORDINAL
,15,20,so,PERSON
,15,21,first,ORDINAL
,15,22,Moses,PERSON
,15,23,Moses,PERSON
,15,23,the day,DATE
,15,23,Moses,PERSON
,15,24,one,CARDINAL
,15,24,one,CARDINAL
,15,25,Israel,GPE
,15,26,Israel,GPE
,15,27,the first year,DATE
,15,29,one,CARDINAL
,15,29,Israel,GPE
,15,32,Israel,GPE
,15,33,Moses,PERSON
,15,33,Aaron,PERSON
,15,34,put,PERSON
,15,35,Moses,PERSON
,15,35,put,PERSON
,15,35,death,PERSON
,15,36,Moses,PERSON
,15,37,Moses,PERSON
,15,38,Israel,GPE
,15,38,put,PERSON
,15,41,Egypt,GPE
,16,1,Korah,PERSON
,16,1,Izhar,ORG
,16,1,Kohath,PERSON
,16,1,Levi,PERSON
,16,1,Dathan,GPE
,16,1,Abiram,ORG
,16,1,Eliab,PERSON
,16,1,On,PERSON
,16,1,Peleth,GPE
,16,1,Reuben,PERSON
,16,2,Moses,PERSON
,16,2,Israel,GPE
,16,2,two hundred and fifty,CARDINAL
,16,3,Moses,PERSON
,16,3,Aaron,PERSON
,16,3,Ye,PERSON
,16,4,Moses,PERSON
,16,5,Korah,PERSON
,16,6,Korah,GPE
,16,7,put,PERSON
,16,7,put,PERSON
,16,7,Levi,PERSON
,16,8,Moses,PERSON
,16,8,Korah,PERSON
,16,8,Levi,PERSON
,16,9,Seemeth,PERSON
,16,9,Israel,GPE
,16,9,Israel,GPE
,16,10,Levi,PERSON
,16,11,Aaron,PERSON
,16,12,Moses,PERSON
,16,12,Dathan,PERSON
,16,12,Abiram,ORG
,16,12,Eliab,PERSON
,16,14,put,PERSON
,16,15,Moses,PERSON
,16,15,one,CARDINAL
,16,15,one,CARDINAL
,16,16,Moses,PERSON
,16,16,Korah,PERSON
,16,16,Aaron,PERSON
,16,17,put,PERSON
,16,17,two hundred and fifty,CARDINAL
,16,17,Aaron,PERSON
,16,18,put,PERSON
,16,18,Moses,PERSON
,16,18,Aaron,PERSON
,16,19,Korah,PERSON
,16,20,Moses,PERSON
,16,20,Aaron,PERSON
,16,22,one,CARDINAL
,16,23,Moses,PERSON
,16,24,Korah,GPE
,16,24,Dathan,GPE
,16,24,Abiram,PERSON
,16,25,Moses,PERSON
,16,25,Dathan,PERSON
,16,25,Abiram,ORG
,16,25,Israel,GPE
,16,26,Depart,PERSON
,16,27,So,PERSON
,16,27,the tabernacle of,ORG
,16,27,Korah,GPE
,16,27,Dathan,GPE
,16,27,Abiram,PERSON
,16,27,on,PERSON
,16,27,Dathan,PERSON
,16,27,Abiram,PERSON
,16,28,Moses,PERSON
,16,29,death,PERSON
,16,32,Korah,PERSON
,16,34,Israel,GPE
,16,35,two hundred and fifty,CARDINAL
,16,36,Moses,PERSON
,16,37,Eleazar,PERSON
,16,37,Aaron,PERSON
,16,38,Israel,GPE
,16,39,Eleazar,PERSON
,16,40,Israel,GPE
,16,40,Aaron,PERSON
,16,40,Korah,GPE
,16,40,Moses,PERSON
,16,41,on,PERSON
,16,41,Israel,GPE
,16,41,Moses,PERSON
,16,41,Aaron,PERSON
,16,41,Ye,PERSON
,16,42,Moses,PERSON
,16,42,Aaron,PERSON
,16,43,Moses,PERSON
,16,43,Aaron,PERSON
,16,44,Moses,PERSON
,16,46,Moses,PERSON
,16,46,Aaron,PERSON
,16,46,put,PERSON
,16,46,put,PERSON
,16,46,on,PERSON
,16,47,Aaron,PERSON
,16,47,Moses,PERSON
,16,47,put,PERSON
,16,47,on,PERSON
,16,49,fourteen thousand and seven hundred,CARDINAL
,16,49,Korah,GPE
,16,50,Aaron,PERSON
,16,50,Moses,PERSON
,17,1,Moses,PERSON
,17,2,Israel,GPE
,17,2,twelve,CARDINAL
,17,3,Aaron,PERSON
,17,3,Levi,PERSON
,17,3,one,CARDINAL
,17,5,Israel,GPE
,17,6,Moses,PERSON
,17,6,Israel,GPE
,17,6,twelve,CARDINAL
,17,6,Aaron,PERSON
,17,7,Moses,PERSON
,17,8,on,PERSON
,17,8,Moses,PERSON
,17,8,Aaron,PERSON
,17,8,Levi,PERSON
,17,9,Moses,PERSON
,17,9,Israel,GPE
,17,10,Moses,PERSON
,17,10,Bring Aaron's,PERSON
,17,11,Moses,PERSON
,17,11,so,PERSON
,17,11,so,PERSON
,17,12,Israel,GPE
,17,12,Moses,PERSON
,17,12,Behold,PERSON
,18,1,Aaron,PERSON
,18,1,Thou,PERSON
,18,2,Levi,PERSON
,18,5,Israel,GPE
,18,6,Levites,ORG
,18,6,Israel,GPE
,18,7,vail,GPE
,18,7,put,PERSON
,18,7,death,PERSON
,18,8,Aaron,PERSON
,18,8,Israel,GPE
,18,11,Israel,GPE
,18,13,first,ORDINAL
,18,13,thine house,ORG
,18,14,Israel,GPE
,18,16,month,DATE
,18,16,five shekels,MONEY
,18,16,twenty,CARDINAL
,18,19,Israel,GPE
,18,20,Aaron,PERSON
,18,20,Israel,GPE
,18,21,Levi,PERSON
,18,21,tenth,ORDINAL
,18,21,Israel,GPE
,18,22,Israel,GPE
,18,23,Levites,ORG
,18,23,Israel,GPE
,18,24,Israel,GPE
,18,24,Levites,ORG
,18,24,Israel,GPE
,18,25,Moses,PERSON
,18,26,Levites,ORG
,18,26,Israel,GPE
,18,26,tenth,ORDINAL
,18,28,Israel,GPE
,18,28,Aaron,PERSON
,18,30,Levites,ORG
,18,32,Israel,GPE
,19,1,Moses,PERSON
,19,1,Aaron,PERSON
,19,2,Israel,GPE
,19,3,Eleazar,PERSON
,19,3,one,CARDINAL
,19,4,Eleazar,PERSON
,19,4,seven,CARDINAL
,19,5,one,CARDINAL
,19,9,Israel,GPE
,19,10,Israel,GPE
,19,11,seven days,DATE
,19,12,on,PERSON
,19,12,the third day,DATE
,19,12,on,PERSON
,19,12,the seventh day,DATE
,19,12,the third day,DATE
,19,12,the seventh day,DATE
,19,13,Israel,GPE
,19,14,seven days,DATE
,19,16,seven days,DATE
,19,17,put,PERSON
,19,18,one,CARDINAL
,19,18,one,CARDINAL
,19,19,on,PERSON
,19,19,the third day,DATE
,19,19,on,PERSON
,19,19,the seventh day,DATE
,19,19,on,PERSON
,19,19,the seventh day,DATE
,20,1,Israel,GPE
,20,1,Zin,PERSON
,20,1,the first month,DATE
,20,1,Kadesh,ORG
,20,1,Miriam,PERSON
,20,2,Moses,PERSON
,20,2,Aaron,PERSON
,20,3,Moses,PERSON
,20,5,Egypt,GPE
,20,6,Moses,PERSON
,20,6,Aaron,PERSON
,20,7,Moses,PERSON
,20,8,Aaron,PERSON
,20,8,so,PERSON
,20,9,Moses,PERSON
,20,10,Moses,PERSON
,20,10,Aaron,PERSON
,20,11,Moses,PERSON
,20,12,Moses,PERSON
,20,12,Aaron,PERSON
,20,12,Israel,GPE
,20,13,Israel,GPE
,20,14,Moses,PERSON
,20,14,Edom,ORG
,20,14,Israel,GPE
,20,15,Egypt,GPE
,20,15,Egypt,GPE
,20,15,Egyptians,NORP
,20,16,Egypt,GPE
,20,16,Kadesh,ORG
,20,18,Edom,PERSON
,20,19,Israel,GPE
,20,19,on,PERSON
,20,21,Israel,GPE
,20,21,Israel,GPE
,20,22,Israel,GPE
,20,22,Kadesh,ORG
,20,23,Moses,PERSON
,20,23,Aaron,PERSON
,20,23,Edom,ORG
,20,24,Aaron,PERSON
,20,24,Israel,GPE
,20,25,Aaron,PERSON
,20,25,Eleazar,PERSON
,20,26,Aaron,PERSON
,20,26,put,PERSON
,20,26,Eleazar,PERSON
,20,26,Aaron,PERSON
,20,27,Moses,PERSON
,20,28,Moses,PERSON
,20,28,Aaron,PERSON
,20,28,put,PERSON
,20,28,Eleazar,PERSON
,20,28,Aaron,PERSON
,20,28,Moses,PERSON
,20,28,Eleazar,PERSON
,20,29,Aaron,PERSON
,20,29,Aaron,PERSON
,20,29,thirty days,DATE
,20,29,Israel,GPE
,21,1,Arad,GPE
,21,1,Canaanite,NORP
,21,1,Israel,GPE
,21,1,Israel,GPE
,21,2,Israel,GPE
,21,3,Israel,GPE
,21,3,Canaanites,ORG
,21,3,Hormah,GPE
,21,4,the Red sea,LOC
,21,5,Moses,PERSON
,21,5,Egypt,GPE
,21,6,Israel,GPE
,21,7,Moses,PERSON
,21,7,Moses,PERSON
,21,8,Moses,PERSON
,21,9,Moses,PERSON
,21,9,put,PERSON
,21,10,Israel,GPE
,21,10,Oboth,GPE
,21,11,Oboth,GPE
,21,11,Ijeabarim,ORG
,21,11,Moab,LOC
,21,12,Zared,GPE
,21,13,on,PERSON
,21,13,Arnon,PERSON
,21,13,Amorites,NORP
,21,13,Arnon,PERSON
,21,13,Moab,GPE
,21,13,Moab,GPE
,21,13,Amorites,LOC
,21,14,the Red sea,LOC
,21,14,brooks,LOC
,21,14,Arnon,PERSON
,21,15,brooks,LOC
,21,15,Moab,GPE
,21,16,Moses,PERSON
,21,16,Gather,PERSON
,21,17,Israel,GPE
,21,17,Spring,DATE
,21,18,Mattanah,PERSON
,21,19,Mattanah,PERSON
,21,19,Nahaliel,PERSON
,21,20,Bamoth,PERSON
,21,20,Moab,GPE
,21,20,Pisgah,GPE
,21,20,Jeshimon,GPE
,21,21,Israel,GPE
,21,21,Sihon,PERSON
,21,21,Amorites,ORG
,21,23,Sihon,ORG
,21,23,Israel,GPE
,21,23,Sihon,ORG
,21,23,Israel,GPE
,21,23,Jahaz,PERSON
,21,23,Israel,GPE
,21,24,Israel,GPE
,21,24,Arnon,PERSON
,21,24,Ammon,PERSON
,21,24,Ammon,PERSON
,21,25,Israel,GPE
,21,25,Israel,GPE
,21,25,Amorites,ORG
,21,25,Heshbon,PERSON
,21,26,Heshbon,PERSON
,21,26,Sihon,GPE
,21,26,Amorites,ORG
,21,26,Moab,GPE
,21,26,Arnon,PERSON
,21,27,Heshbon,PERSON
,21,27,Sihon,GPE
,21,28,Heshbon,PERSON
,21,28,Sihon,GPE
,21,28,Moab,PERSON
,21,28,Arnon,PERSON
,21,29,Moab,GPE
,21,29,Chemosh,PERSON
,21,29,Sihon,PERSON
,21,29,Amorites,LOC
,21,30,Heshbon,PERSON
,21,30,Dibon,PERSON
,21,30,Nophah,PERSON
,21,30,Medeba,PERSON
,21,31,Israel,GPE
,21,31,Amorites,LOC
,21,32,Moses,PERSON
,21,32,Jaazer,PERSON
,21,32,Amorites,GPE
,21,33,Bashan,PERSON
,21,33,Og,PERSON
,21,33,Bashan,PERSON
,21,33,Edrei,PERSON
,21,34,Moses,PERSON
,21,34,Sihon,PERSON
,21,34,Amorites,ORG
,21,34,Heshbon,PERSON
,21,35,So,PERSON
,22,1,Israel,GPE
,22,1,Moab,LOC
,22,1,on,PERSON
,22,1,Jordan,GPE
,22,1,Jericho,GPE
,22,2,Balak,PERSON
,22,2,Zippor,PERSON
,22,2,Israel,GPE
,22,2,Amorites,LOC
,22,3,Moab,GPE
,22,3,Moab,LOC
,22,3,Israel,GPE
,22,4,Moab,GPE
,22,4,Midian,PERSON
,22,4,Balak,PERSON
,22,4,Zippor,PERSON
,22,4,Moabites,ORG
,22,5,Balaam,PERSON
,22,5,Beor,PERSON
,22,5,Pethor,GPE
,22,5,Behold,PERSON
,22,5,Egypt,GPE
,22,7,Moab,GPE
,22,7,Midian,PERSON
,22,7,Balaam,PERSON
,22,7,Balak,PERSON
,22,8,Lodge,PERSON
,22,8,this night,TIME
,22,8,Moab,GPE
,22,8,Balaam,PERSON
,22,9,Balaam,PERSON
,22,10,Balaam,PERSON
,22,10,Balak,PERSON
,22,10,Zippor,PERSON
,22,10,Moab,GPE
,22,11,Egypt,GPE
,22,12,Balaam,PERSON
,22,13,Balaam,PERSON
,22,13,Balak,PERSON
,22,14,Moab,GPE
,22,14,Balak,PERSON
,22,14,Balaam,PERSON
,22,15,Balak,PERSON
,22,16,Balaam,PERSON
,22,16,Balak,PERSON
,22,16,Zippor,PERSON
,22,18,Balaam,PERSON
,22,18,Balak,PERSON
,22,18,Balak,PERSON
,22,19,this night,TIME
,22,20,Balaam,PERSON
,22,20,night,TIME
,22,21,Balaam,PERSON
,22,21,Moab,GPE
,22,22,two,CARDINAL
,22,23,Balaam,PERSON
,22,24,on,PERSON
,22,24,on,PERSON
,22,25,Balaam,PERSON
,22,27,Balaam,PERSON
,22,27,Balaam,PERSON
,22,28,Balaam,PERSON
,22,28,three,CARDINAL
,22,29,Balaam,PERSON
,22,30,Balaam,PERSON
,22,30,this day,DATE
,22,30,so,PERSON
,22,30,Nay,PERSON
,22,31,Balaam,PERSON
,22,31,on,PERSON
,22,32,three,CARDINAL
,22,33,three,CARDINAL
,22,34,Balaam,PERSON
,22,35,Balaam,PERSON
,22,35,So,PERSON
,22,35,Balaam,PERSON
,22,35,Balak,PERSON
,22,36,Balak,PERSON
,22,36,Balaam,PERSON
,22,36,Moab,GPE
,22,36,Arnon,PERSON
,22,37,Balak,PERSON
,22,37,Balaam,PERSON
,22,38,Balaam,PERSON
,22,38,Balak,PERSON
,22,38,Lo,PERSON
,22,39,Balaam,PERSON
,22,39,Balak,PERSON
,22,39,Kirjathhuzoth,PERSON
,22,40,Balak,PERSON
,22,40,Balaam,PERSON
,22,41,on,PERSON
,22,41,Balak,PERSON
,22,41,Balaam,PERSON
,22,41,Baal,PERSON
,23,1,Balaam,PERSON
,23,1,Balak,PERSON
,23,1,seven,CARDINAL
,23,1,seven,CARDINAL
,23,1,seven,CARDINAL
,23,2,Balak,PERSON
,23,2,Balaam,PERSON
,23,2,Balak,PERSON
,23,2,Balaam,PERSON
,23,2,on,PERSON
,23,2,ram,PERSON
,23,3,Balaam,PERSON
,23,3,Balak,PERSON
,23,4,Balaam,PERSON
,23,4,seven,CARDINAL
,23,4,ram,PERSON
,23,5,put,PERSON
,23,5,Balaam,PERSON
,23,5,Balak,PERSON
,23,6,Moab,GPE
,23,7,Balak,PERSON
,23,7,Moab,GPE
,23,7,Aram,PERSON
,23,7,Jacob,PERSON
,23,7,Israel,GPE
,23,10,Jacob,PERSON
,23,10,fourth,ORDINAL
,23,10,Israel,GPE
,23,10,death,PERSON
,23,11,Balak,PERSON
,23,11,Balaam,PERSON
,23,12,put,PERSON
,23,13,Balak,PERSON
,23,14,Zophim,LOC
,23,14,Pisgah,GPE
,23,14,seven,CARDINAL
,23,14,ram,PERSON
,23,14,on,PERSON
,23,15,Balak,PERSON
,23,16,Balaam,PERSON
,23,16,put,PERSON
,23,16,Balak,PERSON
,23,17,Moab,GPE
,23,17,Balak,PERSON
,23,18,Balak,PERSON
,23,18,Zippor,PERSON
,23,21,Jacob,PERSON
,23,21,Israel,GPE
,23,22,Egypt,GPE
,23,23,Jacob,PERSON
,23,23,Israel,GPE
,23,23,Jacob,PERSON
,23,23,Israel,GPE
,23,25,Balak,PERSON
,23,25,Balaam,PERSON
,23,26,Balaam,PERSON
,23,26,Balak,PERSON
,23,27,Balak,PERSON
,23,27,Balaam,PERSON
,23,28,Balak,PERSON
,23,28,Balaam,PERSON
,23,28,Peor,ORG
,23,28,Jeshimon,GPE
,23,29,Balaam,PERSON
,23,29,Balak,PERSON
,23,29,seven,CARDINAL
,23,29,seven,CARDINAL
,23,29,seven,CARDINAL
,23,30,Balak,PERSON
,23,30,Balaam,PERSON
,23,30,ram,PERSON
,23,30,on,PERSON
,24,1,Balaam,PERSON
,24,1,Israel,GPE
,24,2,Balaam,PERSON
,24,2,Israel,GPE
,24,3,Balaam,PERSON
,24,3,Beor,PERSON
,24,5,Jacob,PERSON
,24,5,Israel,GPE
,24,7,Agag,ORG
,24,8,Egypt,GPE
,24,9,Blessed,PERSON
,24,10,Balak,PERSON
,24,10,Balaam,PERSON
,24,10,Balak,PERSON
,24,10,Balaam,PERSON
,24,10,three,CARDINAL
,24,12,Balaam,PERSON
,24,12,Balak,PERSON
,24,13,Balak,PERSON
,24,14,the latter days,DATE
,24,15,Balaam,PERSON
,24,15,Beor,PERSON
,24,17,Star,ORG
,24,17,Jacob,PERSON
,24,17,Israel,GPE
,24,17,Moab,GPE
,24,17,Sheth,PERSON
,24,18,Seir,PERSON
,24,18,Israel,GPE
,24,19,Jacob,PERSON
,24,20,on,PERSON
,24,20,Amalek,PERSON
,24,20,Amalek,PERSON
,24,20,first,ORDINAL
,24,21,on,PERSON
,24,21,Kenites,ORG
,24,22,Kenite,ORG
,24,22,Asshur,ORG
,24,24,Chittim,PERSON
,24,24,Asshur,ORG
,24,24,Eber,PERSON
,24,25,Balaam,PERSON
,24,25,Balak,PERSON
,25,1,Israel,GPE
,25,1,Shittim,GPE
,25,1,Moab,GPE
,25,3,Israel,GPE
,25,3,Baalpeor,PERSON
,25,3,Israel,GPE
,25,4,Moses,PERSON
,25,4,Israel,GPE
,25,5,Moses,PERSON
,25,5,Israel,GPE
,25,5,Baalpeor,PERSON
,25,6,one,CARDINAL
,25,6,Israel,GPE
,25,6,Midianitish,NORP
,25,6,Moses,PERSON
,25,6,Israel,GPE
,25,7,Phinehas,PERSON
,25,7,Eleazar,PERSON
,25,7,Aaron,PERSON
,25,8,Israel,GPE
,25,8,Israel,GPE
,25,8,So,PERSON
,25,8,Israel,GPE
,25,9,twenty and four thousand,CARDINAL
,25,10,Moses,PERSON
,25,11,Phinehas,PERSON
,25,11,Eleazar,PERSON
,25,11,Aaron,PERSON
,25,11,Israel,GPE
,25,11,Israel,GPE
,25,12,Behold,PERSON
,25,13,Israel,GPE
,25,14,Israelite,NORP
,25,14,Midianitish,NORP
,25,14,Zimri,PERSON
,25,14,Salu,PERSON
,25,14,Simeonites,NORP
,25,15,Midianitish,NORP
,25,15,Cozbi,PERSON
,25,15,daughter,PERSON
,25,15,Zur,PERSON
,25,15,Midian,LOC
,25,16,Moses,PERSON
,25,17,Midianites,LOC
,25,18,Peor,ORG
,25,18,Cozbi,PERSON
,25,18,daughter,PERSON
,25,18,Midian,PERSON
,25,18,the day,DATE
,25,18,Peor,ORG
,26,1,Moses,PERSON
,26,1,Eleazar,PERSON
,26,1,Aaron,PERSON
,26,2,Israel,GPE
,26,2,twenty years old,DATE
,26,2,Israel,GPE
,26,3,Moses,PERSON
,26,3,Eleazar,PERSON
,26,3,Moab,GPE
,26,3,Jordan,GPE
,26,3,Jericho,GPE
,26,4,twenty years old,DATE
,26,4,Moses,PERSON
,26,4,Israel,GPE
,26,4,Egypt,GPE
,26,5,Reuben,PERSON
,26,5,Israel,GPE
,26,5,Reuben,PERSON
,26,5,Hanoch,PERSON
,26,5,Hanochites,NORP
,26,5,Pallu,ORG
,26,5,Palluites,ORG
,26,6,Hezron,ORG
,26,6,Carmi,GPE
,26,6,Carmites,PRODUCT
,26,7,forty and three thousand and seven hundred and thirty,CARDINAL
,26,8,Pallu,ORG
,26,8,Eliab,PERSON
,26,9,Eliab,PERSON
,26,9,Nemuel,PERSON
,26,9,Dathan,GPE
,26,9,Abiram,PERSON
,26,9,Dathan,GPE
,26,9,Abiram,ORG
,26,9,Moses,PERSON
,26,9,Aaron,PERSON
,26,9,Korah,GPE
,26,10,Korah,GPE
,26,10,two hundred and fifty,CARDINAL
,26,11,Korah,GPE
,26,12,Simeon,PERSON
,26,12,Nemuel,ORG
,26,12,Nemuelites,ORG
,26,12,Jamin,PERSON
,26,12,the Jaminites:,GPE
,26,12,Jachin,GPE
,26,13,Zerah,GPE
,26,13,Shaul,PERSON
,26,13,Shaulites,LOC
,26,14,Simeonites,PERSON
,26,14,twenty and two thousand and two hundred,CARDINAL
,26,15,Gad,PERSON
,26,15,Zephon,GPE
,26,15,Haggi,GPE
,26,15,Haggites,LOC
,26,15,Shuni,GPE
,26,15,Shunites,NORP
,26,16,Eri,PERSON
,26,17,Arod,PERSON
,26,17,Areli,GPE
,26,17,Arelites,LOC
,26,18,Gad,PERSON
,26,18,forty thousand and five hundred,CARDINAL
,26,19,Judah,PERSON
,26,19,Er,PERSON
,26,19,Onan,PERSON
,26,19,Er,PERSON
,26,19,Onan,PERSON
,26,19,Canaan,GPE
,26,20,Judah,PERSON
,26,20,Shelah,ORG
,26,20,Shelanites,ORG
,26,20,Pharez,PERSON
,26,20,Pharzites,NORP
,26,20,Zerah,GPE
,26,20,Zarhites,LOC
,26,21,Pharez,PERSON
,26,21,Hezron,ORG
,26,21,Hamul,GPE
,26,21,Hamulites,LOC
,26,22,Judah,PERSON
,26,22,threescore and sixteen thousand and five hundred,CARDINAL
,26,23,Issachar,WORK_OF_ART
,26,23,Tola,PERSON
,26,23,Pua,GPE
,26,23,Punites,PRODUCT
,26,24,Jashub,ORG
,26,24,Jashubites,ORG
,26,24,Shimron,ORG
,26,24,Shimronites,LOC
,26,25,Issachar,WORK_OF_ART
,26,25,threescore and four thousand and three hundred,CARDINAL
,26,26,Zebulun,PERSON
,26,26,Sered,PERSON
,26,26,Sardites,ORG
,26,26,Elon,ORG
,26,26,Elonites,ORG
,26,26,Jahleel,GPE
,26,26,Jahleelites,GPE
,26,27,Zebulunites,LOC
,26,27,threescore thousand and five hundred,CARDINAL
,26,28,Joseph,PERSON
,26,28,Manasseh,PERSON
,26,28,Ephraim,PERSON
,26,29,Manasseh,NORP
,26,29,Machir,LOC
,26,29,Machirites,PRODUCT
,26,29,Machir,LOC
,26,29,Gilead,PERSON
,26,29,Gilead,LOC
,26,29,Gileadites,LOC
,26,30,Gilead,PERSON
,26,30,Jeezer,PERSON
,26,30,Helek,ORG
,26,31,Asriel,PERSON
,26,31,Shechem,ORG
,26,32,Shemida,PERSON
,26,32,Hepher,ORG
,26,32,Hepherites,GPE
,26,33,Zelophehad,PERSON
,26,33,Hepher,ORG
,26,33,Zelophehad,GPE
,26,33,Mahlah,ORG
,26,33,Noah,PERSON
,26,33,Hoglah,ORG
,26,33,Milcah,PERSON
,26,33,Tirzah,PERSON
,26,34,Manasseh,GPE
,26,34,fifty and two thousand and seven hundred,CARDINAL
,26,35,Ephraim,PERSON
,26,35,Shuthelah,PERSON
,26,35,Shuthalhites,GPE
,26,35,Becher,PERSON
,26,35,Tahan,GPE
,26,35,Tahanites,ORG
,26,36,Shuthelah,PERSON
,26,36,Eran,PERSON
,26,36,Eranites,LOC
,26,37,Ephraim,PERSON
,26,37,thirty and two thousand and five hundred,CARDINAL
,26,37,Joseph,PERSON
,26,38,Benjamin,PERSON
,26,38,Bela,PERSON
,26,38,Ashbel,GPE
,26,38,Ahiram,PERSON
,26,38,Ahiramites,NORP
,26,39,Shupham,PERSON
,26,39,Hupham,PERSON
,26,39,Huphamites,LOC
,26,40,Bela,PERSON
,26,40,Ard,PERSON
,26,40,Naaman,PERSON
,26,40,Ard,PERSON
,26,40,Ardites,PERSON
,26,40,Naaman,PERSON
,26,40,Naamites,ORG
,26,41,Benjamin,PERSON
,26,41,forty and five thousand and six hundred,CARDINAL
,26,42,Dan,PERSON
,26,42,Shuham,LOC
,26,42,Shuhamites,LOC
,26,42,Dan,PERSON
,26,43,Shuhamites,LOC
,26,43,threescore and four thousand and four hundred,CARDINAL
,26,44,Asher,PERSON
,26,44,Jimna,GPE
,26,44,Jesui,ORG
,26,44,Beriah,ORG
,26,44,Beriites,LOC
,26,45,Beriah,PERSON
,26,45,Heber,GPE
,26,45,Malchiel,PERSON
,26,45,Malchielites,LOC
,26,46,daughter,PERSON
,26,46,Asher,PERSON
,26,46,Sarah,PERSON
,26,47,Asher,PERSON
,26,47,fifty and three thousand and four hundred,CARDINAL
,26,48,Naphtali,PERSON
,26,48,Jahzeel,PERSON
,26,48,Jahzeelites,FAC
,26,48,Guni,WORK_OF_ART
,26,49,Jezer,ORG
,26,49,Shillem,GPE
,26,49,Shillemites,LOC
,26,50,Naphtali,PERSON
,26,50,forty and five thousand and four hundred,CARDINAL
,26,51,Israel,GPE
,26,51,six hundred thousand and a thousand seven hundred and thirty,CARDINAL
,26,52,Moses,PERSON
,26,55,lot,PERSON
,26,56,lot,PERSON
,26,56,between many and,CARDINAL
,26,57,Levites,ORG
,26,57,Gershon,PERSON
,26,57,Kohath,GPE
,26,57,Merari,ORG
,26,57,Merarites,FAC
,26,58,Levites,ORG
,26,58,Libnites,GPE
,26,58,Hebronites,ORG
,26,58,Mahlites,LOC
,26,58,Mushites,ORG
,26,58,Korathites,GPE
,26,58,Kohath begat Amram,ORG
,26,59,Amram,ORG
,26,59,Jochebed,ORG
,26,59,daughter,PERSON
,26,59,Levi,PERSON
,26,59,Levi,PERSON
,26,59,Egypt,GPE
,26,59,Amram Aaron,PERSON
,26,59,Moses,PERSON
,26,59,Miriam,PERSON
,26,60,Aaron,PERSON
,26,60,Nadab,PERSON
,26,60,Abihu,PERSON
,26,60,Eleazar,PERSON
,26,60,Ithamar,PERSON
,26,61,Nadab,GPE
,26,61,Abihu,PERSON
,26,62,twenty and three thousand,CARDINAL
,26,62,month,DATE
,26,62,Israel,GPE
,26,62,Israel,GPE
,26,63,Moses,PERSON
,26,63,Eleazar,PERSON
,26,63,Israel,GPE
,26,63,Moab,GPE
,26,63,Jordan,GPE
,26,63,Jericho,GPE
,26,64,Moses,PERSON
,26,64,Aaron,PERSON
,26,64,Israel,GPE
,26,64,Sinai,GPE
,26,65,Caleb,PERSON
,26,65,Jephunneh,ORG
,26,65,Joshua,PERSON
,26,65,Nun,PERSON
,27,1,Zelophehad,GPE
,27,1,Hepher,PERSON
,27,1,Gilead,ORG
,27,1,Machir,LOC
,27,1,Manasseh,PERSON
,27,1,Manasseh,NORP
,27,1,Joseph,PERSON
,27,1,Mahlah,PERSON
,27,1,Noah,PERSON
,27,1,Hoglah,ORG
,27,1,Milcah,PERSON
,27,1,Tirzah,PERSON
,27,2,Moses,PERSON
,27,2,Eleazar,PERSON
,27,3,Korah,GPE
,27,5,Moses,PERSON
,27,6,Moses,PERSON
,27,7,Zelophehad,GPE
,27,8,Israel,GPE
,27,8,daughter,PERSON
,27,9,daughter,PERSON
,27,11,Israel,GPE
,27,11,Moses,PERSON
,27,12,Moses,PERSON
,27,12,Israel,GPE
,27,13,Aaron,PERSON
,27,14,Zin,PERSON
,27,14,Zin,PERSON
,27,15,Moses,PERSON
,27,18,Moses,PERSON
,27,18,Joshua,PERSON
,27,18,Nun,PERSON
,27,19,Eleazar,PERSON
,27,20,put,PERSON
,27,20,Israel,GPE
,27,21,Eleazar,PERSON
,27,21,Urim,ORG
,27,21,Israel,GPE
,27,22,Moses,PERSON
,27,22,Joshua,PERSON
,27,22,Eleazar,PERSON
,27,23,Moses,PERSON
,28,1,Moses,PERSON
,28,2,Israel,GPE
,28,2,season,DATE
,28,3,two,CARDINAL
,28,3,the first year,DATE
,28,4,one,CARDINAL
,28,4,the morning,TIME
,28,5,tenth,ORDINAL
,28,5,ephah,PERSON
,28,5,fourth,ORDINAL
,28,6,mount Sinai,LOC
,28,7,fourth,ORDINAL
,28,7,one,CARDINAL
,28,8,the morning,TIME
,28,9,on,PERSON
,28,9,two,CARDINAL
,28,9,the first year,DATE
,28,9,two tenth,CARDINAL
,28,11,months,DATE
,28,11,two,CARDINAL
,28,11,one,CARDINAL
,28,11,ram,PERSON
,28,11,seven,CARDINAL
,28,11,the first year,DATE
,28,12,three tenth,CARDINAL
,28,12,one,CARDINAL
,28,12,two tenth,CARDINAL
,28,12,one,CARDINAL
,28,12,ram,PERSON
,28,13,tenth,ORDINAL
,28,13,one,CARDINAL
,28,14,half,CARDINAL
,28,14,third,ORDINAL
,28,14,ram,PERSON
,28,14,fourth,ORDINAL
,28,14,every month,DATE
,28,14,the months of the year,DATE
,28,15,one,CARDINAL
,28,16,the fourteenth day of the first month,DATE
,28,17,the fifteenth day of this month,DATE
,28,17,seven days,DATE
,28,18,the first day,DATE
,28,19,two,CARDINAL
,28,19,one,CARDINAL
,28,19,ram,PERSON
,28,19,seven,CARDINAL
,28,19,the first year,DATE
,28,20,three,CARDINAL
,28,20,two tenth,CARDINAL
,28,20,ram,PERSON
,28,21,tenth,ORDINAL
,28,21,seven,CARDINAL
,28,22,one,CARDINAL
,28,23,the morning,TIME
,28,24,daily,DATE
,28,24,the seven days,DATE
,28,25,on,PERSON
,28,25,the seventh day,DATE
,28,26,the day,DATE
,28,26,weeks,DATE
,28,27,two,CARDINAL
,28,27,one,CARDINAL
,28,27,ram,PERSON
,28,27,seven,CARDINAL
,28,27,the first year,DATE
,28,28,three tenth,CARDINAL
,28,28,one,CARDINAL
,28,28,two tenth,CARDINAL
,28,28,one,CARDINAL
,28,28,ram,PERSON
,28,29,tenth,ORDINAL
,28,29,one,CARDINAL
,28,29,seven,CARDINAL
,28,30,one,CARDINAL
,29,1,the seventh month,DATE
,29,1,on,PERSON
,29,1,the first day of the month,DATE
,29,2,one,CARDINAL
,29,2,one,CARDINAL
,29,2,ram,PERSON
,29,2,seven,CARDINAL
,29,2,the first year,DATE
,29,3,three tenth,CARDINAL
,29,3,two tenth,CARDINAL
,29,3,ram,PERSON
,29,4,one tenth,CARDINAL
,29,4,one,CARDINAL
,29,4,seven,CARDINAL
,29,5,one,CARDINAL
,29,6,the month,DATE
,29,7,on,PERSON
,29,7,the tenth day of this seventh month,DATE
,29,8,one,CARDINAL
,29,8,one,CARDINAL
,29,8,ram,PERSON
,29,8,seven,CARDINAL
,29,8,the first year,DATE
,29,9,three tenth,CARDINAL
,29,9,two tenth,CARDINAL
,29,9,one,CARDINAL
,29,9,ram,PERSON
,29,10,tenth,ORDINAL
,29,10,one,CARDINAL
,29,10,seven,CARDINAL
,29,11,One,CARDINAL
,29,12,on,PERSON
,29,12,the fifteenth day of the seventh month,DATE
,29,12,seven days,DATE
,29,13,thirteen,CARDINAL
,29,13,two,CARDINAL
,29,13,fourteen,CARDINAL
,29,13,the first year,DATE
,29,14,three tenth,CARDINAL
,29,14,thirteen,CARDINAL
,29,14,two tenth,CARDINAL
,29,14,ram,PERSON
,29,14,two,CARDINAL
,29,15,tenth,ORDINAL
,29,15,fourteen,CARDINAL
,29,16,one,CARDINAL
,29,17,on,PERSON
,29,17,the second day,DATE
,29,17,twelve,CARDINAL
,29,17,two,CARDINAL
,29,17,fourteen,CARDINAL
,29,17,the first year,DATE
,29,19,one,CARDINAL
,29,20,on,PERSON
,29,20,the third day eleven,DATE
,29,20,two,CARDINAL
,29,20,fourteen,CARDINAL
,29,20,the first year,DATE
,29,22,one,CARDINAL
,29,23,on,PERSON
,29,23,the fourth day,DATE
,29,23,two,CARDINAL
,29,23,fourteen,CARDINAL
,29,23,the first year,DATE
,29,25,one,CARDINAL
,29,26,on,PERSON
,29,26,the fifth day,DATE
,29,26,two,CARDINAL
,29,26,fourteen,CARDINAL
,29,26,the first year,DATE
,29,28,one,CARDINAL
,29,29,on,PERSON
,29,29,the sixth day eight,DATE
,29,29,two,CARDINAL
,29,29,fourteen,CARDINAL
,29,29,the first year,DATE
,29,31,one,CARDINAL
,29,32,on,PERSON
,29,32,the seventh day,DATE
,29,32,seven,CARDINAL
,29,32,two,CARDINAL
,29,32,fourteen,CARDINAL
,29,32,the first year,DATE
,29,34,one,CARDINAL
,29,35,On,PERSON
,29,35,the eighth day,DATE
,29,36,one,CARDINAL
,29,36,one,CARDINAL
,29,36,ram,PERSON
,29,36,seven,CARDINAL
,29,36,the first year,DATE
,29,37,ram,PERSON
,29,38,one,CARDINAL
,29,40,Moses,PERSON
,29,40,Israel,GPE
,29,40,Moses,PERSON
,30,1,Moses,PERSON
,30,1,Israel,GPE
,30,5,the day,DATE
,30,7,the day,DATE
,30,8,on,PERSON
,30,8,the day,DATE
,30,12,on,PERSON
,30,12,the day,DATE
,30,14,the day,DATE
,30,16,Moses,PERSON
,30,16,daughter,PERSON
,31,1,Moses,PERSON
,31,2,Israel,GPE
,31,2,Midianites,NORP
,31,3,Moses,PERSON
,31,3,Midianites,LOC
,31,3,Midian,PERSON
,31,4,thousand,CARDINAL
,31,4,Israel,GPE
,31,5,So,PERSON
,31,5,thousands,CARDINAL
,31,5,Israel,GPE
,31,5,a thousand,CARDINAL
,31,5,twelve thousand,CARDINAL
,31,6,Moses,PERSON
,31,6,a thousand,CARDINAL
,31,6,Phinehas,PERSON
,31,6,Eleazar,PERSON
,31,7,Midianites,LOC
,31,7,Moses,PERSON
,31,8,Midian,PERSON
,31,8,Evi,PERSON
,31,8,Rekem,PERSON
,31,8,Zur,ORG
,31,8,Hur,PERSON
,31,8,Reba,ORG
,31,8,five,CARDINAL
,31,8,Midian,PERSON
,31,8,Balaam,PERSON
,31,8,Beor,PERSON
,31,9,Israel,GPE
,31,9,Midian,LOC
,31,12,Moses,PERSON
,31,12,Eleazar,PERSON
,31,12,Israel,GPE
,31,12,Moab,GPE
,31,12,Jordan,GPE
,31,12,Jericho,GPE
,31,13,Moses,PERSON
,31,13,Eleazar,PERSON
,31,14,Moses,PERSON
,31,14,thousands,CARDINAL
,31,14,hundreds,CARDINAL
,31,15,Moses,PERSON
,31,16,Israel,GPE
,31,16,Balaam,PERSON
,31,16,Peor,ORG
,31,19,seven days,DATE
,31,19,on,PERSON
,31,19,the third day,DATE
,31,19,on,PERSON
,31,19,the seventh day,DATE
,31,21,Eleazar,PERSON
,31,21,Moses,PERSON
,31,23,abideth,ORG
,31,24,on,PERSON
,31,24,the seventh day,DATE
,31,25,Moses,PERSON
,31,26,Eleazar,PERSON
,31,27,two,CARDINAL
,31,28,one,CARDINAL
,31,28,five hundred,CARDINAL
,31,29,half,CARDINAL
,31,29,Eleazar,PERSON
,31,30,Israel,GPE
,31,30,half,CARDINAL
,31,30,one,CARDINAL
,31,30,fifty,CARDINAL
,31,30,Levites,ORG
,31,31,Moses,PERSON
,31,31,Eleazar,PERSON
,31,31,Moses,PERSON
,31,32,six hundred thousand and seventy thousand and,DATE
,31,33,threescore and twelve thousand beeves,CARDINAL
,31,34,threescore and one thousand,CARDINAL
,31,35,thirty and two thousand,CARDINAL
,31,36,three hundred thousand and,CARDINAL
,31,36,thirty thousand and five hundred,CARDINAL
,31,37,six hundred and threescore and fifteen,CARDINAL
,31,38,thirty and six thousand,CARDINAL
,31,38,threescore and twelve,DATE
,31,39,thirty thousand and five hundred,CARDINAL
,31,40,sixteen thousand,CARDINAL
,31,40,thirty and two,CARDINAL
,31,41,Moses,PERSON
,31,41,Eleazar,PERSON
,31,41,Moses,PERSON
,31,42,Israel,GPE
,31,42,half,CARDINAL
,31,42,Moses,PERSON
,31,43,half,CARDINAL
,31,43,three hundred thousand and thirty thousand and seven thousand and,DATE
,31,44,thirty and six thousand beeves,CARDINAL
,31,45,thirty thousand,CARDINAL
,31,45,five hundred,CARDINAL
,31,46,sixteen thousand,CARDINAL
,31,47,Israel,GPE
,31,47,half,CARDINAL
,31,47,Moses,PERSON
,31,47,one,CARDINAL
,31,47,fifty,CARDINAL
,31,47,Levites,ORG
,31,47,Moses,PERSON
,31,48,over thousands,CARDINAL
,31,48,thousands,CARDINAL
,31,48,hundreds,CARDINAL
,31,48,Moses,PERSON
,31,49,Moses,PERSON
,31,49,one,CARDINAL
,31,51,Moses,PERSON
,31,51,Eleazar,PERSON
,31,52,thousands,CARDINAL
,31,52,hundreds,CARDINAL
,31,52,sixteen thousand seven hundred and fifty shekels,DATE
,31,54,Moses,PERSON
,31,54,Eleazar,PERSON
,31,54,thousands,CARDINAL
,31,54,hundreds,CARDINAL
,31,54,Israel,GPE
,32,1,Reuben,PERSON
,32,1,Gad,PERSON
,32,1,Jazer,GPE
,32,1,Gilead,ORG
,32,2,Gad,PERSON
,32,2,Reuben,PERSON
,32,2,Moses,PERSON
,32,2,Eleazar,PERSON
,32,3,Ataroth,GPE
,32,3,Dibon,ORG
,32,3,Jazer,PERSON
,32,3,Nimrah,PERSON
,32,3,Heshbon,PERSON
,32,3,Elealeh,ORG
,32,3,Shebam,PERSON
,32,3,Nebo,ORG
,32,3,Beon,PRODUCT
,32,4,Israel,GPE
,32,5,Jordan,GPE
,32,6,Moses,PERSON
,32,6,Gad,PERSON
,32,6,Reuben,PERSON
,32,7,Israel,GPE
,32,8,Kadeshbarnea,GPE
,32,9,Eshcol,LOC
,32,9,Israel,GPE
,32,11,Egypt,GPE
,32,11,twenty years old,DATE
,32,11,Abraham,PERSON
,32,11,Isaac,PERSON
,32,11,Jacob,PERSON
,32,12,Save Caleb,PERSON
,32,12,Jephunneh the Kenezite,ORG
,32,12,Joshua,PERSON
,32,12,Nun,PERSON
,32,13,Israel,GPE
,32,13,forty years,DATE
,32,14,Israel,GPE
,32,17,Israel,GPE
,32,18,Israel,GPE
,32,19,on,PERSON
,32,19,Jordan,GPE
,32,19,on,PERSON
,32,19,Jordan,GPE
,32,20,Moses,PERSON
,32,21,Jordan,GPE
,32,22,Israel,GPE
,32,23,so,PERSON
,32,25,Gad,PERSON
,32,25,Reuben,PERSON
,32,25,Moses,PERSON
,32,26,Gilead,ORG
,32,28,So,PERSON
,32,28,Moses,PERSON
,32,28,Eleazar,PERSON
,32,28,Joshua,PERSON
,32,28,Nun,PERSON
,32,28,Israel,GPE
,32,29,Moses,PERSON
,32,29,Gad,PERSON
,32,29,Reuben,PERSON
,32,29,Jordan,GPE
,32,29,Gilead,FAC
,32,30,Canaan,GPE
,32,31,Gad,PERSON
,32,31,Reuben,PERSON
,32,31,so,PERSON
,32,32,Canaan,GPE
,32,32,on,PERSON
,32,32,Jordan,GPE
,32,33,Moses,PERSON
,32,33,Gad,PERSON
,32,33,Reuben,PERSON
,32,33,half,CARDINAL
,32,33,Manasseh,NORP
,32,33,Joseph,PERSON
,32,33,Sihon,GPE
,32,33,Amorites,ORG
,32,33,Og,PERSON
,32,33,Bashan,PERSON
,32,34,Gad built Dibon,LOC
,32,34,Ataroth,GPE
,32,34,Aroer,GPE
,32,35,Atroth,PERSON
,32,35,Shophan,GPE
,32,35,Jaazer,PERSON
,32,35,Jogbehah,ORG
,32,36,Bethnimrah,PERSON
,32,36,Bethharan,ORG
,32,37,Reuben,PERSON
,32,37,Heshbon,PERSON
,32,37,Elealeh,ORG
,32,37,Kirjathaim,PERSON
,32,38,Nebo,ORG
,32,38,Baalmeon,ORG
,32,38,Shibmah,ORG
,32,39,Machir,LOC
,32,39,Manasseh,PERSON
,32,39,Gilead,ORG
,32,39,Amorite,PERSON
,32,40,Moses,PERSON
,32,40,Gilead,PERSON
,32,40,Machir,LOC
,32,40,Manasseh,PERSON
,32,41,Jair,PERSON
,32,41,Manasseh,PERSON
,32,41,Havothjair,PERSON
,32,42,Nobah,PERSON
,32,42,Kenath,ORG
,32,42,Nobah,PERSON
,33,1,Israel,GPE
,33,1,Egypt,GPE
,33,1,Moses,PERSON
,33,1,Aaron,PERSON
,33,2,Moses,PERSON
,33,3,Rameses,PERSON
,33,3,the first month,DATE
,33,3,on,PERSON
,33,3,the fifteenth day of the first month,DATE
,33,3,on,PERSON
,33,3,Israel,GPE
,33,3,Egyptians,NORP
,33,4,Egyptians,NORP
,33,5,Israel,GPE
,33,5,Rameses,PERSON
,33,5,Succoth,GPE
,33,6,Succoth,GPE
,33,6,Etham,PERSON
,33,7,Etham,PERSON
,33,7,Pihahiroth,PERSON
,33,7,Migdol,PERSON
,33,8,Pihahiroth,PERSON
,33,8,three days',DATE
,33,8,Marah,PERSON
,33,9,Marah,PERSON
,33,9,Elim,PRODUCT
,33,9,twelve,CARDINAL
,33,9,threescore and ten,CARDINAL
,33,10,Elim,PRODUCT
,33,10,the Red sea,LOC
,33,11,the Red sea,LOC
,33,11,Sin,ORG
,33,12,Sin,ORG
,33,12,Dophkah,GPE
,33,13,Dophkah,PERSON
,33,13,Alush,GPE
,33,14,Alush,GPE
,33,14,Rephidim,GPE
,33,15,Rephidim,ORG
,33,15,Sinai,GPE
,33,16,Sinai,GPE
,33,16,Kibrothhattaavah,GPE
,33,17,Kibrothhattaavah,GPE
,33,17,Hazeroth,PERSON
,33,18,Hazeroth,PERSON
,33,18,Rithmah,GPE
,33,19,Rithmah,GPE
,33,19,Rimmonparez,ORG
,33,20,Rimmonparez,ORG
,33,20,Libnah,PERSON
,33,21,Libnah,PERSON
,33,21,Rissah,PERSON
,33,22,Rissah,PERSON
,33,22,Kehelathah,ORG
,33,23,Kehelathah,ORG
,33,23,Shapher,PERSON
,33,24,Shapher,PERSON
,33,24,Haradah,GPE
,33,25,Haradah,PERSON
,33,25,Makheloth,GPE
,33,26,Makheloth,PERSON
,33,26,Tahath,ORG
,33,27,Tahath,ORG
,33,27,Tarah,ORG
,33,28,Tarah,ORG
,33,28,Mithcah,ORG
,33,29,Mithcah,ORG
,33,29,Hashmonah,GPE
,33,30,Moseroth,PERSON
,33,31,Moseroth,PERSON
,33,31,Benejaakan,NORP
,33,32,Benejaakan,NORP
,33,32,Horhagidgad,FAC
,33,33,Horhagidgad,ORG
,33,33,Jotbathah,GPE
,33,34,Jotbathah,GPE
,33,35,Ebronah,NORP
,33,36,Eziongaber,ORG
,33,36,Zin,PERSON
,33,36,Kadesh,ORG
,33,37,Kadesh,ORG
,33,37,Edom,GPE
,33,38,Aaron,PERSON
,33,38,the fortieth year,DATE
,33,38,Israel,GPE
,33,38,Egypt,GPE
,33,38,the first day of the fifth month,DATE
,33,39,Aaron,PERSON
,33,39,an hundred and twenty and,CARDINAL
,33,39,three years old,DATE
,33,39,mount Hor,LOC
,33,40,Arad,GPE
,33,40,Canaanite,NORP
,33,40,Canaan,GPE
,33,40,Israel,GPE
,33,41,mount Hor,PERSON
,33,41,Zalmonah,GPE
,33,42,Zalmonah,GPE
,33,42,Punon,PERSON
,33,43,Punon,PERSON
,33,43,Oboth,GPE
,33,44,Oboth,PERSON
,33,44,Ijeabarim,ORG
,33,44,Moab,GPE
,33,45,Iim,GPE
,33,45,Dibongad,GPE
,33,46,Dibongad,GPE
,33,46,Almondiblathaim,PERSON
,33,47,Almondiblathaim,PERSON
,33,47,Abarim,GPE
,33,47,Nebo,ORG
,33,48,Abarim,ORG
,33,48,Moab,GPE
,33,48,Jordan,GPE
,33,48,Jericho,GPE
,33,49,Jordan,GPE
,33,49,Bethjesimoth,GPE
,33,49,Abelshittim,PERSON
,33,49,Moab,GPE
,33,50,Moses,PERSON
,33,50,Moab,GPE
,33,50,Jordan,GPE
,33,50,Jericho,GPE
,33,51,Israel,GPE
,33,51,Jordan,GPE
,33,51,Canaan,GPE
,33,54,lot,PERSON
,33,54,lot,PERSON
,34,1,Moses,PERSON
,34,2,Israel,GPE
,34,2,Canaan,GPE
,34,2,Canaan,GPE
,34,3,Zin,PERSON
,34,3,Edom,GPE
,34,4,Akrabbim,PRODUCT
,34,4,on,PERSON
,34,4,Zin,PERSON
,34,4,Kadeshbarnea,GPE
,34,4,on,PERSON
,34,4,Hazaraddar,PRODUCT
,34,4,on,PERSON
,34,4,Azmon,PERSON
,34,5,Azmon,ORG
,34,5,Egypt,GPE
,34,8,Hamath,NORP
,34,8,Zedad,PERSON
,34,9,on,PERSON
,34,9,Ziphron,PERSON
,34,9,Hazarenan,PERSON
,34,10,Hazarenan to Shepham,GPE
,34,11,Shepham,ORG
,34,11,Riblah,ORG
,34,11,on,PERSON
,34,11,Ain,LOC
,34,11,Chinnereth,PERSON
,34,12,Jordan,GPE
,34,13,Moses,PERSON
,34,13,Israel,GPE
,34,13,lot,PERSON
,34,13,nine,CARDINAL
,34,13,half,CARDINAL
,34,14,Reuben,PERSON
,34,14,Gad,PERSON
,34,14,half,CARDINAL
,34,14,Manasseh,ORG
,34,15,two,CARDINAL
,34,15,half,CARDINAL
,34,15,on,PERSON
,34,15,Jordan,GPE
,34,15,Jericho,GPE
,34,16,Moses,PERSON
,34,17,Eleazar,PERSON
,34,17,Joshua,PERSON
,34,17,Nun,PERSON
,34,18,one,CARDINAL
,34,19,Judah,PERSON
,34,19,Caleb,PERSON
,34,19,Jephunneh,ORG
,34,20,Simeon,PERSON
,34,20,Shemuel,GPE
,34,20,Ammihud,ORG
,34,21,Benjamin,PERSON
,34,21,Elidad,PERSON
,34,21,Chislon,PRODUCT
,34,22,Dan,PERSON
,34,22,Bukki,PERSON
,34,22,Jogli,PERSON
,34,23,Joseph,PERSON
,34,23,Manasseh,GPE
,34,23,Hanniel,PERSON
,34,23,Ephod,PERSON
,34,24,Ephraim,PERSON
,34,24,Kemuel,PERSON
,34,24,Shiphtan,GPE
,34,25,Zebulun,GPE
,34,25,Elizaphan,GPE
,34,25,Parnach,PERSON
,34,26,Issachar,WORK_OF_ART
,34,26,Paltiel,PERSON
,34,26,Azzan,GPE
,34,27,Asher,PERSON
,34,27,Ahihud,PERSON
,34,27,Shelomi,PERSON
,34,28,Naphtali,GPE
,34,28,Pedahel,PERSON
,34,28,Ammihud,ORG
,34,29,Israel,GPE
,34,29,Canaan,GPE
,35,1,Moses,PERSON
,35,1,Moab,GPE
,35,1,Jordan,GPE
,35,1,Jericho,GPE
,35,2,Israel,GPE
,35,2,Levites,ORG
,35,2,Levites,ORG
,35,4,Levites,ORG
,35,4,a thousand cubits,CARDINAL
,35,5,on,PERSON
,35,5,two thousand cubits,DATE
,35,5,on,PERSON
,35,5,two thousand cubits,DATE
,35,5,on,PERSON
,35,5,two thousand cubits,DATE
,35,5,on,PERSON
,35,5,two thousand cubits,DATE
,35,6,Levites,ORG
,35,6,six,CARDINAL
,35,6,forty and two,CARDINAL
,35,7,So,PERSON
,35,7,Levites,ORG
,35,7,forty and eight,CARDINAL
,35,8,Israel,GPE
,35,8,Levites,ORG
,35,9,Moses,PERSON
,35,10,Israel,GPE
,35,10,Jordan,GPE
,35,10,Canaan,GPE
,35,13,six,CARDINAL
,35,14,three,CARDINAL
,35,14,on,PERSON
,35,14,Jordan,GPE
,35,14,three,CARDINAL
,35,14,Canaan,GPE
,35,15,six,CARDINAL
,35,15,Israel,GPE
,35,16,so,PERSON
,35,16,put,PERSON
,35,16,death,PERSON
,35,17,put,PERSON
,35,17,death,PERSON
,35,18,put,PERSON
,35,18,death,PERSON
,35,21,put,PERSON
,35,21,death,PERSON
,35,25,death,PERSON
,35,28,death,PERSON
,35,28,death,PERSON
,35,29,So,PERSON
,35,30,put,PERSON
,35,30,death,PERSON
,35,30,one,CARDINAL
,35,31,death,PERSON
,35,31,put,PERSON
,35,31,death,PERSON
,35,32,death,PERSON
,35,33,So,PERSON
,35,34,Israel,GPE
,36,1,Gilead,ORG
,36,1,Machir,LOC
,36,1,Manasseh,PERSON
,36,1,Joseph,PERSON
,36,1,Moses,PERSON
,36,1,Israel,GPE
,36,2,lot,PERSON
,36,2,Israel,GPE
,36,2,Zelophehad,GPE
,36,3,Israel,GPE
,36,3,put,PERSON
,36,3,so,PERSON
,36,3,lot,PERSON
,36,4,Israel,GPE
,36,4,put,PERSON
,36,4,so,PERSON
,36,5,Moses,PERSON
,36,5,Israel,GPE
,36,5,Joseph,PERSON
,36,6,Zelophehad,GPE
,36,7,So,PERSON
,36,7,Israel,GPE
,36,7,Israel,GPE
,36,8,daughter,PERSON
,36,8,Israel,GPE
,36,8,one,CARDINAL
,36,8,Israel,GPE
,36,9,one,CARDINAL
,36,9,Israel,GPE
,36,10,Moses,PERSON
,36,10,so,PERSON
,36,10,Zelophehad,PERSON
,36,11,Mahlah,ORG
,36,11,Tirzah,GPE
,36,11,Hoglah,ORG
,36,11,Milcah,PERSON
,36,11,Noah,PERSON
,36,11,Zelophehad,GPE
,36,12,Manasseh,NORP
,36,12,Joseph,PERSON
,36,13,Moses,PERSON
,36,13,Israel,GPE
,36,13,Moab,GPE
,36,13,Jordan,GPE
,36,13,Jericho,GPE
,1,1,Moses,PERSON
,1,1,Israel,GPE
,1,1,on,PERSON
,1,1,Jordan,GPE
,1,1,the Red sea,LOC
,1,1,Paran,FAC
,1,1,Tophel,ORG
,1,1,Laban,PERSON
,1,1,Hazeroth,PERSON
,1,1,Dizahab,PERSON
,1,2,eleven days',DATE
,1,2,Horeb,LOC
,1,2,Seir,PERSON
,1,3,the fortieth year,DATE
,1,3,the eleventh month,DATE
,1,3,on,PERSON
,1,3,the first day of the month,DATE
,1,3,Moses,PERSON
,1,3,Israel,GPE
,1,4,Sihon,PERSON
,1,4,Amorites,ORG
,1,4,Heshbon,PERSON
,1,4,Og,PERSON
,1,4,Bashan,PERSON
,1,4,Astaroth,PERSON
,1,4,Edrei,PERSON
,1,5,On,PERSON
,1,5,Jordan,GPE
,1,5,Moab,GPE
,1,5,Moses,PERSON
,1,6,Horeb,GPE
,1,6,Ye,PERSON
,1,7,Amorites,ORG
,1,7,Canaanites,NORP
,1,7,Lebanon,GPE
,1,7,Euphrates,LOC
,1,8,Abraham,PERSON
,1,8,Isaac,PERSON
,1,8,Jacob,PERSON
,1,10,this day,DATE
,1,11,thousand,CARDINAL
,1,11,so,PERSON
,1,15,So,PERSON
,1,15,thousands,CARDINAL
,1,15,hundreds,CARDINAL
,1,15,fifties,DATE
,1,19,Horeb,GPE
,1,19,Amorites,ORG
,1,19,Kadeshbarnea,GPE
,1,20,Ye,PERSON
,1,20,Amorites,ORG
,1,23,twelve,CARDINAL
,1,24,Eshcol,LOC
,1,27,Egypt,GPE
,1,27,Amorites,ORG
,1,28,Anakims,PRODUCT
,1,30,Egypt,GPE
,1,33,night,TIME
,1,36,Save Caleb,PERSON
,1,36,Jephunneh,ORG
,1,38,Joshua,PERSON
,1,38,Nun,PERSON
,1,38,Israel,GPE
,1,39,that day,DATE
,1,40,the Red sea,LOC
,1,41,on,PERSON
,1,43,So,PERSON
,1,44,Amorites,ORG
,1,44,Seir,WORK_OF_ART
,1,44,Hormah,GPE
,1,46,So,PERSON
,1,46,Kadesh,GPE
,1,46,the days,DATE
,2,1,the Red sea,LOC
,2,1,Seir,PERSON
,2,3,Ye,PERSON
,2,4,Ye,PERSON
,2,4,Esau,PERSON
,2,4,Seir,PERSON
,2,5,so,PERSON
,2,5,Seir,PERSON
,2,5,Esau,PERSON
,2,7,these forty years,DATE
,2,8,Esau,PERSON
,2,8,Seir,GPE
,2,8,Eziongaber,ORG
,2,8,Moab,GPE
,2,9,Moabites,ORG
,2,9,Lot,PERSON
,2,10,Anakims,ORG
,2,11,Anakims,ORG
,2,11,Moabites,NORP
,2,12,Horims,ORG
,2,12,Seir,PERSON
,2,12,Esau,PERSON
,2,12,Israel,GPE
,2,13,the brook Zered,LOC
,2,13,the brook Zered,FAC
,2,14,Kadeshbarnea,GPE
,2,14,the brook Zered,LOC
,2,14,thirty and eight years,DATE
,2,16,So,PERSON
,2,18,Ar,NORP
,2,18,Moab,GPE
,2,18,this day,DATE
,2,19,Ammon,PERSON
,2,19,Ammon,PERSON
,2,19,Lot,PERSON
,2,20,Zamzummims,PRODUCT
,2,21,Anakims,ORG
,2,22,Esau,PERSON
,2,22,Seir,WORK_OF_ART
,2,22,Horims,ORG
,2,22,this day,DATE
,2,23,Avims,PERSON
,2,23,Hazerim,GPE
,2,23,Azzah,PERSON
,2,23,Caphtorims,ORG
,2,23,Caphtor,ORG
,2,24,Arnon,PERSON
,2,24,Sihon the Amorite,ORG
,2,24,Heshbon,PERSON
,2,25,This day,DATE
,2,25,put,PERSON
,2,26,Kedemoth,GPE
,2,26,Sihon,PERSON
,2,26,Heshbon,PERSON
,2,28,on,PERSON
,2,29,Esau,PERSON
,2,29,Seir,PERSON
,2,29,Moabites,ORG
,2,29,Jordan,GPE
,2,30,Sihon,ORG
,2,30,Heshbon,PERSON
,2,30,this day,DATE
,2,31,Behold,PERSON
,2,31,Sihon,ORG
,2,32,Sihon,ORG
,2,32,Jahaz,GPE
,2,36,Aroer,GPE
,2,36,Arnon,PERSON
,2,36,Gilead,PERSON
,2,36,one,CARDINAL
,2,37,Ammon,PERSON
,2,37,Jabbok,ORG
,3,1,Bashan,PERSON
,3,1,Og,PERSON
,3,1,Bashan,PERSON
,3,1,Edrei,PERSON
,3,2,Sihon,PERSON
,3,2,Amorites,ORG
,3,2,Heshbon,PERSON
,3,3,So,PERSON
,3,3,Og,PERSON
,3,3,Bashan,PERSON
,3,4,threescore,CARDINAL
,3,4,Argob,GPE
,3,4,Og,PERSON
,3,4,Bashan,GPE
,3,6,Sihon,PERSON
,3,6,Heshbon,PERSON
,3,8,two,CARDINAL
,3,8,Amorites,ORG
,3,8,on,PERSON
,3,8,Jordan,GPE
,3,8,Arnon unto mount Hermon,LOC
,3,9,Sidonians,NORP
,3,9,Sirion,PRODUCT
,3,9,Amorites,NORP
,3,10,Gilead,ORG
,3,10,Bashan,PERSON
,3,10,Salchah,GPE
,3,10,Edrei,PERSON
,3,10,the kingdom of Og,GPE
,3,10,Bashan,GPE
,3,11,Og,PERSON
,3,11,Bashan,PERSON
,3,11,Rabbath of the children,ORG
,3,11,Ammon,PERSON
,3,11,nine cubits,QUANTITY
,3,11,four cubits,QUANTITY
,3,12,Aroer,GPE
,3,12,Arnon,PERSON
,3,12,half,CARDINAL
,3,12,Gilead,PERSON
,3,12,Gadites,LOC
,3,13,Gilead,ORG
,3,13,Bashan,PERSON
,3,13,Og,PERSON
,3,13,half,CARDINAL
,3,13,Manasseh,ORG
,3,13,Argob,GPE
,3,13,Bashan,PERSON
,3,14,Jair,PERSON
,3,14,Manasseh,PERSON
,3,14,Argob,ORG
,3,14,Geshuri and Maachathi,ORG
,3,14,Bashanhavothjair,PERSON
,3,14,this day,DATE
,3,15,Gilead,PERSON
,3,15,Machir,LOC
,3,16,Gilead,ORG
,3,16,Jabbok,ORG
,3,16,Ammon,PERSON
,3,17,Jordan,GPE
,3,17,Chinnereth,PERSON
,3,17,Ashdothpisgah,ORG
,3,18,Israel,GPE
,3,20,Jordan,PERSON
,3,21,Joshua,PERSON
,3,21,two,CARDINAL
,3,21,so,PERSON
,3,25,Jordan,GPE
,3,25,Lebanon,GPE
,3,27,Pisgah,GPE
,3,27,Jordan,GPE
,3,28,Joshua,PERSON
,3,29,So,PERSON
,3,29,Bethpeor,ORG
,4,1,Israel,GPE
,4,3,Baalpeor,ORG
,4,3,Baalpeor,PERSON
,4,4,this day,DATE
,4,5,so,PERSON
,4,7,so,PERSON
,4,7,so,PERSON
,4,8,so,PERSON
,4,8,so,PERSON
,4,8,this day,DATE
,4,10,the day,DATE
,4,10,Horeb,GPE
,4,10,Gather,PERSON
,4,13,ten,CARDINAL
,4,13,two,CARDINAL
,4,15,on,PERSON
,4,15,the day,DATE
,4,15,Horeb,GPE
,4,17,on,PERSON
,4,18,on,PERSON
,4,20,Egypt,GPE
,4,20,this day,DATE
,4,21,Jordan,GPE
,4,22,Jordan,PERSON
,4,26,this day,DATE
,4,26,Jordan,GPE
,4,30,the latter days,DATE
,4,32,the day,DATE
,4,34,Egypt,GPE
,4,37,Egypt,GPE
,4,38,this day,DATE
,4,39,this day,DATE
,4,40,this day,DATE
,4,41,Moses,PERSON
,4,41,three,CARDINAL
,4,41,on,PERSON
,4,41,Jordan,GPE
,4,42,one,CARDINAL
,4,43,Bezer,PERSON
,4,43,Reubenites,GPE
,4,43,Ramoth,PERSON
,4,43,Gilead,GPE
,4,43,Gadites,ORG
,4,43,Golan,PERSON
,4,43,Bashan,GPE
,4,44,Moses,PERSON
,4,44,Israel,GPE
,4,45,Moses,PERSON
,4,45,Israel,GPE
,4,45,Egypt,GPE
,4,46,On,PERSON
,4,46,Jordan,GPE
,4,46,Bethpeor,ORG
,4,46,Sihon,GPE
,4,46,Amorites,ORG
,4,46,Heshbon,PERSON
,4,46,Moses,PERSON
,4,46,Israel,GPE
,4,46,Egypt,GPE
,4,47,Og,PERSON
,4,47,Bashan,PERSON
,4,47,two,CARDINAL
,4,47,Amorites,ORG
,4,47,on,PERSON
,4,47,Jordan,GPE
,4,48,Aroer,GPE
,4,48,Arnon,PERSON
,4,48,Hermon,GPE
,4,49,on,PERSON
,4,49,Jordan,GPE
,4,49,Pisgah,GPE
,5,1,Moses,PERSON
,5,1,Israel,GPE
,5,1,Israel,GPE
,5,1,this day,DATE
,5,2,Horeb,GPE
,5,3,this day,DATE
,5,6,Egypt,GPE
,5,9,third,ORDINAL
,5,9,fourth,ORDINAL
,5,10,thousands,CARDINAL
,5,13,Six days,DATE
,5,14,the seventh day,DATE
,5,14,daughter,PERSON
,5,15,Egypt,GPE
,5,22,two,CARDINAL
,5,24,Behold,PERSON
,5,24,this day,DATE
,6,3,Israel,GPE
,6,6,this day,DATE
,6,7,thine house,ORG
,6,9,on,PERSON
,6,10,Abraham,PERSON
,6,10,Isaac,PERSON
,6,10,Jacob,PERSON
,6,12,Egypt,GPE
,6,16,Massah,PERSON
,6,21,Pharaoh,PERSON
,6,21,Egypt,GPE
,6,21,Egypt,GPE
,6,22,Egypt,GPE
,6,22,Pharaoh,PERSON
,6,24,this day,DATE
,7,1,Hittites,NORP
,7,1,Girgashites,EVENT
,7,1,Amorites,ORG
,7,1,Canaanites,ORG
,7,1,Perizzites,FAC
,7,1,Hivites,LOC
,7,1,Jebusites,GPE
,7,1,seven,CARDINAL
,7,3,daughter,PERSON
,7,3,daughter,PERSON
,7,4,so,PERSON
,7,8,Pharaoh,PERSON
,7,8,Egypt,GPE
,7,9,a thousand,CARDINAL
,7,11,this day,DATE
,7,15,put,PERSON
,7,15,Egypt,GPE
,7,18,Pharaoh,PERSON
,7,18,Egypt,GPE
,7,19,so,PERSON
,7,22,put,PERSON
,7,25,on,PERSON
,7,26,thine house,ORG
,8,1,this day,DATE
,8,2,these forty years,DATE
,8,4,these forty years,DATE
,8,5,so,PERSON
,8,7,brooks,LOC
,8,7,that spring,DATE
,8,14,Egypt,GPE
,8,16,fed,ORG
,8,18,this day,DATE
,8,19,this day,DATE
,8,20,so,PERSON
,9,1,Jordan,GPE
,9,1,this day,DATE
,9,2,Anakims,ORG
,9,2,Anak,PERSON
,9,3,this day,DATE
,9,3,so,PERSON
,9,5,Abraham,PERSON
,9,5,Isaac,PERSON
,9,5,Jacob,PERSON
,9,7,the day,DATE
,9,7,Egypt,GPE
,9,8,Horeb,PERSON
,9,8,so,PERSON
,9,9,forty days,DATE
,9,9,forty nights,DATE
,9,10,two,CARDINAL
,9,10,on,PERSON
,9,10,the day,DATE
,9,11,the end of forty days,DATE
,9,11,forty nights,DATE
,9,11,two,CARDINAL
,9,12,Egypt,GPE
,9,15,So,PERSON
,9,15,two,CARDINAL
,9,15,two,CARDINAL
,9,17,two,CARDINAL
,9,17,two,CARDINAL
,9,18,first,ORDINAL
,9,18,forty days,DATE
,9,18,forty nights,DATE
,9,20,Aaron,PERSON
,9,20,Aaron,PERSON
,9,22,Taberah,GPE
,9,22,Massah,PERSON
,9,22,Kibrothhattaavah,GPE
,9,23,Kadeshbarnea,GPE
,9,24,Ye,PERSON
,9,24,the day,DATE
,9,25,forty days,DATE
,9,25,forty nights,DATE
,9,25,first,ORDINAL
,9,26,Egypt,GPE
,9,27,Abraham,PERSON
,9,27,Isaac,PERSON
,9,27,Jacob,PERSON
,10,1,Hew,PERSON
,10,1,two,CARDINAL
,10,1,first,ORDINAL
,10,1,ark,PERSON
,10,2,on,PERSON
,10,2,first,ORDINAL
,10,2,put,PERSON
,10,2,ark,GPE
,10,3,ark,PERSON
,10,3,shittim wood,ORG
,10,3,two,CARDINAL
,10,3,first,ORDINAL
,10,3,two,CARDINAL
,10,4,on,PERSON
,10,4,first,ORDINAL
,10,4,ten,CARDINAL
,10,4,the day,DATE
,10,5,put,PERSON
,10,5,ark,PERSON
,10,6,Israel,GPE
,10,6,Beeroth,GPE
,10,6,Jaakan,PERSON
,10,6,Mosera,PERSON
,10,6,Aaron,PERSON
,10,6,Eleazar,PERSON
,10,7,Gudgodah,PERSON
,10,7,Gudgodah,PERSON
,10,7,Jotbath,ORG
,10,8,Levi,PERSON
,10,8,ark,PERSON
,10,8,this day,DATE
,10,9,Levi,PERSON
,10,10,first,ORDINAL
,10,10,forty days,DATE
,10,10,forty nights,DATE
,10,12,Israel,GPE
,10,13,this day,DATE
,10,15,this day,DATE
,10,19,Egypt,GPE
,10,22,Egypt,GPE
,10,22,threescore and ten,CARDINAL
,11,3,Egypt,GPE
,11,3,Pharaoh,PERSON
,11,3,Egypt,GPE
,11,4,Egypt,GPE
,11,4,the Red sea,LOC
,11,4,this day,DATE
,11,6,Dathan,PERSON
,11,6,Abiram,PERSON
,11,6,Eliab,PERSON
,11,6,Reuben,PERSON
,11,6,Israel,GPE
,11,8,this day,DATE
,11,10,Egypt,GPE
,11,12,the beginning of the year,DATE
,11,12,the end of the year,DATE
,11,13,this day,DATE
,11,14,season,DATE
,11,14,first,ORDINAL
,11,19,thine house,ORG
,11,20,thine house,ORG
,11,24,Lebanon,GPE
,11,24,Euphrates,LOC
,11,26,this day,DATE
,11,27,this day,DATE
,11,28,this day,DATE
,11,29,put,PERSON
,11,29,Gerizim,PERSON
,11,29,Ebal,PERSON
,11,30,on,PERSON
,11,30,Jordan,GPE
,11,30,Canaanites,ORG
,11,30,champaign,GPE
,11,30,Gilgal,PERSON
,11,31,Jordan,GPE
,11,32,this day,DATE
,12,4,so,PERSON
,12,5,put,PERSON
,12,7,put,PERSON
,12,8,this day,DATE
,12,10,Jordan,GPE
,12,10,so,PERSON
,12,12,Levite,ORG
,12,14,one,CARDINAL
,12,18,daughter,PERSON
,12,18,Levite,ORG
,12,19,Levite,ORG
,12,21,put,PERSON
,12,22,hart,PERSON
,12,22,so,PERSON
,12,30,so,PERSON
,12,31,so,PERSON
,13,5,put,PERSON
,13,5,death,PERSON
,13,5,Egypt,GPE
,13,5,So,PERSON
,13,5,put,PERSON
,13,6,daughter,PERSON
,13,7,one,CARDINAL
,13,9,first,ORDINAL
,13,9,put,PERSON
,13,9,death,PERSON
,13,10,Egypt,GPE
,13,11,Israel,GPE
,13,12,one,CARDINAL
,13,13,Belial,PERSON
,13,18,this day,DATE
,14,6,two,CARDINAL
,14,6,cheweth the cud,ORG
,14,17,the gier eagle,ORG
,14,22,year,DATE
,14,22,year,DATE
,14,24,so,PERSON
,14,27,Levite,ORG
,14,28,the end of three years,DATE
,14,28,the same year,DATE
,14,29,Levite,ORG
,15,1,the end of every seven years,DATE
,15,5,this day,DATE
,15,7,one,CARDINAL
,15,9,The seventh year,DATE
,15,9,the year,DATE
,15,12,Hebrew,LANGUAGE
,15,12,Hebrew,NORP
,15,12,six years,DATE
,15,12,the seventh year,DATE
,15,15,Egypt,GPE
,15,16,thine house,ORG
,15,18,six years,DATE
,15,20,year,DATE
,16,1,the month,DATE
,16,1,Abib,ORG
,16,1,the month,DATE
,16,1,Abib,NORP
,16,1,Egypt,GPE
,16,1,night,TIME
,16,3,seven days,DATE
,16,3,Egypt,GPE
,16,3,the day,DATE
,16,3,Egypt,GPE
,16,4,seven days,DATE
,16,4,the first day,DATE
,16,4,all night,TIME
,16,6,the season,DATE
,16,6,Egypt,GPE
,16,8,Six days,DATE
,16,8,on,PERSON
,16,8,the seventh day,DATE
,16,9,Seven weeks,DATE
,16,9,the seven weeks,DATE
,16,9,put,PERSON
,16,10,the feast of weeks,DATE
,16,11,daughter,PERSON
,16,11,Levite,ORG
,16,12,Egypt,GPE
,16,13,seven days,DATE
,16,14,daughter,PERSON
,16,14,Levite,ORG
,16,15,Seven days,DATE
,16,16,Three,CARDINAL
,16,16,a year,DATE
,16,16,the feast of weeks,DATE
,17,4,Israel,GPE
,17,6,two,CARDINAL
,17,6,three,CARDINAL
,17,6,death,PERSON
,17,6,put,PERSON
,17,6,death,PERSON
,17,6,one,CARDINAL
,17,6,put,PERSON
,17,6,death,PERSON
,17,7,first,ORDINAL
,17,7,put,PERSON
,17,7,death,PERSON
,17,7,So,PERSON
,17,7,put,PERSON
,17,9,Levites,ORG
,17,9,those days,DATE
,17,12,put,PERSON
,17,12,Israel,GPE
,17,15,one,CARDINAL
,17,16,Egypt,GPE
,17,16,Ye,PERSON
,17,18,Levites,PRODUCT
,17,20,Israel,GPE
,18,1,Levites,ORG
,18,1,Levi,PERSON
,18,1,Israel,GPE
,18,3,two,CARDINAL
,18,4,first,ORDINAL
,18,6,Levite,NORP
,18,6,Israel,GPE
,18,7,Levites,ORG
,18,10,daughter,PERSON
,18,14,so,PERSON
,18,16,Horeb,GPE
,18,16,the day,DATE
,18,18,Prophet,PERSON
,18,18,put,PERSON
,19,2,three,CARDINAL
,19,3,three,CARDINAL
,19,5,one,CARDINAL
,19,6,death,PERSON
,19,7,three,CARDINAL
,19,9,this day,DATE
,19,9,three,CARDINAL
,19,9,three,CARDINAL
,19,10,so,PERSON
,19,13,put,PERSON
,19,13,Israel,GPE
,19,15,One,CARDINAL
,19,15,two,CARDINAL
,19,15,three,CARDINAL
,19,17,those days,DATE
,19,19,so,PERSON
,19,19,put,PERSON
,20,1,Egypt,GPE
,20,3,Israel,GPE
,20,3,this day,DATE
,20,17,Hittites,NORP
,20,17,Amorites,ORG
,20,17,Canaanites,ORG
,20,17,Perizzites,FAC
,20,17,Hivites,GPE
,20,17,Jebusites,GPE
,20,18,so,PERSON
,21,5,Levi,PERSON
,21,8,Israel,GPE
,21,8,Israel,GPE
,21,9,So,PERSON
,21,9,put,PERSON
,21,12,thine house,ORG
,21,13,put,PERSON
,21,13,thine house,ORG
,21,13,a full month,DATE
,21,15,two,CARDINAL
,21,19,on,PERSON
,21,21,so,PERSON
,21,21,put,PERSON
,21,21,Israel,GPE
,21,22,death,PERSON
,21,22,put,PERSON
,21,22,death,PERSON
,21,22,on,PERSON
,21,23,all night,TIME
,21,23,that day,DATE
,22,3,so,PERSON
,22,5,put,PERSON
,22,5,on,PERSON
,22,5,so,PERSON
,22,6,on,PERSON
,22,8,thine house,ORG
,22,12,the four quarters,DATE
,22,16,daughter,PERSON
,22,17,daughter,PERSON
,22,17,daughter,PERSON
,22,19,an hundred shekels,CARDINAL
,22,19,Israel,GPE
,22,19,put,PERSON
,22,21,Israel,GPE
,22,21,so,PERSON
,22,21,put,PERSON
,22,22,so,PERSON
,22,22,put,PERSON
,22,22,Israel,GPE
,22,24,so,PERSON
,22,24,put,PERSON
,22,26,death,PERSON
,22,26,so,PERSON
,22,28,on,PERSON
,22,29,fifty shekels,MONEY
,22,29,put,PERSON
,23,2,tenth,ORDINAL
,23,3,Ammonite,ORG
,23,3,Moabite,ORG
,23,3,tenth,ORDINAL
,23,4,Egypt,GPE
,23,4,Balaam,PERSON
,23,4,Beor,PERSON
,23,4,Pethor,GPE
,23,4,Mesopotamia,GPE
,23,5,Balaam,PERSON
,23,7,Edomite,NORP
,23,7,Egyptian,NORP
,23,8,third,ORDINAL
,23,10,night,TIME
,23,11,on,PERSON
,23,16,one,CARDINAL
,23,17,Israel,GPE
,23,17,Israel,GPE
,23,24,put,PERSON
,24,5,one year,DATE
,24,7,Israel,GPE
,24,7,put,PERSON
,24,8,Levites,ORG
,24,8,so,PERSON
,24,9,Miriam,PERSON
,24,9,Egypt,GPE
,24,16,put,PERSON
,24,16,death,PERSON
,24,16,put,PERSON
,24,16,death,PERSON
,24,16,put,PERSON
,24,16,death,PERSON
,24,18,Egypt,GPE
,24,20,thou beatest,PERSON
,24,22,Egypt,GPE
,25,5,one,CARDINAL
,25,6,put,PERSON
,25,6,Israel,GPE
,25,7,refuseth,PERSON
,25,7,Israel,GPE
,25,9,So,PERSON
,25,10,Israel,GPE
,25,14,thine house,ORG
,25,17,Amalek,PERSON
,25,17,Egypt,GPE
,25,19,Amalek,PERSON
,26,2,first,ORDINAL
,26,2,put,PERSON
,26,3,those days,DATE
,26,3,this day,DATE
,26,5,Syrian,NORP
,26,5,Egypt,GPE
,26,6,Egyptians,NORP
,26,7,on,PERSON
,26,8,Egypt,GPE
,26,11,thine house,ORG
,26,11,Levite,ORG
,26,12,the third year,DATE
,26,12,the year,DATE
,26,12,Levite,PERSON
,26,13,Levite,PERSON
,26,15,Israel,GPE
,26,16,This day,DATE
,26,17,this day,DATE
,26,18,this day,DATE
,27,1,Moses,PERSON
,27,1,Israel,GPE
,27,1,this day,DATE
,27,2,on,PERSON
,27,2,the day,DATE
,27,2,Jordan,GPE
,27,4,Jordan,GPE
,27,4,this day,DATE
,27,4,Ebal,PERSON
,27,9,Moses,PERSON
,27,9,Levites,ORG
,27,9,Israel,GPE
,27,9,Israel,GPE
,27,9,this day,DATE
,27,10,this day,DATE
,27,11,Moses,PERSON
,27,11,the same day,DATE
,27,12,Gerizim,PERSON
,27,12,Jordan,GPE
,27,12,Simeon,PERSON
,27,12,Levi,PERSON
,27,12,Judah,PERSON
,27,12,Issachar,WORK_OF_ART
,27,12,Joseph,PERSON
,27,12,Benjamin,PERSON
,27,13,Ebal,PERSON
,27,13,Reuben,PERSON
,27,13,Gad,PERSON
,27,13,Asher,PERSON
,27,13,Zebulun,PERSON
,27,13,Dan,PERSON
,27,13,Naphtali,PERSON
,27,14,Levites,ORG
,27,14,Israel,GPE
,27,22,daughter,PERSON
,27,22,daughter,PERSON
,28,1,this day,DATE
,28,1,on,PERSON
,28,2,on,PERSON
,28,7,one,CARDINAL
,28,7,seven,CARDINAL
,28,13,this day,DATE
,28,14,this day,DATE
,28,15,this day,DATE
,28,25,one,CARDINAL
,28,25,seven,CARDINAL
,28,27,Egypt,GPE
,28,29,noonday,DATE
,28,31,Thine,ORG
,28,34,So,PERSON
,28,48,put,PERSON
,28,54,So,PERSON
,28,55,So,PERSON
,28,56,daughter,PERSON
,28,60,Egypt,GPE
,28,63,so,PERSON
,28,64,one,CARDINAL
,28,67,the morning,TIME
,28,68,Egypt,GPE
,29,1,Moses,PERSON
,29,1,Israel,GPE
,29,1,Moab,GPE
,29,1,Horeb,GPE
,29,2,Moses,PERSON
,29,2,Israel,GPE
,29,2,Ye,PERSON
,29,2,Egypt,GPE
,29,2,Pharaoh,PERSON
,29,4,this day,DATE
,29,5,forty years,DATE
,29,6,Ye,PERSON
,29,7,Sihon,ORG
,29,7,Heshbon,PERSON
,29,7,Og,PERSON
,29,7,Bashan,PERSON
,29,8,Reubenites,GPE
,29,8,Gadites,LOC
,29,8,half,CARDINAL
,29,8,Manasseh,NORP
,29,10,Ye,PERSON
,29,10,this day,DATE
,29,10,Israel,GPE
,29,12,this day,DATE
,29,13,Abraham,PERSON
,29,13,Isaac,PERSON
,29,13,Jacob,PERSON
,29,15,this day,DATE
,29,15,this day,DATE
,29,16,Egypt,GPE
,29,18,this day,DATE
,29,21,Israel,GPE
,29,22,So,PERSON
,29,23,Sodom,GPE
,29,23,Gomorrah,GPE
,29,23,Admah,GPE
,29,23,Zeboim,ORG
,29,25,Egypt,GPE
,29,28,this day,DATE
,30,2,this day,DATE
,30,7,put,PERSON
,30,7,on,PERSON
,30,8,this day,DATE
,30,11,this day,DATE
,30,15,death,PERSON
,30,16,this day,DATE
,30,17,so,PERSON
,30,18,this day,DATE
,30,18,Jordan,GPE
,30,19,this day,DATE
,30,19,death,PERSON
,30,20,thy days,DATE
,30,20,Abraham,PERSON
,30,20,Isaac,PERSON
,30,20,Jacob,PERSON
,31,1,Moses,PERSON
,31,1,Israel,GPE
,31,2,this day,DATE
,31,2,Jordan,GPE
,31,3,Joshua,PERSON
,31,4,Sihon,ORG
,31,4,Og,PERSON
,31,4,Amorites,ORG
,31,7,Moses,PERSON
,31,7,Joshua,PERSON
,31,7,Israel,GPE
,31,9,Moses,PERSON
,31,9,Levi,PERSON
,31,9,ark,PERSON
,31,9,Israel,GPE
,31,10,Moses,PERSON
,31,10,the end of every seven years,DATE
,31,10,the year,DATE
,31,11,Israel,GPE
,31,11,Israel,GPE
,31,13,Jordan,GPE
,31,14,Moses,PERSON
,31,14,Joshua,PERSON
,31,14,Moses,PERSON
,31,14,Joshua,PERSON
,31,16,Moses,PERSON
,31,17,that day,DATE
,31,17,so,PERSON
,31,17,that day,DATE
,31,18,that day,DATE
,31,19,Israel,GPE
,31,19,put,PERSON
,31,19,Israel,GPE
,31,22,Moses,PERSON
,31,22,the same day,DATE
,31,22,Israel,GPE
,31,23,Joshua,PERSON
,31,23,Nun,PERSON
,31,23,Israel,GPE
,31,24,Moses,PERSON
,31,25,Moses,PERSON
,31,25,Levites,ORG
,31,25,ark,PERSON
,31,26,put,PERSON
,31,26,ark,PERSON
,31,27,this day,DATE
,31,27,death,PERSON
,31,29,death,PERSON
,31,29,the latter days,DATE
,31,30,Moses,PERSON
,31,30,Israel,GPE
,32,7,the days of old,DATE
,32,7,the years,DATE
,32,8,Adam,PERSON
,32,8,Israel,GPE
,32,9,Jacob,PERSON
,32,9,lot,PERSON
,32,11,on,PERSON
,32,12,So,PERSON
,32,13,on,PERSON
,32,14,Bashan,PERSON
,32,15,Jeshurun,ORG
,32,22,on,PERSON
,32,30,one,CARDINAL
,32,30,thousand,CARDINAL
,32,30,two,CARDINAL
,32,30,put,PERSON
,32,30,ten thousand,CARDINAL
,32,30,Rock,ORG
,32,32,Sodom,GPE
,32,32,Gomorrah,LOC
,32,35,the day,DATE
,32,41,on,PERSON
,32,44,Moses,PERSON
,32,44,Hoshea,PERSON
,32,44,Nun,PERSON
,32,45,Moses,PERSON
,32,45,Israel,GPE
,32,46,this day,DATE
,32,47,Jordan,GPE
,32,48,Moses,PERSON
,32,49,Abarim,ORG
,32,49,mount Nebo,ORG
,32,49,Moab,GPE
,32,49,Jericho,GPE
,32,49,Canaan,GPE
,32,49,Israel,GPE
,32,50,Aaron,PERSON
,32,50,mount Hor,LOC
,32,51,Israel,GPE
,32,51,MeribahKadesh,ORG
,32,51,Zin,PERSON
,32,51,Israel,GPE
,32,52,Israel,GPE
,33,1,Moses,PERSON
,33,1,Israel,GPE
,33,1,death,PERSON
,33,2,Sinai,GPE
,33,2,Seir,PERSON
,33,2,Paran,GPE
,33,2,ten thousands,CARDINAL
,33,4,Moses,PERSON
,33,4,Jacob,PERSON
,33,5,Jeshurun,PERSON
,33,5,Israel,GPE
,33,6,Reuben,PERSON
,33,7,Judah,PERSON
,33,7,Judah,PERSON
,33,8,Levi,PERSON
,33,8,Thummim,PERSON
,33,8,Massah,PERSON
,33,8,Meribah,PERSON
,33,10,Jacob,PERSON
,33,10,Israel,GPE
,33,10,put,PERSON
,33,12,Benjamin,PERSON
,33,13,Joseph,PERSON
,33,13,Blessed,PERSON
,33,14,put,PERSON
,33,16,bush,PERSON
,33,16,Joseph,PERSON
,33,17,thousands,CARDINAL
,33,17,Ephraim,PERSON
,33,17,thousands,CARDINAL
,33,17,Manasseh,NORP
,33,18,Zebulun,PERSON
,33,18,Zebulun,PERSON
,33,18,Issachar,WORK_OF_ART
,33,20,Gad,PERSON
,33,20,Blessed,PERSON
,33,20,Gad,PERSON
,33,21,first,ORDINAL
,33,21,Israel,GPE
,33,22,Dan,PERSON
,33,22,Dan,PERSON
,33,22,Bashan,GPE
,33,23,Naphtali,PERSON
,33,23,O Naphtali,PERSON
,33,24,Asher,PERSON
,33,24,Asher,PERSON
,33,25,so,PERSON
,33,26,Jeshurun,PERSON
,33,26,on,PERSON
,33,28,Israel,GPE
,33,28,Jacob,PERSON
,33,29,Israel,GPE
,34,1,Moses,PERSON
,34,1,Moab,LOC
,34,1,Nebo,ORG
,34,1,Pisgah,GPE
,34,1,Jericho,GPE
,34,1,Gilead,GPE
,34,1,Dan,PERSON
,34,2,Naphtali,PERSON
,34,2,Ephraim,PERSON
,34,2,Manasseh,PERSON
,34,2,Judah,GPE
,34,3,Jericho,GPE
,34,3,Zoar,GPE
,34,4,Abraham,PERSON
,34,4,Isaac,PERSON
,34,4,Jacob,PERSON
,34,5,So,PERSON
,34,5,Moses,PERSON
,34,5,Moab,GPE
,34,6,Moab,GPE
,34,6,Bethpeor,ORG
,34,6,this day,DATE
,34,7,Moses,PERSON
,34,7,an hundred and twenty years old,CARDINAL
,34,8,Israel,GPE
,34,8,Moses,PERSON
,34,8,Moab,GPE
,34,8,thirty days,DATE
,34,8,so,PERSON
,34,8,Moses,PERSON
,34,9,Joshua,PERSON
,34,9,Nun,PERSON
,34,9,Moses,PERSON
,34,9,Israel,GPE
,34,9,Moses,PERSON
,34,10,Israel,GPE
,34,10,Moses,PERSON
,34,11,Egypt,GPE
,34,11,Pharaoh,PERSON
,34,12,Moses,PERSON
,34,12,Israel,GPE
,1,1,death,PERSON
,1,1,Moses,PERSON
,1,1,Joshua,PERSON
,1,1,Nun,PERSON
,1,1,Moses,PERSON
,1,2,Moses,PERSON
,1,2,Jordan,GPE
,1,2,Israel,GPE
,1,3,Moses,PERSON
,1,4,Lebanon,GPE
,1,4,Euphrates,LOC
,1,4,Hittites,NORP
,1,5,Moses,PERSON
,1,5,so,PERSON
,1,7,Moses,PERSON
,1,10,Joshua,PERSON
,1,11,three days,DATE
,1,11,Jordan,GPE
,1,12,Reubenites,GPE
,1,12,Gadites,LOC
,1,12,half,CARDINAL
,1,12,Manasseh,GPE
,1,12,Joshua,PERSON
,1,13,Moses,PERSON
,1,14,Moses,PERSON
,1,14,on,PERSON
,1,14,Jordan,GPE
,1,15,Moses,PERSON
,1,15,on,PERSON
,1,15,Jordan,GPE
,1,16,Joshua,PERSON
,1,17,Moses,PERSON
,1,17,so,PERSON
,1,17,Moses,PERSON
,1,18,put,PERSON
,1,18,death,PERSON
,2,1,Joshua,PERSON
,2,1,Nun,PERSON
,2,1,Shittim,ORG
,2,1,two,CARDINAL
,2,1,Jericho,GPE
,2,1,Rahab,PERSON
,2,2,Jericho,GPE
,2,2,Behold,PERSON
,2,2,Israel,GPE
,2,3,Jericho,GPE
,2,3,Rahab,PERSON
,2,4,two,CARDINAL
,2,7,Jordan,GPE
,2,10,the Red sea,LOC
,2,10,Egypt,GPE
,2,10,two,CARDINAL
,2,10,Amorites,ORG
,2,10,on,PERSON
,2,10,Jordan,GPE
,2,10,Sihon,PERSON
,2,10,Og,PERSON
,2,13,death,PERSON
,2,16,three days,DATE
,2,19,on,PERSON
,2,21,so,PERSON
,2,22,three days,DATE
,2,23,So,PERSON
,2,23,two,CARDINAL
,2,23,Joshua,PERSON
,2,23,Nun,PERSON
,2,24,Joshua,PERSON
,3,1,Joshua,PERSON
,3,1,early in the morning,TIME
,3,1,Shittim,ORG
,3,1,Jordan,GPE
,3,1,Israel,GPE
,3,2,three days,DATE
,3,3,ark,PERSON
,3,3,Levites,ORG
,3,4,about two thousand cubits,CARDINAL
,3,5,Joshua,PERSON
,3,6,Joshua,PERSON
,3,6,ark,PERSON
,3,6,ark,PERSON
,3,7,Joshua,PERSON
,3,7,This day,DATE
,3,7,Israel,GPE
,3,7,Moses,PERSON
,3,7,so,PERSON
,3,8,ark,PERSON
,3,8,Jordan,GPE
,3,8,Jordan,GPE
,3,9,Joshua,PERSON
,3,9,Israel,GPE
,3,10,Joshua,PERSON
,3,10,Canaanites,ORG
,3,10,Hittites,NORP
,3,10,Hivites,LOC
,3,10,Perizzites,FAC
,3,10,Girgashites,EVENT
,3,10,Amorites,ORG
,3,10,Jebusites,LOC
,3,11,ark,PERSON
,3,11,Jordan,GPE
,3,12,twelve,CARDINAL
,3,12,Israel,GPE
,3,13,ark,PERSON
,3,13,Jordan,GPE
,3,13,Jordan,GPE
,3,14,Jordan,GPE
,3,14,ark,PERSON
,3,15,ark,GPE
,3,15,Jordan,PERSON
,3,15,ark,GPE
,3,15,Jordan overfloweth,PERSON
,3,16,Adam,PERSON
,3,16,Zaretan,LOC
,3,16,Jericho,GPE
,3,17,ark,PERSON
,3,17,on,PERSON
,3,17,Jordan,GPE
,3,17,Israelites,NORP
,3,17,on,PERSON
,3,17,Jordan,GPE
,4,1,Jordan,GPE
,4,1,Joshua,PERSON
,4,2,twelve,CARDINAL
,4,3,Jordan,GPE
,4,3,twelve,CARDINAL
,4,3,this night,TIME
,4,4,Joshua,PERSON
,4,4,twelve,CARDINAL
,4,4,Israel,GPE
,4,5,Joshua,PERSON
,4,5,ark,PERSON
,4,5,Jordan,GPE
,4,5,Israel,GPE
,4,7,Jordan,GPE
,4,7,ark,PERSON
,4,7,Jordan,GPE
,4,7,Jordan,GPE
,4,7,Israel,GPE
,4,8,Israel,GPE
,4,8,so,PERSON
,4,8,Joshua,PERSON
,4,8,twelve,CARDINAL
,4,8,Jordan,GPE
,4,8,Joshua,PERSON
,4,8,Israel,GPE
,4,9,Joshua,PERSON
,4,9,twelve,CARDINAL
,4,9,Jordan,GPE
,4,9,ark,PERSON
,4,9,this day,DATE
,4,10,ark,GPE
,4,10,Jordan,GPE
,4,10,Joshua,PERSON
,4,10,Moses,PERSON
,4,10,Joshua,PERSON
,4,11,ark,PERSON
,4,12,Reuben,PERSON
,4,12,Gad,PERSON
,4,12,half,CARDINAL
,4,12,Manasseh,ORG
,4,12,Israel,GPE
,4,12,Moses,PERSON
,4,13,About forty thousand,CARDINAL
,4,13,Jericho,GPE
,4,14,On,PERSON
,4,14,that day,DATE
,4,14,Joshua,PERSON
,4,14,Israel,GPE
,4,14,Moses,PERSON
,4,15,Joshua,PERSON
,4,16,ark,PERSON
,4,16,Jordan,GPE
,4,17,Joshua,PERSON
,4,17,Jordan,GPE
,4,18,ark,PERSON
,4,18,Jordan,GPE
,4,18,Jordan,GPE
,4,19,Jordan,GPE
,4,19,on,PERSON
,4,19,the tenth day of the first month,DATE
,4,19,Gilgal,GPE
,4,19,Jericho,GPE
,4,20,twelve,CARDINAL
,4,20,Jordan,GPE
,4,20,Joshua,PERSON
,4,20,Gilgal,GPE
,4,21,Israel,GPE
,4,22,Israel,GPE
,4,22,Jordan,GPE
,4,22,on,PERSON
,4,23,Jordan,GPE
,4,23,the Red sea,LOC
,5,1,Amorites,ORG
,5,1,on,PERSON
,5,1,Jordan,GPE
,5,1,Canaanites,ORG
,5,1,Jordan,GPE
,5,1,Israel,GPE
,5,1,Israel,GPE
,5,2,Joshua,PERSON
,5,2,Israel,GPE
,5,2,second,ORDINAL
,5,3,Joshua,PERSON
,5,3,Israel,GPE
,5,4,Joshua,PERSON
,5,4,Egypt,GPE
,5,4,Egypt,GPE
,5,5,Egypt,GPE
,5,6,Israel,GPE
,5,6,forty years,DATE
,5,6,Egypt,GPE
,5,7,Joshua,PERSON
,5,9,Joshua,PERSON
,5,9,This day,DATE
,5,9,Egypt,GPE
,5,9,Gilgal,PERSON
,5,9,this day,DATE
,5,10,Israel,GPE
,5,10,Gilgal,GPE
,5,10,on,PERSON
,5,10,the fourteenth day of the month,DATE
,5,10,Jericho,GPE
,5,11,on,PERSON
,5,11,the selfsame day,DATE
,5,12,on,PERSON
,5,12,Israel,GPE
,5,12,Canaan,GPE
,5,12,that year,DATE
,5,13,Joshua,PERSON
,5,13,Jericho,GPE
,5,13,Joshua,PERSON
,5,14,Nay,PERSON
,5,14,Joshua,PERSON
,5,14,on,PERSON
,5,15,Joshua,PERSON
,5,15,Joshua,PERSON
,5,15,so,PERSON
,6,1,Jericho,GPE
,6,1,Israel,GPE
,6,2,Joshua,PERSON
,6,2,Jericho,GPE
,6,3,six days,DATE
,6,4,seven,CARDINAL
,6,4,ark,PERSON
,6,4,seven,CARDINAL
,6,4,the seventh day,DATE
,6,4,seven,CARDINAL
,6,5,ram,PERSON
,6,6,Joshua,PERSON
,6,6,Nun,PERSON
,6,6,ark,PERSON
,6,6,seven,CARDINAL
,6,6,seven,CARDINAL
,6,6,ark,PERSON
,6,7,on,PERSON
,6,7,on,PERSON
,6,7,ark,PERSON
,6,8,Joshua,PERSON
,6,8,seven,CARDINAL
,6,8,seven,CARDINAL
,6,8,on,PERSON
,6,8,ark,PERSON
,6,9,ark,PERSON
,6,9,on,PERSON
,6,10,Joshua,PERSON
,6,10,Ye,PERSON
,6,10,the day,DATE
,6,11,So,PERSON
,6,11,ark,PERSON
,6,12,Joshua,PERSON
,6,12,early in the morning,TIME
,6,12,ark,PERSON
,6,13,seven,CARDINAL
,6,13,seven,CARDINAL
,6,13,ark,PERSON
,6,13,on,PERSON
,6,13,ark,PERSON
,6,13,on,PERSON
,6,14,the second day,DATE
,6,14,so,PERSON
,6,14,six days,DATE
,6,15,on,PERSON
,6,15,the seventh day,DATE
,6,15,seven,CARDINAL
,6,15,on,PERSON
,6,15,that day,DATE
,6,15,seven,CARDINAL
,6,16,seventh,ORDINAL
,6,16,Joshua,PERSON
,6,17,Rahab,PERSON
,6,18,Israel,GPE
,6,20,So,PERSON
,6,20,so,PERSON
,6,22,Joshua,PERSON
,6,22,two,CARDINAL
,6,23,Rahab,PERSON
,6,23,Israel,GPE
,6,24,put,PERSON
,6,24,the house of the,ORG
,6,25,Joshua,PERSON
,6,25,Rahab,PERSON
,6,25,Israel,GPE
,6,25,this day,DATE
,6,25,Joshua,PERSON
,6,25,Jericho,GPE
,6,26,Joshua,PERSON
,6,26,Jericho,GPE
,6,27,So,PERSON
,6,27,Joshua,PERSON
,7,1,Israel,GPE
,7,1,Achan,PERSON
,7,1,Carmi,GPE
,7,1,Zabdi,PERSON
,7,1,Zerah,PERSON
,7,1,Judah,GPE
,7,1,Israel,GPE
,7,2,Joshua,PERSON
,7,2,Jericho,GPE
,7,2,Bethaven,GPE
,7,2,on,PERSON
,7,2,Bethel,GPE
,7,3,Joshua,PERSON
,7,3,about two or three thousand,CARDINAL
,7,4,So,PERSON
,7,4,about three thousand,CARDINAL
,7,5,about thirty and six,CARDINAL
,7,5,Shebarim,ORG
,7,6,Joshua,PERSON
,7,6,ark,PERSON
,7,6,Israel,GPE
,7,6,put,PERSON
,7,7,Joshua,PERSON
,7,7,Jordan,GPE
,7,7,Amorites,ORG
,7,7,on,PERSON
,7,7,Jordan,GPE
,7,8,Israel,GPE
,7,9,Canaanites,ORG
,7,10,Joshua,PERSON
,7,11,Israel,GPE
,7,11,put,PERSON
,7,12,Israel,GPE
,7,13,Israel,GPE
,7,13,Israel,GPE
,7,14,the morning,TIME
,7,15,Israel,GPE
,7,16,So,PERSON
,7,16,Joshua,PERSON
,7,16,early in the morning,TIME
,7,16,Israel,GPE
,7,16,Judah,PERSON
,7,17,Judah,PERSON
,7,17,Zarhites,ORG
,7,17,Zabdi,PERSON
,7,18,Achan,PERSON
,7,18,Carmi,GPE
,7,18,Zabdi,PERSON
,7,18,Zerah,PERSON
,7,18,Judah,GPE
,7,19,Joshua,PERSON
,7,19,Achan,PERSON
,7,19,Israel,GPE
,7,20,Achan,PERSON
,7,20,Joshua,PERSON
,7,20,Israel,GPE
,7,21,Babylonish,NORP
,7,21,two hundred shekels,QUANTITY
,7,21,fifty shekels,QUANTITY
,7,22,So,PERSON
,7,22,Joshua,PERSON
,7,23,Joshua,PERSON
,7,23,Israel,GPE
,7,24,Joshua,PERSON
,7,24,Israel,GPE
,7,24,Achan,PERSON
,7,24,Zerah,PERSON
,7,24,Achor,ORG
,7,25,Joshua,PERSON
,7,25,this day,DATE
,7,25,Israel,GPE
,7,26,this day,DATE
,7,26,So,PERSON
,7,26,Achor,ORG
,7,26,this day,DATE
,8,1,Joshua,PERSON
,8,2,Jericho,GPE
,8,3,So,PERSON
,8,3,Joshua,PERSON
,8,3,Joshua,PERSON
,8,3,thirty thousand,CARDINAL
,8,3,night,TIME
,8,4,Behold,PERSON
,8,5,first,ORDINAL
,8,6,first,ORDINAL
,8,8,on,PERSON
,8,9,Joshua,PERSON
,8,9,Bethel,GPE
,8,9,on,PERSON
,8,9,Joshua,PERSON
,8,10,Joshua,PERSON
,8,10,early in the morning,TIME
,8,10,Israel,GPE
,8,11,on,PERSON
,8,12,about five thousand,CARDINAL
,8,12,Bethel,GPE
,8,12,on,PERSON
,8,13,on,PERSON
,8,13,on,PERSON
,8,13,Joshua,PERSON
,8,14,Israel,GPE
,8,15,Joshua,PERSON
,8,15,Israel,GPE
,8,16,Joshua,PERSON
,8,17,Ai,GPE
,8,17,Bethel,GPE
,8,17,Israel,GPE
,8,17,Israel,GPE
,8,18,Joshua,PERSON
,8,18,Joshua,PERSON
,8,19,on,PERSON
,8,21,Joshua,PERSON
,8,21,Israel,GPE
,8,22,so,PERSON
,8,22,Israel,GPE
,8,22,on,PERSON
,8,22,on,PERSON
,8,22,so,PERSON
,8,23,Joshua,PERSON
,8,24,Israel,GPE
,8,24,on,PERSON
,8,24,Israelites,NORP
,8,25,so,PERSON
,8,25,that day,DATE
,8,25,twelve thousand,CARDINAL
,8,26,Joshua,PERSON
,8,26,Ai,GPE
,8,27,Israel,GPE
,8,27,Joshua,PERSON
,8,28,Joshua,PERSON
,8,28,this day,DATE
,8,29,Ai,PERSON
,8,29,on,PERSON
,8,29,Joshua,PERSON
,8,29,this day,DATE
,8,30,Joshua,PERSON
,8,30,Israel,GPE
,8,30,Ebal,PERSON
,8,31,Moses,PERSON
,8,31,Israel,GPE
,8,31,Moses,PERSON
,8,32,Moses,PERSON
,8,32,Israel,GPE
,8,33,Israel,GPE
,8,33,on,PERSON
,8,33,ark,PERSON
,8,33,on,PERSON
,8,33,Levites,ORG
,8,33,ark,PERSON
,8,33,half,CARDINAL
,8,33,Gerizim,ORG
,8,33,half,CARDINAL
,8,33,Ebal,PERSON
,8,33,Moses,PERSON
,8,33,Israel,GPE
,8,35,Moses,PERSON
,8,35,Joshua,PERSON
,8,35,Israel,GPE
,9,1,on,PERSON
,9,1,Jordan,GPE
,9,1,Lebanon,GPE
,9,1,Hittite,NORP
,9,1,Amorite,PERSON
,9,1,Canaanite,NORP
,9,1,Perizzite,PERSON
,9,1,Hivite,PERSON
,9,2,Joshua,PERSON
,9,2,Israel,GPE
,9,2,one,CARDINAL
,9,3,Gibeon,PERSON
,9,3,Joshua,PERSON
,9,3,Jericho,GPE
,9,6,Joshua,PERSON
,9,6,Gilgal,PERSON
,9,6,Israel,GPE
,9,7,Israel,GPE
,9,7,Hivites,GPE
,9,8,Joshua,PERSON
,9,8,Joshua,PERSON
,9,9,Egypt,GPE
,9,10,two,CARDINAL
,9,10,Amorites,ORG
,9,10,Jordan,GPE
,9,10,Sihon,ORG
,9,10,Heshbon,PERSON
,9,10,Og,PERSON
,9,10,Bashan,PERSON
,9,10,Ashtaroth,GPE
,9,12,on,PERSON
,9,12,the day,DATE
,9,15,Joshua,PERSON
,9,16,the end of three days,DATE
,9,17,Israel,GPE
,9,17,on,PERSON
,9,17,the third day,DATE
,9,17,Gibeon,PERSON
,9,17,Chephirah,ORG
,9,17,Beeroth,GPE
,9,17,Kirjathjearim,PERSON
,9,18,Israel,GPE
,9,18,Israel,GPE
,9,19,Israel,GPE
,9,22,Joshua,PERSON
,9,24,Joshua,PERSON
,9,24,Moses,PERSON
,9,26,so,PERSON
,9,26,Israel,GPE
,9,27,Joshua,PERSON
,9,27,this day,DATE
,10,1,Adonizedec,NORP
,10,1,Jerusalem,GPE
,10,1,Joshua,PERSON
,10,1,Jericho,GPE
,10,1,so,PERSON
,10,1,Gibeon,PERSON
,10,1,Israel,GPE
,10,2,Gibeon,PERSON
,10,3,Adonizedec,NORP
,10,3,Jerusalem,GPE
,10,3,Hoham,PERSON
,10,3,Hebron,GPE
,10,3,Piram,PERSON
,10,3,Jarmuth,ORG
,10,3,Japhia,PERSON
,10,3,Lachish,LANGUAGE
,10,3,Debir,PERSON
,10,3,Eglon,ORG
,10,4,Gibeon,PERSON
,10,4,Joshua,PERSON
,10,4,Israel,GPE
,10,5,five,CARDINAL
,10,5,Amorites,ORG
,10,5,Jerusalem,GPE
,10,5,Hebron,GPE
,10,5,Jarmuth,PERSON
,10,5,Lachish,LANGUAGE
,10,5,Eglon,PERSON
,10,5,Gibeon,PERSON
,10,6,Gibeon,PERSON
,10,6,Joshua,PERSON
,10,6,Gilgal,PERSON
,10,6,Slack,PERSON
,10,6,Amorites,ORG
,10,7,So,PERSON
,10,7,Joshua,PERSON
,10,7,Gilgal,PERSON
,10,8,Joshua,PERSON
,10,9,Joshua,PERSON
,10,9,Gilgal,PERSON
,10,9,all night,TIME
,10,10,Israel,GPE
,10,10,Gibeon,PERSON
,10,10,Bethhoron,ORG
,10,10,Azekah,PERSON
,10,10,Makkedah,PERSON
,10,11,Israel,GPE
,10,11,Bethhoron,ORG
,10,11,Azekah,PERSON
,10,11,Israel,GPE
,10,12,Joshua,PERSON
,10,12,the day,DATE
,10,12,Amorites,NORP
,10,12,Israel,GPE
,10,12,Israel,GPE
,10,12,Sun,ORG
,10,12,Gibeon,PERSON
,10,12,Moon,PERSON
,10,12,Ajalon,PRODUCT
,10,13,Jasher,PERSON
,10,13,So,PERSON
,10,13,about a whole day,DATE
,10,14,Israel,GPE
,10,15,Joshua,PERSON
,10,15,Israel,GPE
,10,15,Gilgal,PERSON
,10,16,five,CARDINAL
,10,16,Makkedah,ORG
,10,17,Joshua,PERSON
,10,17,five,CARDINAL
,10,17,Makkedah,ORG
,10,18,Joshua,PERSON
,10,20,Joshua,PERSON
,10,20,Israel,GPE
,10,21,Joshua,PERSON
,10,21,Israel,GPE
,10,22,Joshua,PERSON
,10,22,five,CARDINAL
,10,23,so,PERSON
,10,23,five,CARDINAL
,10,23,Jerusalem,GPE
,10,23,Hebron,GPE
,10,23,Jarmuth,PERSON
,10,23,Lachish,LANGUAGE
,10,23,Eglon,PERSON
,10,24,Joshua,PERSON
,10,24,Joshua,PERSON
,10,24,Israel,GPE
,10,24,put,PERSON
,10,24,put,PERSON
,10,25,Joshua,PERSON
,10,26,Joshua,PERSON
,10,26,on,PERSON
,10,26,five,CARDINAL
,10,27,Joshua,PERSON
,10,27,this very day,DATE
,10,28,Joshua,PERSON
,10,28,Makkedah,PERSON
,10,28,Makkedah,PERSON
,10,28,Jericho,GPE
,10,29,Joshua,PERSON
,10,29,Makkedah,ORG
,10,29,Israel,GPE
,10,29,Libnah,PERSON
,10,29,Libnah,PERSON
,10,30,Israel,GPE
,10,30,Jericho,GPE
,10,31,Joshua,PERSON
,10,31,Libnah,PERSON
,10,31,Israel,GPE
,10,31,Lachish,PERSON
,10,32,Lachish,PERSON
,10,32,Israel,GPE
,10,32,on,PERSON
,10,32,the second day,DATE
,10,32,Libnah,PERSON
,10,33,Horam,ORG
,10,33,Gezer,PERSON
,10,33,Lachish,PERSON
,10,33,Joshua,PERSON
,10,34,Lachish Joshua,PERSON
,10,34,Eglon,PERSON
,10,34,Israel,GPE
,10,35,on,PERSON
,10,35,that day,DATE
,10,35,that day,DATE
,10,35,Lachish,PERSON
,10,36,Joshua,PERSON
,10,36,Eglon,ORG
,10,36,Israel,GPE
,10,36,Hebron,GPE
,10,37,Eglon,PRODUCT
,10,38,Joshua,PERSON
,10,38,Israel,GPE
,10,38,Debir,ORG
,10,39,Hebron,GPE
,10,39,so,PERSON
,10,39,Debir,ORG
,10,39,Libnah,PERSON
,10,40,So,PERSON
,10,40,Joshua,PERSON
,10,40,Israel,GPE
,10,41,Joshua,PERSON
,10,41,Kadeshbarnea,GPE
,10,41,Gaza,GPE
,10,41,Goshen,GPE
,10,41,Gibeon,PERSON
,10,42,Joshua,PERSON
,10,42,one,CARDINAL
,10,42,Israel,GPE
,10,42,Israel,GPE
,10,43,Joshua,PERSON
,10,43,Israel,GPE
,10,43,Gilgal,PERSON
,11,1,Jabin,PERSON
,11,1,Hazor,ORG
,11,1,Jobab,PERSON
,11,1,Madon,GPE
,11,1,Shimron,ORG
,11,1,Achshaph,ORG
,11,2,on,PERSON
,11,2,Chinneroth,PERSON
,11,2,Dor,GPE
,11,2,on,PERSON
,11,3,Canaanite,NORP
,11,3,on,PERSON
,11,3,on,PERSON
,11,3,Amorite,PERSON
,11,3,Hittite,NORP
,11,3,Perizzite,PERSON
,11,3,Hivite,PERSON
,11,3,Hermon,PERSON
,11,3,Mizpeh,FAC
,11,5,Merom,GPE
,11,5,Israel,GPE
,11,6,Joshua,PERSON
,11,6,Israel,GPE
,11,7,So,PERSON
,11,7,Joshua,PERSON
,11,7,Merom,GPE
,11,8,Israel,GPE
,11,8,Misrephothmaim,PERSON
,11,8,Mizpeh eastward,LOC
,11,9,Joshua,PERSON
,11,10,Joshua,PERSON
,11,10,Hazor,ORG
,11,10,Hazor,ORG
,11,11,Hazor,ORG
,11,12,Joshua,PERSON
,11,12,Moses,PERSON
,11,13,Israel,GPE
,11,13,Hazor,ORG
,11,13,Joshua,PERSON
,11,14,Israel,GPE
,11,15,Moses,PERSON
,11,15,so,PERSON
,11,15,Moses,PERSON
,11,15,Joshua,PERSON
,11,15,so,PERSON
,11,15,Joshua,PERSON
,11,15,Moses,PERSON
,11,16,So,PERSON
,11,16,Joshua,PERSON
,11,16,Goshen,GPE
,11,16,Israel,GPE
,11,17,Seir,WORK_OF_ART
,11,17,Baalgad,PERSON
,11,17,Lebanon,GPE
,11,18,Joshua,PERSON
,11,19,Israel,GPE
,11,19,Hivites,LOC
,11,19,Gibeon,PERSON
,11,20,Israel,GPE
,11,20,Moses,PERSON
,11,21,Joshua,PERSON
,11,21,Anakims,PRODUCT
,11,21,Hebron,GPE
,11,21,Debir,ORG
,11,21,Anab,ORG
,11,21,Judah,GPE
,11,21,Israel,GPE
,11,21,Joshua,PERSON
,11,22,Anakims,ORG
,11,22,Israel,GPE
,11,22,Gaza,GPE
,11,22,Gath,PERSON
,11,22,Ashdod,GPE
,11,23,So,PERSON
,11,23,Joshua,PERSON
,11,23,Moses,PERSON
,11,23,Joshua,PERSON
,11,23,Israel,GPE
,12,1,Israel,GPE
,12,1,on,PERSON
,12,1,Jordan,GPE
,12,1,on,PERSON
,12,2,Sihon,PERSON
,12,2,Amorites,ORG
,12,2,Heshbon,PERSON
,12,2,Aroer,GPE
,12,2,Arnon,PERSON
,12,2,half,CARDINAL
,12,2,Gilead,ORG
,12,2,Jabbok,ORG
,12,2,Ammon,PERSON
,12,3,Chinneroth,PERSON
,12,3,on,PERSON
,12,3,on,PERSON
,12,3,Bethjeshimoth,PERSON
,12,3,Ashdothpisgah,ORG
,12,4,Og,PERSON
,12,4,Bashan,PERSON
,12,4,Ashtaroth,GPE
,12,4,Edrei,PERSON
,12,5,mount Hermon,GPE
,12,5,Salcah,ORG
,12,5,Bashan,PERSON
,12,5,Geshurites,LOC
,12,5,half,CARDINAL
,12,5,Gilead,ORG
,12,5,Sihon,GPE
,12,5,Heshbon,PERSON
,12,6,Moses,PERSON
,12,6,Israel,GPE
,12,6,Moses,PERSON
,12,6,Reubenites,GPE
,12,6,Gadites,LOC
,12,6,half,CARDINAL
,12,6,Manasseh,NORP
,12,7,Joshua,PERSON
,12,7,Israel,GPE
,12,7,on,PERSON
,12,7,Jordan,GPE
,12,7,on,PERSON
,12,7,Baalgad,GPE
,12,7,Lebanon,GPE
,12,7,Seir,PERSON
,12,7,Joshua,PERSON
,12,7,Israel,GPE
,12,8,Hittites,NORP
,12,8,Amorites,ORG
,12,8,Canaanites,NORP
,12,8,Perizzites,FAC
,12,8,Hivites,GPE
,12,8,Jebusites,LOC
,12,9,Jericho,GPE
,12,9,Bethel,GPE
,12,9,one,CARDINAL
,12,10,Jerusalem,GPE
,12,10,Hebron,GPE
,12,10,one,CARDINAL
,12,11,Jarmuth,ORG
,12,11,Lachish,LANGUAGE
,12,11,one,CARDINAL
,12,12,Eglon,ORG
,12,12,Gezer,PERSON
,12,12,one,CARDINAL
,12,13,Debir,ORG
,12,13,one,CARDINAL
,12,13,Geder,PERSON
,12,13,one,CARDINAL
,12,14,Hormah,GPE
,12,14,Arad,GPE
,12,14,one,CARDINAL
,12,15,Libnah,PERSON
,12,15,Adullam,PERSON
,12,15,one,CARDINAL
,12,16,Makkedah,ORG
,12,16,one,CARDINAL
,12,16,Bethel,GPE
,12,16,one,CARDINAL
,12,17,Tappuah,ORG
,12,17,one,CARDINAL
,12,17,Hepher,ORG
,12,17,one,CARDINAL
,12,18,Aphek,PERSON
,12,18,Lasharon,ORG
,12,18,one,CARDINAL
,12,19,Madon,GPE
,12,19,Hazor,ORG
,12,19,one,CARDINAL
,12,20,Shimronmeron,ORG
,12,20,one,CARDINAL
,12,20,Achshaph,ORG
,12,20,one,CARDINAL
,12,21,Taanach,PERSON
,12,21,Megiddo,PERSON
,12,21,one,CARDINAL
,12,22,Kedesh,GPE
,12,22,Jokneam of Carmel,ORG
,12,22,one,CARDINAL
,12,23,Dor,PERSON
,12,23,Dor,GPE
,12,23,Gilgal,PERSON
,12,23,one,CARDINAL
,12,24,Tirzah,GPE
,12,24,one,CARDINAL
,12,24,thirty and one,CARDINAL
,13,1,Joshua,PERSON
,13,1,years,DATE
,13,1,years,DATE
,13,2,Philistines,NORP
,13,2,Geshuri,ORG
,13,3,Sihor,ORG
,13,3,Egypt,GPE
,13,3,Ekron,ORG
,13,3,Canaanite,NORP
,13,3,five,CARDINAL
,13,3,Philistines,NORP
,13,3,Gazathites,FAC
,13,3,Ashdothites,PERSON
,13,3,Eshkalonites,ORG
,13,3,Gittites,ORG
,13,3,Ekronites,FAC
,13,3,Avites,ORG
,13,4,Canaanites,NORP
,13,4,Mearah,PERSON
,13,4,Sidonians,NORP
,13,4,Aphek,PERSON
,13,4,Amorites,NORP
,13,5,Giblites,ORG
,13,5,Lebanon,GPE
,13,5,Baalgad,GPE
,13,5,Hamath,NORP
,13,6,Lebanon,GPE
,13,6,Misrephothmaim,PERSON
,13,6,Sidonians,NORP
,13,6,Israel,GPE
,13,6,lot,PERSON
,13,6,Israelites,NORP
,13,7,nine,CARDINAL
,13,7,half,CARDINAL
,13,7,Manasseh,GPE
,13,8,Reubenites,PERSON
,13,8,Gadites,LOC
,13,8,Moses,PERSON
,13,8,Jordan,GPE
,13,8,Moses,PERSON
,13,9,Aroer,GPE
,13,9,Arnon,PERSON
,13,9,Medeba unto Dibon,ORG
,13,10,Sihon,GPE
,13,10,Amorites,ORG
,13,10,Heshbon,PERSON
,13,10,Ammon,PERSON
,13,11,Gilead,ORG
,13,11,Bashan,PERSON
,13,12,Og,PERSON
,13,12,Bashan,GPE
,13,12,Ashtaroth,GPE
,13,12,Edrei,PERSON
,13,12,Moses,PERSON
,13,13,Israel,GPE
,13,13,Geshurites,LOC
,13,13,Geshurites,LOC
,13,13,Maachathites,PERSON
,13,13,Israelites,NORP
,13,13,this day,DATE
,13,14,Levi,PERSON
,13,14,Israel,GPE
,13,15,Moses,PERSON
,13,15,Reuben,PERSON
,13,16,Aroer,GPE
,13,16,on,PERSON
,13,16,Arnon,PERSON
,13,16,Medeba,ORG
,13,17,Heshbon,PERSON
,13,17,Dibon,ORG
,13,17,Bamothbaal,PERSON
,13,17,Bethbaalmeon,PERSON
,13,18,Jahaza,GPE
,13,18,Kedemoth,GPE
,13,18,Mephaath,PERSON
,13,19,Kirjathaim,PERSON
,13,19,Sibmah,ORG
,13,19,Zarethshahar,GPE
,13,20,Bethpeor,ORG
,13,20,Ashdothpisgah,ORG
,13,20,Bethjeshimoth,PERSON
,13,21,Sihon,GPE
,13,21,Amorites,ORG
,13,21,Heshbon,PERSON
,13,21,Moses,PERSON
,13,21,Midian,PERSON
,13,21,Evi,PERSON
,13,21,Rekem,PERSON
,13,21,Zur,ORG
,13,21,Hur,PERSON
,13,21,Reba,ORG
,13,21,Sihon,ORG
,13,22,Balaam,PERSON
,13,22,Beor,ORG
,13,22,Israel,GPE
,13,23,Reuben,PERSON
,13,23,Jordan,GPE
,13,23,Reuben,PERSON
,13,24,Moses,PERSON
,13,24,Gad,PERSON
,13,24,Gad,PERSON
,13,25,Jazer,PERSON
,13,25,Gilead,GPE
,13,25,half,CARDINAL
,13,25,Ammon,PERSON
,13,25,Aroer,GPE
,13,25,Rabbah,PERSON
,13,26,Heshbon,PERSON
,13,26,Ramathmizpeh,PERSON
,13,26,Betonim,PERSON
,13,26,Mahanaim,PERSON
,13,26,Debir,GPE
,13,27,Betharam,ORG
,13,27,Bethnimrah,GPE
,13,27,Succoth,GPE
,13,27,Zaphon,ORG
,13,27,Sihon,GPE
,13,27,Heshbon,PERSON
,13,27,Jordan,GPE
,13,27,Chinnereth,PERSON
,13,27,on,PERSON
,13,27,Jordan,GPE
,13,28,Gad,PERSON
,13,29,Moses,PERSON
,13,29,half,CARDINAL
,13,29,Manasseh,NORP
,13,29,half,CARDINAL
,13,29,Manasseh,NORP
,13,30,Mahanaim,PERSON
,13,30,Bashan,PERSON
,13,30,Og,PERSON
,13,30,Bashan,PERSON
,13,30,Jair,ORG
,13,30,Bashan,GPE
,13,30,threescore,CARDINAL
,13,31,half,CARDINAL
,13,31,Gilead,ORG
,13,31,Ashtaroth,PERSON
,13,31,Edrei,PERSON
,13,31,the kingdom of Og,GPE
,13,31,Bashan,GPE
,13,31,Machir,LOC
,13,31,Manasseh,PERSON
,13,31,one half,CARDINAL
,13,31,Machir,LOC
,13,32,Moses,PERSON
,13,32,Moab,GPE
,13,32,on,PERSON
,13,32,Jordan,GPE
,13,32,Jericho,GPE
,13,33,Levi Moses,PERSON
,13,33,Israel,GPE
,14,1,Israel,GPE
,14,1,Canaan,GPE
,14,1,Eleazar,PERSON
,14,1,Joshua,PERSON
,14,1,Nun,PERSON
,14,1,Israel,GPE
,14,2,lot,PERSON
,14,2,Moses,PERSON
,14,2,nine,CARDINAL
,14,2,half,CARDINAL
,14,3,Moses,PERSON
,14,3,two,CARDINAL
,14,3,half,CARDINAL
,14,3,on,PERSON
,14,3,Jordan,PERSON
,14,3,Levites,ORG
,14,4,Joseph,PERSON
,14,4,two,CARDINAL
,14,4,Manasseh,PERSON
,14,4,Ephraim,PERSON
,14,4,Levites,ORG
,14,5,Moses,PERSON
,14,5,so,PERSON
,14,5,Israel,GPE
,14,6,Judah,PERSON
,14,6,Joshua,PERSON
,14,6,Caleb,PERSON
,14,6,Jephunneh the Kenezite,ORG
,14,6,Moses,PERSON
,14,6,Kadeshbarnea,GPE
,14,7,Forty years old,DATE
,14,7,Moses,PERSON
,14,7,Kadeshbarnea,PERSON
,14,9,Moses,PERSON
,14,9,on,PERSON
,14,9,that day,DATE
,14,10,Moses,PERSON
,14,10,Israel,GPE
,14,10,this day,DATE
,14,10,five years old,DATE
,14,11,this day,DATE
,14,11,the day,DATE
,14,11,Moses,PERSON
,14,11,so,PERSON
,14,12,that day,DATE
,14,12,that day,DATE
,14,12,Anakims,ORG
,14,12,so,PERSON
,14,13,Joshua,PERSON
,14,13,Caleb,PERSON
,14,13,Jephunneh Hebron,GPE
,14,14,Hebron,GPE
,14,14,Caleb,PERSON
,14,14,Jephunneh the Kenezite,ORG
,14,14,this day,DATE
,14,14,Israel,GPE
,14,15,Hebron,GPE
,14,15,Kirjatharba,GPE
,14,15,Arba,GPE
,14,15,Anakims,PRODUCT
,15,1,lot,PERSON
,15,1,Judah,PERSON
,15,1,Edom,GPE
,15,1,Zin southward,GPE
,15,1,the south coast,LOC
,15,3,Maalehacrabbim,GPE
,15,3,Zin,PERSON
,15,3,on,PERSON
,15,3,Kadeshbarnea,PERSON
,15,3,Hezron,ORG
,15,3,Adar,PRODUCT
,15,3,Karkaa,PERSON
,15,4,Azmon,ORG
,15,4,Egypt,GPE
,15,5,Jordan,GPE
,15,5,Jordan,GPE
,15,6,Bethhogla,PERSON
,15,6,Betharabah,ORG
,15,6,Bohan,PERSON
,15,6,Reuben,PERSON
,15,7,Debir,PERSON
,15,7,Achor,ORG
,15,7,so,PERSON
,15,7,Gilgal,PERSON
,15,7,Adummim,NORP
,15,7,on,PERSON
,15,7,Enrogel,ORG
,15,8,Hinnom,PERSON
,15,8,Jerusalem,GPE
,15,8,Hinnom westward,LOC
,15,9,Nephtoah,ORG
,15,9,Ephron,PERSON
,15,9,Baalah,ORG
,15,9,Kirjathjearim,PERSON
,15,10,Baalah,GPE
,15,10,Seir,PERSON
,15,10,Jearim,ORG
,15,10,Chesalon,PERSON
,15,10,on,PERSON
,15,10,Bethshemesh,PERSON
,15,10,on,PERSON
,15,10,Timnah,PERSON
,15,11,Ekron,ORG
,15,11,Shicron,ORG
,15,11,Jabneel,PERSON
,15,12,Judah,PERSON
,15,13,Caleb,PERSON
,15,13,Jephunneh,ORG
,15,13,Judah,PERSON
,15,13,Joshua,PERSON
,15,13,Arba,GPE
,15,13,Anak,PERSON
,15,13,Hebron,GPE
,15,14,Caleb,PERSON
,15,14,three,CARDINAL
,15,14,Anak,PERSON
,15,14,Sheshai,GPE
,15,14,Ahiman,PERSON
,15,14,Talmai,ORG
,15,14,Anak,PERSON
,15,15,Debir,GPE
,15,15,Debir,ORG
,15,15,Kirjathsepher,PERSON
,15,16,Caleb,PERSON
,15,16,Kirjathsepher,PERSON
,15,16,Achsah,PERSON
,15,16,daughter,PERSON
,15,17,Othniel,PERSON
,15,17,Kenaz,PERSON
,15,17,Caleb,PERSON
,15,17,Achsah,PERSON
,15,17,daughter,PERSON
,15,18,Caleb,PERSON
,15,20,Judah,PERSON
,15,21,Judah,PERSON
,15,21,Edom,GPE
,15,21,Kabzeel,LOC
,15,21,Eder,PERSON
,15,21,Jagur,ORG
,15,22,Kinah,PERSON
,15,22,Adadah,PERSON
,15,23,Kedesh,ORG
,15,23,Hazor,ORG
,15,23,Ithnan,GPE
,15,24,Ziph,PERSON
,15,24,Telem,GPE
,15,24,Bealoth,GPE
,15,25,Hazor,ORG
,15,25,Hadattah,PERSON
,15,25,Kerioth,PERSON
,15,25,Hezron,ORG
,15,25,Hazor,ORG
,15,26,Shema,PERSON
,15,27,Hazargaddah,PERSON
,15,27,Heshmon,PERSON
,15,27,Bethpalet,PERSON
,15,28,Hazarshual,PERSON
,15,28,Beersheba,PERSON
,15,28,Bizjothjah,PERSON
,15,29,Baalah,ORG
,15,29,Iim,ORG
,15,29,Azem,ORG
,15,30,Eltolad,PERSON
,15,30,Chesil,GPE
,15,30,Hormah,GPE
,15,31,Ziklag,ORG
,15,31,Madmannah,PERSON
,15,31,Sansannah,GPE
,15,32,Lebaoth,PERSON
,15,32,Shilhim,ORG
,15,32,Ain,PERSON
,15,32,Rimmon,PERSON
,15,32,twenty and nine,CARDINAL
,15,33,Eshtaol,ORG
,15,33,Zoreah,PERSON
,15,33,Ashnah,PERSON
,15,34,Zanoah,PERSON
,15,34,Engannim,ORG
,15,34,Tappuah,ORG
,15,34,Enam,PERSON
,15,35,Jarmuth,ORG
,15,35,Adullam,PERSON
,15,35,Socoh,PERSON
,15,35,Azekah,PERSON
,15,36,Sharaim,PERSON
,15,36,Adithaim,PERSON
,15,36,Gederah,PERSON
,15,36,Gederothaim,PERSON
,15,36,fourteen,CARDINAL
,15,37,Zenan,GPE
,15,37,Hadashah,ORG
,15,37,Migdalgad,GPE
,15,38,Dilean,NORP
,15,38,Mizpeh,PERSON
,15,38,Joktheel,GPE
,15,39,Lachish,PERSON
,15,39,Bozkath,PERSON
,15,39,Eglon,ORG
,15,40,Cabbon,PERSON
,15,40,Lahmam,PRODUCT
,15,40,Kithlish,NORP
,15,41,Gederoth,PERSON
,15,41,Bethdagon,PERSON
,15,41,Naamah,PERSON
,15,41,Makkedah,ORG
,15,41,sixteen,CARDINAL
,15,42,Libnah,PERSON
,15,42,Ashan,GPE
,15,43,Jiphtah,PERSON
,15,43,Ashnah,PERSON
,15,43,Nezib,GPE
,15,44,Keilah,PERSON
,15,44,Achzib,PERSON
,15,44,Mareshah,PERSON
,15,44,nine,CARDINAL
,15,45,Ekron,ORG
,15,46,Ekron,ORG
,15,46,Ashdod,GPE
,15,47,Ashdod,ORG
,15,47,Gaza,GPE
,15,47,Egypt,GPE
,15,48,Shamir,PERSON
,15,48,Jattir,PERSON
,15,48,Socoh,PERSON
,15,49,Dannah,PERSON
,15,49,Kirjathsannah,PERSON
,15,49,Debir,ORG
,15,50,Anab,PERSON
,15,50,Eshtemoh,PERSON
,15,50,Anim,PERSON
,15,51,Goshen,GPE
,15,51,Holon,ORG
,15,51,Giloh,PERSON
,15,51,eleven,CARDINAL
,15,52,Arab,NORP
,15,52,Dumah,PERSON
,15,52,Eshean,LOC
,15,53,Janum,PERSON
,15,53,Bethtappuah,GPE
,15,53,Aphekah,NORP
,15,54,Humtah,ORG
,15,54,Kirjatharba,GPE
,15,54,Hebron,GPE
,15,54,Zior,ORG
,15,54,nine,CARDINAL
,15,55,Maon,GPE
,15,55,Carmel,GPE
,15,55,Ziph,PERSON
,15,55,Juttah,PERSON
,15,56,Jezreel,PERSON
,15,56,Jokdeam,PERSON
,15,56,Zanoah,PERSON
,15,57,Cain,PERSON
,15,57,Gibeah,PERSON
,15,57,Timnah,PERSON
,15,57,ten,CARDINAL
,15,58,"Halhul,",PERSON
,15,58,Bethzur,ORG
,15,58,Gedor,ORG
,15,59,Maarath,PERSON
,15,59,Bethanoth,PERSON
,15,59,six,CARDINAL
,15,60,Kirjathbaal,ORG
,15,60,Kirjathjearim,PERSON
,15,60,Rabbah,PERSON
,15,60,two,CARDINAL
,15,61,Betharabah,GPE
,15,61,Middin,PERSON
,15,61,Secacah,ORG
,15,62,Nibshan,GPE
,15,62,Salt,GPE
,15,62,Engedi,PERSON
,15,62,six,CARDINAL
,15,63,Jebusites,LOC
,15,63,Jerusalem,GPE
,15,63,Judah,PERSON
,15,63,Jebusites,LOC
,15,63,Judah,GPE
,15,63,Jerusalem,GPE
,15,63,this day,DATE
,16,1,lot,PERSON
,16,1,Joseph,PERSON
,16,1,Jordan,GPE
,16,1,Jericho,GPE
,16,1,Jericho,GPE
,16,1,on,PERSON
,16,1,Jericho,GPE
,16,1,mount Bethel,GPE
,16,2,Bethel,GPE
,16,2,Luz,GPE
,16,2,Archi,GPE
,16,2,Ataroth,GPE
,16,3,Japhleti,GPE
,16,3,Bethhoron,GPE
,16,3,Gezer,PERSON
,16,4,So,PERSON
,16,4,Joseph,PERSON
,16,4,Manasseh,PERSON
,16,4,Ephraim,PERSON
,16,5,Ephraim,PERSON
,16,5,on,PERSON
,16,5,Atarothaddar,PERSON
,16,5,Bethhoron,ORG
,16,6,Michmethah,ORG
,16,6,on,PERSON
,16,6,Taanathshiloh,WORK_OF_ART
,16,6,on,PERSON
,16,6,Janohah,GPE
,16,7,Janohah,GPE
,16,7,Ataroth,GPE
,16,7,Naarath,PERSON
,16,7,Jericho,GPE
,16,7,Jordan,GPE
,16,8,Tappuah,ORG
,16,8,Ephraim,PERSON
,16,9,Ephraim,PERSON
,16,9,Manasseh,GPE
,16,10,Canaanites,NORP
,16,10,Gezer,PERSON
,16,10,Canaanites,ORG
,16,10,Ephraimites,ORG
,16,10,this day,DATE
,17,1,lot,PERSON
,17,1,Manasseh,GPE
,17,1,Joseph,PERSON
,17,1,Machir,LOC
,17,1,Manasseh,GPE
,17,1,Gilead,PERSON
,17,1,Gilead,ORG
,17,1,Bashan,PERSON
,17,2,lot,PERSON
,17,2,Manasseh,NORP
,17,2,Abiezer,LOC
,17,2,Helek,ORG
,17,2,Asriel,PERSON
,17,2,Shechem,ORG
,17,2,Hepher,ORG
,17,2,Shemida,PERSON
,17,2,Manasseh,NORP
,17,2,Joseph,PERSON
,17,3,Zelophehad,GPE
,17,3,Hepher,PERSON
,17,3,Gilead,ORG
,17,3,Machir,LOC
,17,3,Manasseh,PERSON
,17,3,Mahlah,PERSON
,17,3,Noah,PERSON
,17,3,Hoglah,ORG
,17,3,Milcah,PERSON
,17,3,Tirzah,PERSON
,17,4,Eleazar,PERSON
,17,4,Joshua,PERSON
,17,4,Nun,PERSON
,17,4,Moses,PERSON
,17,5,ten,CARDINAL
,17,5,Manasseh,GPE
,17,5,Gilead,ORG
,17,5,Bashan,ORG
,17,5,on,PERSON
,17,5,Jordan,GPE
,17,6,Manasseh,PERSON
,17,6,Manasseh,ORG
,17,6,Gilead,ORG
,17,7,Manasseh,GPE
,17,7,Asher,PERSON
,17,7,Michmethah,ORG
,17,7,Shechem,ORG
,17,7,on,PERSON
,17,8,Manasseh,PERSON
,17,8,Tappuah,PERSON
,17,8,Tappuah,PERSON
,17,8,on,PERSON
,17,8,Manasseh,PERSON
,17,8,Ephraim,GPE
,17,9,Ephraim,PERSON
,17,9,Manasseh,NORP
,17,9,Manasseh,GPE
,17,9,on,PERSON
,17,10,Ephraim,PERSON
,17,10,Manasseh,PERSON
,17,10,Asher,PERSON
,17,10,on,PERSON
,17,10,Issachar,WORK_OF_ART
,17,10,on,PERSON
,17,11,Manasseh,PERSON
,17,11,Issachar,WORK_OF_ART
,17,11,Asher Bethshean,PERSON
,17,11,Ibleam,ORG
,17,11,Dor,GPE
,17,11,Endor,FAC
,17,11,Taanach,GPE
,17,11,Megiddo,GPE
,17,11,three,CARDINAL
,17,12,Manasseh,ORG
,17,12,Canaanites,ORG
,17,13,Israel,GPE
,17,13,put,PERSON
,17,13,Canaanites,NORP
,17,14,Joseph,PERSON
,17,14,Joshua,PERSON
,17,14,one,CARDINAL
,17,14,lot,PERSON
,17,14,one,CARDINAL
,17,15,Joshua,PERSON
,17,15,Perizzites,LOC
,17,15,mount Ephraim,GPE
,17,16,Joseph,PERSON
,17,16,Canaanites,NORP
,17,16,Bethshean,GPE
,17,16,Jezreel,LOC
,17,17,Joshua,PERSON
,17,17,Joseph,PERSON
,17,17,Ephraim,PERSON
,17,17,Manasseh,PERSON
,17,17,one,CARDINAL
,17,17,lot,PERSON
,17,18,Canaanites,ORG
,18,1,Israel,GPE
,18,1,Shiloh,GPE
,18,2,Israel,GPE
,18,2,seven,CARDINAL
,18,3,Joshua,PERSON
,18,3,Israel,GPE
,18,4,three,CARDINAL
,18,5,seven,CARDINAL
,18,5,Judah,PERSON
,18,5,on,PERSON
,18,5,Joseph,PERSON
,18,5,on,PERSON
,18,6,seven,CARDINAL
,18,7,Levites,ORG
,18,7,Gad,PERSON
,18,7,Reuben,PERSON
,18,7,half,CARDINAL
,18,7,Manasseh,GPE
,18,7,Jordan,PERSON
,18,7,on,PERSON
,18,7,Moses,PERSON
,18,8,Joshua,PERSON
,18,8,Shiloh,GPE
,18,9,seven,CARDINAL
,18,9,Joshua,PERSON
,18,9,Shiloh,GPE
,18,10,Joshua,PERSON
,18,10,Shiloh,GPE
,18,10,Joshua,PERSON
,18,10,Israel,GPE
,18,11,lot,PERSON
,18,11,Benjamin,PERSON
,18,11,lot,PERSON
,18,11,Judah,PERSON
,18,11,Joseph,PERSON
,18,12,on,PERSON
,18,12,Jordan,GPE
,18,12,Jericho,GPE
,18,12,on,PERSON
,18,12,Bethaven,GPE
,18,13,Luz,GPE
,18,13,Luz,GPE
,18,13,Bethel,GPE
,18,13,Atarothadar,PERSON
,18,13,on,PERSON
,18,13,Bethhoron,ORG
,18,14,Bethhoron,ORG
,18,14,Kirjathbaal,GPE
,18,14,Kirjathjearim,PERSON
,18,14,Judah,PERSON
,18,14,the west quarter,DATE
,18,15,Kirjathjearim,PERSON
,18,15,on,PERSON
,18,15,Nephtoah,PERSON
,18,16,Hinnom,ORG
,18,16,on,PERSON
,18,16,Hinnom,ORG
,18,16,Jebusi,ORG
,18,16,on,PERSON
,18,16,Enrogel,GPE
,18,17,Geliloth,PERSON
,18,17,Adummim,NORP
,18,17,Bohan,PERSON
,18,17,Reuben,PERSON
,18,18,Arabah,NORP
,18,18,Arabah,PERSON
,18,19,Bethhoglah,GPE
,18,19,Jordan,GPE
,18,20,Jordan,PERSON
,18,20,on,PERSON
,18,20,Benjamin,PERSON
,18,21,Benjamin,PERSON
,18,21,Jericho,GPE
,18,21,Bethhoglah,PERSON
,18,21,Keziz,GPE
,18,22,Betharabah,ORG
,18,22,Zemaraim,PERSON
,18,22,Bethel,GPE
,18,23,Parah,PERSON
,18,23,Ophrah,PERSON
,18,24,Ophni,PERSON
,18,24,Gaba,ORG
,18,24,twelve,CARDINAL
,18,25,Gibeon,PERSON
,18,25,Ramah,GPE
,18,25,Beeroth,GPE
,18,26,Mizpeh,PERSON
,18,26,Chephirah,ORG
,18,26,Mozah,PERSON
,18,27,Rekem,PERSON
,18,27,Irpeel,PRODUCT
,18,27,Taralah,ORG
,18,28,Zelah,PERSON
,18,28,Eleph,PERSON
,18,28,Jebusi,ORG
,18,28,Jerusalem,GPE
,18,28,Gibeath,GPE
,18,28,Kirjath,PERSON
,18,28,fourteen,CARDINAL
,18,28,Benjamin,PERSON
,19,1,second,ORDINAL
,19,1,lot,PERSON
,19,1,Simeon,PERSON
,19,1,Simeon,PERSON
,19,1,Judah,PERSON
,19,2,Beersheba,PERSON
,19,2,Sheba,PERSON
,19,3,Hazarshual,PERSON
,19,3,Balah,ORG
,19,3,Azem,ORG
,19,4,Eltolad,PERSON
,19,4,Bethul,PERSON
,19,4,Hormah,GPE
,19,5,Ziklag,ORG
,19,5,Bethmarcaboth,PERSON
,19,5,Hazarsusah,PERSON
,19,6,Bethlebaoth,PERSON
,19,6,Sharuhen,PERSON
,19,6,thirteen,CARDINAL
,19,7,Ain,PERSON
,19,7,Remmon,PERSON
,19,7,Ashan,GPE
,19,7,four,CARDINAL
,19,8,Baalathbeer,PERSON
,19,8,Ramath,PERSON
,19,8,Simeon,PERSON
,19,9,Judah,PERSON
,19,9,Simeon,PERSON
,19,9,Judah,PERSON
,19,9,Simeon,PERSON
,19,10,third,ORDINAL
,19,10,lot,PERSON
,19,10,Zebulun,PERSON
,19,10,Sarid,PERSON
,19,11,Maralah,PERSON
,19,11,Dabbasheth,ORG
,19,11,Jokneam,GPE
,19,12,Sarid,GPE
,19,12,Chislothtabor,GPE
,19,12,Daberath,ORG
,19,12,Japhia,GPE
,19,13,on,PERSON
,19,13,on,PERSON
,19,13,Gittahhepher,PERSON
,19,13,Ittahkazin,ORG
,19,13,Remmonmethoar to Neah,GPE
,19,14,on,PERSON
,19,15,Kattath,PERSON
,19,15,Nahallal,PERSON
,19,15,Shimron,ORG
,19,15,Idalah,ORG
,19,15,Bethlehem,ORG
,19,15,twelve,CARDINAL
,19,16,Zebulun,PERSON
,19,17,fourth,ORDINAL
,19,17,lot,PERSON
,19,17,Issachar,WORK_OF_ART
,19,17,Issachar,WORK_OF_ART
,19,18,Jezreel,PERSON
,19,18,Chesulloth,PERSON
,19,18,Shunem,PERSON
,19,19,Shihon,ORG
,19,19,Anaharath,NORP
,19,20,Rabbith,PERSON
,19,20,Kishion,LOC
,19,20,Abez,PERSON
,19,21,Remeth,PERSON
,19,21,Engannim,ORG
,19,21,Enhaddah,PERSON
,19,21,Bethpazzez,PERSON
,19,22,Tabor,PERSON
,19,22,Shahazimah,ORG
,19,22,Bethshemesh,PERSON
,19,22,Jordan,PERSON
,19,22,sixteen,CARDINAL
,19,23,Issachar,WORK_OF_ART
,19,24,fifth,ORDINAL
,19,24,lot,PERSON
,19,24,Asher,PERSON
,19,25,Helkath,ORG
,19,25,Hali,PERSON
,19,25,Beten,PERSON
,19,25,Achshaph,ORG
,19,26,Alammelech,ORG
,19,26,Amad,PERSON
,19,26,Misheal,PERSON
,19,26,Carmel,GPE
,19,26,Shihorlibnath,ORG
,19,27,Bethdagon,PERSON
,19,27,Zebulun,PERSON
,19,27,Jiphthahel,GPE
,19,27,Bethemek,PERSON
,19,27,Neiel,PERSON
,19,27,Cabul,PERSON
,19,27,on,PERSON
,19,28,Hebron,GPE
,19,28,Rehob,ORG
,19,28,Hammon,PERSON
,19,29,Ramah,GPE
,19,29,Hosah,PERSON
,19,29,Achzib,PERSON
,19,30,Ummah,ORG
,19,30,Aphek,PERSON
,19,30,Rehob,PERSON
,19,30,twenty and two,CARDINAL
,19,31,Asher,PERSON
,19,32,sixth,ORDINAL
,19,32,lot,PERSON
,19,32,Naphtali,GPE
,19,32,Naphtali,PERSON
,19,33,Heleph,GPE
,19,33,Allon,PERSON
,19,33,Zaanannim,PERSON
,19,33,Adami,PERSON
,19,33,Nekeb,GPE
,19,33,Jabneel,PERSON
,19,33,Lakum,PERSON
,19,33,Jordan,PERSON
,19,34,Hukkok,ORG
,19,34,Zebulun,PERSON
,19,34,on,PERSON
,19,34,Asher,PERSON
,19,34,on,PERSON
,19,34,Judah,PERSON
,19,34,Jordan,GPE
,19,35,Ziddim,GPE
,19,35,Zer,ORG
,19,35,"Hammath, Rakkath",ORG
,19,35,Chinnereth,PERSON
,19,36,Adamah,GPE
,19,36,Ramah,GPE
,19,36,Hazor,ORG
,19,37,Kedesh,PERSON
,19,37,Edrei,PERSON
,19,37,Enhazor,PERSON
,19,38,Migdalel,ORG
,19,38,Horem,PERSON
,19,38,Bethanath,PERSON
,19,38,Bethshemesh,PERSON
,19,38,nineteen,CARDINAL
,19,39,Naphtali,PERSON
,19,40,seventh,ORDINAL
,19,40,lot,PERSON
,19,40,Dan,PERSON
,19,41,Zorah,PERSON
,19,41,Eshtaol,ORG
,19,41,Irshemesh,ORG
,19,42,Shaalabbin,ORG
,19,42,Ajalon,PRODUCT
,19,42,Jethlah,GPE
,19,43,Elon,ORG
,19,43,Thimnathah,GPE
,19,43,Ekron,ORG
,19,44,Gibbethon,ORG
,19,44,"Baalath,",ORG
,19,45,Jehud,PERSON
,19,45,Beneberak,GPE
,19,45,Gathrimmon,PERSON
,19,46,Mejarkon,ORG
,19,46,Rakkon,ORG
,19,46,Japho,PERSON
,19,47,Dan,PERSON
,19,47,Dan,PERSON
,19,47,Leshem,ORG
,19,47,Leshem,PERSON
,19,47,Dan,PERSON
,19,47,Dan,PERSON
,19,48,Dan,PERSON
,19,49,Israel,GPE
,19,49,Joshua,PERSON
,19,49,Nun,PERSON
,19,50,Timnathserah,FAC
,19,50,Ephraim,PERSON
,19,51,Eleazar,PERSON
,19,51,Joshua,PERSON
,19,51,Nun,PERSON
,19,51,Israel,GPE
,19,51,lot,PERSON
,19,51,Shiloh,GPE
,19,51,So,PERSON
,20,1,Joshua,PERSON
,20,2,Israel,GPE
,20,2,Moses,PERSON
,20,4,one,CARDINAL
,20,6,death,PERSON
,20,6,those days,DATE
,20,7,Kedesh,GPE
,20,7,Galilee,GPE
,20,7,Naphtali,GPE
,20,7,Shechem,LOC
,20,7,Ephraim,PERSON
,20,7,Kirjatharba,GPE
,20,7,Hebron,GPE
,20,7,Judah,GPE
,20,8,on,PERSON
,20,8,Jordan,GPE
,20,8,Jericho,GPE
,20,8,Bezer,PERSON
,20,8,Reuben,PERSON
,20,8,Ramoth,PERSON
,20,8,Gilead,GPE
,20,8,Gad,PERSON
,20,8,Golan,PERSON
,20,8,Bashan,GPE
,20,8,Manasseh,NORP
,20,9,Israel,GPE
,21,1,Levites,WORK_OF_ART
,21,1,Eleazar,PERSON
,21,1,Joshua,PERSON
,21,1,Nun,PERSON
,21,1,Israel,GPE
,21,2,Shiloh,GPE
,21,2,Canaan,GPE
,21,2,Moses,PERSON
,21,3,Israel,GPE
,21,3,Levites,ORG
,21,4,lot,PERSON
,21,4,Aaron,PERSON
,21,4,Levites,ORG
,21,4,lot,PERSON
,21,4,Judah,GPE
,21,4,Simeon,PERSON
,21,4,Benjamin,PERSON
,21,4,thirteen,CARDINAL
,21,5,Kohath,GPE
,21,5,lot,PERSON
,21,5,Ephraim,PERSON
,21,5,Dan,PERSON
,21,5,half,CARDINAL
,21,5,Manasseh,GPE
,21,5,ten,CARDINAL
,21,6,Gershon,PERSON
,21,6,lot,PERSON
,21,6,Issachar,WORK_OF_ART
,21,6,Asher,PERSON
,21,6,Naphtali,PERSON
,21,6,half,CARDINAL
,21,6,Manasseh,NORP
,21,6,Bashan,GPE
,21,6,thirteen,CARDINAL
,21,7,Merari,ORG
,21,7,Reuben,PERSON
,21,7,Gad,PERSON
,21,7,Zebulun,GPE
,21,7,twelve,CARDINAL
,21,8,Israel,GPE
,21,8,lot,PERSON
,21,8,Levites,ORG
,21,8,Moses,PERSON
,21,9,Judah,PERSON
,21,9,Simeon,PERSON
,21,10,Aaron,PERSON
,21,10,Kohathites,GPE
,21,10,Levi,PERSON
,21,10,first,ORDINAL
,21,10,lot,PERSON
,21,11,Arba,GPE
,21,11,Anak,PERSON
,21,11,Hebron,GPE
,21,11,Judah,GPE
,21,12,Caleb,PERSON
,21,12,Jephunneh,PERSON
,21,13,Aaron,PERSON
,21,13,Hebron,GPE
,21,13,Libnah,PERSON
,21,14,Jattir,PERSON
,21,14,Eshtemoa,PERSON
,21,15,Debir,PERSON
,21,16,Ain,PERSON
,21,16,Juttah,PERSON
,21,16,Bethshemesh,PERSON
,21,16,nine,CARDINAL
,21,16,two,CARDINAL
,21,17,Benjamin,PERSON
,21,17,Gibeon,PERSON
,21,17,Geba,PERSON
,21,18,Anathoth,PERSON
,21,18,Almon,PERSON
,21,18,four,CARDINAL
,21,19,Aaron,PERSON
,21,19,thirteen,CARDINAL
,21,20,Kohath,GPE
,21,20,Levites,ORG
,21,20,Kohath,GPE
,21,20,lot,PERSON
,21,20,Ephraim,PERSON
,21,21,Shechem,ORG
,21,21,Ephraim,PERSON
,21,21,Gezer,PERSON
,21,22,Kibzaim,PERSON
,21,22,Bethhoron,ORG
,21,22,four,CARDINAL
,21,23,"Dan, Eltekeh",PERSON
,21,23,Gibbethon,WORK_OF_ART
,21,24,Aijalon,PERSON
,21,24,Gathrimmon,PERSON
,21,24,four,CARDINAL
,21,25,half,CARDINAL
,21,25,Manasseh,GPE
,21,25,Tanach,WORK_OF_ART
,21,25,Gathrimmon,PERSON
,21,25,two,CARDINAL
,21,26,ten,CARDINAL
,21,26,Kohath,GPE
,21,27,Gershon,PERSON
,21,27,Levites,ORG
,21,27,half,CARDINAL
,21,27,Manasseh,PRODUCT
,21,27,Golan,PERSON
,21,27,Bashan,GPE
,21,27,Beeshterah,PERSON
,21,27,two,CARDINAL
,21,28,"Issachar, Kishon",FAC
,21,28,Dabareh,PERSON
,21,29,Jarmuth,PERSON
,21,29,Engannim,ORG
,21,29,four,CARDINAL
,21,30,Asher,PERSON
,21,30,Mishal,PERSON
,21,30,Abdon,PERSON
,21,31,Rehob,PERSON
,21,31,four,CARDINAL
,21,32,Naphtali,GPE
,21,32,Kedesh,GPE
,21,32,Galilee,GPE
,21,32,Hammothdor,ORG
,21,32,Kartan,PERSON
,21,32,three,CARDINAL
,21,33,Gershonites,ORG
,21,33,thirteen,CARDINAL
,21,34,Merari,ORG
,21,34,Levites,ORG
,21,34,Zebulun,GPE
,21,34,Jokneam,GPE
,21,34,Kartah,PERSON
,21,35,Dimnah,PERSON
,21,35,Nahalal,PERSON
,21,35,four,CARDINAL
,21,36,Reuben,PERSON
,21,36,Bezer,PERSON
,21,36,Jahazah,PERSON
,21,37,Kedemoth,PERSON
,21,37,Mephaath,PERSON
,21,37,four,CARDINAL
,21,38,Gad,PERSON
,21,38,Ramoth,PERSON
,21,38,Gilead,GPE
,21,38,Mahanaim,PERSON
,21,39,Heshbon,PERSON
,21,39,Jazer,PERSON
,21,39,four,CARDINAL
,21,40,So,PERSON
,21,40,Merari,ORG
,21,40,Levites,ORG
,21,40,lot,PERSON
,21,40,twelve,CARDINAL
,21,41,Levites,ORG
,21,41,Israel,GPE
,21,41,forty and eight,CARDINAL
,21,43,Israel,GPE
,21,45,Israel,GPE
,22,1,Joshua,PERSON
,22,1,Reubenites,FAC
,22,1,Gadites,LOC
,22,1,half,CARDINAL
,22,1,Manasseh,GPE
,22,2,Ye,PERSON
,22,2,Moses,PERSON
,22,3,Ye,PERSON
,22,3,these many days,DATE
,22,3,this day,DATE
,22,4,Moses,PERSON
,22,4,on,PERSON
,22,4,Jordan,GPE
,22,5,Moses,PERSON
,22,6,So,PERSON
,22,6,Joshua,PERSON
,22,7,Manasseh Moses,PERSON
,22,7,Bashan,PERSON
,22,7,half,CARDINAL
,22,7,Joshua,PERSON
,22,7,on,PERSON
,22,7,Jordan,GPE
,22,7,Joshua,PERSON
,22,9,Reuben,PERSON
,22,9,Gad,PERSON
,22,9,half,CARDINAL
,22,9,Manasseh,ORG
,22,9,Israel,GPE
,22,9,Shiloh,GPE
,22,9,Canaan,GPE
,22,9,Gilead,ORG
,22,9,Moses,PERSON
,22,10,Jordan,GPE
,22,10,Canaan,GPE
,22,10,Reuben,PERSON
,22,10,Gad,PERSON
,22,10,half,CARDINAL
,22,10,Manasseh,NORP
,22,10,Jordan,GPE
,22,11,Israel,GPE
,22,11,Behold,PERSON
,22,11,Reuben,PERSON
,22,11,Gad,PERSON
,22,11,half,CARDINAL
,22,11,Manasseh,ORG
,22,11,Canaan,GPE
,22,11,Jordan,GPE
,22,11,Israel,GPE
,22,12,Israel,GPE
,22,12,Israel,GPE
,22,12,Shiloh,GPE
,22,13,Israel,GPE
,22,13,Reuben,PERSON
,22,13,Gad,PERSON
,22,13,half,CARDINAL
,22,13,Manasseh,GPE
,22,13,Gilead,GPE
,22,13,Phinehas,PERSON
,22,13,Eleazar,PERSON
,22,14,ten,CARDINAL
,22,14,Israel,GPE
,22,14,thousands,CARDINAL
,22,14,Israel,GPE
,22,15,Reuben,PERSON
,22,15,Gad,PERSON
,22,15,half,CARDINAL
,22,15,Manasseh,GPE
,22,15,Gilead,ORG
,22,16,Israel,GPE
,22,16,this day,DATE
,22,16,this day,DATE
,22,17,Peor,ORG
,22,17,this day,DATE
,22,18,this day,DATE
,22,18,Israel,GPE
,22,19,tabernacle dwelleth,LOC
,22,20,Achan,PERSON
,22,20,Zerah,PERSON
,22,20,on,PERSON
,22,20,Israel,GPE
,22,21,Reuben,PERSON
,22,21,Gad,PERSON
,22,21,half,CARDINAL
,22,21,Manasseh,PERSON
,22,21,thousands,CARDINAL
,22,21,Israel,GPE
,22,22,Israel,GPE
,22,22,this day,DATE
,22,24,Israel,GPE
,22,25,Jordan,PERSON
,22,25,Reuben,PERSON
,22,25,Gad,PERSON
,22,25,so,PERSON
,22,27,Ye,PERSON
,22,28,so,PERSON
,22,29,this day,DATE
,22,30,Phinehas,PERSON
,22,30,thousands,CARDINAL
,22,30,Israel,GPE
,22,30,Reuben,PERSON
,22,30,Gad,PERSON
,22,30,Manasseh,PERSON
,22,31,Phinehas,PERSON
,22,31,Eleazar,PERSON
,22,31,Reuben,PERSON
,22,31,Gad,PERSON
,22,31,Manasseh,GPE
,22,31,This day,DATE
,22,31,Israel,GPE
,22,32,Phinehas,PERSON
,22,32,Eleazar,PERSON
,22,32,Reuben,PERSON
,22,32,Gad,PERSON
,22,32,Gilead,GPE
,22,32,Canaan,GPE
,22,32,Israel,GPE
,22,33,Israel,GPE
,22,33,Israel,GPE
,22,33,Reuben,PERSON
,22,33,Gad,PERSON
,22,34,Reuben,PERSON
,22,34,Gad,PERSON
,23,1,Israel,GPE
,23,1,Joshua,PERSON
,23,2,Joshua,PERSON
,23,2,Israel,GPE
,23,4,lot,PERSON
,23,4,Jordan,GPE
,23,6,Moses,PERSON
,23,8,this day,DATE
,23,9,this day,DATE
,23,10,One,CARDINAL
,23,10,thousand,CARDINAL
,23,14,this day,DATE
,23,14,one,CARDINAL
,23,14,one,CARDINAL
,23,15,so,PERSON
,24,1,Joshua,PERSON
,24,1,Israel,GPE
,24,1,Shechem,ORG
,24,1,Israel,GPE
,24,2,Joshua,PERSON
,24,2,Israel,GPE
,24,2,on,PERSON
,24,2,Terah,PERSON
,24,2,Abraham,PERSON
,24,2,Nachor,PERSON
,24,3,Abraham,PERSON
,24,3,Canaan,GPE
,24,3,Isaac,PERSON
,24,4,Isaac Jacob,PERSON
,24,4,Esau,PERSON
,24,4,Esau,PERSON
,24,4,Seir,PERSON
,24,4,Jacob,PERSON
,24,4,Egypt,GPE
,24,5,Moses,PERSON
,24,5,Aaron,PERSON
,24,5,Egypt,GPE
,24,6,Egypt,GPE
,24,6,Egyptians,NORP
,24,6,the Red sea,LOC
,24,7,put,PERSON
,24,7,Egyptians,NORP
,24,7,Egypt,GPE
,24,7,a long season,DATE
,24,8,Amorites,ORG
,24,8,on,PERSON
,24,8,Jordan,GPE
,24,9,Balak,PERSON
,24,9,Zippor,PERSON
,24,9,Moab,GPE
,24,9,Israel,GPE
,24,9,Balaam,PERSON
,24,9,Beor,PERSON
,24,10,Balaam,PERSON
,24,10,so,PERSON
,24,11,Jordan,GPE
,24,11,Jericho,GPE
,24,11,Jericho,GPE
,24,11,Amorites,ORG
,24,11,Perizzites,FAC
,24,11,Canaanites,ORG
,24,11,Hittites,NORP
,24,11,Girgashites,FAC
,24,11,Hivites,GPE
,24,11,Jebusites,GPE
,24,12,two,CARDINAL
,24,12,Amorites,ORG
,24,14,put,PERSON
,24,14,on,PERSON
,24,14,Egypt,GPE
,24,15,this day,DATE
,24,15,on,PERSON
,24,15,Amorites,ORG
,24,17,Egypt,GPE
,24,18,Amorites,ORG
,24,19,Joshua,PERSON
,24,19,Ye,PERSON
,24,21,Joshua,PERSON
,24,22,Joshua,PERSON
,24,22,Ye,PERSON
,24,23,put,PERSON
,24,23,Israel,GPE
,24,24,Joshua,PERSON
,24,25,So,PERSON
,24,25,Joshua,PERSON
,24,25,that day,DATE
,24,25,Shechem,GPE
,24,26,Joshua,PERSON
,24,27,Joshua,PERSON
,24,27,Behold,PERSON
,24,28,So,PERSON
,24,28,Joshua,PERSON
,24,29,Joshua,PERSON
,24,29,Nun,PERSON
,24,29,an hundred and ten years old,CARDINAL
,24,30,Timnathserah,GPE
,24,30,Ephraim,PERSON
,24,30,on,PERSON
,24,30,Gaash,PERSON
,24,31,Israel,GPE
,24,31,Joshua,PERSON
,24,31,Joshua,PERSON
,24,31,Israel,GPE
,24,32,Joseph,PERSON
,24,32,Israel,GPE
,24,32,Egypt,GPE
,24,32,Shechem,GPE
,24,32,Jacob,PERSON
,24,32,Hamor,PERSON
,24,32,Shechem,ORG
,24,32,hundred,CARDINAL
,24,32,Joseph,PERSON
,24,33,Eleazar,PERSON
,24,33,Aaron,PERSON
,24,33,Phinehas,ORG
,24,33,Ephraim,PERSON
,1,1,death,PERSON
,1,1,Joshua,PERSON
,1,1,Israel,GPE
,1,1,Canaanites,ORG
,1,1,first,ORDINAL
,1,2,Judah,PERSON
,1,3,Judah,PERSON
,1,3,Simeon,PERSON
,1,3,lot,PERSON
,1,3,Canaanites,ORG
,1,3,lot,PERSON
,1,3,So,PERSON
,1,3,Simeon,PERSON
,1,4,Judah,PERSON
,1,4,Canaanites,ORG
,1,4,Perizzites,FAC
,1,4,Bezek,ORG
,1,4,ten thousand,CARDINAL
,1,5,Adonibezek,PERSON
,1,5,Bezek,ORG
,1,5,Canaanites,ORG
,1,5,Perizzites,FAC
,1,7,Adonibezek,PERSON
,1,7,Threescore,PERSON
,1,7,ten,CARDINAL
,1,7,so,PERSON
,1,7,Jerusalem,GPE
,1,8,Judah,PERSON
,1,8,Jerusalem,GPE
,1,8,on,PERSON
,1,9,Judah,PERSON
,1,9,Canaanites,ORG
,1,10,Judah,PERSON
,1,10,Canaanites,NORP
,1,10,Hebron,GPE
,1,10,Hebron,GPE
,1,10,Kirjatharba,GPE
,1,10,Sheshai,GPE
,1,10,Ahiman,PERSON
,1,10,Talmai,PERSON
,1,11,Debir,GPE
,1,11,Debir,ORG
,1,11,Kirjathsepher,PERSON
,1,12,Caleb,PERSON
,1,12,Kirjathsepher,PERSON
,1,12,Achsah,PERSON
,1,12,daughter,PERSON
,1,13,Othniel,PERSON
,1,13,Kenaz,PERSON
,1,13,Caleb,PERSON
,1,13,Achsah,PERSON
,1,13,daughter,PERSON
,1,14,Caleb,PERSON
,1,15,Caleb,PERSON
,1,16,Kenite,PERSON
,1,16,Moses,PERSON
,1,16,Judah,PERSON
,1,16,Judah,GPE
,1,16,Arad,GPE
,1,17,Judah,PERSON
,1,17,Simeon,PERSON
,1,17,Canaanites,NORP
,1,17,Hormah,GPE
,1,18,Judah,PERSON
,1,18,Gaza,GPE
,1,18,Askelon,PRODUCT
,1,18,Ekron,ORG
,1,19,Judah,PERSON
,1,20,Hebron,GPE
,1,20,Caleb,PERSON
,1,20,Moses,PERSON
,1,20,three,CARDINAL
,1,20,Anak,PERSON
,1,21,Benjamin,PERSON
,1,21,Jebusites,GPE
,1,21,Jerusalem,GPE
,1,21,Jebusites,LOC
,1,21,Benjamin,PERSON
,1,21,Jerusalem,GPE
,1,21,this day,DATE
,1,22,Joseph,PERSON
,1,22,Bethel,ORG
,1,23,Joseph,PERSON
,1,23,Bethel,GPE
,1,23,Luz,PERSON
,1,26,Hittites,NORP
,1,26,Luz,PERSON
,1,26,this day,DATE
,1,27,Manasseh,NORP
,1,27,Bethshean,GPE
,1,27,Taanach,PERSON
,1,27,Dor,GPE
,1,27,Ibleam,ORG
,1,27,Megiddo,GPE
,1,27,Canaanites,ORG
,1,28,Israel,GPE
,1,28,put,PERSON
,1,28,Canaanites,NORP
,1,29,Ephraim,PERSON
,1,29,Canaanites,NORP
,1,29,Gezer,PERSON
,1,29,Canaanites,ORG
,1,29,Gezer,PERSON
,1,30,Zebulun,PERSON
,1,30,Kitron,ORG
,1,30,Nahalol,ORG
,1,30,Canaanites,ORG
,1,31,Asher,PERSON
,1,31,Accho,GPE
,1,31,Zidon,GPE
,1,31,Ahlab,PERSON
,1,31,Achzib,PERSON
,1,31,Helbah,ORG
,1,31,Aphik,ORG
,1,31,Rehob,ORG
,1,32,Asherites,LOC
,1,32,Canaanites,ORG
,1,33,Naphtali,PERSON
,1,33,Bethshemesh,GPE
,1,33,Bethanath,NORP
,1,33,Canaanites,ORG
,1,33,Bethshemesh and of Bethanath,WORK_OF_ART
,1,34,Amorites,ORG
,1,34,Dan,PERSON
,1,35,Amorites,ORG
,1,35,Aijalon,GPE
,1,35,Shaalbim,GPE
,1,35,Joseph,PERSON
,1,35,so,PERSON
,1,36,Amorites,LOC
,1,36,Akrabbim,NORP
,2,1,Gilgal,PERSON
,2,1,Bochim,PERSON
,2,1,Egypt,GPE
,2,4,Israel,GPE
,2,5,Bochim,PERSON
,2,6,Joshua,PERSON
,2,6,Israel,GPE
,2,7,Joshua,PERSON
,2,7,Joshua,PERSON
,2,7,Israel,GPE
,2,8,Joshua,PERSON
,2,8,Nun,PERSON
,2,8,an hundred and ten years old,CARDINAL
,2,9,Timnathheres,GPE
,2,9,Ephraim,GPE
,2,9,on,PERSON
,2,9,Gaash,PERSON
,2,10,Israel,GPE
,2,11,Israel,GPE
,2,11,Baalim,ORG
,2,12,Egypt,GPE
,2,13,Baal,PERSON
,2,13,Ashtaroth,PERSON
,2,14,Israel,GPE
,2,14,so,PERSON
,2,17,so,PERSON
,2,20,Israel,GPE
,2,21,Joshua,PERSON
,2,22,Israel,GPE
,2,23,Joshua,PERSON
,3,1,Israel,GPE
,3,1,Israel,GPE
,3,1,Canaan,GPE
,3,2,Israel,GPE
,3,3,five,CARDINAL
,3,3,Philistines,NORP
,3,3,Canaanites,ORG
,3,3,Sidonians,NORP
,3,3,Hivites,GPE
,3,3,Lebanon,GPE
,3,3,Hamath,NORP
,3,4,Israel,GPE
,3,4,Moses,PERSON
,3,5,Israel,GPE
,3,5,Canaanites,NORP
,3,5,Hittites,NORP
,3,5,Amorites,ORG
,3,5,Perizzites,FAC
,3,5,Hivites,GPE
,3,5,Jebusites,LOC
,3,7,Israel,GPE
,3,7,Baalim,ORG
,3,8,Israel,GPE
,3,8,Chushanrishathaim,PERSON
,3,8,Mesopotamia,LOC
,3,8,Israel,GPE
,3,8,Chushanrishathaim,PERSON
,3,8,eight years,DATE
,3,9,Israel,GPE
,3,9,Israel,GPE
,3,9,Othniel,PERSON
,3,9,Kenaz,PERSON
,3,9,Caleb,PERSON
,3,10,Israel,GPE
,3,10,Chushanrishathaim,PERSON
,3,10,Mesopotamia,LOC
,3,10,Chushanrishathaim,PERSON
,3,11,forty years,DATE
,3,11,Othniel,PERSON
,3,11,Kenaz,PERSON
,3,12,Israel,GPE
,3,12,Eglon,PRODUCT
,3,12,Moab,GPE
,3,12,Israel,GPE
,3,13,Ammon,PERSON
,3,13,Amalek,PERSON
,3,13,Israel,GPE
,3,14,So,PERSON
,3,14,Israel,GPE
,3,14,Eglon,PERSON
,3,14,Moab,GPE
,3,14,eighteen years,DATE
,3,15,Israel,GPE
,3,15,Ehud,PERSON
,3,15,Gera,PERSON
,3,15,Benjamite,PERSON
,3,15,Israel,GPE
,3,15,Eglon,PERSON
,3,15,Moab,GPE
,3,16,Ehud,PERSON
,3,16,two,CARDINAL
,3,16,cubit,PRODUCT
,3,17,Eglon,PERSON
,3,17,Moab,LOC
,3,17,Eglon,PERSON
,3,19,Gilgal,PERSON
,3,20,Ehud,PERSON
,3,20,summer,DATE
,3,20,Ehud,PERSON
,3,21,Ehud,PERSON
,3,21,put,PERSON
,3,22,so,PERSON
,3,23,Ehud,PERSON
,3,24,summer,DATE
,3,25,on,PERSON
,3,26,Ehud,PERSON
,3,27,Ephraim,GPE
,3,27,Israel,GPE
,3,28,Moabites,ORG
,3,28,Jordan,GPE
,3,28,Moab,GPE
,3,29,Moab,LOC
,3,29,about ten thousand,CARDINAL
,3,30,So,PERSON
,3,30,Moab,LOC
,3,30,Israel,GPE
,3,30,fourscore years,DATE
,3,31,Shamgar,PERSON
,3,31,Anath,ORG
,3,31,Philistines six hundred,PRODUCT
,3,31,Israel,GPE
,4,1,Israel,GPE
,4,1,Ehud,PERSON
,4,2,Jabin,PERSON
,4,2,Canaan,GPE
,4,2,Hazor,ORG
,4,2,Sisera,PERSON
,4,2,Harosheth of the Gentiles,LOC
,4,3,Israel,GPE
,4,3,nine hundred,CARDINAL
,4,3,twenty years,DATE
,4,3,Israel,GPE
,4,4,Deborah,PERSON
,4,4,Lapidoth,ORG
,4,4,Israel,GPE
,4,5,Deborah,PERSON
,4,5,Ramah,GPE
,4,5,Bethel,GPE
,4,5,Ephraim,PERSON
,4,5,Israel,GPE
,4,6,Barak,PERSON
,4,6,Abinoam,PERSON
,4,6,Kedeshnaphtali,GPE
,4,6,Israel,GPE
,4,6,mount Tabor,GPE
,4,6,ten thousand,CARDINAL
,4,6,Naphtali,PERSON
,4,6,Zebulun,GPE
,4,7,Kishon Sisera,FAC
,4,7,Jabin,PERSON
,4,8,Barak,PERSON
,4,9,Sisera,FAC
,4,9,Deborah,PERSON
,4,9,Barak,PERSON
,4,9,Kedesh,GPE
,4,10,Barak,PERSON
,4,10,Zebulun,PERSON
,4,10,Naphtali to Kedesh,PERSON
,4,10,ten thousand,CARDINAL
,4,10,Deborah,PERSON
,4,11,Heber the Kenite,PERSON
,4,11,Hobab,PERSON
,4,11,Moses,PERSON
,4,11,Kenites,ORG
,4,11,Zaanaim,PERSON
,4,11,Kedesh,ORG
,4,12,Sisera,PERSON
,4,12,Barak,PERSON
,4,12,Abinoam,PERSON
,4,12,mount Tabor,GPE
,4,13,Sisera,PERSON
,4,13,nine hundred,CARDINAL
,4,13,Harosheth of the Gentiles,ORG
,4,13,Kishon,GPE
,4,14,Deborah,PERSON
,4,14,Barak,PERSON
,4,14,the day,DATE
,4,14,Sisera,PERSON
,4,14,So,PERSON
,4,14,Barak,PERSON
,4,14,mount Tabor,GPE
,4,14,ten thousand,CARDINAL
,4,15,Sisera,PERSON
,4,15,Barak,PERSON
,4,15,so,PERSON
,4,15,Sisera,PERSON
,4,15,on,PERSON
,4,16,Barak,PERSON
,4,16,Sisera,ORG
,4,17,Howbeit Sisera,PERSON
,4,17,on,PERSON
,4,17,Jael,PERSON
,4,17,Heber,GPE
,4,17,Jabin,PERSON
,4,17,Hazor,ORG
,4,17,Heber,GPE
,4,17,Kenite,ORG
,4,18,Jael,PERSON
,4,18,Sisera,PERSON
,4,21,Jael Heber's,PERSON
,4,21,So,PERSON
,4,22,Barak,PERSON
,4,22,Sisera,PERSON
,4,22,Jael,PERSON
,4,22,Sisera,PERSON
,4,23,So,PERSON
,4,23,on,PERSON
,4,23,Jabin,PERSON
,4,23,Canaan,GPE
,4,23,Israel,GPE
,4,24,Israel,GPE
,4,24,Jabin,PERSON
,4,24,Canaan,GPE
,4,24,Jabin,PERSON
,4,24,Canaan,GPE
,5,1,Deborah,PERSON
,5,1,Barak,PERSON
,5,1,Abinoam,PERSON
,5,1,on,PERSON
,5,1,that day,DATE
,5,2,Israel,GPE
,5,3,Israel,GPE
,5,4,Seir,WORK_OF_ART
,5,4,Edom,GPE
,5,5,Sinai,GPE
,5,5,Israel,GPE
,5,6,the days,DATE
,5,6,Shamgar,PERSON
,5,6,Anath,ORG
,5,6,the days,DATE
,5,6,Jael,PERSON
,5,7,Israel,GPE
,5,7,Deborah,PERSON
,5,7,Israel,GPE
,5,8,forty thousand,CARDINAL
,5,8,Israel,GPE
,5,9,Israel,GPE
,5,10,on,PERSON
,5,11,Israel,GPE
,5,12,Deborah,PERSON
,5,12,Barak,PERSON
,5,12,Abinoam,PERSON
,5,14,Ephraim,PERSON
,5,14,Amalek,PERSON
,5,14,Benjamin,PERSON
,5,14,Machir,LOC
,5,14,Zebulun,PERSON
,5,15,Issachar,WORK_OF_ART
,5,15,Deborah,PERSON
,5,15,Issachar,WORK_OF_ART
,5,15,Barak,PERSON
,5,15,on,PERSON
,5,15,Reuben,PERSON
,5,16,Reuben,PERSON
,5,17,Gilead,ORG
,5,17,Jordan,PERSON
,5,17,Dan,PERSON
,5,17,Asher,PERSON
,5,17,on,PERSON
,5,18,Zebulun,PERSON
,5,18,Naphtali,PERSON
,5,18,death,PERSON
,5,19,Canaan,GPE
,5,19,Taanach,GPE
,5,19,Megiddo,GPE
,5,20,Sisera,FAC
,5,21,Kishon,GPE
,5,23,Meroz,PERSON
,5,24,Jael,PERSON
,5,24,Heber,GPE
,5,24,Kenite,PERSON
,5,26,put,PERSON
,5,26,Sisera,PERSON
,5,28,Sisera,PERSON
,5,28,so,PERSON
,5,30,two,CARDINAL
,5,30,Sisera,FAC
,5,30,on,PERSON
,5,31,So,PERSON
,5,31,forty years,DATE
,6,1,Israel,GPE
,6,1,Midian,LOC
,6,1,seven years,DATE
,6,2,Midian,PERSON
,6,2,Israel,GPE
,6,2,Midianites,LOC
,6,2,Israel,GPE
,6,3,so,PERSON
,6,3,Israel,GPE
,6,3,Midianites,NORP
,6,3,Amalekites,GPE
,6,4,Gaza,GPE
,6,4,Israel,GPE
,6,6,Israel,GPE
,6,6,Midianites,NORP
,6,6,Israel,GPE
,6,7,Israel,GPE
,6,7,Midianites,NORP
,6,8,Israel,GPE
,6,8,Israel,GPE
,6,8,Egypt,GPE
,6,9,Egyptians,NORP
,6,10,Amorites,ORG
,6,11,Ophrah,GPE
,6,11,Joash,PERSON
,6,11,Abiezrite,NORP
,6,11,Gideon,PERSON
,6,11,Midianites,LOC
,6,13,Gideon,PERSON
,6,13,Egypt,GPE
,6,13,Midianites,LOC
,6,14,Israel,GPE
,6,14,Midianites,LOC
,6,15,Israel,GPE
,6,15,Manasseh,GPE
,6,16,Midianites,LOC
,6,16,one,CARDINAL
,6,19,Gideon,PERSON
,6,19,ephah,PERSON
,6,19,put,PERSON
,6,19,put,PERSON
,6,20,so,PERSON
,6,21,put,PERSON
,6,22,Gideon,PERSON
,6,22,Gideon,PERSON
,6,24,Gideon,PERSON
,6,24,Jehovahshalom,PERSON
,6,24,this day,DATE
,6,24,Ophrah of the,LOC
,6,24,Abiezrites,LOC
,6,25,the same night,TIME
,6,25,second,ORDINAL
,6,25,seven years old,DATE
,6,25,Baal,PERSON
,6,26,second,ORDINAL
,6,27,Gideon,PERSON
,6,27,ten,CARDINAL
,6,27,so,PERSON
,6,27,night,TIME
,6,28,early in the morning,TIME
,6,28,Baal,PERSON
,6,28,second,ORDINAL
,6,29,one,CARDINAL
,6,29,Gideon,PERSON
,6,29,Joash,PERSON
,6,30,Joash,PERSON
,6,30,Baal,PERSON
,6,31,Joash,PERSON
,6,31,Baal,PERSON
,6,31,put,PERSON
,6,31,death,PERSON
,6,32,on,PERSON
,6,32,that day,DATE
,6,32,Jerubbaal,PERSON
,6,32,Baal,PERSON
,6,33,Midianites,LOC
,6,33,Amalekites,GPE
,6,33,Jezreel,LOC
,6,34,Spirit,ORG
,6,34,Gideon,PERSON
,6,34,Abiezer,PERSON
,6,35,Manasseh,NORP
,6,35,Asher,PERSON
,6,35,Zebulun,PERSON
,6,35,Naphtali,PERSON
,6,36,Gideon,PERSON
,6,36,Israel,GPE
,6,37,put,PERSON
,6,37,on,PERSON
,6,37,Israel,GPE
,6,38,so,PERSON
,6,38,on,PERSON
,6,39,Gideon,PERSON
,6,40,so,PERSON
,6,40,on,PERSON
,7,1,Jerubbaal,PERSON
,7,1,Gideon,PERSON
,7,1,so,PERSON
,7,1,Midianites,LOC
,7,1,on,PERSON
,7,2,Gideon,PERSON
,7,2,Midianites,LOC
,7,2,Israel,GPE
,7,2,Mine,ORG
,7,3,mount Gilead,LOC
,7,3,twenty and two thousand,CARDINAL
,7,3,ten thousand,CARDINAL
,7,4,Gideon,PERSON
,7,5,So,PERSON
,7,5,Gideon,PERSON
,7,6,three hundred,CARDINAL
,7,7,Gideon,PERSON
,7,7,three hundred,CARDINAL
,7,7,Midianites,LOC
,7,8,So,PERSON
,7,8,Israel,GPE
,7,8,three hundred,CARDINAL
,7,8,Midian,PERSON
,7,9,the same night,TIME
,7,10,Phurah,PERSON
,7,11,Phurah,PERSON
,7,12,Midianites,LOC
,7,12,Amalekites,GPE
,7,13,Gideon,PERSON
,7,13,Behold,PERSON
,7,13,Midian,ORG
,7,14,Gideon,PERSON
,7,14,Joash,PERSON
,7,14,Israel,GPE
,7,14,Midian,PERSON
,7,15,so,PERSON
,7,15,Gideon,PERSON
,7,15,Israel,GPE
,7,15,Midian,ORG
,7,16,three hundred,CARDINAL
,7,16,three,CARDINAL
,7,16,put,PERSON
,7,17,on,PERSON
,7,17,so,PERSON
,7,18,on,PERSON
,7,18,Gideon,PERSON
,7,19,So,PERSON
,7,19,Gideon,PERSON
,7,19,hundred,CARDINAL
,7,20,three,CARDINAL
,7,20,Gideon,PERSON
,7,22,three hundred,CARDINAL
,7,22,Bethshittah,PERSON
,7,22,Zererath,GPE
,7,22,Abelmeholah,GPE
,7,22,Tabbath,PERSON
,7,23,Israel,GPE
,7,23,Naphtali,PERSON
,7,23,Asher,PERSON
,7,23,Manasseh,NORP
,7,23,Midianites,LOC
,7,24,Gideon,PERSON
,7,24,Ephraim,PERSON
,7,24,Midianites,LOC
,7,24,Bethbarah,PERSON
,7,24,Jordan,GPE
,7,24,Ephraim,PERSON
,7,24,Bethbarah,PERSON
,7,24,Jordan,GPE
,7,25,two,CARDINAL
,7,25,Midianites,NORP
,7,25,Oreb,GPE
,7,25,Zeeb,GPE
,7,25,Oreb,PERSON
,7,25,Oreb,PERSON
,7,25,Zeeb,PERSON
,7,25,Zeeb,GPE
,7,25,Midian,ORG
,7,25,Oreb,GPE
,7,25,Zeeb,PERSON
,7,25,Gideon,PERSON
,7,25,on,PERSON
,7,25,Jordan,GPE
,8,1,Ephraim,PERSON
,8,1,Midianites,LOC
,8,2,Ephraim,PERSON
,8,2,Abiezer,LOC
,8,3,Midian,PERSON
,8,3,Oreb,GPE
,8,3,Zeeb,PERSON
,8,4,Gideon,PERSON
,8,4,Jordan,GPE
,8,4,three hundred,CARDINAL
,8,5,Succoth,GPE
,8,5,Zebah,PERSON
,8,5,Zalmunna,PERSON
,8,5,Midian,ORG
,8,6,Succoth,GPE
,8,6,Zebah,PERSON
,8,6,Zalmunna,PERSON
,8,7,Gideon,PERSON
,8,7,Zebah,PERSON
,8,7,Zalmunna,PERSON
,8,8,Penuel,ORG
,8,8,Penuel,ORG
,8,8,Succoth,GPE
,8,9,Penuel,ORG
,8,10,Zebah,PERSON
,8,10,Zalmunna,PERSON
,8,10,Karkor,GPE
,8,10,about fifteen thousand,CARDINAL
,8,10,an hundred and twenty thousand,CARDINAL
,8,11,Gideon,PERSON
,8,11,on,PERSON
,8,11,Nobah and Jogbehah,LOC
,8,12,Zebah,PERSON
,8,12,Zalmunna,PERSON
,8,12,two,CARDINAL
,8,12,Midian,PERSON
,8,12,Zebah,PERSON
,8,12,Zalmunna,PERSON
,8,13,Gideon,PERSON
,8,13,Joash,PERSON
,8,14,Succoth,GPE
,8,14,Succoth,GPE
,8,14,threescore and seventeen,CARDINAL
,8,15,Succoth,GPE
,8,15,Behold Zebah,PERSON
,8,15,Zalmunna,PERSON
,8,15,Zebah,PERSON
,8,15,Zalmunna,PERSON
,8,16,Succoth,GPE
,8,17,Penuel,ORG
,8,18,Zebah,PERSON
,8,18,Zalmunna,PERSON
,8,18,Tabor,PERSON
,8,18,so,PERSON
,8,20,Jether,PERSON
,8,21,Zebah,PERSON
,8,21,Zalmunna,PERSON
,8,21,Rise,PERSON
,8,21,so,PERSON
,8,21,Gideon,PERSON
,8,21,Zebah,PERSON
,8,21,Zalmunna,PERSON
,8,21,on,PERSON
,8,22,Israel,GPE
,8,22,Gideon,PERSON
,8,22,Midian,ORG
,8,23,Gideon,PERSON
,8,24,Gideon,PERSON
,8,24,Ishmaelites,NORP
,8,26,a thousand and seven hundred shekels,CARDINAL
,8,26,on,PERSON
,8,26,Midian,ORG
,8,27,Gideon,PERSON
,8,27,ephod,PERSON
,8,27,put,PERSON
,8,27,Ophrah,PERSON
,8,27,Israel,GPE
,8,27,Gideon,PERSON
,8,28,Midian,PERSON
,8,28,Israel,GPE
,8,28,so,PERSON
,8,28,forty years,DATE
,8,28,Gideon,PERSON
,8,29,Jerubbaal,PERSON
,8,29,Joash,PERSON
,8,30,Gideon,PERSON
,8,30,ten,CARDINAL
,8,31,Shechem,GPE
,8,31,Abimelech,ORG
,8,32,Gideon,PERSON
,8,32,Joash,PERSON
,8,32,Joash,PERSON
,8,32,Ophrah of the,LOC
,8,32,Abiezrites,LOC
,8,33,Gideon,PERSON
,8,33,Israel,GPE
,8,33,Baalim,ORG
,8,33,Baalberith,ORG
,8,34,Israel,GPE
,8,34,on,PERSON
,8,35,Jerubbaal,PERSON
,8,35,Gideon,PERSON
,8,35,Israel,GPE
,9,1,Abimelech,ORG
,9,1,Jerubbaal,PERSON
,9,1,Shechem,ORG
,9,2,Shechem,ORG
,9,2,Jerubbaal,PERSON
,9,2,threescore and ten,CARDINAL
,9,2,one,CARDINAL
,9,3,Shechem,ORG
,9,3,Abimelech,ORG
,9,4,threescore and ten,CARDINAL
,9,4,Baalberith,ORG
,9,4,Abimelech,ORG
,9,5,Ophrah,ORG
,9,5,Jerubbaal,PERSON
,9,5,threescore and ten,CARDINAL
,9,5,one,CARDINAL
,9,5,Jotham,PERSON
,9,5,Jerubbaal,PERSON
,9,6,Shechem,ORG
,9,6,Millo,PERSON
,9,6,Abimelech,ORG
,9,6,Shechem,GPE
,9,7,Jotham,PERSON
,9,7,Shechem,ORG
,9,8,on,PERSON
,9,15,put,PERSON
,9,15,Lebanon,GPE
,9,16,Abimelech,ORG
,9,16,Jerubbaal,PERSON
,9,17,Midian,PERSON
,9,18,this day,DATE
,9,18,threescore and ten,CARDINAL
,9,18,one,CARDINAL
,9,18,Abimelech,ORG
,9,18,Shechem,ORG
,9,19,Jerubbaal,PERSON
,9,19,this day,DATE
,9,19,Abimelech,ORG
,9,20,Abimelech,ORG
,9,20,Shechem,ORG
,9,20,Millo,ORG
,9,20,Shechem,ORG
,9,20,Millo,PERSON
,9,20,Abimelech,ORG
,9,21,Jotham,PERSON
,9,21,Beer,PRODUCT
,9,21,Abimelech,ORG
,9,22,Abimelech,ORG
,9,22,three years,DATE
,9,22,Israel,GPE
,9,23,Abimelech,ORG
,9,23,Shechem,ORG
,9,23,Shechem,ORG
,9,23,Abimelech,ORG
,9,24,ten,CARDINAL
,9,24,Jerubbaal,PERSON
,9,24,Abimelech,ORG
,9,24,Shechem,ORG
,9,25,Shechem,GPE
,9,25,Abimelech,ORG
,9,26,Gaal,PERSON
,9,26,Ebed,PERSON
,9,26,Shechem,ORG
,9,26,Shechem,ORG
,9,26,put,PERSON
,9,27,Abimelech,ORG
,9,28,Gaal,PERSON
,9,28,Ebed,PERSON
,9,28,Abimelech,ORG
,9,28,Shechem,ORG
,9,28,Jerubbaal,PERSON
,9,28,Zebul,PERSON
,9,28,Hamor,ORG
,9,28,Shechem,ORG
,9,29,Abimelech,ORG
,9,29,Abimelech,ORG
,9,30,Zebul,PERSON
,9,30,Gaal,PERSON
,9,30,Ebed,PERSON
,9,31,Abimelech,ORG
,9,31,Behold,PERSON
,9,31,Gaal,PERSON
,9,31,Ebed,PERSON
,9,31,Shechem,ORG
,9,34,Abimelech,ORG
,9,34,night,TIME
,9,34,Shechem,ORG
,9,34,four,CARDINAL
,9,35,Gaal,PERSON
,9,35,Ebed,PERSON
,9,35,Abimelech,ORG
,9,36,Gaal,PERSON
,9,36,Zebul,PERSON
,9,36,Zebul,PERSON
,9,37,Gaal,PERSON
,9,37,Meonenim,ORG
,9,38,Zebul,PERSON
,9,38,Abimelech,ORG
,9,39,Gaal,PERSON
,9,39,Shechem,ORG
,9,39,Abimelech,ORG
,9,40,Abimelech,ORG
,9,41,Abimelech,ORG
,9,41,Zebul,PERSON
,9,41,Gaal,PERSON
,9,41,Shechem,GPE
,9,42,on,PERSON
,9,42,Abimelech,ORG
,9,43,three,CARDINAL
,9,44,Abimelech,ORG
,9,44,two,CARDINAL
,9,45,Abimelech,ORG
,9,46,Shechem,ORG
,9,47,Abimelech,ORG
,9,47,Shechem,ORG
,9,48,Abimelech gat,PERSON
,9,48,Zalmon,PERSON
,9,48,Abimelech,ORG
,9,48,on,PERSON
,9,49,Abimelech,ORG
,9,49,put,PERSON
,9,49,on,PERSON
,9,49,so,PERSON
,9,49,Shechem,ORG
,9,49,about a thousand,CARDINAL
,9,50,Abimelech,ORG
,9,50,Thebez,ORG
,9,51,gat,ORG
,9,52,Abimelech,ORG
,9,53,Abimelech,ORG
,9,55,Israel,GPE
,9,55,Abimelech,ORG
,9,56,Abimelech,ORG
,9,56,seventy,CARDINAL
,9,57,Shechem,ORG
,9,57,Jotham,PERSON
,9,57,Jerubbaal,PERSON
,10,1,Abimelech,ORG
,10,1,Israel Tola,PERSON
,10,1,Puah,PERSON
,10,1,Dodo,PERSON
,10,1,Issachar,WORK_OF_ART
,10,1,Shamir,PERSON
,10,1,Ephraim,PERSON
,10,2,Israel,GPE
,10,2,twenty and three years,DATE
,10,2,Shamir,PERSON
,10,3,Jair,PERSON
,10,3,Gileadite,ORG
,10,3,Israel,GPE
,10,3,twenty and two years,DATE
,10,4,thirty,CARDINAL
,10,4,on,PERSON
,10,4,thirty,CARDINAL
,10,4,thirty,CARDINAL
,10,4,Havothjair,PERSON
,10,4,this day,DATE
,10,4,Gilead,ORG
,10,5,Jair,PERSON
,10,5,Camon,ORG
,10,6,Israel,GPE
,10,6,Baalim,ORG
,10,6,Ashtaroth,PERSON
,10,6,Syria,GPE
,10,6,Zidon,EVENT
,10,6,Moab,GPE
,10,6,Ammon,PERSON
,10,6,Philistines,NORP
,10,7,Israel,GPE
,10,7,Philistines,NORP
,10,7,Ammon,PERSON
,10,8,that year,DATE
,10,8,Israel,GPE
,10,8,eighteen years,DATE
,10,8,Israel,GPE
,10,8,on,PERSON
,10,8,Jordan,GPE
,10,8,Amorites,ORG
,10,8,Gilead,GPE
,10,9,Ammon,PERSON
,10,9,Jordan,GPE
,10,9,Judah,PERSON
,10,9,Benjamin,PERSON
,10,9,Ephraim,PERSON
,10,9,so,PERSON
,10,9,Israel,GPE
,10,10,Israel,GPE
,10,10,Baalim,ORG
,10,11,Israel,GPE
,10,11,Egyptians,NORP
,10,11,Amorites,ORG
,10,11,Ammon,PERSON
,10,11,Philistines,NORP
,10,12,Zidonians,NORP
,10,12,Amalekites,GPE
,10,12,Maonites,GPE
,10,15,Israel,GPE
,10,15,this day,DATE
,10,16,put,PERSON
,10,16,Israel,GPE
,10,17,Ammon,PERSON
,10,17,Gilead,GPE
,10,17,Israel,GPE
,10,17,Mizpeh,GPE
,10,18,Gilead,ORG
,10,18,one,CARDINAL
,10,18,Ammon,PERSON
,10,18,Gilead,ORG
,11,1,Jephthah,PERSON
,11,1,Gileadite,ORG
,11,1,Gilead,PERSON
,11,1,Jephthah,PERSON
,11,2,Gilead,ORG
,11,2,Jephthah,GPE
,11,3,Jephthah,PERSON
,11,3,Jephthah,GPE
,11,4,Ammon,PERSON
,11,4,Israel,GPE
,11,5,so,PERSON
,11,5,Ammon,PERSON
,11,5,Israel,GPE
,11,5,Gilead,ORG
,11,5,Jephthah,ORG
,11,6,Jephthah,PERSON
,11,6,Ammon,PERSON
,11,7,Jephthah,PERSON
,11,7,Gilead,ORG
,11,8,Gilead,ORG
,11,8,Jephthah,PERSON
,11,8,Ammon,PERSON
,11,8,Gilead,ORG
,11,9,Jephthah,PERSON
,11,9,Gilead,ORG
,11,9,Ammon,PERSON
,11,10,Gilead,ORG
,11,10,Jephthah,PERSON
,11,10,so,PERSON
,11,11,Jephthah,PERSON
,11,11,Gilead,ORG
,11,11,Jephthah,PERSON
,11,11,Mizpeh,PERSON
,11,12,Jephthah,PERSON
,11,12,Ammon,PERSON
,11,13,Ammon,PERSON
,11,13,Jephthah,GPE
,11,13,Israel,GPE
,11,13,Egypt,GPE
,11,13,Arnon,PERSON
,11,13,Jabbok,PERSON
,11,13,Jordan,PERSON
,11,14,Jephthah,PERSON
,11,14,Ammon,PERSON
,11,15,Jephthah,GPE
,11,15,Israel,GPE
,11,15,Moab,GPE
,11,15,Ammon,PERSON
,11,16,Israel,GPE
,11,16,Egypt,GPE
,11,16,the Red sea,LOC
,11,17,Israel,GPE
,11,17,Edom,ORG
,11,17,Edom,ORG
,11,17,Moab,LOC
,11,17,Israel,GPE
,11,17,Kadesh,GPE
,11,18,Edom,GPE
,11,18,Moab,GPE
,11,18,Moab,GPE
,11,18,on,PERSON
,11,18,Arnon,PERSON
,11,18,Moab,LOC
,11,18,Arnon,PERSON
,11,18,Moab,GPE
,11,19,Israel,GPE
,11,19,Sihon,PERSON
,11,19,Amorites,ORG
,11,19,Heshbon,PERSON
,11,19,Israel,GPE
,11,20,Sihon,ORG
,11,20,Israel,GPE
,11,20,Sihon,ORG
,11,20,Jahaz,GPE
,11,20,Israel,GPE
,11,21,Israel,GPE
,11,21,Sihon,ORG
,11,21,Israel,GPE
,11,21,so,PERSON
,11,21,Israel,GPE
,11,21,Amorites,ORG
,11,22,Amorites,ORG
,11,22,Arnon,PERSON
,11,22,Jabbok,PERSON
,11,22,Jordan,PERSON
,11,23,So,PERSON
,11,23,Israel,GPE
,11,23,Amorites,ORG
,11,23,Israel,GPE
,11,24,Chemosh,PERSON
,11,24,So,PERSON
,11,25,Balak,PERSON
,11,25,Zippor,PERSON
,11,25,Moab,GPE
,11,25,Israel,GPE
,11,26,Israel,GPE
,11,26,Heshbon,PERSON
,11,26,Aroer,GPE
,11,26,Arnon,GPE
,11,26,three hundred years,DATE
,11,27,this day,DATE
,11,27,Israel,GPE
,11,27,Ammon,PERSON
,11,28,Ammon,PERSON
,11,28,Jephthah,PERSON
,11,29,Jephthah,PERSON
,11,29,Gilead,ORG
,11,29,Manasseh,PERSON
,11,29,Mizpeh of Gilead,PERSON
,11,29,Mizpeh of Gilead,PERSON
,11,29,Ammon,PERSON
,11,30,Jephthah,PERSON
,11,30,Ammon,PERSON
,11,31,Ammon,PERSON
,11,32,So,PERSON
,11,32,Jephthah,PERSON
,11,32,Ammon,PERSON
,11,33,Aroer,GPE
,11,33,Minnith,PERSON
,11,33,twenty,CARDINAL
,11,33,Ammon,PERSON
,11,33,Israel,GPE
,11,34,Jephthah,PERSON
,11,34,Mizpeh,PERSON
,11,34,daughter,PERSON
,11,34,daughter,PERSON
,11,35,daughter,PERSON
,11,35,one,CARDINAL
,11,36,Ammon,PERSON
,11,37,two months,DATE
,11,38,two months,DATE
,11,39,the end of two months,DATE
,11,39,Israel,GPE
,11,40,Israel,GPE
,11,40,daughter,PERSON
,11,40,Jephthah the Gileadite,PERSON
,11,40,four days,DATE
,11,40,a year,DATE
,12,1,Ephraim,PERSON
,12,1,Jephthah,PERSON
,12,1,Ammon,PERSON
,12,1,thine house,ORG
,12,2,Jephthah,PERSON
,12,2,Ammon,PERSON
,12,3,put,PERSON
,12,3,Ammon,PERSON
,12,3,this day,DATE
,12,4,Jephthah,PERSON
,12,4,Gilead,ORG
,12,4,Ephraim,PERSON
,12,4,Gilead,PERSON
,12,4,Ephraim,PERSON
,12,4,Ye Gileadites,PERSON
,12,4,Ephraim,PERSON
,12,4,Ephraimites,ORG
,12,5,Gileadites,ORG
,12,5,Jordan,PERSON
,12,5,so,PERSON
,12,5,Ephraimites,ORG
,12,5,Gilead,ORG
,12,5,Ephraimite,ORG
,12,5,Nay,PERSON
,12,6,Sibboleth,PERSON
,12,6,Jordan,PERSON
,12,6,Ephraimites,ORG
,12,7,Jephthah,GPE
,12,7,Israel,GPE
,12,7,six years,DATE
,12,7,Jephthah the Gileadite,PERSON
,12,7,one,CARDINAL
,12,7,Gilead,ORG
,12,8,Ibzan,ORG
,12,8,Bethlehem,GPE
,12,8,Israel,GPE
,12,9,thirty,CARDINAL
,12,9,thirty,CARDINAL
,12,9,thirty,CARDINAL
,12,9,Israel,GPE
,12,9,seven years,DATE
,12,10,Ibzan,PERSON
,12,10,Bethlehem,GPE
,12,11,Elon,ORG
,12,11,Zebulonite,NORP
,12,11,Israel,GPE
,12,11,Israel,GPE
,12,11,ten years,DATE
,12,12,Elon the Zebulonite,ORG
,12,12,Aijalon,GPE
,12,12,Zebulun,GPE
,12,13,Abdon,PERSON
,12,13,Hillel,GPE
,12,13,Pirathonite,NORP
,12,13,Israel,GPE
,12,14,forty,CARDINAL
,12,14,thirty,CARDINAL
,12,14,on,PERSON
,12,14,threescore and ten,CARDINAL
,12,14,Israel,GPE
,12,14,eight years,DATE
,12,15,Abdon,PERSON
,12,15,Hillel,GPE
,12,15,Pirathonite,PERSON
,12,15,Pirathon,GPE
,12,15,Ephraim,GPE
,12,15,Amalekites,GPE
,13,1,Israel,GPE
,13,1,forty years,DATE
,13,2,Zorah,PERSON
,13,2,Danites,LOC
,13,2,Manoah,ORG
,13,5,on,PERSON
,13,5,Nazarite,NORP
,13,5,Israel,GPE
,13,5,Philistines,PRODUCT
,13,7,Behold,PERSON
,13,7,Nazarite,NORP
,13,7,death,PERSON
,13,8,Manoah,PRODUCT
,13,9,Manoah,ORG
,13,9,Manoah,PERSON
,13,11,Manoah,ORG
,13,12,Manoah,ORG
,13,13,Manoah,PERSON
,13,15,Manoah,ORG
,13,16,Manoah,PERSON
,13,16,Manoah,ORG
,13,17,Manoah,ORG
,13,19,So,PERSON
,13,19,Manoah,ORG
,13,19,Manoah,ORG
,13,19,on,PERSON
,13,20,Manoah,ORG
,13,20,on,PERSON
,13,20,on,PERSON
,13,21,Manoah,PRODUCT
,13,21,Manoah,ORG
,13,22,Manoah,ORG
,13,24,Samson,PERSON
,13,25,Dan,PERSON
,13,25,Zorah,PERSON
,13,25,Eshtaol,ORG
,14,1,Samson,PERSON
,14,1,Timnath,GPE
,14,1,Timnath,GPE
,14,1,Philistines,PRODUCT
,14,2,Timnath,GPE
,14,2,Philistines,NORP
,14,3,Philistines,NORP
,14,3,Samson,PERSON
,14,4,Philistines,NORP
,14,4,Philistines,NORP
,14,4,Israel,GPE
,14,5,Samson,PERSON
,14,5,Timnath,GPE
,14,5,Timnath,NORP
,14,7,Samson,PERSON
,14,9,on,PERSON
,14,10,So,PERSON
,14,10,Samson,PERSON
,14,10,so,PERSON
,14,11,thirty,CARDINAL
,14,12,Samson,ORG
,14,12,put,PERSON
,14,12,the seven days,DATE
,14,12,thirty,CARDINAL
,14,12,thirty,CARDINAL
,14,13,thirty,CARDINAL
,14,13,thirty,CARDINAL
,14,13,Put,PERSON
,14,14,three days,DATE
,14,15,on,PERSON
,14,15,the seventh day,DATE
,14,15,Samson,PERSON
,14,15,so,PERSON
,14,16,Samson,PERSON
,14,16,Thou dost,PERSON
,14,16,put,PERSON
,14,17,the seven days,DATE
,14,17,on,PERSON
,14,17,the seventh day,DATE
,14,18,on,PERSON
,14,18,the seventh day,DATE
,14,19,Ashkelon,GPE
,14,19,thirty,CARDINAL
,14,20,Samson,ORG
,15,1,Samson,ORG
,15,3,Samson,ORG
,15,3,Philistines,NORP
,15,4,Samson,PERSON
,15,4,three hundred,CARDINAL
,15,4,put,PERSON
,15,4,between two,CARDINAL
,15,5,on,PERSON
,15,5,Philistines,NORP
,15,6,Philistines,ORG
,15,6,Samson,PERSON
,15,6,Timnite,PERSON
,15,6,Philistines,NORP
,15,7,Samson,ORG
,15,8,Etam,NORP
,15,9,Philistines,NORP
,15,9,Judah,GPE
,15,9,Lehi,GPE
,15,10,Judah,PERSON
,15,10,Samson,PERSON
,15,11,three thousand,CARDINAL
,15,11,Judah,PERSON
,15,11,Etam,NORP
,15,11,Samson,GPE
,15,11,Knowest,PERSON
,15,11,Philistines,NORP
,15,11,so,PERSON
,15,12,Philistines,NORP
,15,12,Samson,PERSON
,15,13,two,CARDINAL
,15,14,Lehi,GPE
,15,14,Philistines,NORP
,15,14,Spirit,ORG
,15,15,put,PERSON
,15,15,thousand,CARDINAL
,15,16,Samson,ORG
,15,16,thousand,CARDINAL
,15,18,on,PERSON
,15,18,Thou,PERSON
,15,19,Enhakkore,ORG
,15,19,Lehi,GPE
,15,19,this day,DATE
,15,20,Israel,GPE
,15,20,the days,DATE
,15,20,twenty years,DATE
,16,1,Samson,PERSON
,16,1,Gaza,GPE
,16,2,Gazites,ORG
,16,2,Samson,PERSON
,16,2,all night,TIME
,16,2,the morning,TIME
,16,3,Samson,PERSON
,16,3,midnight,TIME
,16,3,midnight,TIME
,16,3,two,CARDINAL
,16,3,put,PERSON
,16,3,Hebron,GPE
,16,4,Sorek,ORG
,16,4,Delilah,ORG
,16,5,Philistines,NORP
,16,5,eleven hundred,CARDINAL
,16,6,Delilah,ORG
,16,6,Samson,PERSON
,16,7,Samson,ORG
,16,7,seven,CARDINAL
,16,8,Philistines,NORP
,16,8,seven,CARDINAL
,16,9,Philistines,NORP
,16,9,Samson,PERSON
,16,9,So,PERSON
,16,10,Delilah,ORG
,16,10,Samson,PERSON
,16,12,Delilah,PERSON
,16,12,Philistines,NORP
,16,12,Samson,PERSON
,16,13,Delilah,ORG
,16,13,Samson,PERSON
,16,13,seven,CARDINAL
,16,14,Philistines,NORP
,16,14,Samson,PERSON
,16,15,three,CARDINAL
,16,16,so,PERSON
,16,16,death,PERSON
,16,17,Nazarite,NORP
,16,18,Delilah,PERSON
,16,18,Philistines,NORP
,16,18,Philistines,NORP
,16,19,seven,CARDINAL
,16,20,Philistines,NORP
,16,20,Samson,PERSON
,16,21,Philistines,NORP
,16,21,put,PERSON
,16,21,Gaza,GPE
,16,23,Philistines,NORP
,16,23,Dagon,PERSON
,16,23,Samson,PERSON
,16,25,Call for Samson,ORG
,16,25,Samson,PERSON
,16,26,Samson,ORG
,16,27,Philistines,NORP
,16,27,about three thousand,CARDINAL
,16,27,Samson,PERSON
,16,28,Samson,PERSON
,16,28,Philistines,NORP
,16,28,two,CARDINAL
,16,29,Samson,PERSON
,16,29,two,CARDINAL
,16,29,on,PERSON
,16,30,Samson,ORG
,16,30,Philistines,NORP
,16,30,So,PERSON
,16,30,death,PERSON
,16,31,Zorah,PERSON
,16,31,Eshtaol,PERSON
,16,31,Manoah,ORG
,16,31,Israel,GPE
,16,31,twenty years,DATE
,17,1,Ephraim,PERSON
,17,1,Micah,PERSON
,17,2,eleven hundred shekels,CARDINAL
,17,2,Blessed,PERSON
,17,3,eleven hundred shekels,CARDINAL
,17,4,two hundred shekels,CARDINAL
,17,4,Micah,PERSON
,17,5,Micah,PERSON
,17,5,ephod,PERSON
,17,5,one,CARDINAL
,17,6,those days,DATE
,17,6,Israel,GPE
,17,7,Judah,PERSON
,17,7,Levite,ORG
,17,8,Bethlehemjudah,ORG
,17,8,mount Ephraim,GPE
,17,8,Micah,PERSON
,17,9,Micah,PERSON
,17,9,Bethlehemjudah,ORG
,17,10,Micah,PERSON
,17,10,Dwell,ORG
,17,10,ten shekels,QUANTITY
,17,10,the year,DATE
,17,10,So,PERSON
,17,10,Levite,ORG
,17,11,Levite,ORG
,17,12,Micah,PERSON
,17,12,Levite,ORG
,17,12,Micah,PERSON
,17,13,Micah,PERSON
,17,13,Levite,NORP
,18,1,those days,DATE
,18,1,Israel,GPE
,18,1,those days,DATE
,18,1,Danites,LOC
,18,1,Israel,GPE
,18,2,Dan,PERSON
,18,2,five,CARDINAL
,18,2,Zorah,ORG
,18,2,Eshtaol,ORG
,18,2,mount Ephraim,GPE
,18,2,Micah,PERSON
,18,3,Micah,PERSON
,18,3,Levite,PERSON
,18,4,Micah,PERSON
,18,7,five,CARDINAL
,18,7,Laish,PERSON
,18,7,Zidonians,NORP
,18,7,put,PERSON
,18,7,Zidonians,NORP
,18,8,Zorah,PERSON
,18,8,Eshtaol,PERSON
,18,11,Danites,LOC
,18,11,Zorah,GPE
,18,11,Eshtaol,ORG
,18,11,six hundred,CARDINAL
,18,12,Kirjathjearim,GPE
,18,12,Judah,PERSON
,18,12,Mahanehdan,PERSON
,18,12,this day,DATE
,18,12,Kirjathjearim,PERSON
,18,13,Ephraim,PERSON
,18,13,Micah,PERSON
,18,14,five,CARDINAL
,18,14,Laish,NORP
,18,14,ephod,PERSON
,18,15,Levite,ORG
,18,15,Micah,PERSON
,18,16,six hundred,CARDINAL
,18,16,Dan,PERSON
,18,17,five,CARDINAL
,18,17,ephod,PERSON
,18,17,six hundred,CARDINAL
,18,18,Micah,PERSON
,18,18,ephod,PERSON
,18,19,one,CARDINAL
,18,19,Israel,GPE
,18,20,ephod,PERSON
,18,21,So,PERSON
,18,21,put,PERSON
,18,22,Micah,PERSON
,18,22,Micah,PERSON
,18,22,Dan,PERSON
,18,23,Dan,PERSON
,18,23,Micah,PERSON
,18,24,Ye,PERSON
,18,25,Dan,PERSON
,18,26,Dan,PERSON
,18,26,Micah,PERSON
,18,27,Micah,PERSON
,18,27,Laish,PERSON
,18,28,Zidon,EVENT
,18,28,Bethrehob,GPE
,18,29,Dan,PERSON
,18,29,Dan,PERSON
,18,29,Israel,GPE
,18,29,Laish,PERSON
,18,29,first,ORDINAL
,18,30,Dan,PERSON
,18,30,Jonathan,PERSON
,18,30,Gershom,ORG
,18,30,Manasseh,PERSON
,18,30,Dan,PERSON
,18,30,the day,DATE
,18,31,Micah,PERSON
,18,31,Shiloh,GPE
,19,1,those days,DATE
,19,1,Israel,GPE
,19,1,Levite,NORP
,19,1,on,PERSON
,19,1,Ephraim,PERSON
,19,1,Bethlehemjudah,ORG
,19,2,Bethlehemjudah,ORG
,19,2,four whole months,DATE
,19,4,three days,DATE
,19,4,so,PERSON
,19,5,on,PERSON
,19,5,the fourth day,DATE
,19,5,early in the morning,TIME
,19,5,Comfort,ORG
,19,6,all night,TIME
,19,8,early in the morning,TIME
,19,8,on,PERSON
,19,8,the fifth day,DATE
,19,8,Comfort,ORG
,19,8,afternoon,TIME
,19,9,evening,TIME
,19,9,all night,TIME
,19,9,on,PERSON
,19,10,that night,TIME
,19,10,Jebus,ORG
,19,10,Jerusalem,GPE
,19,10,two,CARDINAL
,19,11,Jebus,PERSON
,19,11,the day,DATE
,19,11,Jebusites,GPE
,19,12,Israel,GPE
,19,12,Gibeah,GPE
,19,13,all night,TIME
,19,13,Gibeah,GPE
,19,13,Ramah,GPE
,19,14,on,PERSON
,19,14,Gibeah,PERSON
,19,14,Benjamin,PERSON
,19,15,Gibeah,GPE
,19,16,mount Ephraim,GPE
,19,16,Gibeah,PERSON
,19,16,Benjamites,FAC
,19,18,Bethlehemjudah,ORG
,19,18,mount Ephraim,LOC
,19,18,Bethlehemjudah,ORG
,19,21,So,PERSON
,19,22,Belial,PERSON
,19,22,thine house,ORG
,19,23,Nay,PERSON
,19,23,so,PERSON
,19,24,daughter,PERSON
,19,24,so,PERSON
,19,25,so,PERSON
,19,25,the day began to spring,DATE
,19,28,gat,ORG
,19,29,on,PERSON
,19,29,twelve,CARDINAL
,19,29,Israel,GPE
,19,30,so,PERSON
,19,30,the day,DATE
,19,30,Israel,GPE
,19,30,Egypt,GPE
,19,30,this day,DATE
,20,1,Israel,GPE
,20,1,one,CARDINAL
,20,1,Dan,PERSON
,20,1,Beersheba,PERSON
,20,1,Gilead,GPE
,20,1,Mizpeh,PERSON
,20,2,Israel,GPE
,20,2,four hundred thousand,CARDINAL
,20,3,Benjamin,PERSON
,20,3,Israel,GPE
,20,3,Mizpeh,PERSON
,20,3,Israel,GPE
,20,4,Levite,ORG
,20,4,Gibeah,PERSON
,20,4,Benjamin,PERSON
,20,5,Gibeah,PERSON
,20,5,night,TIME
,20,6,Israel,GPE
,20,6,Israel,GPE
,20,7,Israel,GPE
,20,8,one,CARDINAL
,20,9,Gibeah,PERSON
,20,9,lot,PERSON
,20,10,ten,CARDINAL
,20,10,an hundred,CARDINAL
,20,10,Israel,GPE
,20,10,an hundred of a thousand,CARDINAL
,20,10,a thousand,CARDINAL
,20,10,ten thousand,CARDINAL
,20,10,Gibeah of Benjamin,PERSON
,20,10,Israel,GPE
,20,11,So,PERSON
,20,11,Israel,GPE
,20,11,one,CARDINAL
,20,12,Israel,GPE
,20,12,Benjamin,PERSON
,20,13,Belial,PERSON
,20,13,Gibeah,GPE
,20,13,put,PERSON
,20,13,death,PERSON
,20,13,put,PERSON
,20,13,Israel,GPE
,20,13,Benjamin,PERSON
,20,13,Israel,GPE
,20,14,Benjamin,PERSON
,20,14,Gibeah,PERSON
,20,14,Israel,GPE
,20,15,Benjamin,PERSON
,20,15,twenty and six thousand,CARDINAL
,20,15,Gibeah,GPE
,20,15,seven hundred,CARDINAL
,20,16,seven hundred,CARDINAL
,20,17,Israel,GPE
,20,17,Benjamin,PERSON
,20,17,four hundred thousand,CARDINAL
,20,18,Israel,GPE
,20,18,first,ORDINAL
,20,18,Benjamin,PERSON
,20,18,Judah,PERSON
,20,18,first,ORDINAL
,20,19,Israel,GPE
,20,19,the morning,TIME
,20,19,Gibeah,GPE
,20,20,Israel,GPE
,20,20,Benjamin,PERSON
,20,20,Israel,GPE
,20,20,put,PERSON
,20,20,Gibeah,GPE
,20,21,Benjamin,PERSON
,20,21,Gibeah,GPE
,20,21,Israelites,NORP
,20,21,twenty and two thousand,CARDINAL
,20,22,Israel,GPE
,20,22,put,PERSON
,20,22,the first day,DATE
,20,23,Israel,GPE
,20,23,Benjamin,PERSON
,20,24,Israel,GPE
,20,24,Benjamin,PERSON
,20,24,the second day,DATE
,20,25,Benjamin,PERSON
,20,25,Gibeah,GPE
,20,25,the second day,DATE
,20,25,Israel,GPE
,20,25,eighteen thousand,CARDINAL
,20,26,Israel,GPE
,20,26,that day,DATE
,20,27,Israel,GPE
,20,27,ark,PERSON
,20,27,those days,DATE
,20,28,Phinehas,PERSON
,20,28,Eleazar,PERSON
,20,28,Aaron,PERSON
,20,28,those days,DATE
,20,28,Benjamin,PERSON
,20,29,Israel,GPE
,20,29,Gibeah,PERSON
,20,30,Israel,GPE
,20,30,Benjamin,PERSON
,20,30,on,PERSON
,20,30,the third day,DATE
,20,30,put,PERSON
,20,30,Gibeah,GPE
,20,31,Benjamin,PERSON
,20,31,one,CARDINAL
,20,31,Gibeah,PERSON
,20,31,about thirty,CARDINAL
,20,31,Israel,GPE
,20,32,Benjamin,PERSON
,20,32,first,ORDINAL
,20,32,Israel,GPE
,20,33,Israel,GPE
,20,33,put,PERSON
,20,33,Baaltamar,PERSON
,20,33,Israel,GPE
,20,33,Gibeah,GPE
,20,34,Gibeah ten thousand,ORG
,20,34,Israel,GPE
,20,35,Benjamin,PERSON
,20,35,Israel,GPE
,20,35,Israel,GPE
,20,35,Benjamites,FAC
,20,35,twenty and five thousand,CARDINAL
,20,35,hundred,CARDINAL
,20,36,So,PERSON
,20,36,Benjamin,PERSON
,20,36,Israel,GPE
,20,36,Benjamites,FAC
,20,36,Gibeah,PERSON
,20,37,Gibeah,PERSON
,20,38,Israel,GPE
,20,39,Israel,GPE
,20,39,Benjamin,PERSON
,20,39,Israel,GPE
,20,39,about thirty,CARDINAL
,20,39,first,ORDINAL
,20,40,Benjamites,ORG
,20,41,Israel,GPE
,20,41,Benjamin,PERSON
,20,42,Israel,GPE
,20,43,Benjamites,FAC
,20,43,Gibeah,PERSON
,20,44,Benjamin eighteen thousand,LAW
,20,45,Rimmon,PERSON
,20,45,five thousand,CARDINAL
,20,45,Gidom,GPE
,20,45,two thousand,CARDINAL
,20,46,So,PERSON
,20,46,that day,DATE
,20,46,Benjamin,PERSON
,20,46,twenty and five thousand,CARDINAL
,20,47,six hundred,CARDINAL
,20,47,Rimmon,PERSON
,20,47,Rimmon,PERSON
,20,47,four months,DATE
,20,48,Israel,GPE
,20,48,Benjamin,PERSON
,20,48,on,PERSON
,21,1,Israel,GPE
,21,1,Mizpeh,GPE
,21,1,daughter,PERSON
,21,1,Benjamin,PERSON
,21,3,Israel,GPE
,21,3,Israel,GPE
,21,3,Israel,GPE
,21,4,on,PERSON
,21,5,Israel,GPE
,21,5,Israel,GPE
,21,5,Mizpeh,PERSON
,21,5,put,PERSON
,21,5,death,PERSON
,21,6,Israel,GPE
,21,6,Benjamin,PERSON
,21,6,one,CARDINAL
,21,6,Israel,GPE
,21,6,this day,DATE
,21,8,Israel,GPE
,21,8,Mizpeh,PERSON
,21,8,Jabeshgilead,ORG
,21,9,Jabeshgilead,ORG
,21,10,twelve thousand,CARDINAL
,21,10,Jabeshgilead,GPE
,21,11,Ye,PERSON
,21,12,four hundred,CARDINAL
,21,12,Shiloh,GPE
,21,12,Canaan,GPE
,21,13,Benjamin,PERSON
,21,13,Rimmon,PERSON
,21,14,Benjamin,PERSON
,21,14,so,PERSON
,21,15,Benjamin,PERSON
,21,15,Israel,GPE
,21,16,Benjamin,PERSON
,21,17,Benjamin,PERSON
,21,17,Israel,GPE
,21,18,Israel,GPE
,21,18,Benjamin,PERSON
,21,19,Behold,PERSON
,21,19,Shiloh,GPE
,21,19,yearly,DATE
,21,19,on,PERSON
,21,19,Bethel,GPE
,21,19,on,PERSON
,21,19,Bethel,GPE
,21,19,Shechem,ORG
,21,19,on,PERSON
,21,20,Benjamin,PERSON
,21,21,Shiloh,GPE
,21,21,Shiloh,GPE
,21,21,Benjamin,PERSON
,21,23,Benjamin,PERSON
,21,23,so,PERSON
,21,24,Israel,GPE
,21,25,those days,DATE
,21,25,Israel,GPE
,1,1,the days,DATE
,1,1,Bethlehemjudah,ORG
,1,1,Moab,GPE
,1,1,two,CARDINAL
,1,2,Elimelech,ORG
,1,2,Naomi,PERSON
,1,2,two,CARDINAL
,1,2,Mahlon,PERSON
,1,2,Chilion,PERSON
,1,2,Moab,GPE
,1,3,Elimelech Naomi's,PERSON
,1,3,two,CARDINAL
,1,4,Moab,GPE
,1,4,Orpah,ORG
,1,4,Ruth,PERSON
,1,5,Mahlon and Chilion,ORG
,1,5,two,CARDINAL
,1,6,Moab,LOC
,1,6,Moab,LOC
,1,7,two,CARDINAL
,1,7,on,PERSON
,1,7,Judah,GPE
,1,8,Naomi,PERSON
,1,8,two,CARDINAL
,1,11,Naomi,PERSON
,1,14,Orpah,ORG
,1,14,Ruth,PERSON
,1,15,Behold,PERSON
,1,16,Ruth,PERSON
,1,16,Intreat,ORG
,1,17,so,PERSON
,1,17,death,PERSON
,1,19,So,PERSON
,1,19,two,CARDINAL
,1,19,Bethlehem,GPE
,1,19,Bethlehem,GPE
,1,19,Naomi,PERSON
,1,20,Naomi,PERSON
,1,20,Mara,PERSON
,1,21,Naomi,PERSON
,1,22,So,PERSON
,1,22,Naomi,PERSON
,1,22,Ruth,PERSON
,1,22,Moabitess,PERSON
,1,22,daughter,PERSON
,1,22,Moab,LOC
,1,22,Bethlehem,GPE
,2,1,Naomi,PERSON
,2,1,Elimelech,ORG
,2,1,Boaz,PERSON
,2,2,Ruth,PERSON
,2,2,Moabitess,ORG
,2,2,Naomi,PERSON
,2,2,daughter,PERSON
,2,3,on,PERSON
,2,3,Boaz,PERSON
,2,3,Elimelech,ORG
,2,4,Boaz,PERSON
,2,4,Bethlehem,GPE
,2,5,Boaz,PERSON
,2,6,Moabitish,PERSON
,2,6,Naomi,PERSON
,2,6,Moab,LOC
,2,7,so,PERSON
,2,7,the morning,TIME
,2,8,Boaz unto Ruth,PERSON
,2,8,Hearest,ORG
,2,8,daughter,PERSON
,2,9,on,PERSON
,2,10,on,PERSON
,2,11,Boaz,PERSON
,2,11,death,PERSON
,2,12,Israel,GPE
,2,13,one,CARDINAL
,2,14,Boaz,PERSON
,2,15,Boaz,PERSON
,2,17,So,PERSON
,2,17,ephah,PERSON
,2,19,Boaz,PERSON
,2,20,Naomi,PERSON
,2,20,daughter,PERSON
,2,20,Blessed,PERSON
,2,20,Naomi,PERSON
,2,20,one,CARDINAL
,2,21,Ruth,PERSON
,2,21,Moabitess,ORG
,2,22,Naomi,PERSON
,2,22,Ruth,PERSON
,2,22,daughter,PERSON
,2,22,daughter,PERSON
,2,23,So,PERSON
,2,23,Boaz,PERSON
,3,1,Naomi,PERSON
,3,1,daughter,PERSON
,3,2,Boaz,PERSON
,3,3,put,PERSON
,3,7,Boaz,PERSON
,3,8,midnight,TIME
,3,9,Ruth,PERSON
,3,10,Blessed,PERSON
,3,10,daughter,PERSON
,3,11,daughter,PERSON
,3,12,I.,NORP
,3,13,Tarry,PERSON
,3,13,this night,TIME
,3,13,the morning,TIME
,3,15,vail,GPE
,3,15,six,CARDINAL
,3,15,on,PERSON
,3,16,daughter,PERSON
,3,17,six,CARDINAL
,3,18,daughter,PERSON
,3,18,this day,DATE
,4,1,Boaz,PERSON
,4,1,Boaz,PERSON
,4,1,Ho,PERSON
,4,2,ten,CARDINAL
,4,3,Naomi,PERSON
,4,3,Moab,GPE
,4,3,Elimelech,PERSON
,4,5,Boaz,PERSON
,4,5,Naomi,PERSON
,4,5,Ruth,PERSON
,4,5,Moabitess,PERSON
,4,7,Israel,GPE
,4,7,Israel,GPE
,4,8,Boaz,PERSON
,4,8,So,PERSON
,4,9,Boaz,PERSON
,4,9,Ye,PERSON
,4,9,this day,DATE
,4,9,Elimelech,ORG
,4,9,Chilion's,ORG
,4,9,Mahlon,PRODUCT
,4,9,Naomi,PERSON
,4,10,Ruth,PERSON
,4,10,Moabitess,PERSON
,4,10,Mahlon,PRODUCT
,4,10,this day,DATE
,4,11,Rachel,PERSON
,4,11,Leah,PERSON
,4,11,two,CARDINAL
,4,11,Israel,GPE
,4,11,Ephratah,ORG
,4,11,Bethlehem,GPE
,4,12,Pharez,PERSON
,4,12,Tamar,PERSON
,4,12,Judah,PERSON
,4,13,So,PERSON
,4,13,Boaz,PERSON
,4,13,Ruth,PERSON
,4,14,Naomi,PERSON
,4,14,Blessed,PERSON
,4,14,this day,DATE
,4,14,Israel,GPE
,4,15,daughter,PERSON
,4,15,thee than seven,CARDINAL
,4,16,Naomi,PERSON
,4,17,Naomi,PERSON
,4,17,Obed,PERSON
,4,17,Jesse,PERSON
,4,17,David,PERSON
,4,18,Pharez: Pharez begat Hezron,WORK_OF_ART
,4,19,Hezron,ORG
,4,19,Ram,PERSON
,4,19,Ram,PERSON
,4,19,Amminadab,ORG
,4,20,Amminadab begat Nahshon,PRODUCT
,4,20,Nahshon begat Salmon,PRODUCT
,4,21,Salmon begat Boaz,PRODUCT
,4,21,Boaz begat Obed,PERSON
,4,22,Obed,PERSON
,4,22,Jesse,PERSON
,4,22,Jesse,PERSON
,4,22,David,PERSON
,1,1,Ramathaimzophim,ORG
,1,1,Ephraim,PERSON
,1,1,Elkanah,PERSON
,1,1,Jeroham,PERSON
,1,1,Elihu,PERSON
,1,1,Tohu,PERSON
,1,1,Zuph,PERSON
,1,1,Ephrathite,NORP
,1,2,two,CARDINAL
,1,2,Hannah,PERSON
,1,2,Peninnah,PERSON
,1,2,Peninnah,PERSON
,1,2,Hannah,PERSON
,1,3,Shiloh,GPE
,1,3,two,CARDINAL
,1,3,Eli,ORG
,1,3,Hophni,PERSON
,1,3,Phinehas,PERSON
,1,4,Elkanah,PERSON
,1,4,Peninnah,PERSON
,1,5,Hannah,PERSON
,1,5,Hannah,PERSON
,1,7,so,PERSON
,1,7,year,DATE
,1,7,so,PERSON
,1,8,Elkanah,PERSON
,1,8,Hannah,PERSON
,1,8,ten,CARDINAL
,1,9,So,PERSON
,1,9,Hannah,PERSON
,1,9,Shiloh,GPE
,1,9,Eli,PERSON
,1,11,on,PERSON
,1,12,Eli,ORG
,1,13,Hannah,PERSON
,1,13,Eli,ORG
,1,14,Eli,ORG
,1,14,put,PERSON
,1,15,Hannah,PERSON
,1,16,daughter,PERSON
,1,16,Belial,PERSON
,1,17,Eli,ORG
,1,17,Israel,GPE
,1,18,So,PERSON
,1,19,morning,TIME
,1,19,Ramah,GPE
,1,19,Elkanah,PERSON
,1,19,Hannah,PERSON
,1,20,Hannah,PERSON
,1,20,Samuel,PERSON
,1,21,Elkanah,PERSON
,1,22,Hannah,PERSON
,1,23,Elkanah,PERSON
,1,23,So,PERSON
,1,24,three,CARDINAL
,1,24,one,CARDINAL
,1,24,ephah,PERSON
,1,24,Shiloh,GPE
,1,25,Eli,ORG
,2,1,Hannah,PERSON
,2,3,so,PERSON
,2,5,so,PERSON
,2,5,seven,CARDINAL
,2,11,Elkanah,PERSON
,2,11,Ramah,GPE
,2,11,Eli,PERSON
,2,12,Eli,ORG
,2,12,Belial,PERSON
,2,13,three,CARDINAL
,2,14,So,PERSON
,2,14,Shiloh,GPE
,2,14,Israelites,NORP
,2,16,desireth,PERSON
,2,16,Nay,PERSON
,2,18,Samuel,PERSON
,2,18,ephod,PERSON
,2,20,Eli,ORG
,2,20,Elkanah,PERSON
,2,21,Hannah,PERSON
,2,21,so,PERSON
,2,21,three,CARDINAL
,2,21,two,CARDINAL
,2,21,Samuel,PERSON
,2,22,Eli,PERSON
,2,22,Israel,GPE
,2,25,one,CARDINAL
,2,26,Samuel,PERSON
,2,26,on,PERSON
,2,27,Eli,PERSON
,2,27,Egypt,GPE
,2,27,Pharaoh,PERSON
,2,28,Israel,GPE
,2,28,ephod,PERSON
,2,28,Israel,GPE
,2,29,Israel,GPE
,2,30,Israel,GPE
,2,31,thine house,ORG
,2,32,Israel,GPE
,2,32,thine house,ORG
,2,33,thine house,ORG
,2,34,two,CARDINAL
,2,34,on,PERSON
,2,34,Hophni,PERSON
,2,34,Phinehas,ORG
,2,34,one day,DATE
,2,36,thine house,ORG
,2,36,Put,PERSON
,3,1,Samuel,PERSON
,3,1,Eli,ORG
,3,1,those days,DATE
,3,2,Eli,PERSON
,3,3,ark,PERSON
,3,3,Samuel,PERSON
,3,4,Samuel,PERSON
,3,4,I.,PERSON
,3,5,Eli,PERSON
,3,6,Samuel,PERSON
,3,6,Samuel,PERSON
,3,6,Eli,ORG
,3,7,Samuel,PERSON
,3,8,Samuel,PERSON
,3,8,third,ORDINAL
,3,8,Eli,ORG
,3,8,Eli,ORG
,3,9,Eli,ORG
,3,9,Samuel,PERSON
,3,9,Speak,NORP
,3,9,So,PERSON
,3,9,Samuel,PERSON
,3,10,Samuel,PERSON
,3,10,Samuel,PERSON
,3,10,Samuel,PERSON
,3,10,Speak,NORP
,3,11,Samuel,PERSON
,3,11,Israel,GPE
,3,12,that day,DATE
,3,12,Eli,ORG
,3,14,Eli,ORG
,3,14,Eli,ORG
,3,15,Samuel,PERSON
,3,15,the morning,TIME
,3,15,Samuel,PERSON
,3,15,Eli,PERSON
,3,16,Eli,ORG
,3,16,Samuel,PERSON
,3,16,Samuel,PERSON
,3,16,I.,PERSON
,3,17,so,PERSON
,3,18,Samuel,PERSON
,3,19,Samuel,PERSON
,3,20,Israel,GPE
,3,20,Dan,PERSON
,3,20,Beersheba,PERSON
,3,20,Samuel,PERSON
,3,21,Shiloh,GPE
,3,21,Samuel,PERSON
,3,21,Shiloh,GPE
,4,1,Samuel,PERSON
,4,1,Israel,GPE
,4,1,Israel,GPE
,4,1,Philistines,NORP
,4,1,Ebenezer,PERSON
,4,1,Philistines,NORP
,4,1,Aphek,ORG
,4,2,Philistines,NORP
,4,2,put,PERSON
,4,2,Israel,GPE
,4,2,Israel,GPE
,4,2,Philistines,NORP
,4,2,about four thousand,CARDINAL
,4,3,Israel,GPE
,4,3,Philistines,PRODUCT
,4,3,ark,PERSON
,4,3,Shiloh,GPE
,4,4,So,PERSON
,4,4,Shiloh,GPE
,4,4,ark,PERSON
,4,4,two,CARDINAL
,4,4,Eli,ORG
,4,4,Hophni,PERSON
,4,4,Phinehas,PERSON
,4,4,ark,PERSON
,4,5,ark,PERSON
,4,5,Israel,GPE
,4,5,so,PERSON
,4,6,Philistines,NORP
,4,6,Hebrews,LOC
,4,6,ark,PERSON
,4,7,Philistines,NORP
,4,8,Egyptians,NORP
,4,9,Hebrews,NORP
,4,10,Philistines,NORP
,4,10,Israel,GPE
,4,10,Israel,GPE
,4,10,thirty thousand,CARDINAL
,4,11,ark,PERSON
,4,11,two,CARDINAL
,4,11,Eli,ORG
,4,11,Hophni,PERSON
,4,11,Phinehas,PERSON
,4,12,Benjamin,PERSON
,4,12,Shiloh,GPE
,4,12,the same day,DATE
,4,13,Eli,PERSON
,4,13,ark,PERSON
,4,14,Eli,ORG
,4,14,Eli,ORG
,4,15,Eli,PERSON
,4,15,ninety and eight years old,DATE
,4,16,Eli,PERSON
,4,17,Israel,GPE
,4,17,Philistines,NORP
,4,17,two,CARDINAL
,4,17,Hophni,PERSON
,4,17,Phinehas,PERSON
,4,17,ark,PERSON
,4,18,the ark of God,ORG
,4,18,Israel,GPE
,4,18,forty years,DATE
,4,19,daughter,PERSON
,4,19,Phinehas,PERSON
,4,19,ark,PERSON
,4,20,death,PERSON
,4,21,Ichabod,PERSON
,4,21,Israel,GPE
,4,21,ark,PERSON
,4,22,Israel,GPE
,4,22,ark,PERSON
,5,1,Philistines,NORP
,5,1,ark,PERSON
,5,1,Ebenezer,PERSON
,5,2,Philistines,ORG
,5,2,ark,PERSON
,5,2,Dagon,PERSON
,5,2,Dagon,PERSON
,5,3,Ashdod,ORG
,5,3,on,PERSON
,5,3,Dagon,PERSON
,5,3,ark,PERSON
,5,3,Dagon,PERSON
,5,4,on,PERSON
,5,4,Dagon,PERSON
,5,4,ark,PERSON
,5,4,Dagon,PERSON
,5,4,Dagon,PERSON
,5,5,Dagon,PERSON
,5,5,Dagon,PERSON
,5,5,on,PERSON
,5,5,Dagon,PERSON
,5,5,Ashdod,GPE
,5,5,this day,DATE
,5,6,Ashdod,ORG
,5,6,Ashdod,ORG
,5,7,Ashdod,ORG
,5,7,so,PERSON
,5,7,ark,PERSON
,5,7,Israel,GPE
,5,7,Dagon,PERSON
,5,8,Philistines,LAW
,5,8,ark,PERSON
,5,8,Israel,GPE
,5,8,ark,PERSON
,5,8,Israel,GPE
,5,8,Gath,PERSON
,5,8,ark,PERSON
,5,8,Israel,GPE
,5,9,so,PERSON
,5,10,ark,PERSON
,5,10,Ekron,ORG
,5,10,ark,PERSON
,5,10,Ekron,ORG
,5,10,Ekronites,LOC
,5,10,ark,PERSON
,5,10,Israel,GPE
,5,11,So,PERSON
,5,11,Philistines,NORP
,5,11,ark,PERSON
,5,11,Israel,GPE
,6,1,ark,PERSON
,6,1,seven months,DATE
,6,2,Philistines,NORP
,6,2,ark,PERSON
,6,3,ark,PERSON
,6,3,Israel,GPE
,6,4,Five,CARDINAL
,6,4,five golden,QUANTITY
,6,4,Philistines,NORP
,6,4,one,CARDINAL
,6,4,on,PERSON
,6,4,on,PERSON
,6,5,Israel,GPE
,6,6,Egyptians,NORP
,6,6,Pharaoh,PERSON
,6,7,two,CARDINAL
,6,7,on,PERSON
,6,8,ark,PERSON
,6,8,put,PERSON
,6,9,Bethshemesh,GPE
,6,10,so,PERSON
,6,10,two,CARDINAL
,6,11,ark,PERSON
,6,12,Bethshemesh,PERSON
,6,12,Philistines,NORP
,6,12,Bethshemesh,GPE
,6,13,Bethshemesh,PERSON
,6,13,ark,PERSON
,6,14,Joshua,PERSON
,6,14,Bethshemite,PERSON
,6,15,Levites,ORG
,6,15,ark,PERSON
,6,15,put,PERSON
,6,15,on,PERSON
,6,15,Bethshemesh,PERSON
,6,16,five,CARDINAL
,6,16,Philistines,NORP
,6,16,Ekron,ORG
,6,16,the same day,DATE
,6,17,Philistines,ORG
,6,17,Ashdod,ORG
,6,17,Gaza,GPE
,6,17,Askelon,PRODUCT
,6,17,Gath,PERSON
,6,17,Ekron,ORG
,6,18,Philistines,NORP
,6,18,five,CARDINAL
,6,18,Abel,PERSON
,6,18,ark,PERSON
,6,18,this day,DATE
,6,18,Joshua,PERSON
,6,18,Bethshemite,PERSON
,6,19,Bethshemesh,PERSON
,6,19,ark,PERSON
,6,19,fifty thousand and threescore and ten,CARDINAL
,6,20,Bethshemesh,PERSON
,6,21,Kirjathjearim,GPE
,6,21,Philistines,NORP
,6,21,ark,PERSON
,7,1,Kirjathjearim,PERSON
,7,1,ark,PERSON
,7,1,Abinadab,GPE
,7,1,Eleazar,PERSON
,7,1,ark,PERSON
,7,2,ark,GPE
,7,2,Kirjathjearim,GPE
,7,2,twenty years,DATE
,7,2,Israel,GPE
,7,3,Samuel,PERSON
,7,3,Israel,GPE
,7,3,put,PERSON
,7,3,Ashtaroth,PERSON
,7,3,Philistines,PRODUCT
,7,4,Israel,GPE
,7,4,put,PERSON
,7,4,Baalim,ORG
,7,4,Ashtaroth,PERSON
,7,5,Samuel,PERSON
,7,5,Gather,PERSON
,7,5,Israel,GPE
,7,5,Mizpeh,PERSON
,7,6,Mizpeh,PERSON
,7,6,on,PERSON
,7,6,that day,DATE
,7,6,Samuel,PERSON
,7,6,Israel,GPE
,7,6,Mizpeh,GPE
,7,7,Philistines,NORP
,7,7,Israel,GPE
,7,7,Mizpeh,PERSON
,7,7,Philistines,NORP
,7,7,Israel,GPE
,7,7,Israel,GPE
,7,7,Philistines,PRODUCT
,7,8,Israel,GPE
,7,8,Samuel,PERSON
,7,8,Philistines,PRODUCT
,7,9,Samuel,PERSON
,7,9,Samuel,PERSON
,7,9,Israel,GPE
,7,10,Samuel,PERSON
,7,10,Philistines,PRODUCT
,7,10,Israel,GPE
,7,10,on,PERSON
,7,10,that day,DATE
,7,10,Philistines,NORP
,7,10,Israel,GPE
,7,11,Israel,GPE
,7,11,Mizpeh,EVENT
,7,11,Philistines,NORP
,7,11,Bethcar,LOC
,7,12,Samuel,PERSON
,7,12,Mizpeh,PERSON
,7,12,Ebenezer,PERSON
,7,12,Hitherto,PERSON
,7,13,So,PERSON
,7,13,Philistines,NORP
,7,13,Israel,GPE
,7,13,Philistines,NORP
,7,13,Samuel,PERSON
,7,14,Philistines,ORG
,7,14,Israel,GPE
,7,14,Israel,GPE
,7,14,Ekron,ORG
,7,14,Gath,PERSON
,7,14,Israel,GPE
,7,14,Philistines,NORP
,7,14,Israel,GPE
,7,14,Amorites,LOC
,7,15,Samuel,PERSON
,7,15,Israel,GPE
,7,15,all the days,DATE
,7,16,Bethel,GPE
,7,16,Gilgal,PERSON
,7,16,Mizpeh,PERSON
,7,16,Israel,GPE
,7,17,Ramah,GPE
,7,17,Israel,GPE
,8,1,Samuel,PERSON
,8,1,Israel,GPE
,8,2,Joel,PERSON
,8,2,second,ORDINAL
,8,2,Abiah,ORG
,8,2,Beersheba,GPE
,8,4,Israel,GPE
,8,4,Samuel unto,PERSON
,8,4,Ramah,GPE
,8,6,Samuel,PERSON
,8,6,Samuel,PERSON
,8,7,Samuel,PERSON
,8,8,the day,DATE
,8,8,Egypt,GPE
,8,8,this day,DATE
,8,8,so,PERSON
,8,10,Samuel,PERSON
,8,12,thousands,CARDINAL
,8,15,tenth,ORDINAL
,8,16,put,PERSON
,8,18,that day,DATE
,8,18,that day,DATE
,8,19,Samuel,PERSON
,8,19,Nay,PERSON
,8,21,Samuel,PERSON
,8,22,Samuel,PERSON
,8,22,Samuel,PERSON
,8,22,Israel,GPE
,9,1,Benjamin,PERSON
,9,1,Kish,GPE
,9,1,Abiel,PERSON
,9,1,Zeror,PERSON
,9,1,Bechorath,PERSON
,9,1,Aphiah,PERSON
,9,1,Benjamite,PERSON
,9,2,Saul,PERSON
,9,2,Israel,GPE
,9,3,Kish Saul's,PERSON
,9,3,Kish,PERSON
,9,3,Saul,PERSON
,9,4,Ephraim,PERSON
,9,4,Shalisha,ORG
,9,4,Shalim,ORG
,9,4,Benjamites,FAC
,9,5,Zuph,GPE
,9,5,Saul,PERSON
,9,7,Saul,PERSON
,9,8,Saul,PERSON
,9,8,Behold,PERSON
,9,8,fourth,ORDINAL
,9,9,Beforetime,WORK_OF_ART
,9,9,Israel,GPE
,9,9,Prophet,PERSON
,9,10,Saul,PERSON
,9,10,So,PERSON
,9,14,Samuel,PERSON
,9,15,Samuel,PERSON
,9,15,Saul,PERSON
,9,16,Benjamin,PERSON
,9,16,Israel,GPE
,9,16,Philistines,NORP
,9,17,Samuel,PERSON
,9,17,Saul,PERSON
,9,18,Saul,PERSON
,9,18,Samuel,PERSON
,9,19,Samuel,PERSON
,9,19,Saul,PERSON
,9,20,three days ago,DATE
,9,20,on,PERSON
,9,20,on,PERSON
,9,20,Israel,GPE
,9,20,on,PERSON
,9,20,on,PERSON
,9,21,Saul,PERSON
,9,21,Benjamite,PERSON
,9,21,Israel,GPE
,9,21,Benjamin,PERSON
,9,21,so,PERSON
,9,22,Samuel,PERSON
,9,22,Saul,PERSON
,9,22,about thirty,CARDINAL
,9,23,Samuel,PERSON
,9,24,Saul,PERSON
,9,24,Samuel,PERSON
,9,24,Behold,PERSON
,9,24,So,PERSON
,9,24,Saul,PERSON
,9,24,Samuel,PERSON
,9,24,that day,DATE
,9,25,Samuel,PERSON
,9,25,Saul,PERSON
,9,26,the spring of the day,DATE
,9,26,Samuel,PERSON
,9,26,Saul,PERSON
,9,26,Saul,PERSON
,9,26,Samuel,PERSON
,9,27,Samuel,PERSON
,9,27,Saul,PERSON
,9,27,on,PERSON
,9,27,on,PERSON
,10,1,Samuel,PERSON
,10,2,two,CARDINAL
,10,2,Rachel's,PERSON
,10,2,Benjamin,PERSON
,10,3,on,PERSON
,10,3,Tabor,LOC
,10,3,three,CARDINAL
,10,3,Bethel,GPE
,10,3,one,CARDINAL
,10,3,three,CARDINAL
,10,3,three,CARDINAL
,10,4,two,CARDINAL
,10,5,Philistines,NORP
,10,8,Gilgal,PERSON
,10,8,seven days,DATE
,10,9,so,PERSON
,10,9,Samuel,PERSON
,10,9,that day,DATE
,10,11,Kish,GPE
,10,11,Saul,PERSON
,10,12,one,CARDINAL
,10,12,Saul,PERSON
,10,14,Saul,PERSON
,10,14,Samuel,PERSON
,10,15,Saul,PERSON
,10,15,Samuel,PERSON
,10,16,Saul,PERSON
,10,16,Samuel,PERSON
,10,17,Samuel,PERSON
,10,17,Mizpeh,PERSON
,10,18,Israel,GPE
,10,18,Israel,GPE
,10,18,Israel,GPE
,10,18,Egypt,GPE
,10,18,Egyptians,NORP
,10,19,this day,DATE
,10,19,Nay,PERSON
,10,19,thousands,CARDINAL
,10,20,Samuel,PERSON
,10,20,Israel,GPE
,10,20,Benjamin,PERSON
,10,21,Benjamin,PERSON
,10,21,Matri,LOC
,10,21,Saul,PERSON
,10,21,Kish,GPE
,10,22,Behold,PERSON
,10,24,Samuel,PERSON
,10,25,Samuel,PERSON
,10,25,Samuel,PERSON
,10,26,Saul,PERSON
,10,26,Gibeah,GPE
,10,27,Belial,PERSON
,11,1,Nahash,PERSON
,11,1,Ammonite,ORG
,11,1,Jabesh,NORP
,11,1,Nahash,ORG
,11,2,Nahash,PERSON
,11,2,Ammonite,ORG
,11,2,On,PERSON
,11,2,Israel,GPE
,11,3,Jabesh,PERSON
,11,3,seven days',DATE
,11,3,Israel,GPE
,11,4,Gibeah of Saul,PERSON
,11,5,Saul,PERSON
,11,5,Saul,PERSON
,11,5,Jabesh,NORP
,11,6,Saul,PERSON
,11,7,Israel,GPE
,11,7,Saul,PERSON
,11,7,Samuel,PERSON
,11,7,so,PERSON
,11,7,on,PERSON
,11,7,one,CARDINAL
,11,8,Bezek,ORG
,11,8,Israel,GPE
,11,8,three hundred thousand,CARDINAL
,11,8,Judah,PERSON
,11,8,thirty thousand,CARDINAL
,11,9,Jabeshgilead,ORG
,11,9,Jabesh,NORP
,11,10,Jabesh,NORP
,11,11,so,PERSON
,11,11,on,PERSON
,11,11,Saul,PERSON
,11,11,put,PERSON
,11,11,three,CARDINAL
,11,11,morning,TIME
,11,11,so,PERSON
,11,11,two,CARDINAL
,11,12,Samuel,PERSON
,11,12,Shall Saul,PERSON
,11,12,put,PERSON
,11,12,death,PERSON
,11,13,Saul,PERSON
,11,13,put,PERSON
,11,13,death,PERSON
,11,13,this day,DATE
,11,13,Israel,GPE
,11,14,Samuel,PERSON
,11,14,Gilgal,PERSON
,11,15,Gilgal,PERSON
,11,15,Saul,PERSON
,11,15,Gilgal,PERSON
,11,15,Saul,PERSON
,11,15,Israel,GPE
,12,1,Samuel,PERSON
,12,1,Israel,GPE
,12,2,this day,DATE
,12,5,this day,DATE
,12,6,Samuel,PERSON
,12,6,Moses,PERSON
,12,6,Aaron,PERSON
,12,6,Egypt,GPE
,12,8,Jacob,PERSON
,12,8,Egypt,GPE
,12,8,Moses,PERSON
,12,8,Aaron,PERSON
,12,8,Egypt,GPE
,12,9,Sisera,GPE
,12,9,Hazor,ORG
,12,9,Philistines,NORP
,12,9,Moab,GPE
,12,10,Baalim,ORG
,12,10,Ashtaroth,PERSON
,12,11,Jerubbaal,PERSON
,12,11,Bedan,ORG
,12,11,Jephthah,PERSON
,12,11,Samuel,PERSON
,12,11,on,PERSON
,12,12,Nahash,ORG
,12,12,Ammon,PERSON
,12,12,Nay,PERSON
,12,18,So,PERSON
,12,18,Samuel,PERSON
,12,18,Samuel,PERSON
,12,19,Samuel,PERSON
,12,20,Samuel,PERSON
,13,1,Saul,PERSON
,13,1,one year,DATE
,13,1,two years,DATE
,13,1,Israel,GPE
,13,2,Saul,PERSON
,13,2,three thousand,CARDINAL
,13,2,Israel,GPE
,13,2,two thousand,CARDINAL
,13,2,Saul,PERSON
,13,2,Michmash,PERSON
,13,2,mount Bethel,GPE
,13,2,a thousand,CARDINAL
,13,2,Jonathan,PERSON
,13,2,Gibeah,GPE
,13,2,Benjamin,PERSON
,13,3,Jonathan,PERSON
,13,3,Philistines,NORP
,13,3,Geba,GPE
,13,3,Philistines,NORP
,13,3,Saul,PERSON
,13,3,Hebrews,NORP
,13,4,Israel,GPE
,13,4,Saul,PERSON
,13,4,Philistines,NORP
,13,4,Israel,GPE
,13,4,Philistines,NORP
,13,4,Saul,PERSON
,13,5,Philistines,NORP
,13,5,Israel,GPE
,13,5,thirty thousand,CARDINAL
,13,5,six thousand,CARDINAL
,13,5,on,PERSON
,13,5,Michmash,GPE
,13,5,Bethaven,GPE
,13,6,Israel,GPE
,13,7,Hebrews,NORP
,13,7,Jordan,GPE
,13,7,Gad,PERSON
,13,7,Gilead,ORG
,13,7,Saul,PERSON
,13,7,Gilgal,PERSON
,13,8,seven days,DATE
,13,8,Samuel,PERSON
,13,8,Samuel,PERSON
,13,9,Saul,PERSON
,13,10,Samuel,PERSON
,13,10,Saul,PERSON
,13,11,Samuel,PERSON
,13,11,Saul,PERSON
,13,11,the days,DATE
,13,11,Philistines,NORP
,13,11,Michmash,PERSON
,13,12,Philistines,NORP
,13,12,Gilgal,PERSON
,13,13,Samuel,PERSON
,13,13,Saul,PERSON
,13,13,Israel,GPE
,13,15,Samuel,PERSON
,13,15,gat,ORG
,13,15,Benjamin,PERSON
,13,15,Saul,PERSON
,13,15,about six hundred,CARDINAL
,13,16,Saul,PERSON
,13,16,Jonathan,PERSON
,13,16,Gibeah of Benjamin:,GPE
,13,16,Philistines,NORP
,13,16,Michmash,PERSON
,13,17,Philistines,PRODUCT
,13,17,three,CARDINAL
,13,17,one,CARDINAL
,13,17,Ophrah,PERSON
,13,17,Shual,PERSON
,13,18,Bethhoron,ORG
,13,18,Zeboim,GPE
,13,19,Israel,GPE
,13,19,Philistines,ORG
,13,19,Hebrews,LOC
,13,20,Israelites,NORP
,13,20,Philistines,NORP
,13,20,coulter,PERSON
,13,22,So,PERSON
,13,22,the day,DATE
,13,22,Saul,PERSON
,13,22,Jonathan,PERSON
,13,22,Saul,PERSON
,13,22,Jonathan,PERSON
,13,23,Philistines,NORP
,13,23,Michmash,PERSON
,14,1,Jonathan,PERSON
,14,1,Saul,PERSON
,14,1,Philistines,NORP
,14,1,on,PERSON
,14,2,Saul,PERSON
,14,2,Gibeah,ORG
,14,2,Migron,WORK_OF_ART
,14,2,about six hundred,CARDINAL
,14,3,Ahiah,PERSON
,14,3,Ahitub,PERSON
,14,3,Ichabod,PERSON
,14,3,Phinehas,PERSON
,14,3,Eli,ORG
,14,3,Shiloh,GPE
,14,3,ephod,PERSON
,14,3,Jonathan,PERSON
,14,4,Jonathan,PERSON
,14,4,Philistines,NORP
,14,4,on,PERSON
,14,4,on,PERSON
,14,4,Bozez,PERSON
,14,4,Seneh,ORG
,14,5,Michmash,PERSON
,14,5,Gibeah,GPE
,14,6,Jonathan,PERSON
,14,8,Jonathan,PERSON
,14,9,Tarry,PERSON
,14,11,Philistines,NORP
,14,11,Philistines,ORG
,14,11,Behold,PERSON
,14,11,Hebrews,LOC
,14,12,Jonathan,PERSON
,14,12,Jonathan,PERSON
,14,12,Israel,GPE
,14,13,Jonathan,PERSON
,14,13,Jonathan,PERSON
,14,14,first,ORDINAL
,14,14,Jonathan,PERSON
,14,14,about twenty,CARDINAL
,14,14,an half acre,QUANTITY
,14,15,so,PERSON
,14,16,Saul,PERSON
,14,16,Gibeah,GPE
,14,16,Benjamin,PERSON
,14,16,on,PERSON
,14,17,Saul,PERSON
,14,17,Jonathan,PERSON
,14,18,Saul,PERSON
,14,18,Ahiah,PERSON
,14,18,ark,PERSON
,14,18,ark,PERSON
,14,18,Israel,GPE
,14,19,Saul,PERSON
,14,19,Philistines,NORP
,14,19,on,PERSON
,14,19,Saul,PERSON
,14,20,Saul,PERSON
,14,21,Hebrews,LOC
,14,21,Philistines,NORP
,14,21,Israelites,NORP
,14,21,Saul,PERSON
,14,21,Jonathan,PERSON
,14,22,Israel,GPE
,14,22,Ephraim,PERSON
,14,22,Philistines,NORP
,14,23,So,PERSON
,14,23,Israel,GPE
,14,23,that day,DATE
,14,24,Israel,GPE
,14,24,Saul,PERSON
,14,24,evening,TIME
,14,24,on,PERSON
,14,24,So,PERSON
,14,26,put,PERSON
,14,27,Jonathan,PERSON
,14,27,put,PERSON
,14,27,put,PERSON
,14,28,one,CARDINAL
,14,28,this day,DATE
,14,29,Jonathan,PERSON
,14,30,Philistines,PRODUCT
,14,31,Philistines,NORP
,14,31,Michmash,PERSON
,14,31,Aijalon,PERSON
,14,32,on,PERSON
,14,33,Saul,PERSON
,14,33,Behold,PERSON
,14,33,Ye,PERSON
,14,33,this day,DATE
,14,34,Saul,PERSON
,14,35,Saul,PERSON
,14,35,first,ORDINAL
,14,36,Saul,PERSON
,14,36,Philistines,PRODUCT
,14,36,night,TIME
,14,36,the morning,TIME
,14,37,Saul,PERSON
,14,37,Philistines,NORP
,14,37,Israel,GPE
,14,38,Saul,PERSON
,14,38,this day,DATE
,14,39,Israel,GPE
,14,39,Jonathan,PERSON
,14,40,Israel,GPE
,14,40,on,PERSON
,14,40,Jonathan,PERSON
,14,40,on,PERSON
,14,40,Saul,PERSON
,14,41,Saul,PERSON
,14,41,Israel,GPE
,14,41,lot,PERSON
,14,41,Saul,PERSON
,14,41,Jonathan,PERSON
,14,42,Saul,PERSON
,14,42,Jonathan,PERSON
,14,42,Jonathan,PERSON
,14,43,Saul,PERSON
,14,43,Jonathan,PERSON
,14,43,Jonathan,PERSON
,14,44,Saul,PERSON
,14,44,so,PERSON
,14,44,Jonathan,PERSON
,14,45,Saul,PERSON
,14,45,Jonathan,PERSON
,14,45,Israel,GPE
,14,45,one,CARDINAL
,14,45,this day,DATE
,14,45,So,PERSON
,14,45,Jonathan,PERSON
,14,46,Saul,PERSON
,14,46,Philistines,NORP
,14,46,Philistines,NORP
,14,47,So,PERSON
,14,47,Saul,PERSON
,14,47,Israel,GPE
,14,47,on,PERSON
,14,47,Moab,GPE
,14,47,Ammon,PERSON
,14,47,Edom,ORG
,14,47,Zobah,PERSON
,14,47,Philistines,NORP
,14,48,Amalekites,GPE
,14,48,Israel,GPE
,14,49,Saul,PERSON
,14,49,Jonathan,PERSON
,14,49,Ishui,ORG
,14,49,Melchishua,PERSON
,14,49,two,CARDINAL
,14,49,Merab,PERSON
,14,49,Michal,PERSON
,14,50,Saul,PERSON
,14,50,Ahinoam,ORG
,14,50,daughter,PERSON
,14,50,Ahimaaz,NORP
,14,50,Abner,PERSON
,14,50,Ner,PERSON
,14,50,Saul,PERSON
,14,51,Kish,PERSON
,14,51,Saul,PERSON
,14,51,Ner,PERSON
,14,51,Abner,PERSON
,14,51,Abiel,PERSON
,14,52,Philistines,NORP
,14,52,Saul,PERSON
,14,52,Saul,PERSON
,15,1,Samuel,PERSON
,15,1,Saul,PERSON
,15,1,Israel,GPE
,15,2,Amalek,PERSON
,15,2,Israel,GPE
,15,2,Egypt,GPE
,15,3,Amalek,PERSON
,15,4,Saul,PERSON
,15,4,Telaim,ORG
,15,4,two hundred thousand,CARDINAL
,15,4,ten thousand,CARDINAL
,15,4,Judah,PERSON
,15,5,Saul,PERSON
,15,5,Amalek,GPE
,15,6,Saul,PERSON
,15,6,Amalekites,GPE
,15,6,Israel,GPE
,15,6,Egypt,GPE
,15,6,So,PERSON
,15,6,Kenites,ORG
,15,6,Amalekites,GPE
,15,7,Saul,PERSON
,15,7,Amalekites,GPE
,15,7,Havilah,ORG
,15,7,Shur,PERSON
,15,7,Egypt,GPE
,15,8,Agag,PERSON
,15,8,Amalekites,GPE
,15,9,Saul,PERSON
,15,9,Agag,ORG
,15,10,Samuel,PERSON
,15,11,Saul,PERSON
,15,11,Samuel,PERSON
,15,11,all night,TIME
,15,12,Samuel,PERSON
,15,12,Saul,PERSON
,15,12,Samuel,PERSON
,15,12,Saul,PERSON
,15,12,Carmel,GPE
,15,12,on,PERSON
,15,13,Samuel,PERSON
,15,13,Saul,PERSON
,15,13,Saul,PERSON
,15,13,Blessed,PERSON
,15,14,Samuel,PERSON
,15,15,Saul,PERSON
,15,15,Amalekites,GPE
,15,16,Samuel,PERSON
,15,16,"Saul, Stay",PERSON
,15,16,this night,TIME
,15,16,on,PERSON
,15,17,Samuel,PERSON
,15,17,Israel,GPE
,15,17,Israel,GPE
,15,18,on,PERSON
,15,18,Amalekites,GPE
,15,20,Saul,PERSON
,15,20,Samuel,PERSON
,15,20,Yea,PERSON
,15,20,Agag,ORG
,15,20,Amalek,PERSON
,15,20,Amalekites,GPE
,15,21,Gilgal,PERSON
,15,22,Samuel,PERSON
,15,24,Saul,PERSON
,15,24,Samuel,PERSON
,15,26,Samuel,PERSON
,15,26,Saul,PERSON
,15,26,Israel,GPE
,15,27,Samuel,PERSON
,15,28,Samuel,PERSON
,15,28,Israel,GPE
,15,28,this day,DATE
,15,30,Israel,GPE
,15,31,So,PERSON
,15,31,Samuel,PERSON
,15,31,Saul,PERSON
,15,31,Saul,PERSON
,15,32,Samuel,PERSON
,15,32,Agag,PERSON
,15,32,Amalekites,GPE
,15,32,Agag,PERSON
,15,32,Agag,ORG
,15,32,death,PERSON
,15,33,Samuel,PERSON
,15,33,so,PERSON
,15,33,Samuel hewed Agag,PERSON
,15,33,Gilgal,PERSON
,15,34,Samuel,PERSON
,15,34,Ramah,GPE
,15,34,Saul,PERSON
,15,34,Gibeah of Saul,PERSON
,15,35,Samuel,PERSON
,15,35,Saul,PERSON
,15,35,the day,DATE
,15,35,death,PERSON
,15,35,Samuel,PERSON
,15,35,Saul,PERSON
,15,35,Saul,PERSON
,15,35,Israel,GPE
,16,1,Samuel,PERSON
,16,1,Saul,PERSON
,16,1,Israel,GPE
,16,1,Jesse,PERSON
,16,2,Samuel,PERSON
,16,2,Saul,PERSON
,16,3,Jesse,PERSON
,16,4,Samuel,PERSON
,16,4,Bethlehem,GPE
,16,5,Jesse,PERSON
,16,6,on,PERSON
,16,6,Eliab,PERSON
,16,7,Samuel,PERSON
,16,7,on,PERSON
,16,7,on,PERSON
,16,7,seeth,PERSON
,16,7,seeth,PERSON
,16,7,on,PERSON
,16,7,on,PERSON
,16,8,Jesse,PERSON
,16,8,Abinadab,PERSON
,16,8,Samuel,PERSON
,16,9,Jesse,PERSON
,16,9,Shammah,ORG
,16,10,Jesse,PERSON
,16,10,seven,CARDINAL
,16,10,Samuel,PERSON
,16,10,Samuel,PERSON
,16,10,Jesse,PERSON
,16,11,Samuel,PERSON
,16,11,Jesse,PERSON
,16,11,Samuel,PERSON
,16,11,Jesse,PERSON
,16,13,Samuel,PERSON
,16,13,Spirit,ORG
,16,13,David,PERSON
,16,13,that day,DATE
,16,13,So,PERSON
,16,13,Samuel,PERSON
,16,13,Ramah,GPE
,16,14,Spirit,ORG
,16,14,Saul,PERSON
,16,15,Saul,PERSON
,16,16,on,PERSON
,16,17,Saul,PERSON
,16,18,one,CARDINAL
,16,18,Behold,PERSON
,16,18,Jesse,PERSON
,16,18,Bethlehemite,PERSON
,16,19,Saul,PERSON
,16,19,Jesse,PERSON
,16,19,David thy,PERSON
,16,20,Jesse,PERSON
,16,20,David,PERSON
,16,20,Saul,PERSON
,16,21,David,PERSON
,16,21,Saul,PERSON
,16,22,Saul,PERSON
,16,22,Jesse,PERSON
,16,22,David,PERSON
,16,23,Saul,PERSON
,16,23,David,PERSON
,16,23,so,PERSON
,16,23,Saul,PERSON
,17,1,Philistines,NORP
,17,1,Shochoh,ORG
,17,1,Judah,PERSON
,17,1,Shochoh and Azekah,PERSON
,17,1,Ephesdammim,ORG
,17,2,Saul,PERSON
,17,2,Israel,GPE
,17,2,Elah,ORG
,17,2,Philistines,PRODUCT
,17,3,Philistines,NORP
,17,3,on,PERSON
,17,3,on,PERSON
,17,3,Israel,GPE
,17,3,on,PERSON
,17,3,on,PERSON
,17,4,Philistines,NORP
,17,4,Goliath,PERSON
,17,4,Gath,PERSON
,17,4,six cubits,QUANTITY
,17,5,five thousand shekels,MONEY
,17,7,six hundred shekels,MONEY
,17,7,one,CARDINAL
,17,8,Israel,GPE
,17,8,Saul,PERSON
,17,10,Philistine,ORG
,17,10,Israel,GPE
,17,10,this day,DATE
,17,11,Saul,PERSON
,17,11,Israel,GPE
,17,12,David,PERSON
,17,12,Ephrathite,PERSON
,17,12,Bethlehemjudah,ORG
,17,12,Jesse,PERSON
,17,12,eight,CARDINAL
,17,12,the days,DATE
,17,12,Saul,PERSON
,17,13,three,CARDINAL
,17,13,Jesse,PERSON
,17,13,Saul,PERSON
,17,13,three,CARDINAL
,17,13,Eliab,PERSON
,17,13,Abinadab,PERSON
,17,13,Shammah,PERSON
,17,14,David,PERSON
,17,14,three,CARDINAL
,17,14,Saul,PERSON
,17,15,David,PERSON
,17,15,Saul,PERSON
,17,15,Bethlehem,GPE
,17,16,morning,TIME
,17,16,evening,TIME
,17,16,forty days,DATE
,17,17,Jesse,PERSON
,17,17,David,PERSON
,17,17,ephah,PERSON
,17,17,ten,CARDINAL
,17,18,ten,CARDINAL
,17,18,thousand,CARDINAL
,17,19,Saul,PERSON
,17,19,Israel,GPE
,17,19,Elah,ORG
,17,19,Philistines,PRODUCT
,17,20,David,PERSON
,17,20,early in the morning,TIME
,17,20,Jesse,PERSON
,17,21,Israel,GPE
,17,21,Philistines,ORG
,17,21,put,PERSON
,17,22,David,PERSON
,17,23,the Philistine of Gath,PERSON
,17,23,Goliath,PERSON
,17,23,Philistines,NORP
,17,23,David,PERSON
,17,24,Israel,GPE
,17,25,Israel,GPE
,17,25,Israel,GPE
,17,25,daughter,PERSON
,17,25,Israel,GPE
,17,26,David,PERSON
,17,26,Israel,GPE
,17,27,So,PERSON
,17,28,Eliab,PERSON
,17,28,Eliab,PERSON
,17,28,David,PERSON
,17,29,David,PERSON
,17,31,David,PERSON
,17,31,Saul,PERSON
,17,32,David,PERSON
,17,32,Saul,PERSON
,17,33,Saul,PERSON
,17,33,David,PERSON
,17,34,David,PERSON
,17,34,Saul,PERSON
,17,36,one,CARDINAL
,17,37,David,PERSON
,17,37,Saul,PERSON
,17,37,David,PERSON
,17,38,Saul,PERSON
,17,38,David,PERSON
,17,38,put,PERSON
,17,39,David,PERSON
,17,39,David,PERSON
,17,39,Saul,PERSON
,17,39,David,PERSON
,17,39,put,PERSON
,17,40,five,CARDINAL
,17,40,put,PERSON
,17,41,on,PERSON
,17,41,David,PERSON
,17,42,David,PERSON
,17,43,David,PERSON
,17,43,David,PERSON
,17,44,"David, Come",PERSON
,17,45,David,PERSON
,17,45,Israel,GPE
,17,46,This day,DATE
,17,46,Philistines,ORG
,17,46,this day,DATE
,17,46,Israel,GPE
,17,48,Philistine,ORG
,17,48,David,PERSON
,17,48,David,PERSON
,17,49,David,PERSON
,17,49,put,PERSON
,17,50,So,PERSON
,17,50,David,PERSON
,17,50,David,PERSON
,17,51,David,PERSON
,17,51,Philistines,NORP
,17,52,Israel,GPE
,17,52,Judah,PERSON
,17,52,Philistines,NORP
,17,52,Ekron,ORG
,17,52,Philistines,PRODUCT
,17,52,Shaaraim,PERSON
,17,52,Gath,PERSON
,17,52,Ekron,ORG
,17,53,Israel,GPE
,17,53,Philistines,NORP
,17,54,David,PERSON
,17,54,Jerusalem,GPE
,17,54,put,PERSON
,17,55,Saul,PERSON
,17,55,David,PERSON
,17,55,Abner,PERSON
,17,55,Abner,PERSON
,17,55,Abner,PERSON
,17,57,David,PERSON
,17,57,Abner,PERSON
,17,57,Saul,PERSON
,17,58,Saul,PERSON
,17,58,David,PERSON
,17,58,Jesse,PERSON
,17,58,Bethlehemite,PERSON
,18,1,Saul,PERSON
,18,1,Jonathan,PERSON
,18,1,David,PERSON
,18,1,Jonathan,PERSON
,18,2,Saul,PERSON
,18,2,that day,DATE
,18,3,Jonathan,PERSON
,18,3,David,PERSON
,18,4,Jonathan,PERSON
,18,4,David,PERSON
,18,5,David,PERSON
,18,5,Saul,PERSON
,18,5,Saul,PERSON
,18,5,Saul,PERSON
,18,6,David,PERSON
,18,6,Israel,GPE
,18,6,Saul,PERSON
,18,7,Saul,PERSON
,18,7,thousands,CARDINAL
,18,7,David,PERSON
,18,7,ten thousands,CARDINAL
,18,8,Saul,PERSON
,18,8,David,PERSON
,18,8,thousands,CARDINAL
,18,8,thousands,CARDINAL
,18,9,Saul eyed David,PERSON
,18,9,that day,DATE
,18,10,on,PERSON
,18,10,Saul,PERSON
,18,10,David,PERSON
,18,10,Saul,PERSON
,18,11,Saul,PERSON
,18,11,David,PERSON
,18,11,David,PERSON
,18,12,Saul,PERSON
,18,12,David,PERSON
,18,12,Saul,PERSON
,18,13,Saul,PERSON
,18,14,David,PERSON
,18,15,Saul,PERSON
,18,16,Israel,GPE
,18,16,Judah,PERSON
,18,16,David,PERSON
,18,17,Saul,PERSON
,18,17,David,PERSON
,18,17,daughter,PERSON
,18,17,Merab,PERSON
,18,17,Saul,PERSON
,18,17,Philistines,NORP
,18,18,David,PERSON
,18,18,Saul,PERSON
,18,18,Israel,GPE
,18,19,Merab Saul's,PERSON
,18,19,daughter,PERSON
,18,19,David,PERSON
,18,19,Adriel the Meholathite,PERSON
,18,20,Michal Saul's,PERSON
,18,20,daughter,PERSON
,18,20,David,PERSON
,18,20,Saul,PERSON
,18,21,Saul,PERSON
,18,21,Philistines,NORP
,18,21,Saul,PERSON
,18,21,David,PERSON
,18,21,this day,DATE
,18,22,Saul,PERSON
,18,22,Commune,ORG
,18,22,David,PERSON
,18,22,Behold,PERSON
,18,23,Saul,PERSON
,18,23,David,PERSON
,18,23,David,PERSON
,18,23,Seemeth,PERSON
,18,24,Saul,PERSON
,18,24,On,PERSON
,18,24,David,PERSON
,18,25,Saul,PERSON
,18,25,David,PERSON
,18,25,desireth,PERSON
,18,25,hundred,CARDINAL
,18,25,Philistines,NORP
,18,25,Saul,PERSON
,18,25,David,PERSON
,18,25,Philistines,PRODUCT
,18,26,David,PERSON
,18,26,David,PERSON
,18,26,the days,DATE
,18,27,David,PERSON
,18,27,Philistines,ORG
,18,27,two hundred,CARDINAL
,18,27,David,PERSON
,18,27,Saul,PERSON
,18,27,Michal,PERSON
,18,27,daughter,PERSON
,18,28,Saul,PERSON
,18,28,David,PERSON
,18,28,Michal Saul's,PERSON
,18,28,daughter,PERSON
,18,29,Saul,PERSON
,18,29,David,PERSON
,18,29,Saul,PERSON
,18,29,David,PERSON
,18,30,Philistines,NORP
,18,30,David,PERSON
,18,30,Saul,PERSON
,18,30,so,PERSON
,19,1,Saul,PERSON
,19,1,Jonathan,PERSON
,19,1,David,PERSON
,19,2,Jonathan Saul's,PERSON
,19,2,David,PERSON
,19,2,Jonathan,PERSON
,19,2,David,PERSON
,19,2,Saul,PERSON
,19,2,the morning,TIME
,19,4,Jonathan,PERSON
,19,4,David unto Saul,PERSON
,19,4,David,PERSON
,19,5,put,PERSON
,19,5,Israel,GPE
,19,5,David,PERSON
,19,6,Saul,PERSON
,19,6,Jonathan,PERSON
,19,6,Saul,PERSON
,19,7,Jonathan,PERSON
,19,7,David,PERSON
,19,7,Jonathan,PERSON
,19,7,Jonathan,PERSON
,19,7,David,PERSON
,19,7,Saul,PERSON
,19,8,David,PERSON
,19,8,Philistines,NORP
,19,9,Saul,PERSON
,19,9,David,PERSON
,19,10,Saul,PERSON
,19,10,David,PERSON
,19,10,Saul,PERSON
,19,10,David,PERSON
,19,10,that night,TIME
,19,11,Saul,PERSON
,19,11,David,PERSON
,19,11,Michal David's,PERSON
,19,12,So,PERSON
,19,12,Michal,PERSON
,19,12,David,PERSON
,19,13,Michal,PERSON
,19,13,put,PERSON
,19,14,Saul,PERSON
,19,14,David,PERSON
,19,15,Saul,PERSON
,19,15,David,PERSON
,19,17,Saul,PERSON
,19,17,Michal,PERSON
,19,17,so,PERSON
,19,17,Michal,PERSON
,19,17,Saul,PERSON
,19,18,So,PERSON
,19,18,David,PERSON
,19,18,Samuel,PERSON
,19,18,Ramah,GPE
,19,18,Saul,PERSON
,19,18,Samuel,PERSON
,19,18,Naioth,GPE
,19,19,Saul,PERSON
,19,19,Behold,PERSON
,19,19,David,PERSON
,19,19,Naioth,GPE
,19,19,Ramah,GPE
,19,20,Saul,PERSON
,19,20,David,PERSON
,19,20,Samuel,PERSON
,19,20,Saul,PERSON
,19,21,Saul,PERSON
,19,21,Saul,PERSON
,19,21,third,ORDINAL
,19,22,Ramah,GPE
,19,22,Sechu,GPE
,19,22,Samuel,PERSON
,19,22,David,PERSON
,19,22,Behold,PERSON
,19,22,Naioth,GPE
,19,22,Ramah,GPE
,19,23,Naioth,GPE
,19,23,Ramah,GPE
,19,23,on,PERSON
,19,23,Naioth,GPE
,19,23,Ramah,GPE
,19,24,Samuel,PERSON
,19,24,Saul,PERSON
,20,1,David,PERSON
,20,1,Naioth,GPE
,20,1,Ramah,GPE
,20,1,Jonathan,PERSON
,20,2,so,PERSON
,20,3,David,PERSON
,20,3,Jonathan,PERSON
,20,3,death,PERSON
,20,4,Jonathan unto David,PERSON
,20,5,David,PERSON
,20,5,Jonathan,PERSON
,20,5,the third day,DATE
,20,6,David,PERSON
,20,6,Bethlehem,ORG
,20,9,Jonathan,PERSON
,20,10,David,PERSON
,20,10,Jonathan,PERSON
,20,11,Jonathan,PERSON
,20,11,"David, Come",PERSON
,20,12,Jonathan,PERSON
,20,12,David,PERSON
,20,12,Israel,GPE
,20,12,the third day,DATE
,20,12,David,PERSON
,20,13,so,PERSON
,20,13,Jonathan,PERSON
,20,15,David,PERSON
,20,16,So,PERSON
,20,16,Jonathan,PERSON
,20,16,David,PERSON
,20,16,David,PERSON
,20,17,Jonathan,PERSON
,20,17,David,PERSON
,20,18,Jonathan,PERSON
,20,18,David,PERSON
,20,19,three days,DATE
,20,19,Ezel,PERSON
,20,20,three,CARDINAL
,20,20,on,PERSON
,20,21,on,PERSON
,20,24,So,PERSON
,20,24,David,PERSON
,20,25,Jonathan,PERSON
,20,25,Abner,PERSON
,20,25,Saul,PERSON
,20,25,David,PERSON
,20,26,Saul,PERSON
,20,27,on,PERSON
,20,27,the second day of the month,DATE
,20,27,David,PERSON
,20,27,Saul,PERSON
,20,27,Jonathan,PERSON
,20,27,Jesse,PERSON
,20,27,yesterday,DATE
,20,28,Jonathan,PERSON
,20,28,Saul,PERSON
,20,28,David,PERSON
,20,28,Bethlehem,ORG
,20,30,Saul,PERSON
,20,30,Jonathan,PERSON
,20,30,Jesse,PERSON
,20,31,Jesse,PERSON
,20,32,Jonathan,PERSON
,20,32,Saul,PERSON
,20,33,Saul,PERSON
,20,33,Jonathan,PERSON
,20,33,David,PERSON
,20,34,So,PERSON
,20,34,Jonathan,PERSON
,20,34,David,PERSON
,20,35,Jonathan,PERSON
,20,35,David,PERSON
,20,37,Jonathan,PERSON
,20,37,Jonathan,PERSON
,20,38,Jonathan,PERSON
,20,38,Jonathan,PERSON
,20,39,Jonathan,PERSON
,20,39,David,PERSON
,20,40,Jonathan,PERSON
,20,41,David,PERSON
,20,41,on,PERSON
,20,41,three,CARDINAL
,20,41,David,PERSON
,20,42,Jonathan,PERSON
,20,42,"David, Go",PERSON
,20,42,Jonathan,PERSON
,21,1,David,PERSON
,21,1,Nob,PERSON
,21,1,Ahimelech,GPE
,21,1,Ahimelech,PERSON
,21,1,David,PERSON
,21,2,David,PERSON
,21,2,Ahimelech,PERSON
,21,3,five,CARDINAL
,21,4,David,PERSON
,21,5,David,PERSON
,21,5,this day,DATE
,21,6,So,PERSON
,21,6,put,PERSON
,21,6,the day,DATE
,21,7,Saul,PERSON
,21,7,that day,DATE
,21,7,Doeg,GPE
,21,7,Edomite,PERSON
,21,7,Saul,PERSON
,21,8,David,PERSON
,21,8,Ahimelech,PERSON
,21,9,Goliath,PERSON
,21,9,Elah,ORG
,21,9,ephod,PERSON
,21,9,David,PERSON
,21,10,David,PERSON
,21,10,that day,DATE
,21,10,Saul,PERSON
,21,10,Achish,PERSON
,21,10,Gath,PERSON
,21,11,Achish,PERSON
,21,11,David,PERSON
,21,11,Saul,PERSON
,21,11,thousands,CARDINAL
,21,11,David,PERSON
,21,11,ten thousands,CARDINAL
,21,12,David,PERSON
,21,12,Achish,PERSON
,21,12,Gath,PERSON
,21,13,on,PERSON
,21,14,Achish,PERSON
,21,14,Lo,PERSON
,22,1,David,PERSON
,22,1,Adullam,PERSON
,22,2,about four hundred,CARDINAL
,22,3,David,PERSON
,22,3,Mizpeh of Moab,LOC
,22,3,Moab,GPE
,22,4,Moab,LOC
,22,4,David,PERSON
,22,5,Gad,PERSON
,22,5,David,PERSON
,22,5,Judah,GPE
,22,5,David,PERSON
,22,5,Hareth,PERSON
,22,6,Saul,PERSON
,22,6,David,PERSON
,22,6,Saul,PERSON
,22,6,Gibeah,GPE
,22,6,Ramah,GPE
,22,7,Saul,PERSON
,22,7,Jesse,PERSON
,22,7,thousands,CARDINAL
,22,7,hundreds,CARDINAL
,22,8,Jesse,PERSON
,22,8,this day,DATE
,22,9,Doeg the Edomite,PERSON
,22,9,Saul,PERSON
,22,9,Jesse,PERSON
,22,9,Nob,PERSON
,22,9,Ahimelech,GPE
,22,9,Ahitub,PERSON
,22,10,Goliath,PERSON
,22,11,Ahimelech,PERSON
,22,11,Ahitub,PERSON
,22,11,Nob,PERSON
,22,12,Saul,PERSON
,22,12,Ahitub,PERSON
,22,13,Saul,PERSON
,22,13,Jesse,PERSON
,22,13,this day,DATE
,22,14,Ahimelech,PERSON
,22,14,so,PERSON
,22,14,David,PERSON
,22,14,thine house,ORG
,22,16,Ahimelech,PERSON
,22,17,David,PERSON
,22,17,put,PERSON
,22,18,"Doeg, Turn",ORG
,22,18,Doeg the Edomite,PERSON
,22,18,on,PERSON
,22,18,that day fourscore and five,DATE
,22,18,ephod,PERSON
,22,19,Nob,PERSON
,22,20,one,CARDINAL
,22,20,Ahimelech,GPE
,22,20,Ahitub,PERSON
,22,20,Abiathar,PERSON
,22,20,David,PERSON
,22,21,Abiathar,PERSON
,22,21,David,PERSON
,22,21,Saul,PERSON
,22,22,David,PERSON
,22,22,Abiathar,PERSON
,22,22,Doeg the Edomite,PERSON
,22,22,Saul,PERSON
,22,22,death,PERSON
,23,1,David,PERSON
,23,1,Behold,PERSON
,23,1,Philistines,NORP
,23,1,Keilah,GPE
,23,2,David,PERSON
,23,2,Philistines,NORP
,23,2,David,PERSON
,23,2,Philistines,NORP
,23,2,Keilah,ORG
,23,3,David,PERSON
,23,3,Judah,PERSON
,23,3,Keilah,PERSON
,23,3,Philistines,NORP
,23,4,David,PERSON
,23,4,Keilah,GPE
,23,4,Philistines,NORP
,23,5,So,PERSON
,23,5,David,PERSON
,23,5,Keilah,GPE
,23,5,Philistines,NORP
,23,5,So,PERSON
,23,5,David,PERSON
,23,5,Keilah,GPE
,23,6,Abiathar,PERSON
,23,6,Ahimelech,PERSON
,23,6,David,PERSON
,23,6,Keilah,PERSON
,23,6,ephod,PERSON
,23,7,Saul,PERSON
,23,7,David,PERSON
,23,7,Keilah,PERSON
,23,7,Saul,PERSON
,23,8,Saul,PERSON
,23,8,Keilah,GPE
,23,8,David,PERSON
,23,9,David,PERSON
,23,9,Saul,PERSON
,23,9,Abiathar,PERSON
,23,9,ephod,PERSON
,23,10,David,PERSON
,23,10,Israel,GPE
,23,10,Saul,PERSON
,23,10,Keilah,GPE
,23,11,Keilah,GPE
,23,11,Saul,PERSON
,23,11,Israel,GPE
,23,12,David,PERSON
,23,12,Keilah,GPE
,23,12,Saul,PERSON
,23,13,David,PERSON
,23,13,about six hundred,CARDINAL
,23,13,Keilah,GPE
,23,13,Saul,PERSON
,23,13,David,PERSON
,23,13,Keilah,GPE
,23,14,David,PERSON
,23,14,Ziph,GPE
,23,14,Saul,PERSON
,23,14,every day,DATE
,23,15,David,PERSON
,23,15,Saul,PERSON
,23,15,David,PERSON
,23,15,Ziph,PERSON
,23,16,Jonathan Saul's,PERSON
,23,16,David,PERSON
,23,17,Saul,PERSON
,23,17,Israel,GPE
,23,17,Saul,PERSON
,23,18,two,CARDINAL
,23,18,David,PERSON
,23,18,Jonathan,PERSON
,23,19,Saul,PERSON
,23,19,Gibeah,PERSON
,23,19,Doth,PERSON
,23,19,David,PERSON
,23,19,Hachilah,GPE
,23,19,on,PERSON
,23,19,Jeshimon,GPE
,23,21,Saul,PERSON
,23,21,Blessed,PERSON
,23,21,on,PERSON
,23,23,thousands,CARDINAL
,23,23,Judah,PERSON
,23,24,Ziph,PERSON
,23,24,Saul,PERSON
,23,24,David,PERSON
,23,24,Maon,GPE
,23,24,on,PERSON
,23,24,Jeshimon,GPE
,23,25,Saul,PERSON
,23,25,David,PERSON
,23,25,Maon,GPE
,23,25,Saul,PERSON
,23,25,David,PERSON
,23,25,Maon,GPE
,23,26,Saul,PERSON
,23,26,on,PERSON
,23,26,David,PERSON
,23,26,on,PERSON
,23,26,David,PERSON
,23,26,Saul,PERSON
,23,26,Saul,PERSON
,23,26,David,PERSON
,23,27,Saul,PERSON
,23,27,Philistines,NORP
,23,28,Saul,PERSON
,23,28,David,PERSON
,23,28,Philistines,NORP
,23,28,Selahammahlekoth,GPE
,23,29,David,PERSON
,23,29,Engedi,PERSON
,24,1,Saul,PERSON
,24,1,Philistines,NORP
,24,1,Behold,PERSON
,24,1,David,PERSON
,24,1,Engedi,PERSON
,24,2,Saul,PERSON
,24,2,three thousand,CARDINAL
,24,2,Israel,GPE
,24,2,David,PERSON
,24,3,Saul,PERSON
,24,3,David,PERSON
,24,4,David,PERSON
,24,4,the day,DATE
,24,4,David,PERSON
,24,4,Saul,PERSON
,24,5,David,PERSON
,24,5,Saul,PERSON
,24,7,So,PERSON
,24,7,David,PERSON
,24,7,Saul,PERSON
,24,7,Saul,PERSON
,24,7,on,PERSON
,24,8,David,PERSON
,24,8,Saul,PERSON
,24,8,Saul,PERSON
,24,8,David,PERSON
,24,9,David,PERSON
,24,9,Saul,PERSON
,24,9,Behold,PERSON
,24,9,David,PERSON
,24,10,this day,DATE
,24,10,put,PERSON
,24,14,Israel,GPE
,24,16,David,PERSON
,24,16,Saul,PERSON
,24,16,Saul,PERSON
,24,16,David,PERSON
,24,16,Saul,PERSON
,24,17,David,PERSON
,24,18,this day,DATE
,24,19,this day,DATE
,24,20,Israel,GPE
,24,22,David,PERSON
,24,22,Saul,PERSON
,24,22,Saul,PERSON
,24,22,David,PERSON
,25,1,Samuel,PERSON
,25,1,Israelites,NORP
,25,1,Ramah,GPE
,25,1,David,PERSON
,25,1,Paran,FAC
,25,2,Maon,GPE
,25,2,Carmel,GPE
,25,2,three thousand,CARDINAL
,25,2,a thousand,CARDINAL
,25,2,Carmel,GPE
,25,3,Nabal,PERSON
,25,3,Abigail,PERSON
,25,3,Caleb,PERSON
,25,4,David,PERSON
,25,4,Nabal,PERSON
,25,5,David,PERSON
,25,5,ten,CARDINAL
,25,5,David,PERSON
,25,5,Carmel,GPE
,25,5,Nabal,PERSON
,25,6,thine house,ORG
,25,7,Carmel,GPE
,25,8,David,PERSON
,25,9,David,PERSON
,25,9,Nabal,PERSON
,25,9,David,PERSON
,25,10,Nabal,PERSON
,25,10,David,PERSON
,25,10,David,PERSON
,25,10,Jesse,PERSON
,25,12,So,PERSON
,25,12,David,PERSON
,25,13,David,PERSON
,25,13,on,PERSON
,25,13,on,PERSON
,25,13,David,PERSON
,25,13,on,PERSON
,25,13,David,PERSON
,25,13,about four hundred,CARDINAL
,25,13,two hundred,CARDINAL
,25,14,one,CARDINAL
,25,14,Abigail,PERSON
,25,14,Nabal,PERSON
,25,14,Behold,PERSON
,25,14,David,PERSON
,25,14,on,PERSON
,25,17,Belial,PERSON
,25,18,Abigail,PERSON
,25,18,two hundred,CARDINAL
,25,18,two,CARDINAL
,25,18,five,CARDINAL
,25,18,five,CARDINAL
,25,18,an hundred,CARDINAL
,25,18,two hundred,CARDINAL
,25,18,on,PERSON
,25,19,on,PERSON
,25,19,Nabal,PERSON
,25,20,so,PERSON
,25,20,on,PERSON
,25,20,David,PERSON
,25,21,David,PERSON
,25,21,so,PERSON
,25,22,So,PERSON
,25,22,David,PERSON
,25,23,Abigail,PERSON
,25,23,David,PERSON
,25,23,David,PERSON
,25,23,on,PERSON
,25,25,Belial,PERSON
,25,25,Nabal,PERSON
,25,25,so,PERSON
,25,25,Nabal,PERSON
,25,26,Nabal,PERSON
,25,30,Israel,GPE
,25,32,David,PERSON
,25,32,Abigail,PERSON
,25,32,Blessed,PERSON
,25,32,Israel,GPE
,25,32,this day,DATE
,25,33,this day,DATE
,25,34,Israel,GPE
,25,34,Nabal,PERSON
,25,34,the morning,TIME
,25,35,So,PERSON
,25,35,David,PERSON
,25,35,thine house,ORG
,25,36,Abigail,PERSON
,25,36,Nabal,PERSON
,25,36,Nabal,PERSON
,25,36,the morning,TIME
,25,37,Nabal,PERSON
,25,38,about ten days,DATE
,25,38,Nabal,PERSON
,25,39,David,PERSON
,25,39,Nabal,PERSON
,25,39,Blessed,PERSON
,25,39,Nabal,PERSON
,25,39,Nabal,PERSON
,25,39,David,PERSON
,25,39,Abigail,PERSON
,25,40,David,PERSON
,25,40,Abigail,PERSON
,25,40,Carmel,GPE
,25,40,David,PERSON
,25,41,on,PERSON
,25,41,Behold,PERSON
,25,42,Abigail,PERSON
,25,42,five,CARDINAL
,25,42,David,PERSON
,25,43,David,PERSON
,25,43,Ahinoam,ORG
,25,43,Jezreel,ORG
,25,44,Saul,PERSON
,25,44,Michal,PERSON
,25,44,daughter,PERSON
,25,44,David,PERSON
,25,44,Phalti,PERSON
,25,44,Laish,ORG
,25,44,Gallim,ORG
,26,1,Ziphites,LOC
,26,1,Saul,PERSON
,26,1,Gibeah,PERSON
,26,1,Doth,PERSON
,26,1,David,PERSON
,26,1,Hachilah,GPE
,26,1,Jeshimon,GPE
,26,2,Saul,PERSON
,26,2,Ziph,GPE
,26,2,three thousand,CARDINAL
,26,2,Israel,GPE
,26,2,David,PERSON
,26,2,Ziph,GPE
,26,3,Saul,PERSON
,26,3,Hachilah,GPE
,26,3,Jeshimon,GPE
,26,3,David,PERSON
,26,3,Saul,PERSON
,26,4,David,PERSON
,26,4,Saul,PERSON
,26,5,David,PERSON
,26,5,Saul,PERSON
,26,5,David,PERSON
,26,5,Saul,PERSON
,26,5,Abner,PERSON
,26,5,Ner,PERSON
,26,5,Saul,PERSON
,26,6,David,PERSON
,26,6,Ahimelech,GPE
,26,6,Hittite,NORP
,26,6,Abishai,PERSON
,26,6,Zeruiah,PERSON
,26,6,Joab,PERSON
,26,6,Saul,PERSON
,26,6,Abishai,PERSON
,26,7,So,PERSON
,26,7,David,PERSON
,26,7,Abishai,PERSON
,26,7,night,TIME
,26,7,Saul,PERSON
,26,7,Abner,PERSON
,26,8,Abishai,PERSON
,26,8,David,PERSON
,26,8,this day,DATE
,26,8,second,ORDINAL
,26,9,David,PERSON
,26,9,Abishai,PERSON
,26,10,David,PERSON
,26,12,So,PERSON
,26,12,David,PERSON
,26,12,Saul,PERSON
,26,12,gat,ORG
,26,13,David,PERSON
,26,13,on,PERSON
,26,14,David,PERSON
,26,14,Abner,PERSON
,26,14,Ner,PERSON
,26,14,Answerest,ORG
,26,14,Abner,PERSON
,26,14,Abner,PERSON
,26,15,David,PERSON
,26,15,Abner,PERSON
,26,15,Israel,GPE
,26,17,Saul,PERSON
,26,17,David,PERSON
,26,17,David,PERSON
,26,17,David,PERSON
,26,19,this day,DATE
,26,20,Israel,GPE
,26,20,one,CARDINAL
,26,20,doth hunt,PERSON
,26,21,Saul,PERSON
,26,21,David,PERSON
,26,21,this day,DATE
,26,22,David,PERSON
,26,24,this day,DATE
,26,24,so,PERSON
,26,25,Saul,PERSON
,26,25,David,PERSON
,26,25,Blessed,PERSON
,26,25,David,PERSON
,26,25,So,PERSON
,26,25,David,PERSON
,26,25,on,PERSON
,26,25,Saul,PERSON
,27,1,David,PERSON
,27,1,one day,DATE
,27,1,Saul,PERSON
,27,1,Philistines,NORP
,27,1,Saul,PERSON
,27,1,Israel,GPE
,27,1,so,PERSON
,27,2,David,PERSON
,27,2,six hundred,CARDINAL
,27,2,Achish,PERSON
,27,2,Maoch,GPE
,27,2,Gath,PERSON
,27,3,David,PERSON
,27,3,Achish,PERSON
,27,3,Gath,PERSON
,27,3,David,PERSON
,27,3,two,CARDINAL
,27,3,Ahinoam,PERSON
,27,3,Jezreelitess,ORG
,27,3,Abigail,PERSON
,27,3,Carmelitess,ORG
,27,3,Nabal,PERSON
,27,4,Saul,PERSON
,27,4,David,PERSON
,27,4,Gath,PERSON
,27,5,David,PERSON
,27,5,Achish,PERSON
,27,6,Achish,PERSON
,27,6,Ziklag,ORG
,27,6,that day,DATE
,27,6,Ziklag,ORG
,27,6,Judah,PERSON
,27,6,this day,DATE
,27,7,David,PERSON
,27,7,Philistines,NORP
,27,7,a full year,DATE
,27,7,four months,DATE
,27,8,David,PERSON
,27,8,Geshurites,LOC
,27,8,Amalekites,GPE
,27,8,Shur,PERSON
,27,8,Egypt,GPE
,27,9,David,PERSON
,27,9,Achish,PERSON
,27,10,Achish,PERSON
,27,10,David,PERSON
,27,10,Judah,GPE
,27,10,Jerahmeelites,GPE
,27,10,Kenites,LOC
,27,11,David,PERSON
,27,11,Gath,PERSON
,27,11,on,PERSON
,27,11,So,PERSON
,27,11,David,PERSON
,27,11,so,PERSON
,27,11,Philistines,PRODUCT
,27,12,Achish,PERSON
,27,12,David,PERSON
,27,12,Israel,GPE
,28,1,those days,DATE
,28,1,Philistines,NORP
,28,1,Israel,GPE
,28,1,Achish,PERSON
,28,1,David,PERSON
,28,2,David,PERSON
,28,2,Achish,PERSON
,28,2,Achish,PERSON
,28,2,"David, Therefore",PERSON
,28,3,Samuel,PERSON
,28,3,Israel,GPE
,28,3,Ramah,GPE
,28,3,Saul,PERSON
,28,3,put,PERSON
,28,4,Philistines,NORP
,28,4,Shunem,PERSON
,28,4,Saul,PERSON
,28,4,Israel,GPE
,28,4,Gilboa,GPE
,28,5,Saul,PERSON
,28,5,Philistines,NORP
,28,6,Saul,PERSON
,28,6,Urim,ORG
,28,7,Saul,PERSON
,28,7,Endor,FAC
,28,8,Saul,PERSON
,28,8,put,PERSON
,28,8,on,PERSON
,28,8,two,CARDINAL
,28,8,night,TIME
,28,9,Saul,PERSON
,28,10,Saul,PERSON
,28,11,Samuel,PERSON
,28,12,Samuel,PERSON
,28,12,Saul,PERSON
,28,12,Saul,PERSON
,28,13,Saul,PERSON
,28,14,Saul,PERSON
,28,14,Samuel,PERSON
,28,15,Samuel,PERSON
,28,15,Saul,PERSON
,28,15,Saul,PERSON
,28,15,Philistines,NORP
,28,16,Samuel,PERSON
,28,17,David,PERSON
,28,18,Amalek,PERSON
,28,18,this day,DATE
,28,19,Israel,GPE
,28,19,Philistines,NORP
,28,19,Israel,GPE
,28,19,Philistines,PRODUCT
,28,20,Saul,PERSON
,28,20,on,PERSON
,28,20,Samuel,PERSON
,28,20,the day,DATE
,28,21,Saul,PERSON
,28,21,put,PERSON
,28,22,on,PERSON
,28,23,So,PERSON
,28,25,Saul,PERSON
,29,1,Philistines,NORP
,29,1,Aphek,PERSON
,29,1,Israelites,NORP
,29,1,Jezreel,PERSON
,29,2,Philistines,NORP
,29,2,on,PERSON
,29,2,hundreds,CARDINAL
,29,2,thousands,CARDINAL
,29,2,David,PERSON
,29,2,on,PERSON
,29,2,Achish,PERSON
,29,3,Philistines,NORP
,29,3,Hebrews,NORP
,29,3,Achish,PERSON
,29,3,Philistines,NORP
,29,3,David,PERSON
,29,3,Saul,PERSON
,29,3,Israel,GPE
,29,3,these days,DATE
,29,3,these years,DATE
,29,3,this day,DATE
,29,4,Philistines,NORP
,29,4,Philistines,ORG
,29,5,David,PERSON
,29,5,Saul,PERSON
,29,5,thousands,CARDINAL
,29,5,David,PERSON
,29,5,ten thousands,CARDINAL
,29,6,Achish,PERSON
,29,6,David,PERSON
,29,6,the day,DATE
,29,6,this day,DATE
,29,7,Philistines,PRODUCT
,29,8,David,PERSON
,29,8,Achish,PERSON
,29,8,so,PERSON
,29,8,this day,DATE
,29,9,Achish,PERSON
,29,9,David,PERSON
,29,9,Philistines,NORP
,29,10,early in the morning,TIME
,29,10,early in the morning,TIME
,29,11,So,PERSON
,29,11,David,PERSON
,29,11,Philistines,NORP
,29,11,Philistines,NORP
,29,11,Jezreel,PERSON
,30,1,David,PERSON
,30,1,on,PERSON
,30,1,the third day,DATE
,30,1,Amalekites,GPE
,30,1,Ziklag,ORG
,30,1,Ziklag,ORG
,30,2,on,PERSON
,30,3,So,PERSON
,30,3,David,PERSON
,30,4,David,PERSON
,30,5,David,PERSON
,30,5,two,CARDINAL
,30,5,Ahinoam,PERSON
,30,5,Jezreelitess,ORG
,30,5,Abigail,PERSON
,30,5,Nabal,PERSON
,30,5,Carmelite,NORP
,30,6,David,PERSON
,30,6,David,PERSON
,30,7,David,PERSON
,30,7,Abiathar,PERSON
,30,7,Ahimelech,PERSON
,30,7,ephod,PERSON
,30,7,Abiathar,PERSON
,30,7,ephod,PERSON
,30,7,David,PERSON
,30,8,David,PERSON
,30,9,So,PERSON
,30,9,David,PERSON
,30,9,six hundred,CARDINAL
,30,10,David,PERSON
,30,10,four hundred,CARDINAL
,30,10,two hundred,CARDINAL
,30,10,so,PERSON
,30,10,the brook Besor,LOC
,30,11,Egyptian,NORP
,30,11,David,PERSON
,30,12,two,CARDINAL
,30,12,three days,DATE
,30,12,three nights,DATE
,30,13,David,PERSON
,30,13,Egypt,GPE
,30,13,Amalekite,PERSON
,30,13,three days,DATE
,30,14,Cherethites,PRODUCT
,30,14,Judah,PERSON
,30,14,Caleb,PERSON
,30,14,Ziklag,ORG
,30,15,David,PERSON
,30,16,Philistines,NORP
,30,16,Judah,GPE
,30,17,David,PERSON
,30,17,the evening of the next day,TIME
,30,17,four hundred,CARDINAL
,30,18,David,PERSON
,30,18,Amalekites,GPE
,30,18,David,PERSON
,30,18,two,CARDINAL
,30,19,David,PERSON
,30,20,David,PERSON
,30,20,David,PERSON
,30,21,David,PERSON
,30,21,two hundred,CARDINAL
,30,21,so,PERSON
,30,21,David,PERSON
,30,21,David,PERSON
,30,21,David,PERSON
,30,22,Belial,PERSON
,30,22,David,PERSON
,30,23,David,PERSON
,30,23,Ye,PERSON
,30,23,so,PERSON
,30,24,so,PERSON
,30,25,so,PERSON
,30,25,that day,DATE
,30,25,Israel,GPE
,30,25,this day,DATE
,30,26,David,PERSON
,30,26,Ziklag,ORG
,30,26,Judah,PERSON
,30,27,Bethel,GPE
,30,27,Ramoth,PERSON
,30,27,Jattir,GPE
,30,28,Aroer,GPE
,30,28,Siphmoth,GPE
,30,28,Eshtemoa,LOC
,30,29,Rachal,PERSON
,30,29,Jerahmeelites,GPE
,30,30,Hormah,GPE
,30,30,Chorashan,GPE
,30,30,Athach,GPE
,30,31,Hebron,GPE
,30,31,David,PERSON
,31,1,Philistines,NORP
,31,1,Israel,GPE
,31,1,Israel,GPE
,31,1,Philistines,NORP
,31,1,Gilboa,GPE
,31,2,Philistines,NORP
,31,2,Saul,PERSON
,31,2,Philistines,NORP
,31,2,Jonathan,PERSON
,31,2,Abinadab,PERSON
,31,2,Melchishua,PERSON
,31,2,Saul,PERSON
,31,3,Saul,PERSON
,31,4,Saul,PERSON
,31,4,Saul,PERSON
,31,5,Saul,PERSON
,31,6,So,PERSON
,31,6,Saul,PERSON
,31,6,three,CARDINAL
,31,7,Israel,GPE
,31,7,on,PERSON
,31,7,on,PERSON
,31,7,Jordan,GPE
,31,7,Israel,GPE
,31,7,Saul,PERSON
,31,7,Philistines,NORP
,31,8,on,PERSON
,31,8,Philistines,NORP
,31,8,Saul,PERSON
,31,8,three,CARDINAL
,31,8,Gilboa,GPE
,31,9,Philistines,NORP
,31,10,put,PERSON
,31,10,Ashtaroth,PERSON
,31,10,Bethshan,GPE
,31,11,Jabeshgilead,FAC
,31,11,Philistines,ORG
,31,11,Saul,PERSON
,31,12,all night,TIME
,31,12,Saul,PERSON
,31,12,Bethshan,GPE
,31,12,Jabesh,NORP
,31,13,Jabesh,NORP
,31,13,seven days,DATE
,1,1,death,PERSON
,1,1,Saul,PERSON
,1,1,David,PERSON
,1,1,Amalekites,GPE
,1,1,David,PERSON
,1,1,two days,DATE
,1,1,Ziklag,ORG
,1,2,on,PERSON
,1,2,the third day,DATE
,1,2,Saul,PERSON
,1,2,so,PERSON
,1,2,David,PERSON
,1,3,David,PERSON
,1,3,Israel,GPE
,1,4,David,PERSON
,1,4,Saul,PERSON
,1,4,Jonathan,PERSON
,1,5,David,PERSON
,1,5,Saul,PERSON
,1,5,Jonathan,PERSON
,1,6,Gilboa,GPE
,1,6,Saul,PERSON
,1,7,I.,PERSON
,1,8,Amalekite,PERSON
,1,10,So,PERSON
,1,10,on,PERSON
,1,11,David,PERSON
,1,11,on,PERSON
,1,12,Saul,PERSON
,1,12,Jonathan,PERSON
,1,12,Israel,GPE
,1,13,David,PERSON
,1,13,Amalekite,PERSON
,1,14,David,PERSON
,1,15,David,PERSON
,1,15,one,CARDINAL
,1,16,David,PERSON
,1,17,David,PERSON
,1,17,Saul,PERSON
,1,17,Jonathan,PERSON
,1,18,Judah,PERSON
,1,18,Jasher,PERSON
,1,19,Israel,GPE
,1,20,Gath,PERSON
,1,20,Askelon,PRODUCT
,1,20,Philistines,NORP
,1,21,Gilboa,GPE
,1,21,Saul,PERSON
,1,22,Jonathan,PERSON
,1,22,Saul,PERSON
,1,23,Saul,PERSON
,1,23,Jonathan,PERSON
,1,23,death,PERSON
,1,24,Ye,PERSON
,1,24,Israel,GPE
,1,24,Saul,PERSON
,1,24,put,PERSON
,1,24,on,PERSON
,1,25,O Jonathan,PERSON
,1,26,Jonathan,PERSON
,2,1,David,PERSON
,2,1,Judah,PERSON
,2,1,David,PERSON
,2,1,Unto Hebron,ORG
,2,2,So,PERSON
,2,2,David,PERSON
,2,2,two,CARDINAL
,2,2,Ahinoam,ORG
,2,2,Jezreelitess,ORG
,2,2,Abigail Nabal's,PERSON
,2,2,Carmelite,NORP
,2,3,David,PERSON
,2,3,Hebron,GPE
,2,4,Judah,PERSON
,2,4,David,PERSON
,2,4,Judah,PERSON
,2,4,David,PERSON
,2,4,Jabeshgilead,ORG
,2,4,Saul,PERSON
,2,5,David,PERSON
,2,5,Jabeshgilead,ORG
,2,5,Blessed,PERSON
,2,5,Saul,PERSON
,2,7,Saul,PERSON
,2,7,Judah,PERSON
,2,8,Abner,PERSON
,2,8,Ner,PERSON
,2,8,Saul,PERSON
,2,8,Ishbosheth,EVENT
,2,8,Saul,PERSON
,2,8,Mahanaim,PERSON
,2,9,Gilead,ORG
,2,9,Ashurites,NORP
,2,9,Jezreel,PERSON
,2,9,Ephraim,PERSON
,2,9,Benjamin,PERSON
,2,9,Israel,GPE
,2,10,Ishbosheth Saul's,PERSON
,2,10,forty years old,DATE
,2,10,Israel,GPE
,2,10,two years,DATE
,2,10,Judah,PERSON
,2,10,David,PERSON
,2,11,David,PERSON
,2,11,Hebron,GPE
,2,11,Judah,GPE
,2,11,seven years and six months,DATE
,2,12,Abner,PERSON
,2,12,Ner,PERSON
,2,12,Ishbosheth,PERSON
,2,12,Saul,PERSON
,2,12,Mahanaim,PERSON
,2,12,Gibeon,PERSON
,2,13,Joab,PERSON
,2,13,Zeruiah,PERSON
,2,13,David,PERSON
,2,13,Gibeon,PERSON
,2,13,on,PERSON
,2,13,on,PERSON
,2,14,Abner,PERSON
,2,14,Joab,ORG
,2,14,Joab,PERSON
,2,15,number twelve,CARDINAL
,2,15,Benjamin,PERSON
,2,15,Ishbosheth,ORG
,2,15,Saul,PERSON
,2,15,twelve,CARDINAL
,2,15,David,PERSON
,2,16,so,PERSON
,2,16,Helkathhazzurim,ORG
,2,16,Gibeon,PERSON
,2,17,that day,DATE
,2,17,Abner,PERSON
,2,17,Israel,GPE
,2,17,David,PERSON
,2,18,three,CARDINAL
,2,18,Zeruiah,PERSON
,2,18,Joab,PERSON
,2,18,Abishai,PERSON
,2,18,Asahel,PERSON
,2,18,Asahel,PERSON
,2,19,Asahel,PERSON
,2,19,Abner,PERSON
,2,19,Abner,PERSON
,2,20,Abner,PERSON
,2,20,Asahel,PERSON
,2,21,Abner,PERSON
,2,21,on,PERSON
,2,21,one,CARDINAL
,2,21,Asahel,PERSON
,2,22,Abner,PERSON
,2,22,Asahel,PERSON
,2,22,Joab,PERSON
,2,23,Abner,PERSON
,2,23,fifth,ORDINAL
,2,23,Asahel,ORG
,2,24,Joab,PERSON
,2,24,Abishai,PERSON
,2,24,Abner,PERSON
,2,24,Ammah,GPE
,2,24,Giah,ORG
,2,24,Gibeon,GPE
,2,25,Benjamin,PERSON
,2,25,Abner,PERSON
,2,25,one,CARDINAL
,2,25,on,PERSON
,2,26,Abner,PERSON
,2,26,Joab,ORG
,2,27,Joab,ORG
,2,28,So,PERSON
,2,28,Joab,PERSON
,2,28,Israel,GPE
,2,29,Abner,PERSON
,2,29,Jordan,GPE
,2,29,Bithron,ORG
,2,29,Mahanaim,PERSON
,2,30,Joab,PERSON
,2,30,Abner,PERSON
,2,30,David,PERSON
,2,30,nineteen,CARDINAL
,2,30,Asahel,PERSON
,2,31,David,PERSON
,2,31,Benjamin,PERSON
,2,31,Abner,PERSON
,2,31,so,PERSON
,2,31,three hundred and threescore,CARDINAL
,2,32,Asahel,ORG
,2,32,Bethlehem,GPE
,2,32,Joab,PERSON
,2,32,all night,TIME
,2,32,Hebron,GPE
,3,1,Saul,PERSON
,3,1,David,PERSON
,3,1,David,PERSON
,3,1,Saul,PERSON
,3,2,David,PERSON
,3,2,Hebron,GPE
,3,2,Amnon,PERSON
,3,2,Ahinoam,ORG
,3,2,Jezreelitess,ORG
,3,3,second,ORDINAL
,3,3,Chileab,ORG
,3,3,Abigail,PERSON
,3,3,Nabal,PERSON
,3,3,Carmelite,NORP
,3,3,third,ORDINAL
,3,3,Absalom,PERSON
,3,3,Maacah,PERSON
,3,3,daughter,PERSON
,3,3,Talmai,PERSON
,3,3,Geshur,ORG
,3,4,fourth,ORDINAL
,3,4,Adonijah,PERSON
,3,4,Haggith,ORG
,3,4,fifth,ORDINAL
,3,4,Shephatiah,ORG
,3,4,Abital,PERSON
,3,5,sixth,ORDINAL
,3,5,Ithream,PERSON
,3,5,Eglah David's,PERSON
,3,5,David,PERSON
,3,5,Hebron,GPE
,3,6,Saul,PERSON
,3,6,David,PERSON
,3,6,Abner,PERSON
,3,6,Saul,PERSON
,3,7,Saul,PERSON
,3,7,Rizpah,PERSON
,3,7,daughter,PERSON
,3,7,Aiah,PERSON
,3,7,Ishbosheth,ORG
,3,7,Abner,PERSON
,3,8,Abner,PERSON
,3,8,Ishbosheth,ORG
,3,8,Judah,PERSON
,3,8,this day,DATE
,3,8,Saul,PERSON
,3,8,David,PERSON
,3,9,So,PERSON
,3,9,Abner,PERSON
,3,9,David,PERSON
,3,9,so,PERSON
,3,10,Saul,PERSON
,3,10,David,PERSON
,3,10,Israel,GPE
,3,10,Judah,PERSON
,3,10,Dan,PERSON
,3,10,Beersheba,PERSON
,3,11,Abner,PERSON
,3,12,Abner,PERSON
,3,12,David,PERSON
,3,12,on,PERSON
,3,12,Israel,GPE
,3,13,one,CARDINAL
,3,13,first,ORDINAL
,3,13,Michal Saul's,PERSON
,3,13,daughter,PERSON
,3,14,David,PERSON
,3,14,Ishbosheth Saul's,PERSON
,3,14,Michal,PERSON
,3,14,hundred,CARDINAL
,3,14,Philistines,PRODUCT
,3,15,Ishbosheth,ORG
,3,15,Phaltiel,PERSON
,3,15,Laish,PERSON
,3,16,Abner,PERSON
,3,17,Abner,PERSON
,3,17,Israel,GPE
,3,17,Ye,PERSON
,3,17,David,PERSON
,3,18,David,PERSON
,3,18,David,PERSON
,3,18,Israel,GPE
,3,18,Philistines,NORP
,3,19,Abner,PERSON
,3,19,Benjamin,PERSON
,3,19,Abner,PERSON
,3,19,David,PERSON
,3,19,Hebron,GPE
,3,19,Israel,GPE
,3,19,Benjamin,PERSON
,3,20,So,PERSON
,3,20,Abner,PERSON
,3,20,David,PERSON
,3,20,Hebron,GPE
,3,20,twenty,CARDINAL
,3,20,David,PERSON
,3,20,Abner,PERSON
,3,21,Abner,PERSON
,3,21,David,PERSON
,3,21,Israel,GPE
,3,21,David,PERSON
,3,21,Abner,PERSON
,3,22,David and Joab,PERSON
,3,22,Abner,PERSON
,3,22,David,PERSON
,3,22,Hebron,GPE
,3,23,Joab,PERSON
,3,23,Joab,ORG
,3,23,Abner,PERSON
,3,23,Ner,PERSON
,3,24,Joab,PERSON
,3,24,Abner,PERSON
,3,25,Abner,PERSON
,3,25,Ner,PERSON
,3,26,Joab,PERSON
,3,26,David,PERSON
,3,26,Abner,PERSON
,3,26,Sirah,PERSON
,3,26,David,PERSON
,3,27,Abner,PERSON
,3,27,Hebron,GPE
,3,27,Joab,PERSON
,3,27,fifth,ORDINAL
,3,27,Asahel,PERSON
,3,28,David,PERSON
,3,28,Abner,PERSON
,3,28,Ner,PERSON
,3,29,on,PERSON
,3,29,Joab,ORG
,3,29,on,PERSON
,3,29,Joab one,ORG
,3,29,on,PERSON
,3,29,on,PERSON
,3,30,So,PERSON
,3,30,Joab,PERSON
,3,30,Abishai,PERSON
,3,30,Abner,PERSON
,3,30,Asahel,PERSON
,3,30,Gibeon,PERSON
,3,31,David,PERSON
,3,31,Joab,ORG
,3,31,Abner,PERSON
,3,31,David,PERSON
,3,32,Abner,PERSON
,3,32,Hebron,GPE
,3,32,Abner,PERSON
,3,33,Abner,PERSON
,3,33,Abner,PERSON
,3,34,put,PERSON
,3,34,so,PERSON
,3,35,David,PERSON
,3,35,David,PERSON
,3,35,So,PERSON
,3,37,Israel,GPE
,3,37,Abner,PERSON
,3,37,Ner,PERSON
,3,38,this day,DATE
,3,38,Israel,GPE
,3,39,Zeruiah,PERSON
,4,1,Saul,PERSON
,4,1,Abner,PERSON
,4,1,Hebron,GPE
,4,1,Israelites,NORP
,4,2,Saul,PERSON
,4,2,two,CARDINAL
,4,2,Baanah,PERSON
,4,2,Rechab,PERSON
,4,2,Rimmon,PERSON
,4,2,Benjamin,PERSON
,4,2,Beeroth,PERSON
,4,2,Benjamin,PERSON
,4,3,Beerothites,ORG
,4,3,Gittaim,PERSON
,4,3,this day,DATE
,4,4,Jonathan,PERSON
,4,4,Saul,PERSON
,4,4,five years old,DATE
,4,4,Saul,PERSON
,4,4,Jonathan,PERSON
,4,4,Jezreel,PERSON
,4,4,Mephibosheth,PERSON
,4,5,Rimmon,PERSON
,4,5,Rechab,PERSON
,4,5,Baanah,PERSON
,4,5,the day,DATE
,4,5,Ishbosheth,ORG
,4,5,on,PERSON
,4,5,noon,TIME
,4,6,fifth,ORDINAL
,4,6,Rechab,PERSON
,4,6,Baanah,PERSON
,4,7,on,PERSON
,4,7,gat,ORG
,4,7,all night,TIME
,4,8,Ishbosheth,ORG
,4,8,David,PERSON
,4,8,Hebron,GPE
,4,8,Ishbosheth,ORG
,4,8,Saul,PERSON
,4,8,this day,DATE
,4,8,Saul,PERSON
,4,9,David,PERSON
,4,9,Rechab,PERSON
,4,9,Baanah,PERSON
,4,9,Rimmon,PERSON
,4,10,Behold,PERSON
,4,10,Saul,PERSON
,4,10,Ziklag,ORG
,4,12,David,PERSON
,4,12,Hebron,GPE
,4,12,Ishbosheth,ORG
,4,12,Abner,PERSON
,4,12,Hebron,GPE
,5,1,Israel,GPE
,5,1,David unto,PERSON
,5,1,Hebron,GPE
,5,1,Behold,PERSON
,5,2,Saul,PERSON
,5,2,Israel,GPE
,5,2,Israel,GPE
,5,2,Israel,GPE
,5,3,So,PERSON
,5,3,Israel,GPE
,5,3,Hebron,GPE
,5,3,David,PERSON
,5,3,Hebron,GPE
,5,3,David,PERSON
,5,3,Israel,GPE
,5,4,David,PERSON
,5,4,thirty years old,DATE
,5,4,forty years,DATE
,5,5,Hebron,GPE
,5,5,Judah,PERSON
,5,5,seven years and six months,DATE
,5,5,Jerusalem,GPE
,5,5,thirty and three years,DATE
,5,5,Israel,GPE
,5,5,Judah,PERSON
,5,6,Jerusalem,GPE
,5,6,Jebusites,GPE
,5,6,David,PERSON
,5,6,David,PERSON
,5,7,David,PERSON
,5,7,David,PERSON
,5,8,David,PERSON
,5,8,on,PERSON
,5,8,that day,DATE
,5,8,Jebusites,LOC
,5,8,David,PERSON
,5,9,So,PERSON
,5,9,David,PERSON
,5,9,fort,GPE
,5,9,David,PERSON
,5,9,David,PERSON
,5,9,Millo,ORG
,5,10,David,PERSON
,5,10,on,PERSON
,5,11,Hiram,PERSON
,5,11,Tyre,PERSON
,5,11,David,PERSON
,5,11,David,PERSON
,5,12,David,PERSON
,5,12,Israel,GPE
,5,12,Israel,GPE
,5,13,David,PERSON
,5,13,Jerusalem,GPE
,5,13,Hebron,GPE
,5,13,David,PERSON
,5,14,Jerusalem,GPE
,5,14,Shammuah,PERSON
,5,14,Shobab,ORG
,5,14,Nathan,ORG
,5,14,Solomon,PERSON
,5,15,Ibhar,PERSON
,5,15,Elishua,ORG
,5,15,Nepheg,PERSON
,5,15,Japhia,GPE
,5,16,Elishama,PERSON
,5,16,Eliada,PERSON
,5,16,Eliphalet,ORG
,5,17,Philistines,NORP
,5,17,David,PERSON
,5,17,Israel,GPE
,5,17,Philistines,NORP
,5,17,David,PERSON
,5,17,David,PERSON
,5,18,Philistines,ORG
,5,19,David,PERSON
,5,19,Philistines,NORP
,5,19,David,PERSON
,5,19,Philistines,NORP
,5,20,David,PERSON
,5,20,Baalperazim,GPE
,5,20,David,PERSON
,5,20,Baalperazim,GPE
,5,21,David,PERSON
,5,22,Philistines,NORP
,5,23,David,PERSON
,5,24,Philistines,PRODUCT
,5,25,David,PERSON
,5,25,so,PERSON
,5,25,Philistines,NORP
,5,25,Geba,PERSON
,5,25,Gazer,PERSON
,6,1,David,PERSON
,6,1,Israel,GPE
,6,1,thirty thousand,CARDINAL
,6,2,David,PERSON
,6,2,Baale,PERSON
,6,2,Judah,PERSON
,6,2,ark,PERSON
,6,3,ark,PERSON
,6,3,Abinadab,GPE
,6,3,Uzzah,PERSON
,6,3,Ahio,ORG
,6,3,Abinadab,PERSON
,6,4,Abinadab,PERSON
,6,4,Gibeah,PERSON
,6,4,ark,PERSON
,6,4,Ahio,PERSON
,6,4,ark,PERSON
,6,5,David,PERSON
,6,5,Israel,GPE
,6,5,on,PERSON
,6,5,fir wood,ORG
,6,5,on,PERSON
,6,5,on,PERSON
,6,5,on,PERSON
,6,5,on,PERSON
,6,5,on,PERSON
,6,6,Nachon,ORG
,6,6,Uzzah,PERSON
,6,6,put,PERSON
,6,6,ark,PERSON
,6,7,Uzzah,ORG
,6,7,the ark of God,ORG
,6,8,David,PERSON
,6,8,Uzzah,PERSON
,6,8,Perezuzzah,PERSON
,6,8,this day,DATE
,6,9,David,PERSON
,6,9,that day,DATE
,6,9,ark,PERSON
,6,10,So,PERSON
,6,10,David,PERSON
,6,10,ark,PERSON
,6,10,David,PERSON
,6,10,David,PERSON
,6,10,Obededom the Gittite,ORG
,6,11,ark,PERSON
,6,11,Obededom the Gittite,ORG
,6,11,three months,DATE
,6,11,Obededom,PERSON
,6,12,David,PERSON
,6,12,Obededom,ORG
,6,12,ark,PERSON
,6,12,So,PERSON
,6,12,David,PERSON
,6,12,ark,PERSON
,6,12,Obededom,ORG
,6,12,David,PERSON
,6,13,so,PERSON
,6,13,ark,PERSON
,6,13,six,CARDINAL
,6,14,David,PERSON
,6,14,David,PERSON
,6,14,ephod,PERSON
,6,15,So,PERSON
,6,15,David,PERSON
,6,15,Israel,GPE
,6,15,ark,PERSON
,6,16,ark,PERSON
,6,16,David,GPE
,6,16,Michal Saul's,PERSON
,6,16,daughter,PERSON
,6,16,David,PERSON
,6,17,ark,PERSON
,6,17,David,PERSON
,6,17,David,PERSON
,6,18,David,PERSON
,6,19,Israel,GPE
,6,19,So,PERSON
,6,20,David,PERSON
,6,20,Michal,PERSON
,6,20,daughter,PERSON
,6,20,Saul,PERSON
,6,20,David,PERSON
,6,20,Israel,GPE
,6,21,David,PERSON
,6,21,Michal,PERSON
,6,21,Israel,GPE
,6,23,Michal,PERSON
,6,23,daughter,PERSON
,6,23,Saul,PERSON
,6,23,death,PERSON
,7,2,Nathan the prophet,PERSON
,7,2,ark,PERSON
,7,3,Nathan,ORG
,7,4,that night,TIME
,7,4,Nathan,PERSON
,7,5,David,PERSON
,7,6,Israel,GPE
,7,6,Egypt,GPE
,7,6,this day,DATE
,7,7,Israel,GPE
,7,7,Israel,GPE
,7,7,Israel,GPE
,7,8,so,PERSON
,7,8,David,PERSON
,7,8,Israel,GPE
,7,10,Israel,GPE
,7,11,Israel,GPE
,7,15,Saul,PERSON
,7,15,put,PERSON
,7,16,thine house,ORG
,7,17,so,PERSON
,7,17,Nathan,PERSON
,7,17,David,PERSON
,7,18,David,PERSON
,7,20,David,PERSON
,7,23,one,CARDINAL
,7,23,Israel,GPE
,7,23,Egypt,GPE
,7,24,Israel,GPE
,7,25,God,PERSON
,7,26,Israel,GPE
,7,26,David,PERSON
,7,27,Israel,GPE
,8,1,David,PERSON
,8,1,Philistines,NORP
,8,1,David,PERSON
,8,1,Methegammah,ORG
,8,1,Philistines,PRODUCT
,8,2,Moab,GPE
,8,2,two,CARDINAL
,8,2,put,PERSON
,8,2,death,PERSON
,8,2,one,CARDINAL
,8,2,so,PERSON
,8,2,Moabites,NORP
,8,2,David,PERSON
,8,3,David,PERSON
,8,3,Hadadezer,ORG
,8,3,Rehob,ORG
,8,3,Zobah,PERSON
,8,3,Euphrates,LOC
,8,4,David,PERSON
,8,4,a thousand,CARDINAL
,8,4,seven hundred,CARDINAL
,8,4,twenty thousand,CARDINAL
,8,4,David,PERSON
,8,4,an hundred,CARDINAL
,8,5,Syrians,NORP
,8,5,Damascus,GPE
,8,5,Hadadezer,LOC
,8,5,Zobah,PERSON
,8,5,David,PERSON
,8,5,Syrians,NORP
,8,5,two,CARDINAL
,8,5,twenty thousand,CARDINAL
,8,6,David,PERSON
,8,6,put,PERSON
,8,6,Syria,GPE
,8,6,Damascus,GPE
,8,6,Syrians,NORP
,8,6,David,PERSON
,8,6,David,PERSON
,8,7,David,PERSON
,8,7,on,PERSON
,8,7,Hadadezer,GPE
,8,7,Jerusalem,GPE
,8,8,Betah,GPE
,8,8,Berothai,GPE
,8,8,Hadadezer,GPE
,8,8,David,PERSON
,8,9,Toi,PERSON
,8,9,Hamath,NORP
,8,9,David,PERSON
,8,9,Hadadezer,GPE
,8,10,Toi,PERSON
,8,10,Joram,PERSON
,8,10,David,PERSON
,8,10,Hadadezer,ORG
,8,10,Hadadezer,ORG
,8,10,Toi,PERSON
,8,10,Joram,ORG
,8,11,David,PERSON
,8,12,Syria,GPE
,8,12,Moab,GPE
,8,12,Ammon,PERSON
,8,12,Philistines,NORP
,8,12,Amalek,PERSON
,8,12,Hadadezer,LOC
,8,12,Rehob,ORG
,8,12,Zobah,PERSON
,8,13,David gat,PERSON
,8,13,Syrians,NORP
,8,13,eighteen thousand,CARDINAL
,8,14,put,PERSON
,8,14,Edom,GPE
,8,14,put,PERSON
,8,14,Edom,ORG
,8,14,David,PERSON
,8,14,David,PERSON
,8,15,David,PERSON
,8,15,Israel,GPE
,8,15,David,PERSON
,8,16,Joab,PERSON
,8,16,Zeruiah,PERSON
,8,16,Jehoshaphat,PERSON
,8,16,Ahilud,PERSON
,8,17,Zadok,PERSON
,8,17,Ahitub,PERSON
,8,17,Ahimelech,PERSON
,8,17,Abiathar,PERSON
,8,17,Seraiah,ORG
,8,18,Benaiah,PERSON
,8,18,Jehoiada,ORG
,8,18,Cherethites,PRODUCT
,8,18,Pelethites,GPE
,8,18,David,PERSON
,9,1,David,PERSON
,9,1,Saul,PERSON
,9,1,Jonathan,PERSON
,9,2,Saul,PERSON
,9,2,Ziba,GPE
,9,2,David,PERSON
,9,2,Ziba,GPE
,9,3,Saul,PERSON
,9,3,Ziba,GPE
,9,3,Jonathan,PERSON
,9,3,on,PERSON
,9,4,Ziba,GPE
,9,4,Behold,PERSON
,9,4,Machir,LOC
,9,4,Ammiel,PERSON
,9,4,Lodebar,GPE
,9,5,David,PERSON
,9,5,Machir,LOC
,9,5,Ammiel,PERSON
,9,5,Lodebar,GPE
,9,6,Mephibosheth,PERSON
,9,6,Jonathan,PERSON
,9,6,Saul,PERSON
,9,6,David,PERSON
,9,6,on,PERSON
,9,6,David,PERSON
,9,6,Mephibosheth,PERSON
,9,7,David,PERSON
,9,7,Jonathan,PERSON
,9,7,Saul,PERSON
,9,9,Ziba,GPE
,9,9,Saul,PERSON
,9,9,Saul,PERSON
,9,10,Mephibosheth,PERSON
,9,10,Ziba,GPE
,9,10,fifteen,CARDINAL
,9,10,twenty,CARDINAL
,9,11,Ziba,GPE
,9,11,so,PERSON
,9,11,Mephibosheth,PERSON
,9,12,Mephibosheth,PERSON
,9,12,Micha,PERSON
,9,12,Ziba,GPE
,9,12,Mephibosheth,PERSON
,9,13,So,PERSON
,9,13,Mephibosheth,PERSON
,9,13,Jerusalem,GPE
,9,13,on,PERSON
,10,1,Ammon,PERSON
,10,1,Hanun,PERSON
,10,2,David,PERSON
,10,2,Hanun,PERSON
,10,2,Nahash,ORG
,10,2,David,PERSON
,10,2,David,PERSON
,10,2,Ammon,PERSON
,10,3,Ammon,PERSON
,10,3,Hanun,PERSON
,10,3,Thinkest,PERSON
,10,3,David,PERSON
,10,3,David,PERSON
,10,4,Hanun,PERSON
,10,4,David,PERSON
,10,4,one half,CARDINAL
,10,5,David,PERSON
,10,5,Tarry,PERSON
,10,5,Jericho,GPE
,10,6,Ammon,PERSON
,10,6,David,PERSON
,10,6,Ammon,PERSON
,10,6,Syrians,NORP
,10,6,Bethrehob,GPE
,10,6,Syrians,NORP
,10,6,Zoba,PERSON
,10,6,twenty thousand,CARDINAL
,10,6,Maacah,PERSON
,10,6,thousand,CARDINAL
,10,6,twelve thousand,CARDINAL
,10,7,David,PERSON
,10,7,Joab,PERSON
,10,8,Ammon,PERSON
,10,8,put,PERSON
,10,8,Syrians,NORP
,10,8,Zoba,PERSON
,10,8,Rehob,ORG
,10,8,Ishtob,PERSON
,10,8,Maacah,PERSON
,10,9,Joab,PERSON
,10,9,Israel,GPE
,10,9,put,PERSON
,10,9,Syrians,NORP
,10,10,Abishai,PERSON
,10,10,put,PERSON
,10,10,Ammon,PERSON
,10,11,Syrians,NORP
,10,11,Ammon,PERSON
,10,13,Joab,PERSON
,10,13,Syrians,NORP
,10,14,Ammon,PERSON
,10,14,Syrians,NORP
,10,14,Abishai,PERSON
,10,14,So,PERSON
,10,14,Joab,PERSON
,10,14,Ammon,PERSON
,10,14,Jerusalem,GPE
,10,15,Syrians,NORP
,10,15,Israel,GPE
,10,16,Hadarezer,ORG
,10,16,Syrians,NORP
,10,16,Helam,PERSON
,10,16,Shobach,GPE
,10,16,Hadarezer,ORG
,10,17,David,PERSON
,10,17,Israel,GPE
,10,17,Jordan,GPE
,10,17,Helam,PERSON
,10,17,Syrians,NORP
,10,17,David,PERSON
,10,18,Syrians,NORP
,10,18,Israel,GPE
,10,18,David,PERSON
,10,18,seven hundred,CARDINAL
,10,18,Syrians,NORP
,10,18,forty thousand,CARDINAL
,10,18,Shobach,PERSON
,10,19,Hadarezer,ORG
,10,19,Israel,GPE
,10,19,Israel,GPE
,10,19,So,PERSON
,10,19,Syrians,NORP
,10,19,Ammon,PERSON
,11,1,the year,DATE
,11,1,David,PERSON
,11,1,Joab,PERSON
,11,1,Israel,GPE
,11,1,Ammon,PERSON
,11,1,Rabbah,PERSON
,11,1,David,PERSON
,11,1,Jerusalem,GPE
,11,2,David,PERSON
,11,3,David,PERSON
,11,3,Bathsheba,PERSON
,11,3,daughter,PERSON
,11,3,Eliam,ORG
,11,3,Uriah,PERSON
,11,3,Hittite,NORP
,11,4,David,PERSON
,11,5,David,PERSON
,11,6,David,PERSON
,11,6,Joab,ORG
,11,6,Uriah,PERSON
,11,6,Hittite,NORP
,11,6,Joab,PERSON
,11,6,Uriah,PERSON
,11,6,David,PERSON
,11,7,Uriah,PERSON
,11,7,David,PERSON
,11,7,Joab,PERSON
,11,8,David,PERSON
,11,8,Uriah,PERSON
,11,8,Uriah,PERSON
,11,9,Uriah,PERSON
,11,10,David,PERSON
,11,10,Uriah,PERSON
,11,10,David,PERSON
,11,10,Uriah,PERSON
,11,10,Camest,ORG
,11,10,thine house,ORG
,11,11,Uriah,PERSON
,11,11,David,PERSON
,11,11,ark,PERSON
,11,11,Israel,GPE
,11,11,Judah,PERSON
,11,11,Joab,PERSON
,11,12,David,PERSON
,11,12,Uriah,PERSON
,11,12,Tarry,PERSON
,11,12,So,PERSON
,11,12,Uriah,PERSON
,11,12,Jerusalem,GPE
,11,12,that day,DATE
,11,12,morrow,DATE
,11,13,David,PERSON
,11,13,on,PERSON
,11,14,David,PERSON
,11,14,Joab,ORG
,11,14,Uriah,PERSON
,11,15,Set ye Uriah,PERSON
,11,16,Joab,PERSON
,11,16,Uriah,PERSON
,11,17,Joab,PERSON
,11,17,David,PERSON
,11,17,Uriah,PERSON
,11,17,Hittite,NORP
,11,18,Joab,PERSON
,11,18,David,PERSON
,11,20,so,PERSON
,11,20,so,PERSON
,11,21,Abimelech,PERSON
,11,21,Jerubbesheth,PERSON
,11,21,Thebez,PERSON
,11,21,Uriah,PERSON
,11,21,Hittite,NORP
,11,22,So,PERSON
,11,22,David,PERSON
,11,22,Joab,ORG
,11,23,David,PERSON
,11,24,Uriah,PERSON
,11,24,Hittite,NORP
,11,25,David,PERSON
,11,25,Joab,PERSON
,11,26,Uriah,PERSON
,11,26,Uriah,PERSON
,11,27,David,PERSON
,11,27,David,PERSON
,12,1,Nathan unto David,PERSON
,12,1,two,CARDINAL
,12,1,one,CARDINAL
,12,1,one,CARDINAL
,12,3,one,CARDINAL
,12,3,daughter,PERSON
,12,5,David,PERSON
,12,5,Nathan,ORG
,12,7,Nathan,ORG
,12,7,David,PERSON
,12,7,Israel,GPE
,12,7,Israel,GPE
,12,7,Saul,PERSON
,12,8,Israel,GPE
,12,8,Judah,ORG
,12,9,Uriah,PERSON
,12,9,Hittite,NORP
,12,9,Ammon,PERSON
,12,10,thine house,ORG
,12,10,Uriah,PERSON
,12,10,Hittite,NORP
,12,11,Behold,PERSON
,12,12,Israel,GPE
,12,13,David,PERSON
,12,13,Nathan,PERSON
,12,13,Nathan,ORG
,12,13,David,PERSON
,12,13,put,PERSON
,12,15,Nathan,ORG
,12,15,Uriah,PERSON
,12,15,David,PERSON
,12,16,David,PERSON
,12,16,David,PERSON
,12,18,on,PERSON
,12,18,the seventh day,DATE
,12,18,David,PERSON
,12,18,Behold,PERSON
,12,19,David,PERSON
,12,19,David,PERSON
,12,19,David,PERSON
,12,20,David,PERSON
,12,24,David,PERSON
,12,24,Bathsheba,PERSON
,12,24,Solomon,PERSON
,12,25,Nathan,GPE
,12,25,Jedidiah,PERSON
,12,26,Joab,PERSON
,12,26,Rabbah,PERSON
,12,26,Ammon,PERSON
,12,27,Joab,PERSON
,12,27,David,PERSON
,12,27,Rabbah,PERSON
,12,29,David,PERSON
,12,29,Rabbah,PERSON
,12,30,on,PERSON
,12,30,David,PERSON
,12,31,put,PERSON
,12,31,Ammon,PERSON
,12,31,So,PERSON
,12,31,David,PERSON
,12,31,Jerusalem,GPE
,13,1,Absalom,PERSON
,13,1,David,PERSON
,13,1,Tamar,PERSON
,13,1,Amnon,PERSON
,13,1,David,PERSON
,13,2,Amnon,PERSON
,13,2,so,PERSON
,13,2,Tamar,PERSON
,13,2,Amnon,PERSON
,13,3,Amnon,PERSON
,13,3,Jonadab,PERSON
,13,3,Shimeah David's,PERSON
,13,3,Jonadab,PERSON
,13,4,Amnon,PERSON
,13,4,Tamar,PERSON
,13,4,Absalom,PERSON
,13,5,Jonadab,PERSON
,13,5,on,PERSON
,13,5,Tamar,PERSON
,13,6,So,PERSON
,13,6,Amnon,PERSON
,13,6,Amnon,PERSON
,13,6,Tamar,PERSON
,13,7,David,PERSON
,13,7,Tamar,PERSON
,13,7,Amnon,PERSON
,13,8,So,PERSON
,13,8,Tamar,PERSON
,13,8,Amnon,PERSON
,13,9,Amnon,PERSON
,13,10,Amnon,PERSON
,13,10,Tamar,PERSON
,13,10,Tamar,PERSON
,13,10,Amnon,PERSON
,13,12,Nay,PERSON
,13,12,Israel,GPE
,13,13,Israel,GPE
,13,15,Amnon,PERSON
,13,15,so,PERSON
,13,15,Amnon,PERSON
,13,17,Put,PERSON
,13,19,Tamar,PERSON
,13,19,put,PERSON
,13,19,on,PERSON
,13,19,on,PERSON
,13,19,on,PERSON
,13,19,on,PERSON
,13,20,Absalom,PERSON
,13,20,Hath Amnon,PERSON
,13,20,So,PERSON
,13,20,Tamar,PERSON
,13,20,Absalom,PERSON
,13,21,David,PERSON
,13,22,Absalom,PERSON
,13,22,Amnon,PERSON
,13,22,Absalom,PERSON
,13,22,Amnon,PERSON
,13,22,Tamar,PERSON
,13,23,two full years,DATE
,13,23,Absalom,PERSON
,13,23,Baalhazor,PERSON
,13,23,Ephraim,PERSON
,13,23,Absalom,PERSON
,13,24,Absalom,PERSON
,13,25,Absalom,PERSON
,13,25,Nay,PERSON
,13,26,Absalom,PERSON
,13,26,Amnon,PERSON
,13,27,Absalom,PERSON
,13,27,Amnon,PERSON
,13,28,Absalom,PERSON
,13,28,Mark ye,PERSON
,13,28,Amnon,PERSON
,13,28,Amnon,PERSON
,13,29,Absalom,PERSON
,13,29,Amnon,PERSON
,13,29,Absalom,PERSON
,13,30,David,PERSON
,13,30,Absalom,PERSON
,13,31,on,PERSON
,13,32,Jonadab,PERSON
,13,32,Shimeah David's,PERSON
,13,32,Amnon,PERSON
,13,32,Absalom,PERSON
,13,32,the day,DATE
,13,32,Tamar,PERSON
,13,33,Amnon,PERSON
,13,34,Absalom,PERSON
,13,35,Jonadab,PERSON
,13,35,Behold,PERSON
,13,35,so,PERSON
,13,37,Absalom,PERSON
,13,37,Talmai,PERSON
,13,37,Ammihud,ORG
,13,37,Geshur,PERSON
,13,37,David,PERSON
,13,38,So,PERSON
,13,38,Absalom,PERSON
,13,38,Geshur,ORG
,13,38,three years,DATE
,13,39,David,PERSON
,13,39,Absalom,PERSON
,13,39,Amnon,PERSON
,14,1,Joab,PERSON
,14,1,Zeruiah,PERSON
,14,1,Absalom,PERSON
,14,2,Joab,PERSON
,14,2,Tekoah,PERSON
,14,2,put,PERSON
,14,2,on,PERSON
,14,3,on,PERSON
,14,3,So,PERSON
,14,3,Joab,PERSON
,14,3,put,PERSON
,14,4,Tekoah,PERSON
,14,4,on,PERSON
,14,6,two,CARDINAL
,14,6,two,CARDINAL
,14,6,one,CARDINAL
,14,7,so,PERSON
,14,8,thine house,ORG
,14,9,Tekoah,PERSON
,14,9,on,PERSON
,14,9,on,PERSON
,14,11,one,CARDINAL
,14,12,on,PERSON
,14,14,on,PERSON
,14,17,so,PERSON
,14,19,Joab,PERSON
,14,19,Joab,PERSON
,14,19,put,PERSON
,14,20,Joab,PERSON
,14,21,"Joab, Behold",WORK_OF_ART
,14,21,Absalom,PERSON
,14,22,Joab,PERSON
,14,22,on,PERSON
,14,22,Joab,PERSON
,14,23,So,PERSON
,14,23,Joab,PERSON
,14,23,Geshur,ORG
,14,23,Absalom,PERSON
,14,23,Jerusalem,GPE
,14,24,So,PERSON
,14,24,Absalom,PERSON
,14,25,Israel,GPE
,14,25,so,PERSON
,14,25,Absalom,PERSON
,14,26,every year's end,DATE
,14,26,on,PERSON
,14,26,two hundred shekels,MONEY
,14,27,Absalom,PERSON
,14,27,three,CARDINAL
,14,27,one,CARDINAL
,14,27,daughter,PERSON
,14,27,Tamar,PERSON
,14,28,So,PERSON
,14,28,Absalom,PERSON
,14,28,two full years,DATE
,14,28,Jerusalem,GPE
,14,29,Absalom,PERSON
,14,29,Joab,ORG
,14,29,second,ORDINAL
,14,30,Joab,PERSON
,14,30,on,PERSON
,14,30,Absalom,PERSON
,14,30,on,PERSON
,14,31,Joab,PERSON
,14,31,Absalom,PERSON
,14,31,on,PERSON
,14,32,Absalom,PERSON
,14,32,"Joab, Behold",PERSON
,14,32,Geshur,PERSON
,14,33,So,PERSON
,14,33,Joab,PERSON
,14,33,Absalom,PERSON
,14,33,on,PERSON
,14,33,Absalom,PERSON
,15,1,Absalom,PERSON
,15,1,fifty,CARDINAL
,15,2,Absalom,PERSON
,15,2,so,PERSON
,15,2,Absalom,PERSON
,15,2,one,CARDINAL
,15,2,Israel,GPE
,15,3,Absalom,PERSON
,15,4,Absalom,PERSON
,15,5,so,PERSON
,15,5,put,PERSON
,15,6,on,PERSON
,15,6,Absalom,PERSON
,15,6,Israel,GPE
,15,6,so,PERSON
,15,6,Absalom,PERSON
,15,6,Israel,GPE
,15,7,forty years,DATE
,15,7,Absalom,PERSON
,15,7,Hebron,GPE
,15,8,Geshur,ORG
,15,8,Syria,GPE
,15,8,Jerusalem,GPE
,15,9,So,PERSON
,15,9,Hebron,GPE
,15,10,Absalom,PERSON
,15,10,Israel,GPE
,15,10,Absalom,PERSON
,15,10,Hebron,GPE
,15,11,Absalom,PERSON
,15,11,two hundred,CARDINAL
,15,11,Jerusalem,GPE
,15,12,Absalom,PERSON
,15,12,Ahithophel the Gilonite,ORG
,15,12,David,PERSON
,15,12,Giloh,PERSON
,15,12,Absalom,PERSON
,15,13,David,PERSON
,15,13,Israel,GPE
,15,13,Absalom,PERSON
,15,14,David,PERSON
,15,14,Jerusalem,GPE
,15,14,Absalom,PERSON
,15,15,Behold,PERSON
,15,16,ten,CARDINAL
,15,18,on,PERSON
,15,18,Cherethites,PRODUCT
,15,18,Pelethites,LOC
,15,18,Gittites,ORG
,15,18,six hundred,CARDINAL
,15,18,Gath,PERSON
,15,18,on,PERSON
,15,19,Ittai,ORG
,15,20,yesterday,DATE
,15,20,this day,DATE
,15,21,Ittai,ORG
,15,21,death,PERSON
,15,22,David,PERSON
,15,22,Ittai,ORG
,15,22,Ittai,ORG
,15,22,Gittite,PERSON
,15,23,the brook Kidron,LOC
,15,24,lo Zadok,PERSON
,15,24,Levites,ORG
,15,24,ark,PERSON
,15,24,ark,PERSON
,15,24,Abiathar,PERSON
,15,25,Zadok,PERSON
,15,25,ark,PERSON
,15,27,Zadok,PERSON
,15,27,two,CARDINAL
,15,27,Ahimaaz,PERSON
,15,27,Jonathan,PERSON
,15,27,Abiathar,PERSON
,15,29,Zadok,PERSON
,15,29,Abiathar,PERSON
,15,29,ark,PERSON
,15,29,Jerusalem,GPE
,15,30,David,PERSON
,15,30,Olivet,GPE
,15,31,David,PERSON
,15,31,Ahithophel,ORG
,15,31,Absalom,PERSON
,15,31,David,PERSON
,15,31,Ahithophel,GPE
,15,32,David,PERSON
,15,32,Hushai the Archite,ORG
,15,33,David,PERSON
,15,33,on,PERSON
,15,34,Absalom,PERSON
,15,34,so,PERSON
,15,34,Ahithophel,GPE
,15,35,Zadok,PERSON
,15,35,Abiathar,PERSON
,15,35,Zadok,PRODUCT
,15,35,Abiathar,PERSON
,15,36,two,CARDINAL
,15,36,Ahimaaz Zadok's,PERSON
,15,36,Jonathan Abiathar's,PERSON
,15,37,So,PERSON
,15,37,Hushai David's,PERSON
,15,37,Absalom,PERSON
,15,37,Jerusalem,GPE
,16,1,David,PERSON
,16,1,Ziba,GPE
,16,1,Mephibosheth,PERSON
,16,1,two hundred,CARDINAL
,16,1,an hundred,CARDINAL
,16,1,an hundred of summer,CARDINAL
,16,2,Ziba,GPE
,16,2,Ziba,ORG
,16,2,on,PERSON
,16,3,Ziba,GPE
,16,3,Behold,PERSON
,16,3,Jerusalem,GPE
,16,3,Israel,GPE
,16,4,Ziba,GPE
,16,4,Mephibosheth,PERSON
,16,4,Ziba,GPE
,16,5,David,PERSON
,16,5,Bahurim,PERSON
,16,5,Saul,PERSON
,16,5,Shimei,ORG
,16,5,Gera,PERSON
,16,6,David,PERSON
,16,6,David,PERSON
,16,6,on,PERSON
,16,6,on,PERSON
,16,7,Shimei,ORG
,16,7,Belial,PERSON
,16,8,Saul,PERSON
,16,8,Absalom,PERSON
,16,9,Abishai,PERSON
,16,9,Zeruiah,PERSON
,16,10,Zeruiah,PERSON
,16,10,so,PERSON
,16,10,David,PERSON
,16,10,so,PERSON
,16,11,David,PERSON
,16,11,Abishai,PERSON
,16,11,Benjamite,PERSON
,16,12,on,PERSON
,16,12,this day,DATE
,16,13,David,PERSON
,16,13,Shimei,ORG
,16,13,on,PERSON
,16,15,Absalom,PERSON
,16,15,Israel,GPE
,16,15,Jerusalem,GPE
,16,15,Ahithophel,ORG
,16,16,Hushai the Archite,ORG
,16,16,David,PERSON
,16,16,Absalom,PERSON
,16,16,Hushai,PERSON
,16,16,Absalom,PERSON
,16,16,God,PERSON
,16,17,Absalom,PERSON
,16,17,Hushai,GPE
,16,18,Hushai,PERSON
,16,18,Absalom,PERSON
,16,18,Nay,PERSON
,16,18,Israel,GPE
,16,19,so,PERSON
,16,20,Absalom,PERSON
,16,20,Ahithophel,GPE
,16,21,Ahithophel,ORG
,16,21,Absalom,PERSON
,16,21,Israel,GPE
,16,22,So,PERSON
,16,22,Absalom,PERSON
,16,22,Absalom,PERSON
,16,22,Israel,GPE
,16,23,Ahithophel,ORG
,16,23,those days,DATE
,16,23,so,PERSON
,16,23,Ahithophel,GPE
,16,23,David,PERSON
,16,23,Absalom,PERSON
,17,1,Ahithophel,ORG
,17,1,Absalom,PERSON
,17,1,twelve thousand,CARDINAL
,17,1,David,PERSON
,17,3,so,PERSON
,17,4,Absalom,PERSON
,17,4,Israel,GPE
,17,5,Absalom,PERSON
,17,5,Hushai,PERSON
,17,5,Archite,PERSON
,17,6,Hushai,PERSON
,17,6,Absalom,PERSON
,17,6,Absalom,PERSON
,17,6,Ahithophel,PERSON
,17,7,Hushai,PERSON
,17,7,Absalom,PERSON
,17,7,Ahithophel,ORG
,17,8,Hushai,PERSON
,17,9,first,ORDINAL
,17,9,Absalom,PERSON
,17,10,Israel,GPE
,17,11,Israel,GPE
,17,11,Dan,PERSON
,17,11,Beersheba,PERSON
,17,12,So,PERSON
,17,12,on,PERSON
,17,12,so,PERSON
,17,13,Israel,GPE
,17,13,one,CARDINAL
,17,14,Absalom,PERSON
,17,14,Israel,GPE
,17,14,Hushai the Archite,ORG
,17,14,Ahithophel,GPE
,17,14,Ahithophel,GPE
,17,14,Absalom,PERSON
,17,15,Hushai unto Zadok,PERSON
,17,15,Abiathar,PERSON
,17,15,Ahithophel,ORG
,17,15,Absalom,PERSON
,17,15,Israel,GPE
,17,16,David,PERSON
,17,16,Lodge,PERSON
,17,17,Jonathan,PERSON
,17,17,Ahimaaz,PRODUCT
,17,17,Enrogel,ORG
,17,17,David,PERSON
,17,18,Absalom,PERSON
,17,18,Bahurim,GPE
,17,20,Absalom,PERSON
,17,20,Ahimaaz,NORP
,17,20,Jonathan,PERSON
,17,20,the brook of water,LOC
,17,20,Jerusalem,GPE
,17,21,David,PERSON
,17,21,David,PERSON
,17,21,Ahithophel,PERSON
,17,22,David,PERSON
,17,22,Jordan,PERSON
,17,22,one,CARDINAL
,17,22,Jordan,GPE
,17,23,Ahithophel,PERSON
,17,23,gat,ORG
,17,23,put,PERSON
,17,24,David,PERSON
,17,24,Mahanaim,PERSON
,17,24,Absalom,PERSON
,17,24,Jordan,GPE
,17,24,Israel,GPE
,17,25,Absalom,PERSON
,17,25,Amasa,PERSON
,17,25,Joab,PERSON
,17,25,Amasa,ORG
,17,25,Ithra an Israelite,PRODUCT
,17,25,Abigail,PERSON
,17,25,daughter,PERSON
,17,25,Nahash,ORG
,17,25,Zeruiah Joab's,PERSON
,17,26,So,PERSON
,17,26,Israel,GPE
,17,26,Absalom,PERSON
,17,26,Gilead,ORG
,17,27,David,PERSON
,17,27,Mahanaim,PERSON
,17,27,Shobi,PERSON
,17,27,Nahash of Rabbah,PERSON
,17,27,Ammon,PERSON
,17,27,Machir,LOC
,17,27,Ammiel of Lodebar,PERSON
,17,27,Barzillai the Gileadite of Rogelim,PERSON
,17,29,David,PERSON
,18,1,David,PERSON
,18,1,thousands,CARDINAL
,18,1,hundreds,CARDINAL
,18,2,David,PERSON
,18,2,third,ORDINAL
,18,2,Joab,ORG
,18,2,third,ORDINAL
,18,2,Abishai,PERSON
,18,2,Zeruiah,PERSON
,18,2,Joab,PERSON
,18,2,third,ORDINAL
,18,2,Ittai,ORG
,18,2,Gittite,PERSON
,18,3,half,CARDINAL
,18,3,ten thousand,CARDINAL
,18,4,hundreds,CARDINAL
,18,4,thousands,CARDINAL
,18,5,Joab,PERSON
,18,5,Abishai,PERSON
,18,5,Ittai,ORG
,18,5,Absalom,PERSON
,18,5,Absalom,PERSON
,18,6,So,PERSON
,18,6,Israel,GPE
,18,6,Ephraim,GPE
,18,7,Israel,GPE
,18,7,David,PERSON
,18,7,that day,DATE
,18,7,twenty thousand,CARDINAL
,18,9,Absalom,PERSON
,18,9,David,PERSON
,18,9,Absalom,PERSON
,18,10,Joab,PERSON
,18,10,Behold,PERSON
,18,10,Absalom,PERSON
,18,11,Joab,PERSON
,18,11,ten shekels,QUANTITY
,18,12,Joab,PERSON
,18,12,a thousand shekels,MONEY
,18,12,put,PERSON
,18,12,Abishai,PERSON
,18,12,Ittai,ORG
,18,12,Absalom,PERSON
,18,14,Joab,PERSON
,18,14,three,CARDINAL
,18,14,Absalom,PERSON
,18,15,ten,CARDINAL
,18,15,Joab,DATE
,18,15,Absalom,PERSON
,18,16,Joab,PERSON
,18,16,Israel,GPE
,18,16,Joab,PERSON
,18,17,Absalom,PERSON
,18,17,Israel,GPE
,18,18,Absalom,PERSON
,18,18,this day,DATE
,18,18,Absalom,PERSON
,18,19,Ahimaaz,PRODUCT
,18,19,Zadok,PERSON
,18,20,Joab,PERSON
,18,20,this day,DATE
,18,20,another day,DATE
,18,20,this day,DATE
,18,21,Joab,PERSON
,18,21,Cushi,PERSON
,18,21,Cushi,PERSON
,18,21,Joab,PERSON
,18,22,Ahimaaz,PRODUCT
,18,22,Zadok,PERSON
,18,22,Joab,PERSON
,18,22,Cushi,ORG
,18,22,Joab,PERSON
,18,23,Ahimaaz,ORG
,18,23,Cushi,ORG
,18,24,David,PERSON
,18,24,two,CARDINAL
,18,27,Ahimaaz,PRODUCT
,18,27,Zadok,PERSON
,18,28,Ahimaaz,NORP
,18,28,Blessed,PERSON
,18,29,Absalom,PERSON
,18,29,Ahimaaz,PRODUCT
,18,29,Joab,PERSON
,18,31,Cushi,PERSON
,18,31,Cushi,ORG
,18,31,Tidings,PERSON
,18,31,this day,DATE
,18,32,Cushi,PERSON
,18,32,Absalom,PERSON
,18,32,Cushi,PERSON
,18,33,Absalom,PERSON
,18,33,Absalom,PERSON
,18,33,Absalom,PERSON
,19,1,"Joab, Behold",PERSON
,19,1,Absalom,PERSON
,19,2,that day,DATE
,19,3,that day,DATE
,19,4,Absalom,PERSON
,19,4,O Absalom,PERSON
,19,5,Joab,PERSON
,19,5,this day,DATE
,19,5,this day,DATE
,19,6,this day,DATE
,19,6,this day,DATE
,19,6,Absalom,PERSON
,19,6,this day,DATE
,19,7,this night,TIME
,19,8,Behold,PERSON
,19,8,Israel,GPE
,19,9,Israel,GPE
,19,9,Philistines,NORP
,19,9,Absalom,PERSON
,19,10,Absalom,PERSON
,19,11,David,PERSON
,19,11,Zadok,PRODUCT
,19,11,Abiathar,PERSON
,19,11,Judah,PERSON
,19,11,Israel,GPE
,19,13,Amasa,PERSON
,19,13,so,PERSON
,19,13,Joab,PERSON
,19,14,Judah,GPE
,19,14,one,CARDINAL
,19,14,so,PERSON
,19,15,So,PERSON
,19,15,Jordan,GPE
,19,15,Judah,PERSON
,19,15,Gilgal,PERSON
,19,15,Jordan,GPE
,19,16,Shimei,PERSON
,19,16,Gera,PERSON
,19,16,Benjamite,PERSON
,19,16,Bahurim,GPE
,19,16,Judah,PERSON
,19,16,David,PERSON
,19,17,a thousand,CARDINAL
,19,17,Benjamin,PERSON
,19,17,Ziba,GPE
,19,17,Saul,PERSON
,19,17,fifteen,CARDINAL
,19,17,twenty,CARDINAL
,19,17,Jordan,GPE
,19,18,Shimei,PERSON
,19,18,Gera,PERSON
,19,18,Jordan,GPE
,19,19,the day,DATE
,19,19,Jerusalem,GPE
,19,20,first,ORDINAL
,19,20,Joseph,PERSON
,19,21,Abishai,PERSON
,19,21,Zeruiah,PERSON
,19,21,Shimei,PERSON
,19,21,put,PERSON
,19,21,death,PERSON
,19,22,David,PERSON
,19,22,Zeruiah,PERSON
,19,22,put,PERSON
,19,22,death,PERSON
,19,22,this day,DATE
,19,22,Israel,GPE
,19,22,this day,DATE
,19,22,Israel,GPE
,19,23,Shimei,PERSON
,19,24,Mephibosheth,PERSON
,19,24,Saul,PERSON
,19,24,the day,DATE
,19,24,the day,DATE
,19,25,Jerusalem,GPE
,19,25,Mephibosheth,PERSON
,19,29,Ziba,GPE
,19,30,Mephibosheth,PERSON
,19,30,Yea,PERSON
,19,31,Barzillai,PERSON
,19,31,Gileadite,ORG
,19,31,Rogelim,PERSON
,19,31,Jordan,GPE
,19,31,Jordan,GPE
,19,32,Barzillai,PERSON
,19,32,fourscore years old,DATE
,19,32,Mahanaim,PERSON
,19,33,Barzillai,PERSON
,19,33,Jerusalem,GPE
,19,34,Barzillai,PERSON
,19,34,Jerusalem,GPE
,19,35,this day,DATE
,19,36,Jordan,GPE
,19,37,Chimham,PERSON
,19,38,Chimham,PERSON
,19,39,Jordan,GPE
,19,39,Barzillai,PERSON
,19,40,on,PERSON
,19,40,Gilgal,PERSON
,19,40,Chimham,ORG
,19,40,on,PERSON
,19,40,Judah,PERSON
,19,40,half,CARDINAL
,19,40,Israel,GPE
,19,41,Israel,GPE
,19,41,Judah,PERSON
,19,41,David,PERSON
,19,41,Jordan,GPE
,19,42,Judah,PERSON
,19,42,Israel,GPE
,19,43,Israel,GPE
,19,43,Judah,PERSON
,19,43,ten,CARDINAL
,19,43,David,PERSON
,19,43,first,ORDINAL
,19,43,Judah,PERSON
,19,43,Israel,GPE
,20,1,Belial,PERSON
,20,1,Sheba,PERSON
,20,1,Bichri,PERSON
,20,1,Benjamite,PERSON
,20,1,David,PERSON
,20,1,Jesse,PERSON
,20,1,Israel,GPE
,20,2,So,PERSON
,20,2,Israel,GPE
,20,2,David,PERSON
,20,2,Sheba,PERSON
,20,2,Bichri,PERSON
,20,2,Judah,PERSON
,20,2,Jordan,GPE
,20,2,Jerusalem,GPE
,20,3,David,PERSON
,20,3,Jerusalem,GPE
,20,3,ten,CARDINAL
,20,3,put,PERSON
,20,3,So,PERSON
,20,3,the day,DATE
,20,3,death,PERSON
,20,4,Amasa,PERSON
,20,4,Assemble,PERSON
,20,4,Judah,PERSON
,20,4,three days,DATE
,20,5,So,PERSON
,20,5,Amasa,PERSON
,20,5,Judah,PERSON
,20,6,David,PERSON
,20,6,Abishai,GPE
,20,6,Sheba,PERSON
,20,6,Bichri,PERSON
,20,6,Absalom,PERSON
,20,7,Joab's,ORG
,20,7,Cherethites,PRODUCT
,20,7,Pelethites,LOC
,20,7,Jerusalem,GPE
,20,7,Sheba,PERSON
,20,7,Bichri,PERSON
,20,8,Gibeon,GPE
,20,8,Amasa,PERSON
,20,8,Joab,ORG
,20,8,put,PERSON
,20,8,on,PERSON
,20,9,Joab,ORG
,20,9,Amasa,ORG
,20,9,Joab,PERSON
,20,9,Amasa,PERSON
,20,10,Amasa,PERSON
,20,10,Joab's,ORG
,20,10,so,PERSON
,20,10,fifth,ORDINAL
,20,10,So,PERSON
,20,10,Joab,PERSON
,20,10,Abishai,PERSON
,20,10,Sheba,PERSON
,20,10,Bichri,PERSON
,20,11,one,CARDINAL
,20,11,Joab's,ORG
,20,11,Joab,PERSON
,20,11,David,PERSON
,20,11,Joab,PERSON
,20,12,Amasa,PERSON
,20,12,Amasa,PERSON
,20,13,on,PERSON
,20,13,Joab,ORG
,20,13,Sheba,PERSON
,20,13,Bichri,PERSON
,20,14,Israel,GPE
,20,14,Abel,PERSON
,20,14,Bethmaachah,PERSON
,20,14,Berites,ORG
,20,15,Abel,PERSON
,20,15,Bethmaachah,PERSON
,20,15,Joab,PERSON
,20,16,"Joab, Come near hither",WORK_OF_ART
,20,17,Joab,PERSON
,20,18,Abel,PERSON
,20,18,so,PERSON
,20,19,Israel,GPE
,20,19,Israel,GPE
,20,20,Joab,PERSON
,20,21,so,PERSON
,20,21,mount Ephraim,GPE
,20,21,Sheba,PERSON
,20,21,Bichri,PERSON
,20,21,David,PERSON
,20,21,"Joab, Behold",PERSON
,20,22,Sheba,PERSON
,20,22,Bichri,PERSON
,20,22,Joab,PERSON
,20,22,Joab,PERSON
,20,22,Jerusalem,GPE
,20,23,Joab,PERSON
,20,23,Israel,GPE
,20,23,Benaiah,PERSON
,20,23,Jehoiada,ORG
,20,23,Cherethites,LOC
,20,24,Adoram,PERSON
,20,24,Jehoshaphat,PERSON
,20,24,Ahilud,PERSON
,20,25,Sheva,PERSON
,20,25,Zadok and,PERSON
,20,25,Abiathar,PERSON
,20,26,Ira,PERSON
,20,26,Jairite,PERSON
,20,26,David,PERSON
,21,1,the days,DATE
,21,1,David,PERSON
,21,1,"three years, year after year",DATE
,21,1,David,PERSON
,21,1,Saul,PERSON
,21,1,Gibeonites,GPE
,21,2,Gibeonites,GPE
,21,2,Gibeonites,GPE
,21,2,Israel,GPE
,21,2,Amorites,ORG
,21,2,Israel,GPE
,21,2,Saul,PERSON
,21,2,Israel,GPE
,21,2,Judah,PERSON
,21,3,David,PERSON
,21,3,Gibeonites,GPE
,21,4,Gibeonites,PERSON
,21,4,Saul,PERSON
,21,4,Israel,GPE
,21,5,Israel,GPE
,21,6,seven,CARDINAL
,21,6,Gibeah of Saul,PERSON
,21,7,Mephibosheth,PERSON
,21,7,Jonathan,PERSON
,21,7,Saul,PERSON
,21,7,David,PERSON
,21,7,Jonathan,PERSON
,21,7,Saul,PERSON
,21,8,two,CARDINAL
,21,8,Rizpah,PERSON
,21,8,daughter,PERSON
,21,8,Aiah,ORG
,21,8,Saul,PERSON
,21,8,Armoni,PERSON
,21,8,Mephibosheth,PERSON
,21,8,five,CARDINAL
,21,8,Michal,PERSON
,21,8,daughter,PERSON
,21,8,Saul,PERSON
,21,8,Adriel,PERSON
,21,8,Barzillai the Meholathite:,WORK_OF_ART
,21,9,Gibeonites,GPE
,21,9,seven,CARDINAL
,21,9,put,PERSON
,21,9,death,PERSON
,21,9,the days,DATE
,21,9,the first days,DATE
,21,10,Rizpah,PERSON
,21,10,daughter,PERSON
,21,10,Aiah,ORG
,21,10,on,PERSON
,21,10,night,TIME
,21,11,David,PERSON
,21,11,Rizpah,PERSON
,21,11,daughter,PERSON
,21,11,Aiah,ORG
,21,11,Saul,PERSON
,21,12,David,PERSON
,21,12,Saul,PERSON
,21,12,Jonathan,PERSON
,21,12,Jabeshgilead,ORG
,21,12,Bethshan,GPE
,21,12,Philistines,NORP
,21,12,Philistines,ORG
,21,12,Saul,PERSON
,21,12,Gilboa,GPE
,21,13,Saul,PERSON
,21,13,Jonathan,PERSON
,21,14,Saul,PERSON
,21,14,Jonathan,PERSON
,21,14,Benjamin,PERSON
,21,14,Zelah,GPE
,21,14,Kish,GPE
,21,15,Philistines,ORG
,21,15,Israel,GPE
,21,15,David,PERSON
,21,15,Philistines,NORP
,21,15,David,PERSON
,21,16,three hundred shekels,MONEY
,21,16,David,PERSON
,21,17,Abishai,PERSON
,21,17,Zeruiah,PERSON
,21,17,David,PERSON
,21,17,Israel,GPE
,21,18,Sibbechai,GPE
,21,18,Hushathite,NORP
,21,18,Saph,PERSON
,21,19,Gob,FAC
,21,19,Philistines,NORP
,21,19,Elhanan,GPE
,21,19,Jaareoregim,GPE
,21,19,Goliath,PERSON
,21,19,Gittite,ORG
,21,20,Gath,PERSON
,21,20,on,PERSON
,21,20,six,CARDINAL
,21,20,on,PERSON
,21,20,six,CARDINAL
,21,20,four,CARDINAL
,21,20,twenty,CARDINAL
,21,21,Israel,GPE
,21,21,Jonathan,PERSON
,21,21,Shimeah,PERSON
,21,21,David,PERSON
,21,22,four,CARDINAL
,21,22,Gath,PERSON
,21,22,David,PERSON
,22,1,David,PERSON
,22,1,the day,DATE
,22,1,Saul,PERSON
,22,4,on,PERSON
,22,4,so,PERSON
,22,5,death,PERSON
,22,6,death,PERSON
,22,19,the day,DATE
,22,35,so,PERSON
,22,37,so,PERSON
,22,49,on,PERSON
,22,51,David,PERSON
,23,1,David,PERSON
,23,1,David,PERSON
,23,1,Jesse,PERSON
,23,1,on,PERSON
,23,1,Jacob,PERSON
,23,1,Israel,GPE
,23,3,Israel,GPE
,23,3,the Rock of Israel,GPE
,23,5,so,PERSON
,23,6,Belial,PERSON
,23,8,David,PERSON
,23,8,Tachmonite,PERSON
,23,8,Adino,PERSON
,23,8,eight hundred,CARDINAL
,23,8,one,CARDINAL
,23,9,Eleazar,PERSON
,23,9,Dodo the Ahohite,WORK_OF_ART
,23,9,one,CARDINAL
,23,9,three,CARDINAL
,23,9,David,PERSON
,23,9,Philistines,NORP
,23,9,Israel,GPE
,23,10,Philistines,NORP
,23,10,that day,DATE
,23,11,Shammah,PERSON
,23,11,Agee,PERSON
,23,11,Philistines,NORP
,23,11,Philistines,NORP
,23,12,Philistines,NORP
,23,13,three,CARDINAL
,23,13,thirty,CARDINAL
,23,13,David,PERSON
,23,13,Adullam,PERSON
,23,13,Philistines,NORP
,23,14,David,PERSON
,23,14,Philistines,NORP
,23,14,Bethlehem,GPE
,23,15,David,PERSON
,23,15,Bethlehem,ORG
,23,16,three,CARDINAL
,23,16,Philistines,NORP
,23,16,Bethlehem,ORG
,23,16,David,PERSON
,23,17,three,CARDINAL
,23,18,Abishai,PERSON
,23,18,Joab,ORG
,23,18,Zeruiah,PERSON
,23,18,three,CARDINAL
,23,18,three hundred,CARDINAL
,23,18,three,CARDINAL
,23,19,three,CARDINAL
,23,19,first,ORDINAL
,23,19,three,CARDINAL
,23,20,Benaiah,PERSON
,23,20,Jehoiada,ORG
,23,20,Kabzeel,LOC
,23,20,two,CARDINAL
,23,20,Moab,LOC
,23,21,Egyptian,NORP
,23,21,Egyptian,NORP
,23,21,Egyptian,NORP
,23,22,Benaiah,PERSON
,23,22,Jehoiada,ORG
,23,22,three,CARDINAL
,23,23,first,ORDINAL
,23,23,three,CARDINAL
,23,23,David,PERSON
,23,24,Asahel,PERSON
,23,24,Joab,PERSON
,23,24,thirty,CARDINAL
,23,24,Elhanan,GPE
,23,24,Dodo of Bethlehem,WORK_OF_ART
,23,25,Shammah,ORG
,23,25,Harodite,ORG
,23,25,Elika,NORP
,23,25,Harodite,ORG
,23,26,Helez,PERSON
,23,26,Ira,PERSON
,23,26,Ikkesh the Tekoite,ORG
,23,27,Abiezer,PERSON
,23,27,Anethothite,PERSON
,23,27,Hushathite,NORP
,23,28,Zalmon,PERSON
,23,28,Ahohite,ORG
,23,28,Maharai,PERSON
,23,28,Netophathite,ORG
,23,29,Heleb,PERSON
,23,29,Baanah,PERSON
,23,29,Netophathite,ORG
,23,29,Ittai,ORG
,23,29,Ribai,GPE
,23,29,Gibeah of the children of,ORG
,23,29,Benjamin,PERSON
,23,30,Benaiah,PERSON
,23,30,Pirathonite,NORP
,23,30,Hiddai,ORG
,23,30,Gaash,GPE
,23,31,Abialbon,PERSON
,23,31,Azmaveth,PERSON
,23,32,Eliahba,PERSON
,23,32,Jashen,GPE
,23,32,Jonathan,PERSON
,23,33,Shammah the Hararite,ORG
,23,33,Ahiam,PERSON
,23,33,Sharar,ORG
,23,34,Eliphelet,PERSON
,23,34,Ahasbai,PERSON
,23,34,Maachathite,PERSON
,23,34,Eliam,ORG
,23,34,Ahithophel the Gilonite,ORG
,23,35,Carmelite,NORP
,23,35,Paarai,PERSON
,23,35,Arbite,PERSON
,23,36,Igal,PERSON
,23,36,"Nathan of Zobah, Bani",ORG
,23,36,Gadite,PERSON
,23,37,Zelek,GPE
,23,37,Ammonite,ORG
,23,37,Nahari,GPE
,23,37,Beerothite,PERSON
,23,37,Joab,PERSON
,23,37,Zeruiah,PERSON
,23,38,Ira,PERSON
,23,38,Gareb an Ithrite,PERSON
,23,39,Uriah,PERSON
,23,39,Hittite,NORP
,23,39,thirty and seven,CARDINAL
,24,1,Israel,GPE
,24,1,David,PERSON
,24,1,Israel,GPE
,24,1,Judah,PERSON
,24,2,Joab,PERSON
,24,2,Israel,GPE
,24,2,Dan,PERSON
,24,2,Beersheba,PERSON
,24,3,Joab,PERSON
,24,4,Joab,ORG
,24,4,Joab,PERSON
,24,4,Israel,GPE
,24,5,Jordan,GPE
,24,5,Aroer,GPE
,24,5,on,PERSON
,24,5,Gad,GPE
,24,5,Jazer,PERSON
,24,6,Gilead,ORG
,24,6,Tahtimhodshi,PERSON
,24,6,Danjaan,PERSON
,24,6,Zidon,GPE
,24,7,Tyre,ORG
,24,7,Hivites,GPE
,24,7,Canaanites,NORP
,24,7,Judah,GPE
,24,7,Beersheba,PERSON
,24,8,So,PERSON
,24,8,Jerusalem,GPE
,24,8,the end of nine months,DATE
,24,8,twenty days,DATE
,24,9,Joab,PERSON
,24,9,Israel,GPE
,24,9,eight hundred thousand,CARDINAL
,24,9,Judah,ORG
,24,9,five hundred thousand,CARDINAL
,24,10,David,PERSON
,24,10,David,PERSON
,24,11,David,PERSON
,24,11,Gad,PERSON
,24,11,David,PERSON
,24,12,David,PERSON
,24,12,three,CARDINAL
,24,12,one,CARDINAL
,24,13,So,PERSON
,24,13,Gad,PERSON
,24,13,David,PERSON
,24,13,seven years,DATE
,24,13,three months,DATE
,24,13,three days',DATE
,24,14,David,PERSON
,24,14,Gad,PERSON
,24,15,So,PERSON
,24,15,Israel,GPE
,24,15,the morning,TIME
,24,15,Dan,PERSON
,24,15,Beersheba seventy thousand,LAW
,24,16,Jerusalem,GPE
,24,16,Araunah,PERSON
,24,17,David,PERSON
,24,17,Lo,PERSON
,24,18,Gad,PERSON
,24,18,that day,DATE
,24,18,David,PERSON
,24,18,Araunah,PERSON
,24,19,David,PERSON
,24,19,Gad,PERSON
,24,20,Araunah,PERSON
,24,20,on,PERSON
,24,20,Araunah,PERSON
,24,20,on,PERSON
,24,21,Araunah,PERSON
,24,21,David,PERSON
,24,22,Araunah,PERSON
,24,22,David,PERSON
,24,23,Araunah,PERSON
,24,23,Araunah,PERSON
,24,24,Araunah,PERSON
,24,24,Nay,PERSON
,24,24,So,PERSON
,24,24,David,PERSON
,24,24,fifty shekels,MONEY
,24,25,David,PERSON
,24,25,So,PERSON
,24,25,Israel,GPE
,1,1,David,PERSON
,1,1,years,DATE
,1,3,So,PERSON
,1,3,Israel,GPE
,1,3,Abishag a Shunammite,ORG
,1,5,Adonijah,PERSON
,1,5,Haggith,PERSON
,1,5,fifty,CARDINAL
,1,6,so,PERSON
,1,6,Absalom,PERSON
,1,7,Joab,PERSON
,1,7,Zeruiah,PERSON
,1,7,Abiathar,PERSON
,1,7,Adonijah,PERSON
,1,8,Zadok,PERSON
,1,8,Benaiah,PERSON
,1,8,Jehoiada,ORG
,1,8,Nathan the prophet,PERSON
,1,8,Shimei,ORG
,1,8,Rei,ORG
,1,8,David,PERSON
,1,8,Adonijah,PERSON
,1,9,Adonijah,PERSON
,1,9,Zoheleth,GPE
,1,9,Enrogel,ORG
,1,9,Judah,PERSON
,1,10,Nathan the prophet,PERSON
,1,10,Benaiah,PERSON
,1,10,Solomon,PERSON
,1,11,Nathan,PERSON
,1,11,Bathsheba,PERSON
,1,11,Solomon,PERSON
,1,11,Adonijah,PERSON
,1,11,Haggith,ORG
,1,11,David,PERSON
,1,12,Solomon,PERSON
,1,13,David,PERSON
,1,13,Didst,PERSON
,1,13,Solomon,PERSON
,1,13,Adonijah,PERSON
,1,15,Bathsheba,PERSON
,1,15,Abishag the Shunammite ministered,ORG
,1,16,Bathsheba,PERSON
,1,17,Solomon,PERSON
,1,18,Adonijah,PERSON
,1,19,Abiathar,PERSON
,1,19,Joab,PERSON
,1,19,Solomon,PERSON
,1,20,Israel,GPE
,1,20,on,PERSON
,1,21,Solomon,PERSON
,1,22,Nathan the prophet,PERSON
,1,23,Nathan,PERSON
,1,24,Nathan,ORG
,1,24,Adonijah,PERSON
,1,25,this day,DATE
,1,25,Abiathar,PERSON
,1,25,Adonijah,PERSON
,1,26,Zadok,PERSON
,1,26,Benaiah,PERSON
,1,26,Jehoiada,ORG
,1,26,Solomon,PERSON
,1,27,on,PERSON
,1,28,David,PERSON
,1,28,Bathsheba,PERSON
,1,30,Israel,GPE
,1,30,Solomon,PERSON
,1,30,so,PERSON
,1,30,this day,DATE
,1,31,Bathsheba,PERSON
,1,31,David,PERSON
,1,32,David,PERSON
,1,32,Zadok,PERSON
,1,32,Nathan the prophet,PERSON
,1,32,Benaiah,PERSON
,1,32,Jehoiada,ORG
,1,33,Solomon,PERSON
,1,34,Zadok,PERSON
,1,34,Nathan the prophet,PERSON
,1,34,Israel,GPE
,1,34,Solomon,PERSON
,1,35,Israel,GPE
,1,35,Judah,PERSON
,1,36,Benaiah,PERSON
,1,36,Jehoiada,ORG
,1,36,so,PERSON
,1,37,so,PERSON
,1,37,Solomon,PERSON
,1,37,David,PERSON
,1,38,So,PERSON
,1,38,Zadok,PERSON
,1,38,Nathan the prophet,PERSON
,1,38,Benaiah,PERSON
,1,38,Jehoiada,ORG
,1,38,Cherethites,PRODUCT
,1,38,Pelethites,LOC
,1,38,Solomon,PERSON
,1,38,David,PERSON
,1,39,Zadok,PERSON
,1,39,Solomon,PERSON
,1,39,Solomon,PERSON
,1,40,so,PERSON
,1,41,Adonijah,PERSON
,1,41,Joab,PERSON
,1,42,Jonathan,PERSON
,1,42,Abiathar,PERSON
,1,42,Adonijah,PERSON
,1,43,Jonathan,PERSON
,1,43,"Adonijah, Verily",ORG
,1,43,David,PERSON
,1,43,Solomon,PERSON
,1,44,Zadok,PERSON
,1,44,Nathan the prophet,PERSON
,1,44,Benaiah,PERSON
,1,44,Jehoiada,ORG
,1,44,Cherethites,PRODUCT
,1,44,Pelethites,LOC
,1,45,Zadok,PERSON
,1,45,Nathan the prophet,PERSON
,1,45,so,PERSON
,1,46,Solomon,PERSON
,1,46,on,PERSON
,1,47,David,PERSON
,1,47,Solomon,PERSON
,1,48,Blessed,PERSON
,1,48,Israel,GPE
,1,48,on,PERSON
,1,48,this day,DATE
,1,49,Adonijah,PERSON
,1,50,Adonijah,PERSON
,1,50,Solomon,PERSON
,1,50,on,PERSON
,1,51,Solomon,PERSON
,1,51,Adonijah,PERSON
,1,51,Solomon,PERSON
,1,51,on,PERSON
,1,51,Solomon,PERSON
,1,51,today,DATE
,1,52,Solomon,PERSON
,1,53,So,PERSON
,1,53,Solomon,PERSON
,1,53,Solomon,PERSON
,1,53,Solomon,PERSON
,1,53,thine house,ORG
,2,1,the days,DATE
,2,1,David,PERSON
,2,1,Solomon,PERSON
,2,3,Moses,PERSON
,2,4,on,PERSON
,2,4,Israel,GPE
,2,5,Joab,PERSON
,2,5,Zeruiah,PERSON
,2,5,two,CARDINAL
,2,5,Israel,GPE
,2,5,Abner,PERSON
,2,5,Ner,PERSON
,2,5,Amasa,PERSON
,2,5,Jether,PERSON
,2,5,put,PERSON
,2,5,on,PERSON
,2,7,Barzillai,PERSON
,2,7,Gileadite,ORG
,2,7,so,PERSON
,2,7,Absalom,PERSON
,2,8,Shimei,PERSON
,2,8,Gera,PERSON
,2,8,a Benjamite of Bahurim,PERSON
,2,8,the day,DATE
,2,8,Mahanaim,PERSON
,2,8,Jordan,GPE
,2,8,put,PERSON
,2,8,death,PERSON
,2,10,So,PERSON
,2,10,David,PERSON
,2,10,David,PERSON
,2,11,the days,DATE
,2,11,David,PERSON
,2,11,Israel,GPE
,2,11,forty years,DATE
,2,11,seven years,DATE
,2,11,Hebron,GPE
,2,11,thirty and three years,DATE
,2,11,Jerusalem,GPE
,2,12,Solomon,PERSON
,2,12,David,PERSON
,2,13,Adonijah,PERSON
,2,13,Haggith,PERSON
,2,13,Bathsheba,PERSON
,2,13,Solomon,PERSON
,2,14,on,PERSON
,2,15,Thou,PERSON
,2,15,Israel,GPE
,2,15,on,PERSON
,2,15,kingdom,GPE
,2,16,one,CARDINAL
,2,16,on,PERSON
,2,17,Solomon,PERSON
,2,17,Abishag the Shunammite,PERSON
,2,18,Bathsheba,PERSON
,2,19,Bathsheba,PERSON
,2,19,Solomon,PERSON
,2,19,Adonijah,PERSON
,2,19,on,PERSON
,2,19,on,PERSON
,2,20,one,CARDINAL
,2,20,on,PERSON
,2,21,Abishag,PERSON
,2,21,Shunammite,PERSON
,2,21,Adonijah,PERSON
,2,22,Solomon,PERSON
,2,22,Abishag the Shunammite for Adonijah,PERSON
,2,22,Abiathar,PERSON
,2,22,Joab,PERSON
,2,22,Zeruiah,PERSON
,2,23,Solomon,PERSON
,2,23,so,PERSON
,2,23,Adonijah,PERSON
,2,24,on,PERSON
,2,24,David,PERSON
,2,24,Adonijah,PERSON
,2,24,put,PERSON
,2,24,death,PERSON
,2,24,this day,DATE
,2,25,Solomon,PERSON
,2,25,Benaiah,PERSON
,2,25,Jehoiada,ORG
,2,26,Abiathar,PERSON
,2,26,Anathoth,PERSON
,2,26,death,PERSON
,2,26,put,PERSON
,2,26,death,PERSON
,2,26,ark,PERSON
,2,26,David,PERSON
,2,27,So,PERSON
,2,27,Solomon,PERSON
,2,27,Abiathar,PERSON
,2,27,Eli,ORG
,2,27,Shiloh,GPE
,2,28,Joab,PERSON
,2,28,Joab,PERSON
,2,28,Adonijah,PERSON
,2,28,Absalom,PERSON
,2,28,Joab,PERSON
,2,28,on,PERSON
,2,29,Solomon,PERSON
,2,29,Joab,PERSON
,2,29,Solomon,PERSON
,2,29,Benaiah,PERSON
,2,29,Jehoiada,ORG
,2,30,Benaiah,PERSON
,2,30,Nay,PERSON
,2,30,Benaiah,PERSON
,2,30,Joab,PERSON
,2,31,Joab,ORG
,2,32,two,CARDINAL
,2,32,David,PERSON
,2,32,Abner,PERSON
,2,32,Ner,PERSON
,2,32,Israel,GPE
,2,32,Amasa,PERSON
,2,32,Jether,PERSON
,2,32,Judah,PERSON
,2,33,Joab,ORG
,2,33,David,PERSON
,2,34,So,PERSON
,2,34,Benaiah,PERSON
,2,34,Jehoiada,ORG
,2,35,put,PERSON
,2,35,Benaiah,PERSON
,2,35,Jehoiada,ORG
,2,35,Zadok,PERSON
,2,35,put,PERSON
,2,35,Abiathar,PERSON
,2,36,Shimei,ORG
,2,36,Jerusalem,GPE
,2,37,on,PERSON
,2,37,the day,DATE
,2,37,the brook Kidron,LOC
,2,38,Shimei,ORG
,2,38,so,PERSON
,2,38,Shimei,ORG
,2,38,Jerusalem,GPE
,2,38,many days,DATE
,2,39,the end of three years,DATE
,2,39,two,CARDINAL
,2,39,Shimei,ORG
,2,39,Achish,PERSON
,2,39,Maachah,PERSON
,2,39,Gath,PERSON
,2,39,Shimei,ORG
,2,39,Behold,PERSON
,2,39,Gath,PERSON
,2,40,Shimei,ORG
,2,40,Gath,PERSON
,2,40,Achish,PERSON
,2,40,Shimei,ORG
,2,40,Gath,PERSON
,2,41,Solomon,PERSON
,2,41,Shimei,ORG
,2,41,Jerusalem,GPE
,2,41,Gath,PERSON
,2,42,Shimei,ORG
,2,42,on,PERSON
,2,42,the day,DATE
,2,44,Shimei,ORG
,2,44,David,PERSON
,2,45,Solomon,PERSON
,2,45,David,PERSON
,2,46,So,PERSON
,2,46,Benaiah,PERSON
,2,46,Jehoiada,ORG
,2,46,Solomon,PERSON
,3,1,Solomon,PERSON
,3,1,Pharaoh,PERSON
,3,1,Egypt,GPE
,3,1,Pharaoh,PERSON
,3,1,daughter,PERSON
,3,1,David,GPE
,3,1,Jerusalem,GPE
,3,2,those days,DATE
,3,3,Solomon,PERSON
,3,3,David,PERSON
,3,4,Gibeon,PERSON
,3,4,a thousand,CARDINAL
,3,4,Solomon,PERSON
,3,5,Gibeon,PERSON
,3,5,Solomon,PERSON
,3,5,night,TIME
,3,6,Solomon,PERSON
,3,6,David,PERSON
,3,6,on,PERSON
,3,6,this day,DATE
,3,7,David,PERSON
,3,9,so,PERSON
,3,10,Solomon,PERSON
,3,12,so,PERSON
,3,13,so,PERSON
,3,14,David,PERSON
,3,14,thy days,DATE
,3,15,Solomon,PERSON
,3,15,Jerusalem,GPE
,3,15,ark,PERSON
,3,16,two,CARDINAL
,3,17,one,CARDINAL
,3,17,one,CARDINAL
,3,18,the third day,DATE
,3,18,two,CARDINAL
,3,20,midnight,TIME
,3,21,the morning,TIME
,3,22,Nay,PERSON
,3,23,Nay,PERSON
,3,25,two,CARDINAL
,3,25,half,CARDINAL
,3,25,half,CARDINAL
,3,28,Israel,GPE
,4,1,So,PERSON
,4,1,Solomon,PERSON
,4,1,Israel,GPE
,4,2,Azariah,ORG
,4,2,Zadok,PERSON
,4,3,Elihoreph,PERSON
,4,3,Ahiah,PERSON
,4,3,Shisha,FAC
,4,3,Jehoshaphat,PERSON
,4,3,Ahilud,PERSON
,4,4,Benaiah,PERSON
,4,4,Jehoiada,ORG
,4,4,Zadok and,PERSON
,4,4,Abiathar,PERSON
,4,5,Azariah,PERSON
,4,5,Nathan,ORG
,4,5,Zabud,PERSON
,4,5,Nathan,ORG
,4,6,Ahishar,GPE
,4,6,Adoniram,PERSON
,4,6,Abda,PERSON
,4,7,Solomon,PERSON
,4,7,twelve,CARDINAL
,4,7,Israel,GPE
,4,7,a year,DATE
,4,8,Hur,PERSON
,4,8,Ephraim,PERSON
,4,9,Dekar,PERSON
,4,9,Makaz,PERSON
,4,9,Shaalbim,GPE
,4,9,Bethshemesh,PERSON
,4,9,Elonbethhanan,PERSON
,4,10,Hesed,PERSON
,4,10,Aruboth,GPE
,4,10,Sochoh,PERSON
,4,10,Hepher,ORG
,4,11,Abinadab,PERSON
,4,11,Dor,GPE
,4,11,Taphath,NORP
,4,11,daughter,PERSON
,4,11,Solomon,PERSON
,4,12,Baana,PERSON
,4,12,Ahilud,PERSON
,4,12,Taanach,PERSON
,4,12,Megiddo,PERSON
,4,12,Bethshean,PERSON
,4,12,Zartanah,PERSON
,4,12,Jezreel,PERSON
,4,12,Bethshean,GPE
,4,12,Abelmeholah,GPE
,4,12,Jokneam,PERSON
,4,13,Geber,PERSON
,4,13,Ramothgilead,PERSON
,4,13,Jair,PERSON
,4,13,Manasseh,PERSON
,4,13,Gilead,ORG
,4,13,Argob,ORG
,4,13,Bashan,GPE
,4,13,threescore,CARDINAL
,4,14,Ahinadab,PERSON
,4,14,Iddo,ORG
,4,14,Mahanaim,PERSON
,4,15,Ahimaaz,PERSON
,4,15,Naphtali,GPE
,4,15,Basmath,ORG
,4,15,daughter,PERSON
,4,15,Solomon,PERSON
,4,16,Baanah,PERSON
,4,16,Hushai,PERSON
,4,16,Asher,PERSON
,4,16,Aloth,GPE
,4,17,Jehoshaphat,PERSON
,4,17,Paruah,PERSON
,4,17,Issachar,WORK_OF_ART
,4,18,Shimei,PERSON
,4,18,Elah,ORG
,4,18,Benjamin,PERSON
,4,19,Geber,PERSON
,4,19,Uri,PERSON
,4,19,Gilead,ORG
,4,19,Sihon,GPE
,4,19,Amorites,ORG
,4,19,Og,PERSON
,4,19,Bashan,PERSON
,4,20,Judah,PERSON
,4,20,Israel,GPE
,4,21,Solomon,PERSON
,4,21,Philistines,NORP
,4,21,Egypt,GPE
,4,21,Solomon,PERSON
,4,22,Solomon,PERSON
,4,22,one day,DATE
,4,22,thirty,CARDINAL
,4,22,threescore,CARDINAL
,4,23,Ten,CARDINAL
,4,23,twenty,CARDINAL
,4,23,an hundred,CARDINAL
,4,24,on,PERSON
,4,24,Tiphsah,GPE
,4,24,Azzah,ORG
,4,24,on,PERSON
,4,24,on,PERSON
,4,25,Judah,PERSON
,4,25,Israel,GPE
,4,25,Dan,PERSON
,4,25,Beersheba,PERSON
,4,25,Solomon,PERSON
,4,26,Solomon,PERSON
,4,26,forty thousand,CARDINAL
,4,26,twelve thousand,CARDINAL
,4,27,Solomon,PERSON
,4,27,Solomon,PERSON
,4,27,his month,DATE
,4,28,Barley,PERSON
,4,29,Solomon,PERSON
,4,29,on,PERSON
,4,30,Solomon,PERSON
,4,30,Egypt,GPE
,4,31,Ethan the Ezrahite,PERSON
,4,31,Heman,PERSON
,4,31,Chalcol,ORG
,4,31,Darda,GPE
,4,31,Mahol,PERSON
,4,32,three thousand,CARDINAL
,4,32,a thousand and five,CARDINAL
,4,33,Lebanon,GPE
,4,34,Solomon,PERSON
,5,1,Hiram,PERSON
,5,1,Tyre,PERSON
,5,1,Solomon,PERSON
,5,1,Hiram,PERSON
,5,1,David,PERSON
,5,2,Solomon,PERSON
,5,2,Hiram,PERSON
,5,3,David,PERSON
,5,3,on,PERSON
,5,3,put,PERSON
,5,4,on,PERSON
,5,4,so,PERSON
,5,5,David,PERSON
,5,6,Lebanon,GPE
,5,6,Sidonians,NORP
,5,7,Hiram,PERSON
,5,7,Solomon,PERSON
,5,7,Blessed,PERSON
,5,7,this day,DATE
,5,7,David,PERSON
,5,8,Hiram,PERSON
,5,8,Solomon,PERSON
,5,9,Lebanon,GPE
,5,10,So,PERSON
,5,10,Hiram,PERSON
,5,10,Solomon,PERSON
,5,11,Solomon,PERSON
,5,11,Hiram,PERSON
,5,11,twenty thousand,CARDINAL
,5,11,twenty,CARDINAL
,5,11,Solomon,PERSON
,5,11,Hiram,PERSON
,5,11,year,DATE
,5,12,Solomon,PERSON
,5,12,Hiram,PERSON
,5,12,Solomon,PERSON
,5,12,two,CARDINAL
,5,13,Solomon,PERSON
,5,13,Israel,GPE
,5,13,thirty thousand,CARDINAL
,5,14,Lebanon,GPE
,5,14,ten thousand a month,DATE
,5,14,a month,DATE
,5,14,Lebanon,GPE
,5,14,two months,DATE
,5,14,Adoniram,PERSON
,5,15,Solomon,PERSON
,5,15,threescore and ten thousand,CARDINAL
,5,15,fourscore thousand,CARDINAL
,5,16,Solomon,PERSON
,5,16,three thousand and three hundred,CARDINAL
,5,18,Solomon,PERSON
,5,18,Hiram,PERSON
,5,18,so,PERSON
,6,1,the four hundred and eightieth year,DATE
,6,1,Israel,GPE
,6,1,Egypt,GPE
,6,1,the fourth year,DATE
,6,1,Solomon,PERSON
,6,1,Israel,GPE
,6,1,the second month,DATE
,6,2,Solomon,PERSON
,6,2,threescore cubits,DATE
,6,2,twenty cubits,QUANTITY
,6,2,thirty cubits,QUANTITY
,6,3,twenty cubits,QUANTITY
,6,3,ten cubits,QUANTITY
,6,6,five cubits,QUANTITY
,6,6,six cubits,QUANTITY
,6,6,third,ORDINAL
,6,6,seven cubits,QUANTITY
,6,7,so,PERSON
,6,8,the middle chamber,ORG
,6,8,third,ORDINAL
,6,9,So,PERSON
,6,10,five cubits,QUANTITY
,6,10,on,PERSON
,6,11,Solomon,PERSON
,6,12,David,PERSON
,6,13,Israel,GPE
,6,13,Israel,GPE
,6,14,So,PERSON
,6,14,Solomon,PERSON
,6,15,on,PERSON
,6,16,twenty cubits,QUANTITY
,6,16,on,PERSON
,6,17,forty cubits,QUANTITY
,6,19,ark,PERSON
,6,20,twenty cubits,QUANTITY
,6,20,twenty cubits,QUANTITY
,6,20,twenty cubits,QUANTITY
,6,20,so,PERSON
,6,21,So,PERSON
,6,21,Solomon,PERSON
,6,23,two,CARDINAL
,6,23,ten,CARDINAL
,6,24,five cubits,QUANTITY
,6,24,one,CARDINAL
,6,24,five cubits,QUANTITY
,6,24,one,CARDINAL
,6,24,ten cubits,QUANTITY
,6,25,one,CARDINAL
,6,25,one,CARDINAL
,6,26,cherub,GPE
,6,26,ten cubits,QUANTITY
,6,26,so,PERSON
,6,27,the inner house,ORG
,6,27,so,PERSON
,6,27,one,CARDINAL
,6,31,fifth,ORDINAL
,6,32,two,CARDINAL
,6,33,So,PERSON
,6,33,fourth,ORDINAL
,6,34,two,CARDINAL
,6,34,two,CARDINAL
,6,34,one,CARDINAL
,6,34,two,CARDINAL
,6,36,three,CARDINAL
,6,37,the fourth year,DATE
,6,38,the eleventh year,DATE
,6,38,Bul,PERSON
,6,38,the eighth month,DATE
,6,38,So,PERSON
,6,38,seven years,DATE
,7,1,Solomon,PERSON
,7,1,thirteen years,DATE
,7,2,Lebanon,GPE
,7,2,an hundred cubits,CARDINAL
,7,2,fifty cubits,QUANTITY
,7,2,thirty cubits,QUANTITY
,7,2,four,CARDINAL
,7,3,on,PERSON
,7,3,forty five,DATE
,7,3,fifteen in a row,DATE
,7,4,three,CARDINAL
,7,4,three,CARDINAL
,7,5,three,CARDINAL
,7,6,fifty cubits,QUANTITY
,7,6,thirty cubits,QUANTITY
,7,7,one,CARDINAL
,7,8,Solomon,PERSON
,7,8,Pharaoh,PERSON
,7,8,daughter,PERSON
,7,9,so,PERSON
,7,9,on,PERSON
,7,10,ten cubits,QUANTITY
,7,10,eight cubits,QUANTITY
,7,12,three,CARDINAL
,7,13,Solomon,PERSON
,7,13,Hiram,PERSON
,7,13,Tyre,LOC
,7,14,Naphtali,PERSON
,7,14,Tyre,ORG
,7,14,Solomon,PERSON
,7,15,two,CARDINAL
,7,15,eighteen cubits,QUANTITY
,7,15,twelve cubits,QUANTITY
,7,16,two,CARDINAL
,7,16,one,CARDINAL
,7,16,five cubits,QUANTITY
,7,16,five cubits,QUANTITY
,7,17,seven,CARDINAL
,7,17,one,CARDINAL
,7,17,seven,CARDINAL
,7,18,two,CARDINAL
,7,18,one,CARDINAL
,7,18,so,PERSON
,7,19,four cubits,QUANTITY
,7,20,two,CARDINAL
,7,20,two hundred,CARDINAL
,7,21,Jachin,PERSON
,7,21,Boaz,PERSON
,7,22,so,PERSON
,7,23,ten cubits,QUANTITY
,7,23,one,CARDINAL
,7,23,five cubits,QUANTITY
,7,23,thirty cubits,QUANTITY
,7,24,ten,CARDINAL
,7,24,two,CARDINAL
,7,25,twelve,CARDINAL
,7,25,three,CARDINAL
,7,25,three,CARDINAL
,7,25,three,CARDINAL
,7,25,three,CARDINAL
,7,26,two thousand,CARDINAL
,7,27,ten,CARDINAL
,7,27,four cubits,QUANTITY
,7,27,one,CARDINAL
,7,27,four cubits,QUANTITY
,7,27,three cubits,QUANTITY
,7,28,on,PERSON
,7,29,on,PERSON
,7,30,four,CARDINAL
,7,30,four,CARDINAL
,7,31,half,CARDINAL
,7,32,four,CARDINAL
,7,32,a cubit and half a cubit,QUANTITY
,7,34,four,CARDINAL
,7,34,four,CARDINAL
,7,34,one,CARDINAL
,7,35,half a cubit,QUANTITY
,7,35,on,PERSON
,7,36,on,PERSON
,7,36,on,PERSON
,7,37,ten,CARDINAL
,7,37,one,CARDINAL
,7,37,one,CARDINAL
,7,37,one,CARDINAL
,7,38,ten,CARDINAL
,7,38,one,CARDINAL
,7,38,forty,CARDINAL
,7,38,four cubits,QUANTITY
,7,38,ten,CARDINAL
,7,38,one,CARDINAL
,7,39,put,PERSON
,7,39,five,CARDINAL
,7,39,on,PERSON
,7,39,five,CARDINAL
,7,39,on,PERSON
,7,39,on,PERSON
,7,40,Hiram,PERSON
,7,40,So,PERSON
,7,40,Hiram,PERSON
,7,40,Solomon,PERSON
,7,41,two,CARDINAL
,7,41,two,CARDINAL
,7,41,on,PERSON
,7,41,two,CARDINAL
,7,41,two,CARDINAL
,7,41,two,CARDINAL
,7,42,four hundred,CARDINAL
,7,42,two,CARDINAL
,7,42,two,CARDINAL
,7,42,one,CARDINAL
,7,42,two,CARDINAL
,7,43,ten,CARDINAL
,7,43,ten,CARDINAL
,7,43,on,PERSON
,7,44,one,CARDINAL
,7,44,twelve,CARDINAL
,7,45,Hiram,PERSON
,7,45,Solomon,PERSON
,7,46,Jordan,GPE
,7,46,Succoth,GPE
,7,46,Zarthan,GPE
,7,47,Solomon,PERSON
,7,48,Solomon,PERSON
,7,49,five,CARDINAL
,7,49,on,PERSON
,7,49,five,CARDINAL
,7,49,on,PERSON
,7,51,So,PERSON
,7,51,Solomon,PERSON
,7,51,Solomon,PERSON
,7,51,David,PERSON
,7,51,put,PERSON
,8,1,Solomon,PERSON
,8,1,Israel,GPE
,8,1,Israel,GPE
,8,1,Solomon,PERSON
,8,1,Jerusalem,GPE
,8,1,ark,PERSON
,8,1,David,GPE
,8,1,Zion,GPE
,8,2,Israel,GPE
,8,2,Solomon,PERSON
,8,2,Ethanim,ORG
,8,2,the seventh month,DATE
,8,3,Israel,GPE
,8,3,ark,GPE
,8,4,ark,PERSON
,8,4,Levites,ORG
,8,5,Solomon,PERSON
,8,5,Israel,GPE
,8,5,ark,PERSON
,8,6,ark,PERSON
,8,7,two,CARDINAL
,8,7,ark,PERSON
,8,7,ark,PERSON
,8,8,this day,DATE
,8,9,ark,GPE
,8,9,two,CARDINAL
,8,9,Moses,PERSON
,8,9,put,PERSON
,8,9,Horeb,GPE
,8,9,Israel,GPE
,8,9,Egypt,GPE
,8,11,So,PERSON
,8,12,Solomon,PERSON
,8,14,Israel,GPE
,8,14,Israel,GPE
,8,15,Blessed,PERSON
,8,15,Israel,GPE
,8,15,David,PERSON
,8,16,the day,DATE
,8,16,Israel,GPE
,8,16,Egypt,GPE
,8,16,Israel,GPE
,8,16,David,PERSON
,8,16,Israel,GPE
,8,17,David,PERSON
,8,17,Israel,GPE
,8,18,David,PERSON
,8,20,David,PERSON
,8,20,on,PERSON
,8,20,Israel,GPE
,8,20,Israel,GPE
,8,21,ark,PERSON
,8,21,Egypt,GPE
,8,22,Solomon,PERSON
,8,22,Israel,GPE
,8,23,Israel,GPE
,8,23,on,PERSON
,8,24,David,PERSON
,8,24,this day,DATE
,8,25,Israel,GPE
,8,25,David,PERSON
,8,25,on,PERSON
,8,25,Israel,GPE
,8,25,so,PERSON
,8,26,Israel,GPE
,8,26,David,PERSON
,8,27,on,PERSON
,8,29,this house night,TIME
,8,30,Israel,GPE
,8,33,Israel,GPE
,8,34,Israel,GPE
,8,36,Israel,GPE
,8,38,Israel,GPE
,8,41,Israel,GPE
,8,43,Israel,GPE
,8,46,so,PERSON
,8,48,so,PERSON
,8,50,on,PERSON
,8,51,Egypt,GPE
,8,52,Israel,GPE
,8,53,Moses,PERSON
,8,53,Egypt,GPE
,8,54,so,PERSON
,8,54,Solomon,PERSON
,8,54,on,PERSON
,8,55,Israel,GPE
,8,56,Israel,GPE
,8,56,one,CARDINAL
,8,56,Moses,PERSON
,8,59,Israel,GPE
,8,61,this day,DATE
,8,62,Israel,GPE
,8,63,Solomon,PERSON
,8,63,two,CARDINAL
,8,63,twenty thousand,CARDINAL
,8,63,an hundred and twenty thousand,CARDINAL
,8,63,So,PERSON
,8,63,Israel,GPE
,8,64,The same day,DATE
,8,65,Solomon,PERSON
,8,65,Israel,GPE
,8,65,Hamath,NORP
,8,65,Egypt,GPE
,8,65,seven days,DATE
,8,65,seven days,DATE
,8,65,fourteen days,DATE
,8,66,On,PERSON
,8,66,the eighth day,DATE
,8,66,David,PERSON
,8,66,Israel,GPE
,9,1,Solomon,PERSON
,9,1,Solomon,PERSON
,9,2,Solomon,PERSON
,9,2,second,ORDINAL
,9,2,Gibeon,PERSON
,9,3,put,PERSON
,9,4,David,PERSON
,9,5,Israel,GPE
,9,5,David,PERSON
,9,5,Israel,GPE
,9,7,Israel,GPE
,9,7,Israel,GPE
,9,9,Egypt,GPE
,9,10,the end of twenty years,DATE
,9,10,Solomon,PERSON
,9,10,two,CARDINAL
,9,11,Hiram,PERSON
,9,11,Tyre,PERSON
,9,11,Solomon,PERSON
,9,11,Solomon,PERSON
,9,11,Hiram,PERSON
,9,11,twenty,CARDINAL
,9,11,Galilee,GPE
,9,12,Hiram,PERSON
,9,12,Tyre,PERSON
,9,12,Solomon,PERSON
,9,13,Cabul,PERSON
,9,13,this day,DATE
,9,14,Hiram,PERSON
,9,15,Solomon,PERSON
,9,15,Millo,PERSON
,9,15,Jerusalem,GPE
,9,15,Hazor,ORG
,9,15,Megiddo,PERSON
,9,15,Gezer,PERSON
,9,16,Pharaoh,PERSON
,9,16,Egypt,GPE
,9,16,Gezer,PERSON
,9,16,Canaanites,NORP
,9,16,daughter,PERSON
,9,16,Solomon,PERSON
,9,17,Solomon,PERSON
,9,17,Gezer,PERSON
,9,17,Bethhoron,ORG
,9,18,Baalath,PERSON
,9,18,Tadmor,PERSON
,9,19,Solomon,PERSON
,9,19,Solomon,PERSON
,9,19,Jerusalem,GPE
,9,19,Lebanon,GPE
,9,20,Amorites,NORP
,9,20,Hittites,NORP
,9,20,Perizzites,GPE
,9,20,Hivites,GPE
,9,20,Jebusites,GPE
,9,20,Israel,GPE
,9,21,Israel,GPE
,9,21,Solomon,PERSON
,9,21,this day,DATE
,9,22,Israel,GPE
,9,22,Solomon,PERSON
,9,23,Solomon,PERSON
,9,23,five hundred and fifty,CARDINAL
,9,24,Pharaoh,PERSON
,9,24,daughter,PERSON
,9,24,David,PERSON
,9,24,Solomon,PERSON
,9,24,Millo,ORG
,9,25,three,CARDINAL
,9,25,a year,DATE
,9,25,Solomon,PERSON
,9,25,So,PERSON
,9,26,Solomon,PERSON
,9,26,Eziongeber,ORG
,9,26,Eloth,ORG
,9,26,on,PERSON
,9,26,the Red sea,LOC
,9,26,Edom,GPE
,9,27,Hiram,PERSON
,9,27,Solomon,PERSON
,9,28,Ophir,GPE
,9,28,four hundred and twenty,CARDINAL
,9,28,Solomon,PERSON
,10,1,Sheba,PERSON
,10,1,Solomon,PERSON
,10,2,Jerusalem,GPE
,10,2,Solomon,PERSON
,10,3,Solomon,PERSON
,10,4,Sheba,PERSON
,10,4,Solomon,PERSON
,10,7,half,CARDINAL
,10,9,on,PERSON
,10,9,Israel,GPE
,10,9,Israel,GPE
,10,10,an hundred and twenty,CARDINAL
,10,10,Sheba,PERSON
,10,10,Solomon,PERSON
,10,11,Hiram,PERSON
,10,11,Ophir,GPE
,10,11,Ophir,GPE
,10,12,this day,DATE
,10,13,Solomon,PERSON
,10,13,Sheba,PERSON
,10,13,Solomon,PERSON
,10,13,So,PERSON
,10,14,Solomon,PERSON
,10,14,one year,DATE
,10,14,six hundred threescore and,DATE
,10,14,six,CARDINAL
,10,15,Arabia,GPE
,10,16,Solomon,PERSON
,10,16,two hundred,CARDINAL
,10,16,six hundred shekels,QUANTITY
,10,16,one,CARDINAL
,10,17,three hundred,CARDINAL
,10,17,three pound,QUANTITY
,10,17,one,CARDINAL
,10,17,put,PERSON
,10,17,Lebanon,GPE
,10,19,six,CARDINAL
,10,19,on,PERSON
,10,19,on,PERSON
,10,19,two,CARDINAL
,10,20,twelve,CARDINAL
,10,20,on,PERSON
,10,20,on,PERSON
,10,20,six,CARDINAL
,10,21,Solomon,PERSON
,10,21,Lebanon,GPE
,10,21,the days,DATE
,10,21,Solomon,PERSON
,10,22,Tharshish,PERSON
,10,22,Hiram,PERSON
,10,22,three years,DATE
,10,22,Tharshish,PERSON
,10,23,So,PERSON
,10,23,Solomon,PERSON
,10,24,Solomon,PERSON
,10,24,put,PERSON
,10,25,year,DATE
,10,26,Solomon,PERSON
,10,26,a thousand and four hundred,CARDINAL
,10,26,twelve thousand,CARDINAL
,10,26,Jerusalem,GPE
,10,27,Jerusalem,GPE
,10,28,Solomon,PERSON
,10,28,Egypt,GPE
,10,29,Egypt,GPE
,10,29,six hundred shekels,QUANTITY
,10,29,an hundred and fifty,CARDINAL
,10,29,so,PERSON
,10,29,Hittites,NORP
,10,29,Syria,GPE
,11,1,Solomon,PERSON
,11,1,daughter,PERSON
,11,1,Pharaoh,PERSON
,11,1,Moabites,NORP
,11,1,Zidonians,GPE
,11,1,Hittites,NORP
,11,2,Israel,GPE
,11,2,Ye,PERSON
,11,2,Solomon,PERSON
,11,3,seven hundred,CARDINAL
,11,3,three hundred,CARDINAL
,11,4,Solomon,PERSON
,11,4,David,PERSON
,11,5,Solomon,PERSON
,11,5,Ashtoreth,PERSON
,11,5,Zidonians,NORP
,11,5,Milcom,ORG
,11,6,Solomon,PERSON
,11,6,David,PERSON
,11,7,Solomon,PERSON
,11,7,Chemosh,ORG
,11,7,Moab,GPE
,11,7,Jerusalem,GPE
,11,7,Molech,ORG
,11,7,Ammon,PERSON
,11,9,Solomon,PERSON
,11,9,Israel,GPE
,11,11,Solomon,PERSON
,11,11,Forasmuch,PERSON
,11,12,David,PERSON
,11,13,one,CARDINAL
,11,13,David,PERSON
,11,13,Jerusalem,GPE
,11,14,Solomon,PERSON
,11,14,Hadad,PERSON
,11,14,Edomite,PERSON
,11,14,Edom,GPE
,11,15,David,PERSON
,11,15,Edom,GPE
,11,15,Joab,PERSON
,11,15,Edom,GPE
,11,16,six months,DATE
,11,16,Joab,PERSON
,11,16,Israel,GPE
,11,16,Edom,GPE
,11,17,Hadad,PERSON
,11,17,Egypt,GPE
,11,17,Hadad,PERSON
,11,18,Midian,ORG
,11,18,Paran,GPE
,11,18,Paran,FAC
,11,18,Egypt,GPE
,11,18,Pharaoh,PERSON
,11,18,Egypt,GPE
,11,19,Hadad,PERSON
,11,19,Pharaoh,PERSON
,11,19,so,PERSON
,11,19,Tahpenes,PERSON
,11,20,Tahpenes,ORG
,11,20,Genubath,PERSON
,11,20,Tahpenes,ORG
,11,20,Pharaoh,PERSON
,11,20,Genubath,PERSON
,11,20,Pharaoh,PERSON
,11,20,Pharaoh,PERSON
,11,21,Hadad,PERSON
,11,21,Egypt,GPE
,11,21,David,PERSON
,11,21,Joab,PERSON
,11,21,Hadad,PERSON
,11,21,Pharaoh,PERSON
,11,22,Pharaoh,PERSON
,11,23,Rezon,PERSON
,11,23,Eliadah,PERSON
,11,23,Hadadezer,PERSON
,11,23,Zobah,PERSON
,11,24,David,PERSON
,11,24,Zobah,PERSON
,11,24,Damascus,GPE
,11,24,Damascus,GPE
,11,25,Israel,GPE
,11,25,Solomon,PERSON
,11,25,Hadad,PERSON
,11,25,Israel,GPE
,11,25,Syria,GPE
,11,26,Jeroboam,PERSON
,11,26,Nebat,PERSON
,11,26,Ephrathite,NORP
,11,26,Zereda,GPE
,11,26,Solomon,PERSON
,11,26,Zeruah,PERSON
,11,27,Solomon,PERSON
,11,27,Millo,PERSON
,11,27,David,PERSON
,11,28,Jeroboam,PERSON
,11,28,Solomon,PERSON
,11,28,Joseph,PERSON
,11,29,Jeroboam,PERSON
,11,29,Jerusalem,GPE
,11,29,Ahijah,PERSON
,11,29,Shilonite,ORG
,11,29,two,CARDINAL
,11,30,Ahijah,PERSON
,11,30,on,PERSON
,11,30,twelve,CARDINAL
,11,31,Jeroboam,ORG
,11,31,ten,CARDINAL
,11,31,Israel,GPE
,11,31,Solomon,PERSON
,11,31,ten,CARDINAL
,11,32,one,CARDINAL
,11,32,David,PERSON
,11,32,Jerusalem,GPE
,11,32,Israel,GPE
,11,33,Ashtoreth,PERSON
,11,33,Zidonians,NORP
,11,33,Chemosh,PERSON
,11,33,Moabites,ORG
,11,33,Milcom,ORG
,11,33,Ammon,PERSON
,11,33,David,PERSON
,11,34,David,PERSON
,11,35,ten,CARDINAL
,11,36,one,CARDINAL
,11,36,David,PERSON
,11,36,Jerusalem,GPE
,11,36,put,PERSON
,11,37,Israel,GPE
,11,38,David,PERSON
,11,38,David,PERSON
,11,38,Israel,GPE
,11,39,David,PERSON
,11,40,Solomon,PERSON
,11,40,Jeroboam,PERSON
,11,40,Jeroboam,PERSON
,11,40,Egypt,GPE
,11,40,Shishak,PERSON
,11,40,Egypt,GPE
,11,40,Egypt,GPE
,11,40,death,PERSON
,11,40,Solomon,PERSON
,11,41,Solomon,PERSON
,11,41,Solomon,PERSON
,11,42,Solomon,PERSON
,11,42,Jerusalem,GPE
,11,42,Israel,GPE
,11,42,forty years,DATE
,11,43,Solomon,PERSON
,11,43,David,PERSON
,11,43,Rehoboam,PERSON
,12,1,Rehoboam,PERSON
,12,1,Shechem,ORG
,12,1,Israel,GPE
,12,1,Shechem,ORG
,12,2,Jeroboam,PERSON
,12,2,Nebat,PERSON
,12,2,Egypt,GPE
,12,2,Solomon,PERSON
,12,2,Jeroboam,PERSON
,12,2,Egypt,GPE
,12,3,Jeroboam,PERSON
,12,3,Israel,GPE
,12,3,Rehoboam,PERSON
,12,4,put,PERSON
,12,5,Depart,PERSON
,12,5,three days,DATE
,12,6,Rehoboam,PERSON
,12,6,Solomon,PERSON
,12,7,this day,DATE
,12,9,put,PERSON
,12,12,So,PERSON
,12,12,Jeroboam,PERSON
,12,12,Rehoboam,PERSON
,12,12,the third day,DATE
,12,12,the third day,DATE
,12,15,Ahijah,PERSON
,12,15,Jeroboam,PERSON
,12,15,Nebat,PERSON
,12,16,So,PERSON
,12,16,Israel,GPE
,12,16,David,PERSON
,12,16,Jesse,PERSON
,12,16,Israel,GPE
,12,16,David,PERSON
,12,16,So,PERSON
,12,16,Israel,GPE
,12,17,Israel,GPE
,12,17,Judah,GPE
,12,17,Rehoboam,PERSON
,12,18,Rehoboam,PERSON
,12,18,Adoram,PERSON
,12,18,Israel,GPE
,12,18,Rehoboam,PERSON
,12,18,Jerusalem,GPE
,12,19,So,PERSON
,12,19,Israel,GPE
,12,19,David,PERSON
,12,19,this day,DATE
,12,20,Israel,GPE
,12,20,Jeroboam,PERSON
,12,20,Israel,GPE
,12,20,David,PERSON
,12,20,Judah,PERSON
,12,21,Rehoboam,PERSON
,12,21,Jerusalem,GPE
,12,21,Judah,GPE
,12,21,Benjamin,PERSON
,12,21,an hundred and fourscore thousand,CARDINAL
,12,21,Israel,GPE
,12,21,Rehoboam,PERSON
,12,21,Solomon,PERSON
,12,22,Shemaiah,PERSON
,12,23,Rehoboam,PERSON
,12,23,Solomon,PERSON
,12,23,Judah,PERSON
,12,23,Judah,PERSON
,12,23,Benjamin,PERSON
,12,24,Ye,PERSON
,12,24,Israel,GPE
,12,25,Jeroboam,ORG
,12,25,Shechem,ORG
,12,25,Ephraim,PERSON
,12,25,Penuel,PRODUCT
,12,26,Jeroboam,ORG
,12,26,David,PERSON
,12,27,Jerusalem,GPE
,12,27,Rehoboam,PERSON
,12,27,Judah,PERSON
,12,27,Rehoboam,PERSON
,12,27,Judah,PERSON
,12,28,Whereupon,ORG
,12,28,two,CARDINAL
,12,28,Jerusalem,GPE
,12,28,Israel,GPE
,12,28,Egypt,GPE
,12,29,one,CARDINAL
,12,29,Bethel,GPE
,12,29,put,PERSON
,12,29,Dan,PERSON
,12,30,Dan,PERSON
,12,31,Levi,PERSON
,12,32,Jeroboam,PERSON
,12,32,the eighth month,DATE
,12,32,on,PERSON
,12,32,the fifteenth day of the month,DATE
,12,32,Judah,GPE
,12,32,So,PERSON
,12,32,Bethel,GPE
,12,32,Bethel,GPE
,12,33,So,PERSON
,12,33,Bethel,GPE
,12,33,the fifteenth day of the eighth month,DATE
,12,33,the month,DATE
,12,33,Israel,GPE
,13,1,Judah,PERSON
,13,1,Bethel,PERSON
,13,1,Jeroboam,PERSON
,13,2,David,PERSON
,13,2,Josiah,PERSON
,13,3,the same day,DATE
,13,4,Jeroboam,PERSON
,13,4,Bethel,GPE
,13,4,put,PERSON
,13,4,Lay,PERSON
,13,4,on,PERSON
,13,4,put,PERSON
,13,4,so,PERSON
,13,6,Intreat,PERSON
,13,8,half,CARDINAL
,13,8,thine house,ORG
,13,9,so,PERSON
,13,10,So,PERSON
,13,10,Bethel,GPE
,13,11,Bethel,GPE
,13,11,that day,DATE
,13,11,Bethel,GPE
,13,12,Judah,PERSON
,13,13,So,PERSON
,13,14,Judah,PERSON
,13,18,thine house,ORG
,13,19,So,PERSON
,13,21,Judah,GPE
,13,21,Forasmuch,PERSON
,13,27,Saddle,ORG
,13,32,Bethel,GPE
,13,32,Samaria,GPE
,13,33,Jeroboam,PERSON
,13,34,Jeroboam,ORG
,14,1,Abijah,PERSON
,14,1,Jeroboam,ORG
,14,2,Jeroboam,ORG
,14,2,Jeroboam,ORG
,14,2,Shiloh,GPE
,14,2,Ahijah,PERSON
,14,3,ten,CARDINAL
,14,4,Jeroboam,ORG
,14,4,so,PERSON
,14,4,Shiloh,GPE
,14,4,the house of Ahijah,ORG
,14,4,Ahijah,PERSON
,14,5,Ahijah,PERSON
,14,5,Jeroboam,PERSON
,14,6,so,PERSON
,14,6,Ahijah,PERSON
,14,6,Jeroboam,ORG
,14,7,Jeroboam,PERSON
,14,7,Israel,GPE
,14,7,Forasmuch,PERSON
,14,7,Israel,GPE
,14,8,David,PERSON
,14,8,David,PERSON
,14,10,Jeroboam,ORG
,14,10,Jeroboam,ORG
,14,10,Israel,GPE
,14,10,Jeroboam,ORG
,14,11,Jeroboam,ORG
,14,13,Israel,GPE
,14,13,Jeroboam,PERSON
,14,13,Israel,GPE
,14,13,Jeroboam,ORG
,14,14,Israel,GPE
,14,14,Jeroboam,PERSON
,14,15,Israel,GPE
,14,15,Israel,GPE
,14,16,Israel,GPE
,14,16,Jeroboam,PERSON
,14,16,Israel,GPE
,14,17,Jeroboam,ORG
,14,17,Tirzah,PERSON
,14,18,Israel,GPE
,14,18,Ahijah,PERSON
,14,19,Jeroboam,ORG
,14,19,Israel,GPE
,14,20,the days,DATE
,14,20,Jeroboam,PERSON
,14,20,two and twenty years,DATE
,14,20,Nadab,ORG
,14,21,Rehoboam,PERSON
,14,21,Solomon,PERSON
,14,21,Judah,PERSON
,14,21,Rehoboam,PERSON
,14,21,forty and one years old,DATE
,14,21,seventeen years,DATE
,14,21,Jerusalem,GPE
,14,21,Israel,GPE
,14,21,put,PERSON
,14,21,Naamah,PERSON
,14,21,Ammonitess,ORG
,14,22,Judah,PERSON
,14,23,on,PERSON
,14,24,Israel,GPE
,14,25,the fifth year,DATE
,14,25,Rehoboam,PERSON
,14,25,Shishak,NORP
,14,25,Egypt,GPE
,14,25,Jerusalem,GPE
,14,26,Solomon,PERSON
,14,27,Rehoboam,PERSON
,14,28,so,PERSON
,14,29,Rehoboam,PERSON
,14,29,Judah,PERSON
,14,30,Rehoboam,PERSON
,14,30,Jeroboam,PERSON
,14,31,Rehoboam,PERSON
,14,31,David,PERSON
,14,31,Naamah,PERSON
,14,31,Ammonitess,ORG
,14,31,Abijam,ORG
,15,1,the eighteenth year,DATE
,15,1,Jeroboam,PERSON
,15,1,Nebat,PERSON
,15,1,Abijam,ORG
,15,1,Judah,PERSON
,15,2,Three years,DATE
,15,2,Jerusalem,GPE
,15,2,Maachah,EVENT
,15,2,daughter,PERSON
,15,2,Abishalom,GPE
,15,3,David,PERSON
,15,4,David,PERSON
,15,4,Jerusalem,GPE
,15,4,Jerusalem,GPE
,15,5,David,PERSON
,15,5,Uriah,PERSON
,15,5,Hittite,NORP
,15,6,Rehoboam,PERSON
,15,6,Jeroboam,PERSON
,15,7,Abijam,ORG
,15,7,Judah,PERSON
,15,7,Abijam,ORG
,15,7,Jeroboam,ORG
,15,8,Abijam,ORG
,15,8,David,PERSON
,15,8,Asa,PERSON
,15,9,the twentieth year,DATE
,15,9,Jeroboam,PERSON
,15,9,Israel,GPE
,15,9,Asa,ORG
,15,9,Judah,PERSON
,15,10,forty and one years,DATE
,15,10,Jerusalem,GPE
,15,10,Maachah,EVENT
,15,10,daughter,PERSON
,15,10,Abishalom,GPE
,15,11,Asa,ORG
,15,11,David,PERSON
,15,13,Maachah,PERSON
,15,13,Asa,ORG
,15,13,the brook Kidron,LOC
,15,14,Asa,ORG
,15,16,Asa,PERSON
,15,16,Baasha,NORP
,15,16,Israel,GPE
,15,17,Baasha,NORP
,15,17,Israel,GPE
,15,17,Judah,PERSON
,15,17,Ramah,GPE
,15,17,Asa,PERSON
,15,17,Judah,PERSON
,15,18,Asa,ORG
,15,18,Asa,PERSON
,15,18,Benhadad,GPE
,15,18,Tabrimon,GPE
,15,18,Hezion,GPE
,15,18,Syria,GPE
,15,18,Damascus,GPE
,15,19,Baasha,NORP
,15,19,Israel,GPE
,15,20,So,PERSON
,15,20,Benhadad,PERSON
,15,20,Asa,PERSON
,15,20,Israel,GPE
,15,20,Ijon,PERSON
,15,20,Dan,PERSON
,15,20,Abelbethmaachah,GPE
,15,20,Cinneroth,PERSON
,15,20,Naphtali,GPE
,15,21,Baasha,PERSON
,15,21,Ramah,GPE
,15,21,Tirzah,GPE
,15,22,Asa,PERSON
,15,22,Judah,NORP
,15,22,Ramah,GPE
,15,22,Baasha,ORG
,15,22,Asa,PERSON
,15,22,Geba of Benjamin,ORG
,15,22,Mizpah,PERSON
,15,23,Asa,ORG
,15,23,Judah,PERSON
,15,24,Asa,ORG
,15,24,David,PERSON
,15,24,Jehoshaphat,PERSON
,15,25,Nadab,PERSON
,15,25,Jeroboam,PERSON
,15,25,Israel,GPE
,15,25,the second year,DATE
,15,25,Asa,PERSON
,15,25,Judah,PERSON
,15,25,Israel,GPE
,15,25,two years,DATE
,15,26,Israel,GPE
,15,27,Baasha,PERSON
,15,27,Ahijah,PERSON
,15,27,Issachar,WORK_OF_ART
,15,27,Baasha,ORG
,15,27,Gibbethon,ORG
,15,27,Philistines,NORP
,15,27,Nadab,ORG
,15,27,Israel,GPE
,15,27,Gibbethon,PRODUCT
,15,28,the third year,DATE
,15,28,Asa,PERSON
,15,28,Judah,PERSON
,15,28,Baasha,PERSON
,15,29,Jeroboam,ORG
,15,29,Jeroboam,PERSON
,15,29,Ahijah,PERSON
,15,30,Jeroboam,PERSON
,15,30,Israel,GPE
,15,30,Israel,GPE
,15,31,Nadab,GPE
,15,31,Israel,GPE
,15,32,Asa,PERSON
,15,32,Baasha,NORP
,15,32,Israel,GPE
,15,33,the third year,DATE
,15,33,Asa,PERSON
,15,33,Judah,PERSON
,15,33,Baasha,PERSON
,15,33,Ahijah,PERSON
,15,33,Israel,GPE
,15,33,Tirzah,GPE
,15,33,twenty and four years,DATE
,15,34,Jeroboam,ORG
,15,34,Israel,GPE
,16,1,Jehu,PERSON
,16,1,Hanani,PERSON
,16,1,Baasha,ORG
,16,2,Forasmuch,PERSON
,16,2,Israel,GPE
,16,2,Jeroboam,ORG
,16,2,Israel,GPE
,16,3,Baasha,ORG
,16,3,Jeroboam,PERSON
,16,3,Nebat,PERSON
,16,4,Baasha,ORG
,16,5,Baasha,ORG
,16,5,Israel,GPE
,16,6,So,PERSON
,16,6,Baasha,PERSON
,16,6,Tirzah,GPE
,16,6,Elah,PERSON
,16,7,Jehu,PERSON
,16,7,Hanani,GPE
,16,7,Baasha,ORG
,16,7,Jeroboam,ORG
,16,8,the twenty and sixth year,DATE
,16,8,Asa,PERSON
,16,8,Judah,PERSON
,16,8,Elah,PERSON
,16,8,Baasha,PERSON
,16,8,Israel,GPE
,16,8,Tirzah,GPE
,16,8,two years,DATE
,16,9,Zimri,PERSON
,16,9,half,CARDINAL
,16,9,Tirzah,GPE
,16,9,Arza,GPE
,16,9,Tirzah,GPE
,16,10,Zimri,PERSON
,16,10,the twenty and seventh year,DATE
,16,10,Asa,PERSON
,16,10,Judah,PERSON
,16,11,on,PERSON
,16,11,Baasha,NORP
,16,12,Zimri,PERSON
,16,12,Baasha,ORG
,16,12,Baasha,PERSON
,16,12,Jehu,PERSON
,16,13,Baasha,ORG
,16,13,Elah,PERSON
,16,13,Israel,GPE
,16,13,Israel,GPE
,16,14,Elah,ORG
,16,14,Israel,GPE
,16,15,the twenty and seventh year,DATE
,16,15,Asa,ORG
,16,15,Judah,PERSON
,16,15,Zimri,PERSON
,16,15,seven days,DATE
,16,15,Tirzah,GPE
,16,15,Gibbethon,WORK_OF_ART
,16,15,Philistines,PRODUCT
,16,16,Zimri,PERSON
,16,16,Israel,GPE
,16,16,Omri,PERSON
,16,16,Israel,GPE
,16,16,that day,DATE
,16,17,Omri,PERSON
,16,17,Gibbethon,ORG
,16,17,Israel,GPE
,16,17,Tirzah,GPE
,16,18,Zimri,PERSON
,16,19,Jeroboam,ORG
,16,19,Israel,GPE
,16,20,Zimri,PERSON
,16,20,Israel,GPE
,16,21,Israel,GPE
,16,21,two,CARDINAL
,16,21,half,CARDINAL
,16,21,Tibni,GPE
,16,21,Ginath,ORG
,16,21,half,CARDINAL
,16,21,Omri,PERSON
,16,22,Omri,PERSON
,16,22,Tibni,PERSON
,16,22,Ginath,PERSON
,16,22,so,PERSON
,16,22,Tibni,PERSON
,16,22,Omri,PERSON
,16,23,the thirty and first year,DATE
,16,23,Asa,PERSON
,16,23,Judah,PERSON
,16,23,Omri,PERSON
,16,23,Israel,GPE
,16,23,twelve years,DATE
,16,23,six years,DATE
,16,23,Tirzah,GPE
,16,24,Samaria,GPE
,16,24,Shemer,GPE
,16,24,two,CARDINAL
,16,24,on,PERSON
,16,24,Shemer,ORG
,16,24,Samaria,GPE
,16,25,Omri,PERSON
,16,26,Jeroboam,PERSON
,16,26,Nebat,PERSON
,16,26,Israel,GPE
,16,26,Israel,GPE
,16,27,Omri,PERSON
,16,27,Israel,GPE
,16,28,So,PERSON
,16,28,Omri,PERSON
,16,28,Samaria,GPE
,16,28,Ahab,PERSON
,16,29,the thirty and eighth year,DATE
,16,29,Asa,PERSON
,16,29,Judah,PERSON
,16,29,Ahab,PERSON
,16,29,Omri,PERSON
,16,29,Israel,GPE
,16,29,Ahab,PERSON
,16,29,Omri,PERSON
,16,29,Israel,GPE
,16,29,Samaria,GPE
,16,30,Ahab,PERSON
,16,30,Omri,PERSON
,16,31,Jeroboam,PERSON
,16,31,Nebat,PERSON
,16,31,Jezebel,PERSON
,16,31,daughter,PERSON
,16,31,Ethbaal,PERSON
,16,31,Zidonians,NORP
,16,31,Baal,PERSON
,16,32,Baal,PERSON
,16,32,Baal,PERSON
,16,32,Samaria,GPE
,16,33,Ahab,PERSON
,16,33,Ahab,PERSON
,16,33,Israel,GPE
,16,33,Israel,GPE
,16,34,his days,DATE
,16,34,Hiel,PERSON
,16,34,Bethelite,NORP
,16,34,Jericho,GPE
,16,34,Abiram,GPE
,16,34,Segub,PERSON
,16,34,Joshua,PERSON
,16,34,Nun,PERSON
,17,1,Elijah the Tishbite,PERSON
,17,1,Gilead,ORG
,17,1,Ahab,PERSON
,17,1,Israel,GPE
,17,1,these years,DATE
,17,3,the brook Cherith,PERSON
,17,3,Jordan,GPE
,17,5,So,PERSON
,17,5,the brook Cherith,PERSON
,17,5,Jordan,GPE
,17,6,brook,LOC
,17,9,Zarephath,GPE
,17,9,Zidon,GPE
,17,10,So,PERSON
,17,10,Zarephath,GPE
,17,10,Fetch,PERSON
,17,12,two,CARDINAL
,17,13,Elijah,PERSON
,17,13,first,ORDINAL
,17,14,Israel,GPE
,17,14,the day,DATE
,17,15,Elijah,PERSON
,17,16,Elijah,PERSON
,17,17,so,PERSON
,17,18,Elijah,PERSON
,17,21,three,CARDINAL
,17,22,Elijah,PERSON
,17,23,Elijah,PERSON
,17,23,Elijah,PERSON
,17,24,Elijah,PERSON
,18,1,many days,DATE
,18,1,Elijah,PERSON
,18,1,the third year,DATE
,18,1,Ahab,PERSON
,18,2,Elijah,PERSON
,18,2,Ahab,PERSON
,18,2,Samaria,GPE
,18,3,Ahab,PERSON
,18,3,Obadiah,PERSON
,18,3,Obadiah,PERSON
,18,4,so,PERSON
,18,4,Jezebel,PERSON
,18,4,Obadiah,PERSON
,18,4,an hundred,CARDINAL
,18,4,fifty,CARDINAL
,18,5,Ahab,PERSON
,18,5,Obadiah,PERSON
,18,5,brooks,PERSON
,18,6,So,PERSON
,18,6,Ahab,PERSON
,18,6,one,CARDINAL
,18,6,Obadiah,PERSON
,18,7,Obadiah,PERSON
,18,7,Elijah,PERSON
,18,7,on,PERSON
,18,7,Elijah,PERSON
,18,8,Behold,PERSON
,18,8,Elijah,PERSON
,18,9,Ahab,PERSON
,18,11,Behold,PERSON
,18,11,Elijah,PERSON
,18,12,Spirit,ORG
,18,12,so,PERSON
,18,12,Ahab,PERSON
,18,13,Jezebel,PERSON
,18,13,hundred,CARDINAL
,18,13,fifty,CARDINAL
,18,14,Behold,PERSON
,18,14,Elijah,PERSON
,18,15,Elijah,PERSON
,18,16,So,PERSON
,18,16,Obadiah,PERSON
,18,16,Ahab,PERSON
,18,16,Ahab,PERSON
,18,16,Elijah,PERSON
,18,17,Ahab,PERSON
,18,17,Elijah,PERSON
,18,17,Ahab,PERSON
,18,17,Israel,GPE
,18,18,Israel,GPE
,18,18,Baalim,ORG
,18,19,Israel,GPE
,18,19,Carmel,GPE
,18,19,Baal,PERSON
,18,19,four hundred and fifty,CARDINAL
,18,19,four hundred,CARDINAL
,18,19,Jezebel,PERSON
,18,20,So,PERSON
,18,20,Ahab,PERSON
,18,20,Israel,GPE
,18,21,Elijah,PERSON
,18,21,two,CARDINAL
,18,21,Baal,PERSON
,18,22,Elijah,PERSON
,18,22,Baal,PERSON
,18,22,four hundred and fifty,CARDINAL
,18,23,two,CARDINAL
,18,23,one,CARDINAL
,18,23,on,PERSON
,18,23,put,PERSON
,18,23,on,PERSON
,18,23,put,PERSON
,18,24,on,PERSON
,18,24,on,PERSON
,18,25,Elijah,PERSON
,18,25,Baal,PERSON
,18,25,one,CARDINAL
,18,25,first,ORDINAL
,18,25,on,PERSON
,18,25,put,PERSON
,18,26,on,PERSON
,18,26,Baal,PERSON
,18,26,morning,TIME
,18,26,noon,TIME
,18,26,Baal,PERSON
,18,27,noon,TIME
,18,27,Elijah,PERSON
,18,29,midday,TIME
,18,29,evening,TIME
,18,30,Elijah,PERSON
,18,31,Elijah,PERSON
,18,31,twelve,CARDINAL
,18,31,Jacob,PERSON
,18,31,Israel,GPE
,18,32,two,CARDINAL
,18,33,put,PERSON
,18,33,on,PERSON
,18,33,four barrels,QUANTITY
,18,33,on,PERSON
,18,33,on,PERSON
,18,34,second,ORDINAL
,18,34,second,ORDINAL
,18,34,third,ORDINAL
,18,34,third,ORDINAL
,18,36,evening,TIME
,18,36,Elijah,PERSON
,18,36,Abraham,PERSON
,18,36,Isaac,PERSON
,18,36,Israel,GPE
,18,36,this day,DATE
,18,36,Israel,GPE
,18,39,on,PERSON
,18,40,Elijah,PERSON
,18,40,Baal,PERSON
,18,40,one,CARDINAL
,18,40,Elijah,PERSON
,18,40,the brook Kishon,LOC
,18,41,Elijah,PERSON
,18,41,Ahab,PERSON
,18,42,So,PERSON
,18,42,Ahab,PERSON
,18,42,Elijah,PERSON
,18,42,Carmel,ORG
,18,42,put,PERSON
,18,43,seven,CARDINAL
,18,44,seventh,ORDINAL
,18,44,Behold,PERSON
,18,44,Ahab,PERSON
,18,45,Ahab,PERSON
,18,45,Jezreel,PERSON
,18,46,on,PERSON
,18,46,Elijah,PERSON
,18,46,Ahab,PERSON
,18,46,Jezreel,LOC
,19,1,Ahab,PERSON
,19,1,Jezebel,PERSON
,19,1,Elijah,PERSON
,19,2,Jezebel,PERSON
,19,2,Elijah,PERSON
,19,2,So,PERSON
,19,2,one,CARDINAL
,19,3,Beersheba,PERSON
,19,3,Judah,PERSON
,19,4,day,DATE
,19,6,on,PERSON
,19,7,second,ORDINAL
,19,8,forty days,DATE
,19,8,forty nights,DATE
,19,8,Horeb,NORP
,19,9,Elijah,PERSON
,19,10,Israel,GPE
,19,13,so,PERSON
,19,13,Elijah,PERSON
,19,13,Elijah,PERSON
,19,14,Israel,GPE
,19,15,on,PERSON
,19,15,Damascus,GPE
,19,15,Hazael,GPE
,19,15,Syria,GPE
,19,16,Jehu,PERSON
,19,16,Nimshi,PERSON
,19,16,Israel,GPE
,19,16,Elisha,PERSON
,19,16,Shaphat,PERSON
,19,16,Abelmeholah,PERSON
,19,17,Hazael,GPE
,19,17,Jehu,PERSON
,19,17,Jehu,PERSON
,19,17,Elisha,PERSON
,19,18,seven thousand,CARDINAL
,19,18,Israel,GPE
,19,18,Baal,PERSON
,19,19,So,PERSON
,19,19,Elisha,PERSON
,19,19,Shaphat,PERSON
,19,19,twelve,CARDINAL
,19,19,twelfth,ORDINAL
,19,19,Elijah,PERSON
,19,20,Elijah,PERSON
,19,21,Elijah,PERSON
,20,1,Benhadad,PERSON
,20,1,Syria,GPE
,20,1,thirty and,CARDINAL
,20,1,two,CARDINAL
,20,1,Samaria,GPE
,20,2,Ahab,PERSON
,20,2,Israel,GPE
,20,2,Benhadad,GPE
,20,4,Israel,GPE
,20,5,Benhadad,PERSON
,20,6,thine house,ORG
,20,6,put,PERSON
,20,7,Israel,GPE
,20,7,Mark,PERSON
,20,8,Hearken,PERSON
,20,9,Benhadad,GPE
,20,10,Benhadad,PERSON
,20,10,so,PERSON
,20,10,Samaria,GPE
,20,11,Israel,GPE
,20,11,on,PERSON
,20,12,Ben-hadad,PERSON
,20,13,Ahab,PERSON
,20,13,Israel,GPE
,20,13,this day,DATE
,20,14,Ahab,PERSON
,20,15,two hundred and thirty two,CARDINAL
,20,15,Israel,GPE
,20,15,seven thousand,CARDINAL
,20,16,noon,TIME
,20,16,Benhadad,GPE
,20,16,thirty,CARDINAL
,20,16,two,CARDINAL
,20,17,first,ORDINAL
,20,17,Benhadad,PERSON
,20,17,Samaria,GPE
,20,19,So,PERSON
,20,20,Syrians,NORP
,20,20,Israel,GPE
,20,20,Benhadad,GPE
,20,20,Syria,GPE
,20,20,on,PERSON
,20,21,Israel,GPE
,20,21,Syrians,NORP
,20,22,Israel,GPE
,20,22,the year,DATE
,20,22,Syria,GPE
,20,23,Syria,GPE
,20,24,put,PERSON
,20,25,so,PERSON
,20,26,the year,DATE
,20,26,Benhadad,GPE
,20,26,Syrians,NORP
,20,26,Aphek,PERSON
,20,26,Israel,GPE
,20,27,Israel,GPE
,20,27,Israel,GPE
,20,27,two,CARDINAL
,20,27,Syrians,NORP
,20,28,Israel,GPE
,20,28,Syrians,NORP
,20,29,one,CARDINAL
,20,29,the other seven days,DATE
,20,29,so,PERSON
,20,29,the seventh day,DATE
,20,29,Israel,GPE
,20,29,Syrians,NORP
,20,29,one day,DATE
,20,30,Aphek,PERSON
,20,30,twenty and seven thousand,CARDINAL
,20,30,Benhadad,PERSON
,20,31,Israel,GPE
,20,31,put,PERSON
,20,31,on,PERSON
,20,31,Israel,GPE
,20,32,So,PERSON
,20,32,on,PERSON
,20,32,put,PERSON
,20,32,on,PERSON
,20,32,Israel,GPE
,20,32,Benhadad,PERSON
,20,33,Benhadad,PERSON
,20,33,Benhadad,GPE
,20,34,Ben-hadad,PERSON
,20,34,Damascus,GPE
,20,34,Samaria,GPE
,20,34,Ahab,PERSON
,20,34,So,PERSON
,20,37,so,PERSON
,20,38,So,PERSON
,20,40,Israel,GPE
,20,40,So,PERSON
,20,41,Israel,GPE
,20,43,Israel,GPE
,20,43,Samaria,GPE
,21,1,Naboth,ORG
,21,1,Jezreelite,ORG
,21,1,Jezreel,PERSON
,21,1,Ahab,PERSON
,21,1,Samaria,GPE
,21,2,Ahab,PERSON
,21,2,Naboth,ORG
,21,3,Naboth,ORG
,21,3,Ahab,PERSON
,21,4,Ahab,PERSON
,21,4,Naboth,ORG
,21,4,Jezreelite,ORG
,21,5,Jezebel,PERSON
,21,5,so,PERSON
,21,6,Naboth,PERSON
,21,6,Jezreelite,ORG
,21,7,Jezebel,PERSON
,21,7,Dost,PERSON
,21,7,Israel,GPE
,21,7,Naboth,ORG
,21,7,Jezreelite,ORG
,21,8,So,PERSON
,21,8,Ahab,PERSON
,21,8,Naboth,ORG
,21,9,Naboth,ORG
,21,9,on,PERSON
,21,10,two,CARDINAL
,21,10,Belial,PERSON
,21,11,Jezebel,PERSON
,21,12,Naboth,ORG
,21,12,on,PERSON
,21,13,two,CARDINAL
,21,13,Belial,PERSON
,21,13,Belial,PERSON
,21,13,Naboth,ORG
,21,13,Naboth,ORG
,21,14,Jezebel,PERSON
,21,14,Naboth,ORG
,21,15,Jezebel,PERSON
,21,15,Naboth,ORG
,21,15,Jezebel,PERSON
,21,15,Ahab,PERSON
,21,15,Naboth,ORG
,21,15,Jezreelite,ORG
,21,15,Naboth,ORG
,21,16,Ahab,PERSON
,21,16,Naboth,ORG
,21,16,Ahab,PERSON
,21,16,Naboth,ORG
,21,16,Jezreelite,ORG
,21,17,Elijah the Tishbite,PERSON
,21,18,Ahab,PERSON
,21,18,Israel,GPE
,21,18,Samaria,GPE
,21,18,Naboth,ORG
,21,19,Naboth,ORG
,21,20,Ahab,PERSON
,21,20,Elijah,PERSON
,21,21,Ahab,PERSON
,21,21,Israel,GPE
,21,22,Jeroboam,PERSON
,21,22,Nebat,PERSON
,21,22,Baasha,NORP
,21,22,Ahijah,PERSON
,21,22,Israel,GPE
,21,23,Jezebel,PERSON
,21,23,Jezebel,PERSON
,21,23,Jezreel,PERSON
,21,24,Ahab,PERSON
,21,25,Ahab,PERSON
,21,25,Jezebel,PERSON
,21,26,Amorites,ORG
,21,26,Israel,GPE
,21,27,Ahab,PERSON
,21,27,put,PERSON
,21,28,Elijah the Tishbite,PERSON
,21,29,Seest,ORG
,21,29,Ahab,PERSON
,22,1,three years,DATE
,22,1,Syria,GPE
,22,1,Israel,GPE
,22,2,the third year,DATE
,22,2,Jehoshaphat,PERSON
,22,2,Judah,PERSON
,22,2,Israel,GPE
,22,3,Israel,GPE
,22,3,Ramoth,PERSON
,22,3,Gilead,GPE
,22,3,Syria,GPE
,22,4,Jehoshaphat,PERSON
,22,4,Ramothgilead,PERSON
,22,4,Jehoshaphat,PERSON
,22,4,Israel,GPE
,22,5,Jehoshaphat,PERSON
,22,5,Israel,GPE
,22,6,Israel,GPE
,22,6,about four hundred,CARDINAL
,22,6,Ramothgilead,PERSON
,22,7,Jehoshaphat,PERSON
,22,8,Israel,GPE
,22,8,Jehoshaphat,PERSON
,22,8,one,CARDINAL
,22,8,Micaiah,PERSON
,22,8,Imlah,PERSON
,22,8,Jehoshaphat,PERSON
,22,8,so,PERSON
,22,9,Israel,GPE
,22,9,Hasten hither Micaiah,PERSON
,22,9,Imlah,PERSON
,22,10,Israel,GPE
,22,10,Jehoshaphat,PERSON
,22,10,Judah,PERSON
,22,10,on,PERSON
,22,10,put,PERSON
,22,10,on,PERSON
,22,10,Samaria,GPE
,22,11,Zedekiah,PERSON
,22,11,Chenaanah,ORG
,22,11,Syrians,NORP
,22,12,so,PERSON
,22,12,Ramothgilead,PERSON
,22,13,Micaiah,PERSON
,22,13,one,CARDINAL
,22,13,one,CARDINAL
,22,14,Micaiah,PERSON
,22,15,So,PERSON
,22,15,Micaiah,PERSON
,22,15,Ramothgilead,PERSON
,22,17,Israel,GPE
,22,18,Israel,GPE
,22,18,Jehoshaphat,PERSON
,22,19,on,PERSON
,22,19,on,PERSON
,22,19,on,PERSON
,22,20,Ahab,PERSON
,22,20,Ramothgilead,PERSON
,22,20,on,PERSON
,22,20,on,PERSON
,22,22,so,PERSON
,22,23,put,PERSON
,22,24,Zedekiah,PERSON
,22,24,Chenaanah,ORG
,22,24,Micaiah,PERSON
,22,24,on,PERSON
,22,25,Micaiah,PERSON
,22,25,Behold,PERSON
,22,25,that day,DATE
,22,26,Israel,GPE
,22,26,Take Micaiah,PERSON
,22,26,Amon,PERSON
,22,26,Joash,PERSON
,22,27,Put,PERSON
,22,28,Micaiah,PERSON
,22,28,Hearken,PERSON
,22,29,So,PERSON
,22,29,Israel,GPE
,22,29,Jehoshaphat,PERSON
,22,29,Judah,PERSON
,22,29,Ramothgilead,PERSON
,22,30,Israel,GPE
,22,30,Jehoshaphat,PERSON
,22,30,put,PERSON
,22,30,on,PERSON
,22,30,Israel,GPE
,22,31,Syria,GPE
,22,31,thirty and two,CARDINAL
,22,31,Israel,GPE
,22,32,Jehoshaphat,PERSON
,22,32,Israel,GPE
,22,32,Jehoshaphat,PERSON
,22,33,Israel,GPE
,22,34,Israel,GPE
,22,35,Syrians,NORP
,22,37,So,PERSON
,22,37,Samaria,GPE
,22,37,Samaria,GPE
,22,38,one,CARDINAL
,22,38,Samaria,GPE
,22,39,Ahab,PERSON
,22,39,the ivory house,ORG
,22,39,Israel,GPE
,22,40,So,PERSON
,22,40,Ahab,PERSON
,22,40,Ahaziah,PERSON
,22,41,Jehoshaphat,PERSON
,22,41,Asa,ORG
,22,41,Judah,PERSON
,22,41,the fourth year,DATE
,22,41,Ahab,PERSON
,22,41,Israel,GPE
,22,42,Jehoshaphat,PERSON
,22,42,thirty and five years old,DATE
,22,42,twenty and five years,DATE
,22,42,Jerusalem,GPE
,22,42,Azubah,ORG
,22,42,daughter,PERSON
,22,42,Shilhi,PERSON
,22,43,Asa,ORG
,22,44,Jehoshaphat,PERSON
,22,44,Israel,GPE
,22,45,Jehoshaphat,PERSON
,22,45,Judah,PERSON
,22,46,the days,DATE
,22,46,Asa,PERSON
,22,48,Jehoshaphat,PERSON
,22,48,Tharshish,PERSON
,22,48,Ophir,GPE
,22,48,Eziongeber,PRODUCT
,22,49,Ahaziah,PERSON
,22,49,Ahab,PERSON
,22,49,Jehoshaphat,PERSON
,22,49,Jehoshaphat,PERSON
,22,50,Jehoshaphat,PERSON
,22,50,David,PERSON
,22,50,Jehoram,PERSON
,22,51,Ahaziah,PERSON
,22,51,Ahab,PERSON
,22,51,Israel,GPE
,22,51,Samaria,GPE
,22,51,the seventeenth year of Jehoshaphat,DATE
,22,51,Judah,PERSON
,22,51,two years,DATE
,22,51,Israel,GPE
,22,52,Jeroboam,PERSON
,22,52,Nebat,PERSON
,22,52,Israel,GPE
,22,53,Baal,PERSON
,22,53,Israel,GPE
,1,1,Moab,GPE
,1,1,Israel,GPE
,1,1,death,PERSON
,1,1,Ahab,PERSON
,1,2,Ahaziah,PERSON
,1,2,Samaria,GPE
,1,2,Baalzebub the god,ORG
,1,2,Ekron,ORG
,1,3,"Elijah the Tishbite, Arise",PERSON
,1,3,Samaria,GPE
,1,3,Israel,GPE
,1,3,Baalzebub the god,ORG
,1,3,Ekron,ORG
,1,4,on,PERSON
,1,4,Elijah,PERSON
,1,6,Israel,GPE
,1,6,Baalzebub the god,ORG
,1,6,Ekron,ORG
,1,6,on,PERSON
,1,8,Elijah the Tishbite,PERSON
,1,9,fifty,CARDINAL
,1,9,fifty,CARDINAL
,1,9,on,PERSON
,1,10,Elijah,PERSON
,1,10,fifty,CARDINAL
,1,10,fifty,CARDINAL
,1,10,fifty,CARDINAL
,1,11,fifty,CARDINAL
,1,11,fifty,CARDINAL
,1,12,Elijah,PERSON
,1,12,fifty,CARDINAL
,1,12,fifty,CARDINAL
,1,13,third,ORDINAL
,1,13,fifty,CARDINAL
,1,13,third,ORDINAL
,1,13,fifty,CARDINAL
,1,13,on,PERSON
,1,13,Elijah,PERSON
,1,13,fifty,CARDINAL
,1,14,two,CARDINAL
,1,15,Elijah,PERSON
,1,16,Forasmuch,PERSON
,1,16,Baalzebub the god,ORG
,1,16,Ekron,ORG
,1,16,Israel,GPE
,1,16,on,PERSON
,1,17,So,PERSON
,1,17,Elijah,PERSON
,1,17,Jehoram,PERSON
,1,17,the second year,DATE
,1,17,Jehoram,GPE
,1,17,Jehoshaphat,PERSON
,1,17,Judah,PERSON
,1,18,Ahaziah,PERSON
,1,18,Israel,GPE
,2,1,Elijah,PERSON
,2,1,Elijah,PERSON
,2,1,Elisha,PERSON
,2,2,Elijah,PERSON
,2,2,Elisha,PERSON
,2,2,Tarry,PERSON
,2,2,Bethel,GPE
,2,2,Elisha,PERSON
,2,2,So,PERSON
,2,2,Bethel,GPE
,2,3,Bethel,GPE
,2,3,Elisha,PERSON
,2,3,Knowest,PERSON
,2,3,Yea,PERSON
,2,4,Elijah,PERSON
,2,4,Elisha,PERSON
,2,4,Jericho,GPE
,2,4,So,PERSON
,2,4,Jericho,GPE
,2,5,Jericho,GPE
,2,5,Elisha,PERSON
,2,5,Knowest,PERSON
,2,5,Yea,PERSON
,2,6,Elijah,PERSON
,2,6,Tarry,PERSON
,2,6,Jordan,GPE
,2,6,two,CARDINAL
,2,6,on,PERSON
,2,7,fifty,CARDINAL
,2,7,two,CARDINAL
,2,7,Jordan,GPE
,2,8,Elijah,PERSON
,2,8,so,PERSON
,2,8,two,CARDINAL
,2,8,on,PERSON
,2,9,Elijah,PERSON
,2,9,Elisha,PERSON
,2,9,Elisha,PERSON
,2,10,Thou,PERSON
,2,10,so,PERSON
,2,10,so,PERSON
,2,11,on,PERSON
,2,11,Elijah,PERSON
,2,12,Elisha,PERSON
,2,12,Israel,GPE
,2,12,two,CARDINAL
,2,13,Elijah,PERSON
,2,13,Jordan,GPE
,2,14,Elijah,PERSON
,2,14,Elijah,PERSON
,2,14,Elisha,PERSON
,2,15,Jericho,GPE
,2,15,Elijah,PERSON
,2,15,on,PERSON
,2,15,Elisha,PERSON
,2,16,fifty,CARDINAL
,2,16,Ye,PERSON
,2,17,fifty,CARDINAL
,2,17,three days,DATE
,2,18,Jericho,GPE
,2,19,Elisha,PERSON
,2,19,seeth,PERSON
,2,20,put,PERSON
,2,21,death,PERSON
,2,22,So,PERSON
,2,22,this day,DATE
,2,22,Elisha,PERSON
,2,23,Bethel,PERSON
,2,24,on,PERSON
,2,24,two,CARDINAL
,2,24,forty and two,CARDINAL
,2,25,Carmel,GPE
,2,25,Samaria,GPE
,3,1,Jehoram,PERSON
,3,1,Ahab,PERSON
,3,1,Israel,GPE
,3,1,Samaria,GPE
,3,1,the eighteenth year of Jehoshaphat,DATE
,3,1,Judah,PERSON
,3,1,twelve years,DATE
,3,2,put,PERSON
,3,2,Baal,PERSON
,3,3,Jeroboam,PERSON
,3,3,Nebat,PERSON
,3,3,Israel,GPE
,3,4,Mesha,PERSON
,3,4,Moab,GPE
,3,4,Israel,GPE
,3,4,an hundred thousand,CARDINAL
,3,5,Ahab,PERSON
,3,5,Moab,GPE
,3,5,Israel,GPE
,3,6,Jehoram,PERSON
,3,6,Samaria,GPE
,3,6,Israel,GPE
,3,7,Jehoshaphat,PERSON
,3,7,Judah,PERSON
,3,7,Moab,GPE
,3,7,Moab,LOC
,3,8,Edom,GPE
,3,9,So,PERSON
,3,9,Israel,GPE
,3,9,Judah,PERSON
,3,9,seven days',DATE
,3,10,Israel,GPE
,3,10,three,CARDINAL
,3,10,Moab,GPE
,3,11,Jehoshaphat,PERSON
,3,11,one,CARDINAL
,3,11,Israel,GPE
,3,11,Elisha,PERSON
,3,11,Shaphat,PERSON
,3,11,on,PERSON
,3,11,Elijah,PERSON
,3,12,Jehoshaphat,PERSON
,3,12,So,PERSON
,3,12,Israel,GPE
,3,12,Jehoshaphat,PERSON
,3,12,Edom,GPE
,3,13,Elisha,PERSON
,3,13,Israel,GPE
,3,13,Israel,GPE
,3,13,three,CARDINAL
,3,13,Moab,GPE
,3,14,Elisha,PERSON
,3,14,Jehoshaphat,PERSON
,3,14,Judah,PERSON
,3,17,Ye,PERSON
,3,18,Moabites,ORG
,3,20,Edom,ORG
,3,21,Moabites,ORG
,3,21,put,PERSON
,3,21,on,PERSON
,3,22,early in the morning,TIME
,3,22,Moabites,ORG
,3,22,on,PERSON
,3,23,Moab,GPE
,3,24,Israel,GPE
,3,24,Israelites,NORP
,3,24,Moabites,ORG
,3,24,so,PERSON
,3,24,Moabites,NORP
,3,25,on,PERSON
,3,25,Kirharaseth,GPE
,3,26,Moab,GPE
,3,26,seven hundred,CARDINAL
,3,26,Edom,PERSON
,3,27,Israel,GPE
,4,1,Elisha,PERSON
,4,1,two,CARDINAL
,4,2,Elisha,PERSON
,4,2,Thine,ORG
,4,5,So,PERSON
,4,8,on,PERSON
,4,8,a day,DATE
,4,8,Elisha,PERSON
,4,8,Shunem,PERSON
,4,8,so,PERSON
,4,10,on,PERSON
,4,11,on,PERSON
,4,11,a day,DATE
,4,12,Gehazi,PERSON
,4,12,Call this Shunammite,ORG
,4,13,Behold,PERSON
,4,14,Gehazi,PERSON
,4,16,About this season,DATE
,4,16,Nay,PERSON
,4,17,Elisha,PERSON
,4,18,on,PERSON
,4,18,a day,DATE
,4,20,on,PERSON
,4,20,noon,TIME
,4,21,on,PERSON
,4,24,Drive,PERSON
,4,25,So,PERSON
,4,25,Carmel,GPE
,4,25,Gehazi,PERSON
,4,25,Behold,PERSON
,4,25,Shunammite,PERSON
,4,27,Gehazi,PERSON
,4,29,Gehazi,PERSON
,4,29,Gird,EVENT
,4,31,Gehazi,PERSON
,4,31,on,PERSON
,4,32,Elisha,PERSON
,4,34,put,PERSON
,4,35,seven,CARDINAL
,4,36,Gehazi,PERSON
,4,36,Call this Shunammite,ORG
,4,36,So,PERSON
,4,38,Elisha,PERSON
,4,38,on,PERSON
,4,39,one,CARDINAL
,4,40,So,PERSON
,4,40,death,PERSON
,4,41,Pour,PERSON
,4,42,Baalshalisha,GPE
,4,42,twenty loaves,QUANTITY
,4,43,an hundred,CARDINAL
,4,44,So,PERSON
,5,1,Naaman,PERSON
,5,1,Syria,GPE
,5,1,Syria,GPE
,5,2,Syrians,NORP
,5,2,Israel,GPE
,5,2,on,PERSON
,5,2,Naaman,PERSON
,5,3,Samaria,GPE
,5,4,one,CARDINAL
,5,4,Israel,GPE
,5,5,Syria,GPE
,5,5,Israel,GPE
,5,5,ten,CARDINAL
,5,5,six thousand,CARDINAL
,5,5,ten,CARDINAL
,5,6,Israel,GPE
,5,6,Naaman,PERSON
,5,7,Israel,GPE
,5,8,so,PERSON
,5,8,Elisha,PERSON
,5,8,Israel,GPE
,5,8,Israel,GPE
,5,9,So,PERSON
,5,9,Naaman,PERSON
,5,9,Elisha,PERSON
,5,10,Elisha,PERSON
,5,10,Jordan,GPE
,5,10,seven,CARDINAL
,5,11,Naaman,PERSON
,5,11,Behold,PERSON
,5,11,on,PERSON
,5,12,Abana,NORP
,5,12,Pharpar,GPE
,5,12,Damascus,GPE
,5,12,Israel,GPE
,5,12,So,PERSON
,5,13,Wash,PERSON
,5,14,seven,CARDINAL
,5,14,Jordan,GPE
,5,15,Behold,PERSON
,5,15,Israel,GPE
,5,17,Naaman,PERSON
,5,17,two,CARDINAL
,5,18,Rimmon,PERSON
,5,18,on,PERSON
,5,18,Rimmon,PERSON
,5,18,Rimmon,PERSON
,5,19,So,PERSON
,5,20,Gehazi,PERSON
,5,20,Elisha,PERSON
,5,20,Behold,PERSON
,5,20,Naaman,PERSON
,5,20,Syrian,NORP
,5,21,So,PERSON
,5,21,Gehazi,PERSON
,5,21,Naaman,PERSON
,5,21,Naaman,PERSON
,5,22,Behold,PERSON
,5,22,Ephraim,PERSON
,5,22,two,CARDINAL
,5,22,two,CARDINAL
,5,23,Naaman,PERSON
,5,23,two,CARDINAL
,5,23,two,CARDINAL
,5,23,two,CARDINAL
,5,23,two,CARDINAL
,5,23,two,CARDINAL
,5,25,Elisha,PERSON
,5,25,Gehazi,PERSON
,5,27,Naaman,PERSON
,6,1,Elisha,PERSON
,6,2,Jordan,PERSON
,6,4,So,PERSON
,6,4,Jordan,GPE
,6,7,put,PERSON
,6,8,Syria,GPE
,6,8,Israel,GPE
,6,9,Israel,GPE
,6,9,Beware,PERSON
,6,9,Syrians,NORP
,6,10,Israel,GPE
,6,11,Syria,GPE
,6,11,Israel,GPE
,6,12,one,CARDINAL
,6,12,Elisha,PERSON
,6,12,Israel,GPE
,6,12,Israel,GPE
,6,13,Behold,PERSON
,6,13,Dothan,GPE
,6,14,night,TIME
,6,17,Elisha,PERSON
,6,17,Elisha,PERSON
,6,18,Elisha,PERSON
,6,18,Elisha,PERSON
,6,19,Elisha,PERSON
,6,19,Samaria,GPE
,6,20,Samaria,GPE
,6,20,Elisha,PERSON
,6,20,Samaria,GPE
,6,21,Israel,GPE
,6,21,Elisha,PERSON
,6,23,So,PERSON
,6,23,Syria,GPE
,6,23,Israel,GPE
,6,24,Benhadad,GPE
,6,24,Syria,GPE
,6,24,Samaria,GPE
,6,25,Samaria,GPE
,6,25,fourscore,CARDINAL
,6,25,fourth,ORDINAL
,6,25,five,CARDINAL
,6,26,Israel,GPE
,6,29,So,PERSON
,6,29,on,PERSON
,6,29,the next day,DATE
,6,31,so,PERSON
,6,31,Elisha,PERSON
,6,31,Shaphat,PERSON
,6,31,on,PERSON
,6,31,this day,DATE
,6,32,Elisha,PERSON
,6,33,Behold,PERSON
,7,1,Elisha,PERSON
,7,1,two,CARDINAL
,7,1,Samaria,GPE
,7,2,on,PERSON
,7,2,Behold,PERSON
,7,2,Behold,PERSON
,7,3,four,CARDINAL
,7,3,one,CARDINAL
,7,4,Syrians,NORP
,7,5,Syrians,NORP
,7,5,Syria,GPE
,7,6,Syrians,NORP
,7,6,one,CARDINAL
,7,6,Lo,PERSON
,7,6,Israel,GPE
,7,6,Hittites,NORP
,7,6,Egyptians,NORP
,7,8,one,CARDINAL
,7,9,one,CARDINAL
,7,9,this day,DATE
,7,10,So,PERSON
,7,10,Syrians,NORP
,7,12,the night,TIME
,7,12,Syrians,NORP
,7,13,one,CARDINAL
,7,13,five,CARDINAL
,7,13,Israel,GPE
,7,13,Israelites,NORP
,7,14,two,CARDINAL
,7,14,Syrians,NORP
,7,15,Jordan,PERSON
,7,15,Syrians,NORP
,7,16,Syrians,NORP
,7,16,So,PERSON
,7,16,two,CARDINAL
,7,17,on,PERSON
,7,18,Two,CARDINAL
,7,18,Samaria,GPE
,7,19,Behold,PERSON
,7,20,so,PERSON
,8,1,Elisha,PERSON
,8,1,seven years,DATE
,8,2,seven years,DATE
,8,3,the seven years' end,DATE
,8,3,Philistines,NORP
,8,4,Gehazi,PERSON
,8,4,Elisha,PERSON
,8,5,Gehazi,PERSON
,8,5,Elisha,PERSON
,8,6,So,PERSON
,8,6,the day,DATE
,8,7,Elisha,PERSON
,8,7,Damascus,GPE
,8,7,Benhadad,GPE
,8,7,Syria,GPE
,8,8,Hazael,GPE
,8,9,So,PERSON
,8,9,Hazael,GPE
,8,9,Damascus,GPE
,8,9,forty,CARDINAL
,8,9,Benhadad,PERSON
,8,9,Syria,GPE
,8,10,Elisha,PERSON
,8,12,Hazael,ORG
,8,12,Israel,GPE
,8,12,on,PERSON
,8,13,Hazael,ORG
,8,13,Elisha,PERSON
,8,13,Syria,GPE
,8,14,So,PERSON
,8,14,Elisha,PERSON
,8,14,Elisha,PERSON
,8,15,on,PERSON
,8,15,on,PERSON
,8,15,so,PERSON
,8,15,Hazael,GPE
,8,16,the fifth year,DATE
,8,16,Joram,ORG
,8,16,Ahab,PERSON
,8,16,Israel,GPE
,8,16,Jehoshaphat,PERSON
,8,16,Judah,GPE
,8,16,Jehoram,GPE
,8,16,Je,PERSON
,8,16,Judah,PERSON
,8,17,Thirty and two years old,DATE
,8,17,eight years,DATE
,8,17,Jerusalem,GPE
,8,18,Israel,GPE
,8,18,Ahab,PERSON
,8,18,daughter,PERSON
,8,18,Ahab,PERSON
,8,19,Judah,PERSON
,8,19,David,PERSON
,8,20,Judah,PERSON
,8,21,So,PERSON
,8,21,Joram,ORG
,8,21,Zair,WORK_OF_ART
,8,21,night,TIME
,8,22,Judah,PERSON
,8,22,this day,DATE
,8,22,Libnah,PERSON
,8,23,Joram,ORG
,8,23,Judah,PERSON
,8,24,Joram,ORG
,8,24,David,PERSON
,8,24,Ahaziah,PERSON
,8,25,the twelfth year,DATE
,8,25,Joram,ORG
,8,25,Ahab,PERSON
,8,25,Israel,GPE
,8,25,Ahaziah,PERSON
,8,25,Jehoram,GPE
,8,25,Judah,PERSON
,8,26,Two,CARDINAL
,8,26,twenty years old,DATE
,8,26,Ahaziah,PERSON
,8,26,one year,DATE
,8,26,Jerusalem,GPE
,8,26,Athaliah,ORG
,8,26,daughter,PERSON
,8,26,Omri,PERSON
,8,26,Israel,GPE
,8,27,Ahab,PERSON
,8,27,Ahab,PERSON
,8,27,Ahab,PERSON
,8,28,Joram,PERSON
,8,28,Ahab,PERSON
,8,28,Hazael,GPE
,8,28,Syria,GPE
,8,28,Ramothgilead,PERSON
,8,28,Syrians,NORP
,8,28,Joram,PERSON
,8,29,Joram,PERSON
,8,29,Jezreel,PERSON
,8,29,Syrians,NORP
,8,29,Ramah,GPE
,8,29,Hazael,GPE
,8,29,Syria,GPE
,8,29,Ahaziah,PERSON
,8,29,Jehoram,GPE
,8,29,Judah,PERSON
,8,29,Joram,PERSON
,8,29,Ahab,PERSON
,8,29,Jezreel,PERSON
,9,1,Elisha,PERSON
,9,1,Ramothgilead,PERSON
,9,2,Jehu,PERSON
,9,2,Jehoshaphat,PERSON
,9,2,Nimshi,ORG
,9,3,on,PERSON
,9,3,Israel,GPE
,9,4,So,PERSON
,9,4,Ramothgilead,PERSON
,9,5,Jehu,PERSON
,9,6,on,PERSON
,9,6,Israel,GPE
,9,6,Israel,GPE
,9,7,Ahab,PERSON
,9,7,Jezebel,WORK_OF_ART
,9,8,Ahab,PERSON
,9,8,Ahab,PERSON
,9,8,Israel,GPE
,9,9,Ahab,PERSON
,9,9,Jeroboam,PERSON
,9,9,Nebat,PERSON
,9,9,Baasha,NORP
,9,9,Ahijah,PERSON
,9,10,Jezebel,PERSON
,9,10,Jezreel,ORG
,9,11,Jehu,PERSON
,9,11,Ye,PERSON
,9,12,Israel,GPE
,9,13,put,PERSON
,9,13,on,PERSON
,9,13,Jehu,PERSON
,9,14,So,PERSON
,9,14,Jehu,PERSON
,9,14,Jehoshaphat,PERSON
,9,14,Nimshi,ORG
,9,14,Joram,ORG
,9,14,Joram,PERSON
,9,14,Ramothgilead,PERSON
,9,14,Israel,GPE
,9,14,Hazael,GPE
,9,14,Syria,GPE
,9,15,Joram,PERSON
,9,15,Jezreel,PERSON
,9,15,Syrians,NORP
,9,15,Hazael,GPE
,9,15,Syria,GPE
,9,15,Jehu,PERSON
,9,15,Jezreel,PERSON
,9,16,So,PERSON
,9,16,Jehu,PERSON
,9,16,Jezreel,PERSON
,9,16,Joram,ORG
,9,16,Ahaziah,NORP
,9,16,Judah,PERSON
,9,16,Joram,ORG
,9,17,on,PERSON
,9,17,Jezreel,LOC
,9,17,Jehu,PERSON
,9,17,Joram,ORG
,9,18,So,PERSON
,9,18,on,PERSON
,9,18,Jehu,PERSON
,9,19,second,ORDINAL
,9,19,on,PERSON
,9,19,Jehu,PERSON
,9,20,Jehu,PERSON
,9,20,Nimshi,ORG
,9,21,Joram,ORG
,9,21,Joram,PERSON
,9,21,Israel,GPE
,9,21,Ahaziah,NORP
,9,21,Judah,PERSON
,9,21,Jehu,PERSON
,9,21,Naboth,ORG
,9,21,Jezreelite,ORG
,9,22,Joram,PERSON
,9,22,Jehu,PERSON
,9,22,Jehu,PERSON
,9,22,so,PERSON
,9,22,Jezebel,PERSON
,9,22,so,PERSON
,9,23,Joram,ORG
,9,23,Ahaziah,PERSON
,9,23,O Ahaziah,ORG
,9,24,Jehu,PERSON
,9,24,Jehoram,GPE
,9,25,Jehu,PERSON
,9,25,Bidkar,GPE
,9,25,Naboth,ORG
,9,25,Jezreelite,ORG
,9,25,Ahab,PERSON
,9,26,yesterday,DATE
,9,26,Naboth,ORG
,9,27,Ahaziah,PERSON
,9,27,Judah,PERSON
,9,27,Jehu,PERSON
,9,27,so,PERSON
,9,27,Gur,PERSON
,9,27,Ibleam,ORG
,9,27,Megiddo,PERSON
,9,28,Jerusalem,GPE
,9,28,David,PERSON
,9,29,the eleventh year,DATE
,9,29,Joram,ORG
,9,29,Ahab,PERSON
,9,29,Ahaziah,PERSON
,9,29,Judah,PERSON
,9,30,Jehu,PERSON
,9,30,Jezreel,PERSON
,9,30,Jezebel,PERSON
,9,31,Jehu,PERSON
,9,31,Zimri,PERSON
,9,32,on,PERSON
,9,32,two,CARDINAL
,9,32,three,CARDINAL
,9,33,So,PERSON
,9,33,on,PERSON
,9,33,on,PERSON
,9,34,daughter,PERSON
,9,36,Elijah the Tishbite,PERSON
,9,36,Jezreel,ORG
,9,36,Jezebel,WORK_OF_ART
,9,37,Jezebel,WORK_OF_ART
,9,37,Jezreel,ORG
,9,37,so,PERSON
,9,37,Jezebel,WORK_OF_ART
,10,1,Ahab,PERSON
,10,1,seventy,CARDINAL
,10,1,Samaria,GPE
,10,1,Jehu,PERSON
,10,1,Samaria,GPE
,10,1,Jezreel,PERSON
,10,1,Ahab,PERSON
,10,3,on,PERSON
,10,4,Behold,PERSON
,10,4,two,CARDINAL
,10,5,Jehu,PERSON
,10,6,second,ORDINAL
,10,6,Jezreel,PERSON
,10,7,put,PERSON
,10,7,Jezreel,PERSON
,10,8,two,CARDINAL
,10,8,the morning,TIME
,10,9,Ye,PERSON
,10,10,Ahab,PERSON
,10,10,Elijah,PERSON
,10,11,So,PERSON
,10,11,Jehu,PERSON
,10,11,Ahab,PERSON
,10,11,Jezreel,PERSON
,10,12,Samaria,GPE
,10,13,Jehu,PERSON
,10,13,Ahaziah,NORP
,10,13,Judah,PERSON
,10,13,Ahaziah,NORP
,10,14,two,CARDINAL
,10,14,forty,CARDINAL
,10,15,on,PERSON
,10,15,Jehonadab,GPE
,10,15,Rechab,PERSON
,10,15,Jehonadab,PERSON
,10,16,So,PERSON
,10,17,Samaria,GPE
,10,17,Ahab,PERSON
,10,17,Samaria,GPE
,10,17,Elijah,PERSON
,10,18,Jehu,PERSON
,10,18,Ahab,PERSON
,10,18,Baal,PERSON
,10,18,Jehu,PERSON
,10,19,Baal,PERSON
,10,19,Baal,PERSON
,10,19,Jehu,PERSON
,10,19,Baal,PERSON
,10,20,Jehu,PERSON
,10,20,Baal,PERSON
,10,21,Jehu,PERSON
,10,21,Israel,GPE
,10,21,Baal,PERSON
,10,21,so,PERSON
,10,21,Baal,PERSON
,10,21,Baal,PERSON
,10,21,one,CARDINAL
,10,22,Baal,PERSON
,10,23,Jehu,PERSON
,10,23,Jehonadab,PERSON
,10,23,Rechab,PERSON
,10,23,Baal,PERSON
,10,23,Baal,PERSON
,10,23,Baal,PERSON
,10,24,Jehu,PERSON
,10,24,fourscore,CARDINAL
,10,25,Jehu,PERSON
,10,25,Baal,PERSON
,10,26,Baal,PERSON
,10,27,Baal,PERSON
,10,27,Baal,PERSON
,10,27,this day,DATE
,10,28,Jehu,PERSON
,10,28,Baal,PERSON
,10,28,Israel,GPE
,10,29,Jeroboam,PERSON
,10,29,Nebat,PERSON
,10,29,Israel,GPE
,10,29,Jehu,PERSON
,10,29,Bethel,GPE
,10,29,Dan,PERSON
,10,30,Jehu,PERSON
,10,30,Ahab,PERSON
,10,30,fourth,ORDINAL
,10,30,on,PERSON
,10,30,Israel,GPE
,10,31,Jehu,PERSON
,10,31,Israel,GPE
,10,31,Jeroboam,ORG
,10,31,Israel,GPE
,10,32,those days,DATE
,10,32,Israel,GPE
,10,32,Hazael,ORG
,10,32,Israel,GPE
,10,33,Jordan,GPE
,10,33,Gilead,ORG
,10,33,Gadites,LOC
,10,33,Reubenites,GPE
,10,33,Manassites,GPE
,10,33,Aroer,GPE
,10,33,Arnon,PERSON
,10,33,Gilead,ORG
,10,33,Bashan,PERSON
,10,34,Jehu,PERSON
,10,34,Israel,GPE
,10,35,Jehu,PERSON
,10,35,Samaria,GPE
,10,35,Jehoahaz,PERSON
,10,36,Jehu,PERSON
,10,36,Israel,GPE
,10,36,Samaria,GPE
,10,36,twenty and eight years,DATE
,11,1,Athaliah,ORG
,11,1,Ahaziah,PERSON
,11,2,Jehosheba,GPE
,11,2,daughter,PERSON
,11,2,Joram,PERSON
,11,2,Ahaziah,PERSON
,11,2,Joash,PERSON
,11,2,Ahaziah,PERSON
,11,2,Athaliah,ORG
,11,2,so,PERSON
,11,3,six years,DATE
,11,3,Athaliah,ORG
,11,4,the seventh year,DATE
,11,4,Jehoiada,ORG
,11,4,hundreds,CARDINAL
,11,5,third,ORDINAL
,11,5,on,PERSON
,11,6,third,ORDINAL
,11,6,third,ORDINAL
,11,6,so,PERSON
,11,7,two,CARDINAL
,11,7,on,PERSON
,11,9,hundreds,CARDINAL
,11,9,Jehoiada,ORG
,11,9,on,PERSON
,11,9,on,PERSON
,11,9,Jehoiada,GPE
,11,10,hundreds,CARDINAL
,11,10,David,PERSON
,11,12,put,PERSON
,11,13,Athaliah,ORG
,11,14,Athaliah,ORG
,11,14,Treason,PERSON
,11,15,Jehoiada,ORG
,11,15,hundreds,CARDINAL
,11,16,on,PERSON
,11,17,Jehoiada,ORG
,11,18,Baal,PERSON
,11,18,Mattan,ORG
,11,18,Baal,PERSON
,11,19,hundreds,CARDINAL
,11,19,on,PERSON
,11,20,Athaliah,ORG
,11,21,Seven years old,DATE
,11,21,Jehoash,PERSON
,12,1,the seventh year,DATE
,12,1,Jehu Jehoash,PERSON
,12,1,forty years,DATE
,12,1,Jerusalem,GPE
,12,1,Zibiah of Beersheba,ORG
,12,2,Jehoash,PERSON
,12,2,Jehoiada,ORG
,12,4,Jehoash,PERSON
,12,6,so,PERSON
,12,6,the three and twentieth year,DATE
,12,6,Jehoash,PERSON
,12,7,Jehoash,PERSON
,12,7,Jehoiada,ORG
,12,9,Jehoiada,ORG
,12,9,on,PERSON
,12,9,put,PERSON
,12,10,so,PERSON
,12,10,put,PERSON
,12,15,on,PERSON
,12,17,Hazael,GPE
,12,17,Syria,GPE
,12,17,Gath,PERSON
,12,17,Hazael,GPE
,12,17,Jerusalem,GPE
,12,18,Jehoash,PERSON
,12,18,Judah,PERSON
,12,18,Jehoshaphat,PERSON
,12,18,Jehoram,ORG
,12,18,Ahaziah,PERSON
,12,18,Judah,PERSON
,12,18,Hazael,GPE
,12,18,Syria,GPE
,12,18,Jerusalem,GPE
,12,19,Joash,PERSON
,12,19,Judah,PERSON
,12,20,Joash,PERSON
,12,20,Millo,ORG
,12,20,Silla,ORG
,12,21,Jozachar,PERSON
,12,21,Shimeath,ORG
,12,21,Jehozabad,PERSON
,12,21,Shomer,PERSON
,12,21,David,PERSON
,12,21,Amaziah,ORG
,13,1,the three and twentieth year,DATE
,13,1,Joash,PERSON
,13,1,Ahaziah,NORP
,13,1,Judah Jehoahaz,PERSON
,13,1,Jehu,PERSON
,13,1,Israel,GPE
,13,1,Samaria,GPE
,13,1,seventeen years,DATE
,13,2,Jeroboam,PERSON
,13,2,Nebat,PERSON
,13,2,Israel,GPE
,13,3,Israel,GPE
,13,3,Hazael,GPE
,13,3,Syria,GPE
,13,3,Benhadad,GPE
,13,3,Hazael,GPE
,13,4,Jehoahaz,PERSON
,13,4,Israel,GPE
,13,4,Syria,GPE
,13,5,Israel,GPE
,13,5,so,PERSON
,13,5,Syrians,NORP
,13,5,Israel,GPE
,13,6,Jeroboam,ORG
,13,6,Israel,GPE
,13,6,Samaria,GPE
,13,7,Jehoahaz,ORG
,13,7,fifty,CARDINAL
,13,7,ten,CARDINAL
,13,7,ten thousand,CARDINAL
,13,7,Syria,GPE
,13,8,Jehoahaz,ORG
,13,8,Israel,GPE
,13,9,Jehoahaz,PERSON
,13,9,Samaria,GPE
,13,9,Joash,PERSON
,13,10,the thirty and seventh year,DATE
,13,10,Joash,PERSON
,13,10,Judah,PERSON
,13,10,Jehoash,PERSON
,13,10,Jehoahaz,GPE
,13,10,Israel,GPE
,13,10,Samaria,GPE
,13,10,sixteen years,DATE
,13,11,Jeroboam,PERSON
,13,11,Nebat,PERSON
,13,11,Israel,GPE
,13,12,Joash,PERSON
,13,12,Amaziah,ORG
,13,12,Judah,PERSON
,13,12,Israel,GPE
,13,13,Joash,PERSON
,13,13,Jeroboam,PERSON
,13,13,Joash,PERSON
,13,13,Samaria,GPE
,13,13,Israel,GPE
,13,14,Elisha,PERSON
,13,14,Joash,PERSON
,13,14,Israel,GPE
,13,14,Israel,GPE
,13,15,Elisha,PERSON
,13,16,Israel,GPE
,13,16,Put,PERSON
,13,16,put,PERSON
,13,16,Elisha,PERSON
,13,16,put,PERSON
,13,17,Elisha,PERSON
,13,17,Shoot,ORG
,13,17,Syria,GPE
,13,17,Syrians,NORP
,13,17,Aphek,PERSON
,13,18,Israel,GPE
,13,19,five,CARDINAL
,13,19,six,CARDINAL
,13,19,Syria,GPE
,13,19,Syria,GPE
,13,20,Elisha,PERSON
,13,20,Moabites,NORP
,13,20,the year,DATE
,13,21,Elisha,PERSON
,13,21,Elisha,PERSON
,13,21,on,PERSON
,13,22,Hazael,GPE
,13,22,Syria,GPE
,13,22,Israel,GPE
,13,22,Jehoahaz,ORG
,13,23,on,PERSON
,13,23,Abraham,PERSON
,13,23,Isaac,PERSON
,13,23,Jacob,PERSON
,13,24,So,PERSON
,13,24,Hazael,GPE
,13,24,Syria,GPE
,13,24,Benhadad,PERSON
,13,25,Jehoash,PERSON
,13,25,Jehoahaz,PERSON
,13,25,Benhadad,GPE
,13,25,Hazael,GPE
,13,25,Jehoahaz,ORG
,13,25,Three,CARDINAL
,13,25,Joash,PERSON
,13,25,Israel,GPE
,14,1,the second year,DATE
,14,1,Joash,PERSON
,14,1,Jehoahaz,NORP
,14,1,Israel,GPE
,14,1,Amaziah,ORG
,14,1,Joash,PERSON
,14,1,Judah,PERSON
,14,2,twenty and five years old,DATE
,14,2,twenty and nine years,DATE
,14,2,Jerusalem,GPE
,14,2,Jehoaddan,PERSON
,14,2,Jerusalem,GPE
,14,3,David,PERSON
,14,3,Joash,PERSON
,14,4,on,PERSON
,14,6,Moses,PERSON
,14,6,put,PERSON
,14,6,death,PERSON
,14,6,put,PERSON
,14,6,death,PERSON
,14,6,put,PERSON
,14,6,death,PERSON
,14,7,ten thousand,CARDINAL
,14,7,Selah,ORG
,14,7,Joktheel,PERSON
,14,7,this day,DATE
,14,8,Amaziah,ORG
,14,8,Jehoash,PERSON
,14,8,Jehoahaz,NORP
,14,8,Jehu,PERSON
,14,8,Israel,GPE
,14,9,Jehoash,PERSON
,14,9,Israel,GPE
,14,9,Amaziah,ORG
,14,9,Judah,PERSON
,14,9,Lebanon,GPE
,14,9,Lebanon,GPE
,14,9,daughter,PERSON
,14,9,Lebanon,GPE
,14,10,Edom,ORG
,14,10,Judah,PERSON
,14,11,Amaziah,ORG
,14,11,Jehoash,PERSON
,14,11,Israel,GPE
,14,11,Amaziah,ORG
,14,11,Judah,PERSON
,14,11,Bethshemesh,PERSON
,14,11,Judah,PERSON
,14,12,Judah,PERSON
,14,12,put,PERSON
,14,12,Israel,GPE
,14,13,Jehoash,PERSON
,14,13,Israel,GPE
,14,13,Amaziah,ORG
,14,13,Judah,PERSON
,14,13,Jehoash,PERSON
,14,13,Ahaziah,PERSON
,14,13,Bethshemesh,PERSON
,14,13,Jerusalem,GPE
,14,13,Jerusalem,GPE
,14,13,Ephraim,PERSON
,14,13,four hundred cubits,CARDINAL
,14,14,Samaria,GPE
,14,15,Jehoash,PERSON
,14,15,Amaziah,ORG
,14,15,Judah,PERSON
,14,15,Israel,GPE
,14,16,Jehoash,PERSON
,14,16,Samaria,GPE
,14,16,Israel,GPE
,14,16,Jeroboam,PERSON
,14,17,Amaziah,ORG
,14,17,Joash,PERSON
,14,17,Judah,PERSON
,14,17,death,PERSON
,14,17,Jehoash,PERSON
,14,17,Jehoahaz,NORP
,14,17,Israel,GPE
,14,17,fifteen years,DATE
,14,18,Amaziah,ORG
,14,18,Judah,PERSON
,14,19,Jerusalem,GPE
,14,19,Lachish,GPE
,14,19,Lachish,PERSON
,14,20,on,PERSON
,14,20,Jerusalem,GPE
,14,20,David,PERSON
,14,21,Judah,PERSON
,14,21,Azariah,ORG
,14,21,sixteen years old,DATE
,14,21,Amaziah,PERSON
,14,22,Judah,PERSON
,14,23,the fifteenth year,DATE
,14,23,Amaziah,ORG
,14,23,Joash,PERSON
,14,23,Judah,PERSON
,14,23,Jeroboam,PERSON
,14,23,Joash,PERSON
,14,23,Israel,GPE
,14,23,Samaria,GPE
,14,23,forty and one years,DATE
,14,24,Jeroboam,PERSON
,14,24,Nebat,PERSON
,14,24,Israel,GPE
,14,25,Israel,GPE
,14,25,Hamath,NORP
,14,25,Israel,GPE
,14,25,Jonah,PERSON
,14,25,Amittai,GPE
,14,25,Gathhepher,PERSON
,14,26,Israel,GPE
,14,26,Israel,GPE
,14,27,Israel,GPE
,14,27,Jeroboam,PERSON
,14,27,Joash,PERSON
,14,28,Jeroboam,ORG
,14,28,Damascus,GPE
,14,28,Hamath,ORG
,14,28,Judah,PERSON
,14,28,Israel,GPE
,14,28,Israel,GPE
,14,29,Jeroboam,PERSON
,14,29,Israel,GPE
,14,29,Zachariah,PERSON
,15,1,the twenty and seventh year,DATE
,15,1,Jeroboam,PERSON
,15,1,Israel,GPE
,15,1,Azariah,ORG
,15,1,Amaziah,ORG
,15,1,Judah,PERSON
,15,2,Sixteen years old,DATE
,15,2,two and fifty years,DATE
,15,2,Jerusalem,GPE
,15,2,Jecholiah,GPE
,15,2,Jerusalem,GPE
,15,3,Amaziah,PERSON
,15,4,on,PERSON
,15,5,so,PERSON
,15,5,death,PERSON
,15,5,Jotham,PERSON
,15,6,Azariah,ORG
,15,6,Judah,PERSON
,15,7,So,PERSON
,15,7,Azariah,PERSON
,15,7,David,PERSON
,15,7,Jotham,PERSON
,15,8,the thirty and eighth year,DATE
,15,8,Azariah,ORG
,15,8,Judah,PERSON
,15,8,Zachariah,PERSON
,15,8,Jeroboam,PERSON
,15,8,Israel,GPE
,15,8,Samaria,GPE
,15,8,six months,DATE
,15,9,Jeroboam,PERSON
,15,9,Nebat,PERSON
,15,9,Israel,GPE
,15,10,Shallum,PERSON
,15,10,Jabesh,NORP
,15,11,Zachariah,PERSON
,15,11,Israel,GPE
,15,12,Jehu,PERSON
,15,12,on,PERSON
,15,12,Israel,GPE
,15,12,fourth,ORDINAL
,15,12,so,PERSON
,15,13,Shallum,PERSON
,15,13,Jabesh,PERSON
,15,13,the nine and thirtieth year,DATE
,15,13,Uzziah,PERSON
,15,13,Judah,PERSON
,15,13,a full month,DATE
,15,13,Samaria,GPE
,15,14,Gadi,PERSON
,15,14,Tirzah,GPE
,15,14,Samaria,GPE
,15,14,Shallum,PERSON
,15,14,Jabesh,NORP
,15,14,Samaria,GPE
,15,15,Shallum,NORP
,15,15,Israel,GPE
,15,16,Tiphsah,PERSON
,15,16,Tirzah,PERSON
,15,17,the nine and thirtieth year,DATE
,15,17,Azariah,ORG
,15,17,Judah,PERSON
,15,17,Gadi,PERSON
,15,17,Israel,GPE
,15,17,ten years,DATE
,15,17,Samaria,GPE
,15,18,Jeroboam,PERSON
,15,18,Nebat,PERSON
,15,18,Israel,GPE
,15,19,Pul,PERSON
,15,19,Assyria,GPE
,15,19,Menahem,PERSON
,15,19,Pul,PERSON
,15,19,thousand,CARDINAL
,15,20,Israel,GPE
,15,20,fifty shekels,MONEY
,15,20,Assyria,GPE
,15,20,So,PERSON
,15,20,Assyria,GPE
,15,21,Menahem,ORG
,15,21,Israel,GPE
,15,22,Menahem,PERSON
,15,22,Pekahiah,PERSON
,15,23,the fiftieth year,DATE
,15,23,Azariah,ORG
,15,23,Judah Pekahiah,PERSON
,15,23,Menahem,ORG
,15,23,Israel,GPE
,15,23,Samaria,GPE
,15,23,two years,DATE
,15,24,Jeroboam,PERSON
,15,24,Nebat,PERSON
,15,24,Israel,GPE
,15,25,Pekah,PERSON
,15,25,Remaliah,ORG
,15,25,Samaria,GPE
,15,25,Argob,ORG
,15,25,Arieh,PERSON
,15,25,fifty,CARDINAL
,15,25,Gileadites,LOC
,15,26,Pekahiah,ORG
,15,26,Israel,GPE
,15,27,the two and fiftieth year,DATE
,15,27,Azariah,ORG
,15,27,Judah,PERSON
,15,27,Pekah,PERSON
,15,27,Remaliah,ORG
,15,27,Israel,GPE
,15,27,Samaria,GPE
,15,27,twenty years,DATE
,15,28,Jeroboam,PERSON
,15,28,Nebat,PERSON
,15,28,Israel,GPE
,15,29,the days,DATE
,15,29,Pekah,PERSON
,15,29,Israel,GPE
,15,29,Tiglathpileser,PERSON
,15,29,Assyria,GPE
,15,29,Ijon,GPE
,15,29,Abelbethmaachah,GPE
,15,29,Janoah,PERSON
,15,29,Kedesh,ORG
,15,29,Hazor,ORG
,15,29,Gilead,ORG
,15,29,Galilee,GPE
,15,29,Naphtali,GPE
,15,29,Assyria,GPE
,15,30,Hoshea,PERSON
,15,30,Elah,ORG
,15,30,Pekah,PERSON
,15,30,Remaliah,ORG
,15,30,the twentieth year,DATE
,15,30,Jotham,PERSON
,15,30,Uzziah,ORG
,15,31,Pekah,ORG
,15,31,Israel,GPE
,15,32,the second year,DATE
,15,32,Pekah,PERSON
,15,32,Remaliah,ORG
,15,32,Israel,GPE
,15,32,Jotham,PERSON
,15,32,Uzziah,PERSON
,15,32,Judah,PERSON
,15,33,Five,CARDINAL
,15,33,twenty years old,DATE
,15,33,sixteen years,DATE
,15,33,Jerusalem,GPE
,15,33,Jerusha,ORG
,15,33,daughter,PERSON
,15,33,Zadok,PRODUCT
,15,34,Uzziah,ORG
,15,36,Jotham,PERSON
,15,36,Judah,PERSON
,15,37,those days,DATE
,15,37,Judah Rezin,PERSON
,15,37,Syria,GPE
,15,37,Pekah,PERSON
,15,37,Remaliah,ORG
,15,38,Jotham,PERSON
,15,38,David,PERSON
,15,38,Ahaz,PERSON
,16,1,the seventeenth year,DATE
,16,1,Pekah,PERSON
,16,1,Remaliah Ahaz,ORG
,16,1,Jotham,PERSON
,16,1,Judah,PERSON
,16,2,Twenty years old,DATE
,16,2,Ahaz,PERSON
,16,2,sixteen years,DATE
,16,2,Jerusalem,GPE
,16,2,David,PERSON
,16,3,Israel,GPE
,16,3,Israel,GPE
,16,4,on,PERSON
,16,5,Rezin,PERSON
,16,5,Syria,GPE
,16,5,Pekah,PERSON
,16,5,Remaliah,ORG
,16,5,Israel,GPE
,16,5,Jerusalem,GPE
,16,5,Ahaz,ORG
,16,6,Rezin,PERSON
,16,6,Syria,GPE
,16,6,Syria,GPE
,16,6,Jews,NORP
,16,6,Syrians,NORP
,16,6,this day,DATE
,16,7,So,PERSON
,16,7,Ahaz,PERSON
,16,7,Assyria,GPE
,16,7,Syria,GPE
,16,7,Israel,GPE
,16,8,Ahaz,PERSON
,16,8,Assyria,GPE
,16,9,Assyria,GPE
,16,9,Assyria,GPE
,16,9,Damascus,GPE
,16,9,Kir,ORG
,16,9,Rezin,PERSON
,16,10,Ahaz,PERSON
,16,10,Damascus,GPE
,16,10,Tiglathpileser,PERSON
,16,10,Assyria,GPE
,16,10,Damascus,GPE
,16,10,Ahaz,PERSON
,16,10,Urijah,GPE
,16,11,Urijah,PERSON
,16,11,Ahaz,PERSON
,16,11,Damascus,GPE
,16,11,so,PERSON
,16,11,Urijah,PERSON
,16,11,Ahaz,PERSON
,16,11,Damascus,GPE
,16,12,Damascus,GPE
,16,14,put,PERSON
,16,14,on,PERSON
,16,15,Ahaz,PERSON
,16,15,Urijah,PERSON
,16,15,evening,TIME
,16,16,Urijah,PERSON
,16,16,Ahaz,PERSON
,16,17,Ahaz,PERSON
,16,17,put,PERSON
,16,18,Assyria,GPE
,16,19,Ahaz,ORG
,16,19,Judah,PERSON
,16,20,Ahaz,PERSON
,16,20,David,PERSON
,16,20,Hezekiah,PERSON
,17,1,the twelfth year,DATE
,17,1,Ahaz,NORP
,17,1,Judah,PERSON
,17,1,Hoshea,PERSON
,17,1,Elah,PERSON
,17,1,Samaria,GPE
,17,1,Israel,GPE
,17,1,nine years,DATE
,17,2,Israel,GPE
,17,3,Shalmaneser,GPE
,17,3,Assyria,GPE
,17,3,Hoshea,PERSON
,17,4,Assyria,GPE
,17,4,Hoshea,PERSON
,17,4,So,PERSON
,17,4,Egypt,GPE
,17,4,Assyria,GPE
,17,4,year,DATE
,17,4,year,DATE
,17,4,Assyria,GPE
,17,5,Assyria,GPE
,17,5,Samaria,GPE
,17,5,three years,DATE
,17,6,the ninth year,DATE
,17,6,Hoshea,PERSON
,17,6,Assyria,GPE
,17,6,Samaria,GPE
,17,6,Israel,GPE
,17,6,Assyria,GPE
,17,6,Halah,GPE
,17,6,Habor,LOC
,17,6,Gozan,GPE
,17,6,Medes,NORP
,17,7,so,PERSON
,17,7,Israel,GPE
,17,7,Egypt,GPE
,17,7,Pharaoh,PERSON
,17,7,Egypt,GPE
,17,8,Israel,GPE
,17,8,Israel,GPE
,17,9,Israel,GPE
,17,12,Ye,PERSON
,17,13,Israel,GPE
,17,13,Judah,PERSON
,17,16,two,CARDINAL
,17,16,Baal,PERSON
,17,18,Israel,GPE
,17,18,Judah,PERSON
,17,19,Judah,PERSON
,17,19,Israel,GPE
,17,20,Israel,GPE
,17,21,Israel,GPE
,17,21,David,PERSON
,17,21,Jeroboam,PERSON
,17,21,Nebat,PERSON
,17,21,Jeroboam,PERSON
,17,21,Israel,GPE
,17,22,Israel,GPE
,17,22,Jeroboam,PERSON
,17,23,Israel,GPE
,17,23,So,PERSON
,17,23,Israel,GPE
,17,23,Assyria,GPE
,17,23,this day,DATE
,17,24,Assyria,GPE
,17,24,Babylon,GPE
,17,24,Cuthah,GPE
,17,24,Ava,PERSON
,17,24,Hamath,NORP
,17,24,Sepharvaim,PERSON
,17,24,Samaria,GPE
,17,24,Israel,GPE
,17,24,Samaria,GPE
,17,25,so,PERSON
,17,26,Assyria,GPE
,17,26,Samaria,GPE
,17,27,Assyria,GPE
,17,27,one,CARDINAL
,17,28,one,CARDINAL
,17,28,Samaria,GPE
,17,28,Bethel,GPE
,17,29,put,PERSON
,17,30,Babylon,PERSON
,17,30,Succothbenoth,PERSON
,17,30,Cuth,ORG
,17,30,Nergal,DATE
,17,30,Hamath,NORP
,17,30,Ashima,ORG
,17,31,Avites,ORG
,17,31,Nibhaz,ORG
,17,31,Tartak,ORG
,17,31,Sepharvites,FAC
,17,31,Adrammelech,ORG
,17,31,Anammelech,ORG
,17,31,Sepharvaim,PERSON
,17,32,So,PERSON
,17,34,this day,DATE
,17,34,Jacob,PERSON
,17,34,Israel,GPE
,17,35,Ye,PERSON
,17,36,Egypt,GPE
,17,41,So,PERSON
,17,41,so,PERSON
,17,41,this day,DATE
,18,1,the third year,DATE
,18,1,Hoshea,PERSON
,18,1,Elah,PERSON
,18,1,Israel,GPE
,18,1,Hezekiah,PERSON
,18,1,Ahaz,PERSON
,18,1,Judah,PERSON
,18,2,Twenty and,DATE
,18,2,five years old,DATE
,18,2,twenty and nine years,DATE
,18,2,Jerusalem,GPE
,18,2,Abi,PERSON
,18,2,daughter,PERSON
,18,2,Zachariah,PERSON
,18,3,David,PERSON
,18,4,Moses,PERSON
,18,4,Israel,GPE
,18,4,Nehushtan,GPE
,18,5,Israel,GPE
,18,5,so,PERSON
,18,5,Judah,PERSON
,18,6,Moses,PERSON
,18,7,Assyria,GPE
,18,8,Philistines,NORP
,18,8,Gaza,GPE
,18,9,the fourth year,DATE
,18,9,Hezekiah,PERSON
,18,9,the seventh year,DATE
,18,9,Hoshea,PERSON
,18,9,Elah,PERSON
,18,9,Israel,GPE
,18,9,Shalmaneser,GPE
,18,9,Assyria,GPE
,18,9,Samaria,GPE
,18,10,the end of three years,DATE
,18,10,the sixth year,DATE
,18,10,Hezekiah,PERSON
,18,10,the ninth year,DATE
,18,10,Hoshea,PERSON
,18,10,Israel,GPE
,18,10,Samaria,GPE
,18,11,Assyria,GPE
,18,11,Israel,GPE
,18,11,Assyria,GPE
,18,11,put,PERSON
,18,11,Halah,GPE
,18,11,Habor,LOC
,18,11,Gozan,GPE
,18,11,Medes,NORP
,18,12,Moses,PERSON
,18,13,the fourteenth year,DATE
,18,13,Hezekiah,PERSON
,18,13,Sennacherib,NORP
,18,13,Assyria,GPE
,18,13,Judah,GPE
,18,14,Hezekiah,PERSON
,18,14,Judah,PERSON
,18,14,Assyria,GPE
,18,14,Lachish,GPE
,18,14,on,PERSON
,18,14,Assyria,GPE
,18,14,Hezekiah,PERSON
,18,14,Judah,PERSON
,18,14,three hundred,CARDINAL
,18,14,thirty,CARDINAL
,18,15,Hezekiah,PERSON
,18,16,Hezekiah,PERSON
,18,16,Hezekiah,PERSON
,18,16,Judah,PERSON
,18,16,Assyria,GPE
,18,17,Assyria,GPE
,18,17,Tartan,FAC
,18,17,Rabsaris,ORG
,18,17,Rabshakeh,ORG
,18,17,Lachish,PERSON
,18,17,Hezekiah,PERSON
,18,17,Jerusalem,GPE
,18,17,Jerusalem,GPE
,18,18,Eliakim,PERSON
,18,18,Hilkiah,ORG
,18,18,Shebna,ORG
,18,18,Joah,PERSON
,18,18,Asaph,GPE
,18,19,Rabshakeh,ORG
,18,19,Hezekiah,PERSON
,18,19,Assyria,GPE
,18,20,on,PERSON
,18,21,Egypt,GPE
,18,21,on,PERSON
,18,21,so,PERSON
,18,21,Pharaoh,PERSON
,18,21,Egypt,GPE
,18,21,on,PERSON
,18,22,Hezekiah,PERSON
,18,22,Judah,GPE
,18,22,Jerusalem,GPE
,18,22,Ye,PERSON
,18,22,Jerusalem,GPE
,18,23,Assyria,GPE
,18,23,two thousand,CARDINAL
,18,23,on,PERSON
,18,24,one,CARDINAL
,18,24,put,PERSON
,18,24,on,PERSON
,18,24,Egypt,GPE
,18,26,Eliakim,PERSON
,18,26,Hilkiah,ORG
,18,26,Shebna,ORG
,18,26,Joah,PERSON
,18,26,Rabshakeh,PERSON
,18,26,Syrian,NORP
,18,26,Jews,NORP
,18,26,on,PERSON
,18,27,Rabshakeh,ORG
,18,27,on,PERSON
,18,28,Rabshakeh,ORG
,18,28,Jews,NORP
,18,28,Assyria,LOC
,18,29,Hezekiah,PERSON
,18,30,Hezekiah,PERSON
,18,30,Assyria,GPE
,18,31,Hezekiah,PERSON
,18,31,Assyria,GPE
,18,32,Hezekiah,PERSON
,18,33,Assyria,GPE
,18,34,Hamath,NORP
,18,34,Arpad,PERSON
,18,34,Sepharvaim,GPE
,18,34,Hena,GPE
,18,34,Ivah,PERSON
,18,34,Samaria,GPE
,18,35,Jerusalem,GPE
,18,37,Eliakim,PERSON
,18,37,Hilkiah,ORG
,18,37,Shebna,ORG
,18,37,Joah,PERSON
,18,37,Asaph,GPE
,18,37,Hezekiah,PERSON
,18,37,Rabshakeh,ORG
,19,1,Hezekiah,PERSON
,19,2,Eliakim,PERSON
,19,2,Shebna,ORG
,19,2,Isaiah,PERSON
,19,2,Amoz,PERSON
,19,3,Hezekiah,PERSON
,19,3,This day,DATE
,19,4,Rabshakeh,ORG
,19,4,Assyria,GPE
,19,5,So,PERSON
,19,5,Hezekiah,PERSON
,19,5,Isaiah,PERSON
,19,6,Isaiah,PERSON
,19,6,Assyria,GPE
,19,8,So,PERSON
,19,8,Rabshakeh,ORG
,19,8,Assyria,GPE
,19,8,Libnah,PERSON
,19,8,Lachish,GPE
,19,9,Tirhakah,PERSON
,19,9,Ethiopia,GPE
,19,9,Hezekiah,PERSON
,19,10,Hezekiah,PERSON
,19,10,Judah,PERSON
,19,10,Jerusalem,GPE
,19,10,Assyria,GPE
,19,11,Assyria,GPE
,19,12,Gozan,PERSON
,19,12,Haran,PERSON
,19,12,Rezeph,PERSON
,19,12,Eden,LOC
,19,12,Thelasar,GPE
,19,13,Hamath,NORP
,19,13,Arpad,PERSON
,19,13,Sepharvaim,GPE
,19,13,Hena,GPE
,19,13,Ivah,PERSON
,19,14,Hezekiah,PERSON
,19,14,Hezekiah,PERSON
,19,15,Hezekiah,PERSON
,19,15,Israel,GPE
,19,16,Sennacherib,GPE
,19,17,Assyria,GPE
,19,20,Isaiah,PERSON
,19,20,Amoz,PERSON
,19,20,Hezekiah,PERSON
,19,20,Israel,GPE
,19,20,Sennacherib,NORP
,19,20,Assyria,GPE
,19,21,daughter,PERSON
,19,21,Zion,GPE
,19,21,daughter,PERSON
,19,21,Jerusalem,GPE
,19,22,on,PERSON
,19,22,Israel,GPE
,19,23,Lebanon,GPE
,19,23,Carmel,GPE
,19,26,on,PERSON
,19,28,put,PERSON
,19,29,Ye,PERSON
,19,29,this year,DATE
,19,29,the second year,DATE
,19,29,the third year,DATE
,19,30,Judah,PERSON
,19,31,Jerusalem,GPE
,19,31,mount Zion,LOC
,19,32,Assyria,GPE
,19,34,David,PERSON
,19,35,that night,TIME
,19,35,Assyrians,NORP
,19,35,early in the morning,TIME
,19,36,So,PERSON
,19,36,Sennacherib,NORP
,19,36,Assyria,GPE
,19,36,Nineveh,GPE
,19,37,Nisroch,GPE
,19,37,Adrammelech,PERSON
,19,37,Sharezer,PERSON
,19,37,Armenia,GPE
,19,37,Esarhaddon,PERSON
,20,1,those days,DATE
,20,1,Hezekiah,PERSON
,20,1,death,PERSON
,20,1,Isaiah,PERSON
,20,1,Amoz,PERSON
,20,1,Set thine,PERSON
,20,3,Hezekiah,PERSON
,20,4,Isaiah,PERSON
,20,5,Hezekiah,PERSON
,20,5,David,PERSON
,20,5,on,PERSON
,20,5,the third day,DATE
,20,6,fifteen years,DATE
,20,6,Assyria,GPE
,20,6,David,PERSON
,20,7,Isaiah,PERSON
,20,7,on,PERSON
,20,8,Hezekiah,PERSON
,20,8,Isaiah,PERSON
,20,8,the third day,DATE
,20,9,Isaiah,PERSON
,20,9,ten degrees,QUANTITY
,20,9,ten degrees,QUANTITY
,20,10,Hezekiah,PERSON
,20,10,ten degrees,QUANTITY
,20,10,ten degrees,QUANTITY
,20,11,Isaiah,PERSON
,20,11,ten degrees,QUANTITY
,20,11,Ahaz,ORG
,20,12,Berodachbaladan,ORG
,20,12,Baladan,PERSON
,20,12,Babylon,GPE
,20,12,Hezekiah,PERSON
,20,12,Hezekiah,PERSON
,20,13,Hezekiah,PERSON
,20,13,Hezekiah,PERSON
,20,14,Isaiah,PERSON
,20,14,Hezekiah,PERSON
,20,14,Hezekiah,PERSON
,20,14,Babylon,GPE
,20,15,thine house,ORG
,20,15,Hezekiah,PERSON
,20,16,Isaiah,PERSON
,20,16,Hezekiah,PERSON
,20,17,thine house,ORG
,20,17,this day,DATE
,20,17,Babylon,PERSON
,20,18,Babylon,GPE
,20,19,Hezekiah unto Isaiah,PERSON
,20,19,my days,DATE
,20,20,Hezekiah,PERSON
,20,20,Judah,PERSON
,20,21,Hezekiah,PERSON
,20,21,Manasseh,PERSON
,21,1,Manasseh,PERSON
,21,1,twelve years old,DATE
,21,1,fifty and five years,DATE
,21,1,Jerusalem,GPE
,21,1,Hephzibah,PERSON
,21,2,Israel,GPE
,21,3,Hezekiah,PERSON
,21,3,Baal,PERSON
,21,3,Ahab,PERSON
,21,3,Israel,GPE
,21,4,Jerusalem,GPE
,21,4,put,PERSON
,21,5,two,CARDINAL
,21,7,David,PERSON
,21,7,Solomon,PERSON
,21,7,Jerusalem,GPE
,21,7,Israel,GPE
,21,7,put,PERSON
,21,8,Israel,GPE
,21,8,Moses,PERSON
,21,9,Manasseh,PERSON
,21,9,Israel,GPE
,21,11,Manasseh,NORP
,21,11,Judah,PERSON
,21,11,Amorites,ORG
,21,11,Judah,PERSON
,21,12,Israel,GPE
,21,12,Jerusalem,GPE
,21,12,Judah,PERSON
,21,13,Jerusalem,GPE
,21,13,Samaria,GPE
,21,13,Ahab,PERSON
,21,13,Jerusalem,GPE
,21,15,the day,DATE
,21,15,Egypt,GPE
,21,15,this day,DATE
,21,16,Manasseh,PERSON
,21,16,Jerusalem,GPE
,21,16,one,CARDINAL
,21,16,Judah,PERSON
,21,17,Manasseh,ORG
,21,17,Judah,PERSON
,21,18,Manasseh,PERSON
,21,18,Uzza,NORP
,21,18,Amon,PERSON
,21,19,Amon,PERSON
,21,19,twenty and two years old,DATE
,21,19,two years,DATE
,21,19,Jerusalem,GPE
,21,19,Meshullemeth,WORK_OF_ART
,21,19,daughter,PERSON
,21,19,Haruz,PERSON
,21,20,Manasseh,PERSON
,21,23,Amon,PERSON
,21,24,Amon,PERSON
,21,24,Josiah,PERSON
,21,25,Amon,PERSON
,21,25,Judah,PERSON
,21,26,Uzza,NORP
,21,26,Josiah,PERSON
,22,1,Josiah,PERSON
,22,1,eight years old,DATE
,22,1,thirty and one years,DATE
,22,1,Jerusalem,GPE
,22,1,Jedidah,PERSON
,22,1,daughter,PERSON
,22,1,Adaiah of Boscath,ORG
,22,2,David,PERSON
,22,3,the eighteenth year,DATE
,22,3,Josiah,PERSON
,22,3,Shaphan,LOC
,22,3,Azaliah,PERSON
,22,3,Meshullam,PERSON
,22,4,Hilkiah,ORG
,22,8,Hilkiah,PERSON
,22,8,Shaphan,PERSON
,22,8,Hilkiah,ORG
,22,8,Shaphan,LOC
,22,9,Shaphan,LOC
,22,10,Shaphan,LOC
,22,10,Hilkiah,PERSON
,22,10,Shaphan,LOC
,22,12,Hilkiah,PERSON
,22,12,Ahikam,PERSON
,22,12,Shaphan,LOC
,22,12,Achbor,PERSON
,22,12,Michaiah,PERSON
,22,12,Shaphan,LOC
,22,12,Asahiah,ORG
,22,13,Judah,PERSON
,22,14,So,PERSON
,22,14,Hilkiah,PERSON
,22,14,Ahikam,PERSON
,22,14,Achbor,ORG
,22,14,Shaphan,LOC
,22,14,Asahiah,ORG
,22,14,Huldah,PERSON
,22,14,Shallum,NORP
,22,14,Tikvah,GPE
,22,14,Harhas,PERSON
,22,14,Jerusalem,GPE
,22,15,Israel,GPE
,22,16,Behold,PERSON
,22,16,Judah,PERSON
,22,18,Judah,PERSON
,22,18,Israel,GPE
,23,1,Judah,PERSON
,23,1,Jerusalem,GPE
,23,2,Judah,PERSON
,23,2,Jerusalem,GPE
,23,4,Hilkiah,PERSON
,23,4,second,ORDINAL
,23,4,Baal,PERSON
,23,4,Jerusalem,GPE
,23,4,Kidron,ORG
,23,4,Bethel,GPE
,23,5,put,PERSON
,23,5,Judah,PERSON
,23,5,Judah,GPE
,23,5,Jerusalem,GPE
,23,5,Baal,PERSON
,23,6,Jerusalem,GPE
,23,6,the brook Kidron,LOC
,23,6,the brook Kidron,FAC
,23,8,Judah,GPE
,23,8,Geba to Beersheba,ORG
,23,8,Joshua,PERSON
,23,8,on,PERSON
,23,9,Jerusalem,GPE
,23,10,Topheth,WORK_OF_ART
,23,10,Hinnom,ORG
,23,10,daughter,PERSON
,23,10,Molech,ORG
,23,11,Judah,PERSON
,23,11,Nathanmelech,ORG
,23,12,on,PERSON
,23,12,Ahaz,ORG
,23,12,Judah,PERSON
,23,12,Manasseh,PERSON
,23,12,two,CARDINAL
,23,12,the brook Kidron,LOC
,23,13,Jerusalem,GPE
,23,13,on,PERSON
,23,13,Solomon,PERSON
,23,13,Israel,GPE
,23,13,Ashtoreth,LOC
,23,13,Zidonians,NORP
,23,13,Chemosh,PERSON
,23,13,Moabites,ORG
,23,13,Milcom,ORG
,23,13,Ammon,PERSON
,23,15,Bethel,GPE
,23,15,Jeroboam,ORG
,23,15,Nebat,PERSON
,23,15,Israel,GPE
,23,16,Josiah,PERSON
,23,17,Judah,PERSON
,23,17,Bethel,GPE
,23,18,So,PERSON
,23,18,Samaria,GPE
,23,19,Samaria,GPE
,23,19,Israel,GPE
,23,19,Josiah,PERSON
,23,19,Bethel,GPE
,23,20,Jerusalem,GPE
,23,22,the days,DATE
,23,22,Israel,GPE
,23,22,all the days,DATE
,23,22,Israel,GPE
,23,22,Judah,GPE
,23,23,the eighteenth year,DATE
,23,23,Josiah,PERSON
,23,23,Jerusalem,GPE
,23,24,Judah,GPE
,23,24,Jerusalem,GPE
,23,24,Josiah,PERSON
,23,24,put,PERSON
,23,24,Hilkiah,WORK_OF_ART
,23,25,Moses,PERSON
,23,26,Judah,PERSON
,23,26,Manasseh,PERSON
,23,27,Judah,PERSON
,23,27,Israel,GPE
,23,27,Jerusalem,GPE
,23,28,Josiah,PERSON
,23,28,Judah,PERSON
,23,29,Egypt,GPE
,23,29,Assyria,GPE
,23,29,Josiah,PERSON
,23,29,Megiddo,PERSON
,23,30,Megiddo,PERSON
,23,30,Jerusalem,GPE
,23,30,Jehoahaz,NORP
,23,30,Josiah,PERSON
,23,31,Jehoahaz,ORG
,23,31,twenty and three years old,DATE
,23,31,three months,DATE
,23,31,Jerusalem,GPE
,23,31,Hamutal,PERSON
,23,31,daughter,PERSON
,23,31,Jeremiah,PERSON
,23,31,Libnah,PERSON
,23,33,put,PERSON
,23,33,Riblah,ORG
,23,33,Hamath,NORP
,23,33,Jerusalem,GPE
,23,33,put,PERSON
,23,33,hundred,CARDINAL
,23,34,Eliakim,PERSON
,23,34,Josiah,PERSON
,23,34,Josiah,PERSON
,23,34,Jehoiakim,LOC
,23,34,Jehoahaz,PERSON
,23,34,Egypt,GPE
,23,35,Jehoiakim,PERSON
,23,35,Pharaoh,PERSON
,23,35,Pharaoh,PERSON
,23,36,Jehoiakim,LOC
,23,36,twenty and five years old,DATE
,23,36,eleven years,DATE
,23,36,Jerusalem,GPE
,23,36,Zebudah,PERSON
,23,36,daughter,PERSON
,23,36,Pedaiah,PERSON
,24,1,Nebuchadnezzar,WORK_OF_ART
,24,1,Babylon,GPE
,24,1,Jehoiakim,PRODUCT
,24,1,three years,DATE
,24,2,Chaldees,ORG
,24,2,Syrians,NORP
,24,2,Moabites,ORG
,24,2,Ammon,PERSON
,24,2,Judah,PERSON
,24,3,Judah,PERSON
,24,3,Manasseh,PERSON
,24,4,Jerusalem,GPE
,24,5,Jehoiakim,LOC
,24,5,Judah,PERSON
,24,6,So,PERSON
,24,6,Jehoiakim,PERSON
,24,6,Jehoiachin,PERSON
,24,7,Egypt,GPE
,24,7,Babylon,PERSON
,24,7,Egypt,GPE
,24,7,Euphrates,LOC
,24,7,Egypt,GPE
,24,8,Jehoiachin,PERSON
,24,8,eighteen years old,DATE
,24,8,Jerusalem,GPE
,24,8,three months,DATE
,24,8,Nehushta,PERSON
,24,8,daughter,PERSON
,24,8,Elnathan,GPE
,24,8,Jerusalem,GPE
,24,10,Nebuchadnezzar,PERSON
,24,10,Babylon,GPE
,24,10,Jerusalem,GPE
,24,11,Nebuchadnezzar,PERSON
,24,11,Babylon,PERSON
,24,12,Jehoiachin,PERSON
,24,12,Judah,PERSON
,24,12,Babylon,PERSON
,24,12,Babylon,PERSON
,24,12,the eighth year,DATE
,24,13,Solomon,PERSON
,24,13,Israel,GPE
,24,14,Jerusalem,GPE
,24,14,ten thousand,CARDINAL
,24,15,Jehoiachin,PERSON
,24,15,Babylon,GPE
,24,15,Jerusalem,GPE
,24,15,Babylon,GPE
,24,16,seven thousand,CARDINAL
,24,16,a thousand,CARDINAL
,24,16,Babylon,GPE
,24,16,Babylon,GPE
,24,17,Babylon,PERSON
,24,17,Mattaniah,PERSON
,24,17,Zedekiah,ORG
,24,18,Zedekiah,PERSON
,24,18,twenty and one years old,DATE
,24,18,eleven years,DATE
,24,18,Jerusalem,GPE
,24,18,Hamutal,PERSON
,24,18,daughter,PERSON
,24,18,Jeremiah,PERSON
,24,18,Libnah,PERSON
,24,19,Jehoiakim,LOC
,24,20,Jerusalem,GPE
,24,20,Judah,GPE
,24,20,Zedekiah,ORG
,24,20,Babylon,GPE
,25,1,the ninth year,DATE
,25,1,the tenth month,DATE
,25,1,the tenth day of the month,DATE
,25,1,Nebuchadnezzar,PERSON
,25,1,Babylon,PERSON
,25,1,Jerusalem,GPE
,25,2,the eleventh year,DATE
,25,2,Zedekiah,PERSON
,25,3,on,PERSON
,25,3,the ninth day of the fourth month,DATE
,25,4,night,TIME
,25,4,two,CARDINAL
,25,4,Chaldees,ORG
,25,5,Chaldees,ORG
,25,5,Jericho,GPE
,25,6,So,PERSON
,25,6,Babylon,PERSON
,25,6,Riblah,ORG
,25,7,Zedekiah,PERSON
,25,7,put,PERSON
,25,7,Zedekiah,GPE
,25,7,Babylon,GPE
,25,8,the fifth month,DATE
,25,8,on,PERSON
,25,8,the seventh day of the month,DATE
,25,8,the nineteenth year,DATE
,25,8,Nebuchadnezzar,PERSON
,25,8,Babylon,GPE
,25,8,Nebuzaradan,PERSON
,25,8,Babylon,GPE
,25,8,Jerusalem,GPE
,25,9,Jerusalem,GPE
,25,10,Chaldees,ORG
,25,10,Jerusalem,GPE
,25,11,Babylon,PERSON
,25,11,Nebuzaradan,PERSON
,25,13,Chaldees,ORG
,25,13,Babylon,GPE
,25,16,two,CARDINAL
,25,16,one,CARDINAL
,25,16,Solomon,PERSON
,25,17,one,CARDINAL
,25,17,eighteen cubits,QUANTITY
,25,17,three,CARDINAL
,25,17,second,ORDINAL
,25,18,Seraiah,ORG
,25,18,Zephaniah,PERSON
,25,18,second,ORDINAL
,25,18,three,CARDINAL
,25,19,five,CARDINAL
,25,19,threescore,CARDINAL
,25,20,Nebuzaradan,PERSON
,25,20,Babylon,PERSON
,25,21,Babylon,PERSON
,25,21,Riblah,ORG
,25,21,Hamath,NORP
,25,21,So,PERSON
,25,21,Judah,PERSON
,25,22,Judah,GPE
,25,22,Nebuchadnezzar,PERSON
,25,22,Babylon,PERSON
,25,22,Gedaliah,PERSON
,25,22,Ahikam,PERSON
,25,22,Shaphan,LOC
,25,23,Babylon,PERSON
,25,23,Gedaliah,PERSON
,25,23,Gedaliah to Mizpah,PERSON
,25,23,Ishmael,PERSON
,25,23,Nethaniah,ORG
,25,23,Johanan,GPE
,25,23,Careah,ORG
,25,23,Seraiah,ORG
,25,23,Tanhumeth the Netophathite,ORG
,25,23,Jaazaniah,ORG
,25,23,Maachathite,NORP
,25,24,Gedaliah,PERSON
,25,24,Chaldees,ORG
,25,24,Babylon,GPE
,25,25,the seventh month,DATE
,25,25,Ishmael,PERSON
,25,25,Nethaniah,ORG
,25,25,Elishama,PERSON
,25,25,ten,CARDINAL
,25,25,Gedaliah,PERSON
,25,25,Jews,NORP
,25,25,Chaldees,ORG
,25,25,Mizpah,PERSON
,25,26,Egypt,GPE
,25,26,Chaldees,ORG
,25,27,seven and thirtieth year,DATE
,25,27,Jehoiachin,PERSON
,25,27,Judah,PERSON
,25,27,the twelfth month,DATE
,25,27,on,PERSON
,25,27,seven and twentieth day of the month,DATE
,25,27,Evilmerodach,ORG
,25,27,Babylon,PERSON
,25,27,the year,DATE
,25,27,Jehoiachin,PERSON
,25,27,Judah,PERSON
,25,28,Babylon,GPE
,25,30,daily,DATE
,25,30,every day,DATE
,1,1,Adam,PERSON
,1,1,Sheth,PERSON
,1,1,Enosh,PERSON
,1,2,Kenan,PERSON
,1,2,Mahalaleel,PERSON
,1,2,Jered,PERSON
,1,3,Henoch,GPE
,1,3,Methuselah,ORG
,1,3,Lamech,ORG
,1,4,Noah,PERSON
,1,4,Shem,PERSON
,1,4,Ham,PERSON
,1,4,Japheth,PERSON
,1,5,Japheth,PERSON
,1,5,Gomer,PERSON
,1,5,Magog,GPE
,1,5,Madai,ORG
,1,5,Javan,PERSON
,1,5,Tubal,FAC
,1,5,Meshech,ORG
,1,5,Tiras,PERSON
,1,6,Gomer,PERSON
,1,6,Ashchenaz,PERSON
,1,6,Riphath,ORG
,1,6,Togarmah,ORG
,1,7,Javan,PERSON
,1,7,Elishah,PERSON
,1,7,Tarshish,PERSON
,1,7,Kittim,PERSON
,1,7,Dodanim,PERSON
,1,8,Ham,PERSON
,1,8,Cush,PERSON
,1,8,"Mizraim, Put",WORK_OF_ART
,1,8,Canaan,GPE
,1,9,Cush,PERSON
,1,9,Seba,PERSON
,1,9,Havilah,ORG
,1,9,Sabta,ORG
,1,9,Raamah,ORG
,1,9,Sabtecha,GPE
,1,9,Raamah,ORG
,1,9,Sheba,PERSON
,1,9,Dedan,PERSON
,1,10,Cush,PERSON
,1,10,Nimrod,PERSON
,1,11,Mizraim,PERSON
,1,11,Ludim,ORG
,1,11,Anamim,PERSON
,1,11,Lehabim,ORG
,1,11,Naphtuhim,ORG
,1,12,Pathrusim,PERSON
,1,12,Casluhim,ORG
,1,12,Philistines,NORP
,1,12,Caphthorim,PRODUCT
,1,13,Canaan,GPE
,1,13,Zidon,PERSON
,1,13,Heth,PERSON
,1,14,Amorite,PERSON
,1,14,Girgashite,PERSON
,1,15,Hivite,PERSON
,1,15,Arkite,PRODUCT
,1,15,Sinite,PERSON
,1,16,Arvadite,PRODUCT
,1,16,Zemarite,NORP
,1,17,Shem,PERSON
,1,17,Elam,PERSON
,1,17,Asshur,ORG
,1,17,Arphaxad,ORG
,1,17,Lud,PERSON
,1,17,Aram,PERSON
,1,17,Uz,PERSON
,1,17,Hul,PERSON
,1,17,Gether,PERSON
,1,17,Meshech,ORG
,1,18,Arphaxad,PERSON
,1,18,Shelah,ORG
,1,18,Shelah,ORG
,1,18,Eber,PERSON
,1,19,Eber,PERSON
,1,19,two,CARDINAL
,1,19,Peleg,PERSON
,1,19,his days,DATE
,1,19,Joktan,GPE
,1,20,Joktan,PERSON
,1,20,Almodad,PERSON
,1,20,Sheleph,PERSON
,1,20,Hazarmaveth,ORG
,1,20,Jerah,PERSON
,1,21,Hadoram,ORG
,1,21,Uzal,GPE
,1,21,Diklah,GPE
,1,22,Ebal,PERSON
,1,22,Abimael,PERSON
,1,22,Sheba,PERSON
,1,23,Ophir,GPE
,1,23,Havilah,ORG
,1,23,Jobab,PERSON
,1,23,Joktan,GPE
,1,24,Shem,PERSON
,1,24,Arphaxad,ORG
,1,24,Shelah,ORG
,1,25,Eber,PERSON
,1,25,Peleg,PERSON
,1,25,Reu,PERSON
,1,26,Serug,GPE
,1,26,Nahor,GPE
,1,26,Terah,GPE
,1,27,Abram,PERSON
,1,27,Abraham,PERSON
,1,28,Abraham,PERSON
,1,28,Isaac,PERSON
,1,28,Ishmael,PERSON
,1,29,Ishmael,PERSON
,1,29,Nebaioth,ORG
,1,29,Kedar,PERSON
,1,29,Adbeel,ORG
,1,29,Mibsam,PERSON
,1,30,Mishma,PRODUCT
,1,30,Dumah,PERSON
,1,30,Massa,GPE
,1,30,Hadad,PERSON
,1,30,Tema,ORG
,1,31,Jetur,PERSON
,1,31,Naphish,ORG
,1,31,Kedemah,PERSON
,1,31,Ishmael,PERSON
,1,32,Keturah,PERSON
,1,32,Abraham,PERSON
,1,32,Zimran,PERSON
,1,32,Jokshan,GPE
,1,32,Medan,GPE
,1,32,Midian,ORG
,1,32,Ishbak,ORG
,1,32,Shuah,PERSON
,1,32,Jokshan,GPE
,1,32,Sheba,GPE
,1,32,Dedan,PERSON
,1,33,Midian,PERSON
,1,33,Ephah,GPE
,1,33,Epher,PERSON
,1,33,Henoch,GPE
,1,33,Abida,ORG
,1,33,Eldaah,ORG
,1,33,Keturah,PERSON
,1,34,Abraham,PERSON
,1,34,Isaac,PERSON
,1,34,Isaac,PERSON
,1,34,Esau,PERSON
,1,34,Israel,GPE
,1,35,Esau,PERSON
,1,35,Eliphaz,PERSON
,1,35,Reuel,PERSON
,1,35,Jeush,PERSON
,1,35,Jaalam,PERSON
,1,35,Korah,GPE
,1,36,Eliphaz,NORP
,1,36,Teman,PERSON
,1,36,Omar,PERSON
,1,36,Zephi,PERSON
,1,36,Gatam,GPE
,1,36,Kenaz,LOC
,1,36,Timna,PERSON
,1,36,Amalek,PERSON
,1,37,Reuel,ORG
,1,37,"Nahath, Zerah",ORG
,1,37,Shammah,ORG
,1,37,Mizzah,PERSON
,1,38,Seir,PERSON
,1,38,Lotan,PERSON
,1,38,Shobal,ORG
,1,38,Zibeon,PERSON
,1,38,Anah,PERSON
,1,38,Dishon,PERSON
,1,38,Ezar,GPE
,1,38,Dishan,GPE
,1,39,Lotan,PERSON
,1,39,Hori,ORG
,1,39,Homam,ORG
,1,39,Timna,PERSON
,1,39,Lotan,PERSON
,1,40,Shobal,ORG
,1,40,Alian,GPE
,1,40,Manahath,ORG
,1,40,Ebal,PERSON
,1,40,Shephi,NORP
,1,40,Onam,ORG
,1,40,Zibeon,PERSON
,1,40,Aiah,ORG
,1,40,Anah,PERSON
,1,41,Anah,GPE
,1,41,Dishon,PERSON
,1,41,Dishon,GPE
,1,41,Amram,ORG
,1,41,Eshban,PERSON
,1,41,Ithran,ORG
,1,41,Cheran,PRODUCT
,1,42,Ezer,PERSON
,1,42,Bilhan,PERSON
,1,42,Zavan,ORG
,1,42,Jakan,GPE
,1,42,Dishan,GPE
,1,42,Uz,PERSON
,1,42,Aran,ORG
,1,43,Edom,GPE
,1,43,Israel,GPE
,1,43,Bela,PERSON
,1,43,Beor,PERSON
,1,43,Dinhabah,ORG
,1,44,Bela,PERSON
,1,44,Jobab,PERSON
,1,44,Zerah of Bozrah,PERSON
,1,45,Jobab,PERSON
,1,45,Husham,PERSON
,1,45,Temanites,LOC
,1,46,Husham,PERSON
,1,46,Hadad,PERSON
,1,46,Bedad,GPE
,1,46,Midian,PERSON
,1,46,Moab,GPE
,1,46,Avith,PERSON
,1,47,Hadad,PERSON
,1,47,Samlah of Masrekah,PERSON
,1,48,Samlah,PERSON
,1,48,Shaul,PERSON
,1,48,Rehoboth,GPE
,1,49,Shaul,PERSON
,1,49,Baalhanan the son,GPE
,1,49,Achbor,ORG
,1,50,Baalhanan,PERSON
,1,50,Hadad,PERSON
,1,50,Mehetabel,PERSON
,1,50,daughter,PERSON
,1,50,Matred,PERSON
,1,50,daughter,PERSON
,1,50,Mezahab,PERSON
,1,51,Hadad,PERSON
,1,51,Edom,ORG
,1,51,Timnah,PERSON
,1,51,Aliah,PERSON
,1,51,Jetheth,PERSON
,1,52,Aholibamah,PERSON
,1,52,Elah,PERSON
,1,52,Pinon,PERSON
,1,53,Kenaz,PERSON
,1,53,Teman,PERSON
,1,53,Mibzar,PERSON
,1,54,Magdiel,PERSON
,1,54,Iram,PERSON
,1,54,Edom,ORG
,2,1,Israel,GPE
,2,1,Reuben,PERSON
,2,1,Simeon,PERSON
,2,1,Levi,PERSON
,2,1,Judah,PERSON
,2,1,Issachar,PERSON
,2,1,Zebulun,PERSON
,2,2,Dan,PERSON
,2,2,Joseph,PERSON
,2,2,Benjamin,PERSON
,2,2,Naphtali,PERSON
,2,2,Gad,PERSON
,2,2,Asher,PERSON
,2,3,Judah,PERSON
,2,3,Er,PERSON
,2,3,Onan,ORG
,2,3,Shelah,ORG
,2,3,three,CARDINAL
,2,3,daughter,PERSON
,2,3,Shua the Canaanitess,ORG
,2,3,Er,PERSON
,2,3,Judah,PERSON
,2,4,Tamar,PERSON
,2,4,daughter,PERSON
,2,4,Pharez,PERSON
,2,4,Zerah,PERSON
,2,4,Judah,PERSON
,2,4,five,CARDINAL
,2,5,Hezron,ORG
,2,5,Hamul,PERSON
,2,6,Zerah,PERSON
,2,6,Zimri,PERSON
,2,6,Ethan,PERSON
,2,6,Heman,PERSON
,2,6,Calcol,ORG
,2,6,Dara,PERSON
,2,6,five,CARDINAL
,2,7,Carmi,GPE
,2,7,Achar,GPE
,2,7,Israel,GPE
,2,8,Ethan,PERSON
,2,8,Azariah,ORG
,2,9,Hezron,ORG
,2,9,Jerahmeel,PERSON
,2,9,Ram,PERSON
,2,9,Chelubai,PERSON
,2,10,Ram,PERSON
,2,10,Amminadab,ORG
,2,10,Amminadab begat Nahshon,PRODUCT
,2,10,Judah,GPE
,2,11,Nahshon begat Salma,PERSON
,2,11,Salma,PERSON
,2,11,Boaz,PERSON
,2,12,Boaz begat Obed,PERSON
,2,12,Obed,PERSON
,2,12,Jesse,PERSON
,2,13,Jesse,PERSON
,2,13,Eliab,PERSON
,2,13,Abinadab,PERSON
,2,13,second,ORDINAL
,2,13,Shimma,GPE
,2,13,third,ORDINAL
,2,14,Nethaneel,PERSON
,2,14,fourth,ORDINAL
,2,14,Raddai,ORG
,2,14,fifth,ORDINAL
,2,15,Ozem,PERSON
,2,15,sixth,ORDINAL
,2,15,David,PERSON
,2,15,seventh,ORDINAL
,2,16,Zeruiah,PERSON
,2,16,Abigail,PERSON
,2,16,Zeruiah,PERSON
,2,16,Abishai,PERSON
,2,16,Joab,ORG
,2,16,Asahel,ORG
,2,16,three,CARDINAL
,2,17,Abigail bare Amasa,PERSON
,2,17,Amasa,PERSON
,2,17,Jether,PERSON
,2,17,Ishmeelite,ORG
,2,18,Caleb,PERSON
,2,18,Hezron,ORG
,2,18,Azubah,ORG
,2,18,Jerioth,PERSON
,2,18,Jesher,ORG
,2,18,Shobab,ORG
,2,18,Ardon,ORG
,2,19,Azubah,PERSON
,2,19,Caleb,PERSON
,2,19,Ephrath,ORG
,2,19,Hur,PERSON
,2,20,Hur,PERSON
,2,20,Uri,PERSON
,2,20,Uri begat Bezaleel,PERSON
,2,21,Hezron,ORG
,2,21,daughter,PERSON
,2,21,Machir,LOC
,2,21,Gilead,ORG
,2,21,threescore years old,DATE
,2,21,Segub,ORG
,2,22,Segub,PERSON
,2,22,Jair,PERSON
,2,22,three,CARDINAL
,2,22,twenty,CARDINAL
,2,22,Gilead,ORG
,2,23,Geshur,PERSON
,2,23,Aram,PERSON
,2,23,Jair,ORG
,2,23,Kenath,ORG
,2,23,threescore,CARDINAL
,2,23,Machir,LOC
,2,23,Gilead,ORG
,2,24,Hezron,ORG
,2,24,Calebephratah,GPE
,2,24,Abiah Hezron's,ORG
,2,24,Ashur,PERSON
,2,24,Tekoa,ORG
,2,25,Jerahmeel,PERSON
,2,25,Hezron,ORG
,2,25,Ram,PERSON
,2,25,Bunah,PERSON
,2,25,Oren,PERSON
,2,25,Ozem,PERSON
,2,25,Ahijah,PERSON
,2,26,Jerahmeel,PERSON
,2,26,Atarah,ORG
,2,26,Onam,ORG
,2,27,Ram,PERSON
,2,27,Jerahmeel,PERSON
,2,27,Maaz,PERSON
,2,27,Jamin,PERSON
,2,27,Eker,PERSON
,2,28,Onam,ORG
,2,28,Shammai,PERSON
,2,28,Jada,PERSON
,2,28,Shammai,PERSON
,2,28,Nadab,GPE
,2,28,Abishur,PERSON
,2,29,Abishur,PERSON
,2,29,Abihail,PERSON
,2,29,Ahban,PERSON
,2,29,Molid,PERSON
,2,30,Nadab,GPE
,2,30,Seled,PERSON
,2,30,Appaim,PERSON
,2,30,Seled,PERSON
,2,31,Appaim,PERSON
,2,31,Ishi,PERSON
,2,31,Ishi,PERSON
,2,31,Sheshan,GPE
,2,31,Sheshan,GPE
,2,31,Ahlai,PERSON
,2,32,Jada,PERSON
,2,32,Shammai,PERSON
,2,32,Jether,PERSON
,2,32,Jonathan,PERSON
,2,32,Jether,PERSON
,2,33,Jonathan,PERSON
,2,33,Peleth,GPE
,2,33,Zaza,PERSON
,2,33,Jerahmeel,PERSON
,2,34,Sheshan,PERSON
,2,34,Sheshan,GPE
,2,34,Egyptian,NORP
,2,34,Jarha,ORG
,2,35,Sheshan,PERSON
,2,35,daughter,PERSON
,2,35,Jarha,PERSON
,2,35,Attai,GPE
,2,36,Attai,PERSON
,2,36,Nathan,PERSON
,2,36,Nathan begat Zabad,PERSON
,2,37,Zabad,PERSON
,2,37,Ephlal,PERSON
,2,37,Ephlal,PERSON
,2,37,Obed,PERSON
,2,38,Obed,PERSON
,2,38,Jehu,PERSON
,2,38,Jehu,PERSON
,2,38,Azariah,PERSON
,2,39,Azariah,PERSON
,2,39,Helez,ORG
,2,39,Helez,ORG
,2,39,Eleasah,PERSON
,2,40,Eleasah,PERSON
,2,40,Sisamai,PERSON
,2,40,Sisamai,PERSON
,2,40,Shallum,PERSON
,2,41,Shallum,PERSON
,2,41,Jekamiah,PERSON
,2,41,Jekamiah,PERSON
,2,41,Elishama,PERSON
,2,42,Caleb,PERSON
,2,42,Jerahmeel,PERSON
,2,42,Mesha,PERSON
,2,42,Ziph,PERSON
,2,42,Mareshah,PERSON
,2,42,Hebron,GPE
,2,43,Hebron,GPE
,2,43,Korah,GPE
,2,43,Tappuah,ORG
,2,43,Rekem,PERSON
,2,43,Shema,PERSON
,2,44,Shema,PERSON
,2,44,Raham,PERSON
,2,44,Jorkoam,PERSON
,2,44,Rekem,PERSON
,2,44,Shammai,PERSON
,2,45,Shammai,PERSON
,2,45,Maon,PERSON
,2,45,Maon,PERSON
,2,45,Bethzur,PRODUCT
,2,46,Ephah,PERSON
,2,46,Caleb,PERSON
,2,46,Haran,PERSON
,2,46,Moza,PERSON
,2,46,Gazez,ORG
,2,46,Haran,PERSON
,2,46,Gazez,PERSON
,2,47,Jahdai,ORG
,2,47,Regem,PERSON
,2,47,Jotham,PERSON
,2,47,Gesham,PERSON
,2,47,Pelet,GPE
,2,47,Ephah,GPE
,2,47,Shaaph,ORG
,2,48,Caleb,PERSON
,2,48,Sheber,PERSON
,2,48,Tirhanah,PERSON
,2,49,Shaaph,ORG
,2,49,Madmannah,PERSON
,2,49,Sheva,PERSON
,2,49,Machbenah,PERSON
,2,49,Gibea,PERSON
,2,49,daughter,PERSON
,2,49,Caleb,PERSON
,2,49,Achsa,PERSON
,2,50,Caleb,PERSON
,2,50,Hur,PERSON
,2,50,Ephratah,ORG
,2,50,Shobal,ORG
,2,50,Kirjathjearim,PERSON
,2,51,Salma,PERSON
,2,51,Bethlehem,GPE
,2,51,Hareph,PERSON
,2,51,Bethgader,PERSON
,2,52,Shobal,ORG
,2,52,Kirjathjearim,PERSON
,2,52,Haroeh,PERSON
,2,52,half,CARDINAL
,2,52,Manahethites,GPE
,2,53,Kirjathjearim,GPE
,2,53,Ithrites,ORG
,2,53,Puhites,GPE
,2,53,Shumathites,ORG
,2,53,Mishraites,FAC
,2,53,Zareathites,LOC
,2,54,Salma,PERSON
,2,54,Bethlehem,GPE
,2,54,Netophathites,NORP
,2,54,Ataroth,GPE
,2,54,"Joab, and",FAC
,2,54,half,CARDINAL
,2,54,Manahethites,GPE
,2,54,Zorites,GPE
,2,55,Jabez,ORG
,2,55,Tirathites,FAC
,2,55,Shimeathites,FAC
,2,55,Suchathites,ORG
,2,55,Kenites,GPE
,2,55,Hemath,PERSON
,2,55,Rechab,PERSON
,3,1,David,PERSON
,3,1,Hebron,GPE
,3,1,Amnon,PERSON
,3,1,Ahinoam,ORG
,3,1,Jezreelitess,ORG
,3,1,second,ORDINAL
,3,1,Daniel,PERSON
,3,1,Abigail,PERSON
,3,1,Carmelitess,ORG
,3,2,third,ORDINAL
,3,2,Absalom,PERSON
,3,2,Maachah,LOC
,3,2,daughter,PERSON
,3,2,Talmai,PERSON
,3,2,Geshur,PERSON
,3,2,fourth,ORDINAL
,3,2,Adonijah,PERSON
,3,2,Haggith,PERSON
,3,3,fifth,ORDINAL
,3,3,Shephatiah,PERSON
,3,3,Abital,PERSON
,3,3,sixth,ORDINAL
,3,3,Ithream,PERSON
,3,3,Eglah,PERSON
,3,4,six,CARDINAL
,3,4,Hebron,GPE
,3,4,seven years and,DATE
,3,4,six months,DATE
,3,4,Jerusalem,GPE
,3,4,thirty and three years,DATE
,3,5,Jerusalem,GPE
,3,5,Shimea,GPE
,3,5,Shobab,ORG
,3,5,Nathan,ORG
,3,5,Solomon,PERSON
,3,5,four,CARDINAL
,3,5,daughter,PERSON
,3,5,Ammiel,PERSON
,3,6,Ibhar,PERSON
,3,6,Elishama,ORG
,3,6,Eliphelet,PERSON
,3,7,Nogah,ORG
,3,7,Nepheg,PERSON
,3,7,Japhia,GPE
,3,8,Elishama,PERSON
,3,8,Eliada,PERSON
,3,8,Eliphelet,PERSON
,3,8,nine,CARDINAL
,3,9,David,PERSON
,3,9,Tamar,PERSON
,3,10,Solomon,PERSON
,3,10,Rehoboam,PERSON
,3,10,Abia,PERSON
,3,10,Asa,PERSON
,3,10,Jehoshaphat,PERSON
,3,11,Joram,ORG
,3,11,Ahaziah,PERSON
,3,11,Joash,PERSON
,3,12,Amaziah,ORG
,3,12,Azariah,ORG
,3,12,Jotham,PERSON
,3,13,Ahaz,PERSON
,3,13,Hezekiah,PERSON
,3,13,Manasseh,PERSON
,3,14,Amon,PERSON
,3,14,Josiah,PERSON
,3,15,Josiah,PERSON
,3,15,Johanan,PERSON
,3,15,second,ORDINAL
,3,15,Jehoiakim,LOC
,3,15,Zedekiah,PERSON
,3,15,Shallum,PERSON
,3,16,Zedekiah,PERSON
,3,17,Jeconiah,PERSON
,3,17,Assir,PERSON
,3,17,Salathiel,PERSON
,3,18,Malchiram,ORG
,3,18,Pedaiah,PERSON
,3,18,Shenazar,PERSON
,3,18,Jecamiah,GPE
,3,18,Hoshama,PERSON
,3,18,Nedabiah,ORG
,3,19,Pedaiah,PERSON
,3,19,Zerubbabel,PERSON
,3,19,Shimei,ORG
,3,19,Zerubbabel,PERSON
,3,19,Meshullam,PERSON
,3,19,Hananiah,ORG
,3,19,Shelomith,PRODUCT
,3,20,Hashubah,PERSON
,3,20,Ohel,PERSON
,3,20,Berechiah,ORG
,3,20,Hasadiah,ORG
,3,20,Jushabhesed,PERSON
,3,20,five,CARDINAL
,3,21,Hananiah,ORG
,3,21,Pelatiah,ORG
,3,21,Jesaiah,ORG
,3,21,Rephaiah,PERSON
,3,21,Arnan,GPE
,3,21,Obadiah,PERSON
,3,21,Shechaniah,ORG
,3,22,Shechaniah,ORG
,3,22,Shemaiah,PERSON
,3,22,Shemaiah,GPE
,3,22,Hattush,PERSON
,3,22,Igeal,ORG
,3,22,Bariah,ORG
,3,22,Neariah,ORG
,3,22,Shaphat,PERSON
,3,22,six,CARDINAL
,3,23,Neariah,PERSON
,3,23,Elioenai,PERSON
,3,23,Hezekiah,PERSON
,3,23,Azrikam,GPE
,3,23,three,CARDINAL
,3,24,Elioenai,PERSON
,3,24,Hodaiah,ORG
,3,24,Eliashib,PERSON
,3,24,Pelaiah,LOC
,3,24,Akkub,GPE
,3,24,Johanan,GPE
,3,24,Dalaiah,PERSON
,3,24,Anani,PERSON
,3,24,seven,CARDINAL
,4,1,Judah,PERSON
,4,1,Hezron,ORG
,4,1,Carmi,GPE
,4,1,Hur,PERSON
,4,1,Shobal,ORG
,4,2,Reaiah,PERSON
,4,2,Shobal,ORG
,4,2,Jahath,PERSON
,4,2,Jahath begat Ahumai,PERSON
,4,2,Lahad,PERSON
,4,3,Etam,PERSON
,4,3,Jezreel,PERSON
,4,3,Ishma,PERSON
,4,3,Idbash,PERSON
,4,3,Hazelelponi,PERSON
,4,4,Penuel,ORG
,4,4,Gedor,ORG
,4,4,Ezer,PERSON
,4,4,Hushah,GPE
,4,4,Hur,PERSON
,4,4,Ephratah,ORG
,4,4,Bethlehem,ORG
,4,5,Ashur,PERSON
,4,5,Tekoa,ORG
,4,5,two,CARDINAL
,4,5,Helah,PERSON
,4,5,Naarah,GPE
,4,6,Naarah,PERSON
,4,6,Ahuzam,PERSON
,4,6,Hepher,ORG
,4,6,Temeni,PERSON
,4,6,Haahashtari,NORP
,4,6,Naarah,GPE
,4,7,Helah,PERSON
,4,7,Zereth,PERSON
,4,7,Jezoar,GPE
,4,7,Ethnan,GPE
,4,8,Anub,PERSON
,4,8,Zobebah,PERSON
,4,8,Aharhel,PERSON
,4,8,Harum,PERSON
,4,9,Jabez,PERSON
,4,9,Jabez,PERSON
,4,10,Jabez,PERSON
,4,10,on,PERSON
,4,10,Israel,GPE
,4,11,Chelub,PERSON
,4,11,Shuah begat Mehir,PERSON
,4,11,Eshton,PERSON
,4,12,Eshton,PERSON
,4,12,Paseah,ORG
,4,12,Tehinnah,PERSON
,4,12,Irnahash,PERSON
,4,12,Rechah,PERSON
,4,13,Kenaz,PERSON
,4,13,Othniel,PERSON
,4,13,Seraiah,PERSON
,4,13,Othniel,PERSON
,4,13,Hathath,ORG
,4,14,Meonothai,GPE
,4,14,Ophrah,PERSON
,4,14,Seraiah begat Joab,ORG
,4,14,Charashim,GPE
,4,15,Caleb,PERSON
,4,15,Jephunneh,GPE
,4,15,Iru,PERSON
,4,15,Elah,ORG
,4,15,Naam,PERSON
,4,15,Elah,ORG
,4,15,Kenaz,LOC
,4,16,Jehaleleel,PERSON
,4,16,Ziph,PERSON
,4,16,Ziphah,GPE
,4,16,Tiria,GPE
,4,16,Asareel,PERSON
,4,17,Ezra,PERSON
,4,17,Jether,PERSON
,4,17,Mered,PERSON
,4,17,Epher,PERSON
,4,17,Jalon,ORG
,4,17,Miriam,PERSON
,4,17,Shammai,PERSON
,4,17,Ishbah,PERSON
,4,17,Eshtemoa,PERSON
,4,18,Jehudijah bare Jered,PERSON
,4,18,Gedor,ORG
,4,18,Heber,GPE
,4,18,Socho,GPE
,4,18,Jekuthiel,PERSON
,4,18,Zanoah,PERSON
,4,18,Bithiah,PERSON
,4,18,daughter,PERSON
,4,18,Pharaoh,PERSON
,4,18,Mered,PERSON
,4,19,Hodiah the sister,WORK_OF_ART
,4,19,Naham,PERSON
,4,19,Keilah the Garmite,ORG
,4,19,Eshtemoa,PERSON
,4,20,Shimon,PERSON
,4,20,Amnon,PERSON
,4,20,Rinnah,PERSON
,4,20,Benhanan,PERSON
,4,20,Tilon,PERSON
,4,20,Ishi,PERSON
,4,20,Zoheth,LOC
,4,20,Benzoheth,PERSON
,4,21,Shelah,ORG
,4,21,Judah,PERSON
,4,21,Er,PERSON
,4,21,Lecah,PERSON
,4,21,Laadah,PERSON
,4,21,Mareshah,PERSON
,4,21,Ashbea,GPE
,4,22,Jokim,PERSON
,4,22,Chozeba,ORG
,4,22,Joash,PERSON
,4,22,Saraph,PERSON
,4,22,Moab,GPE
,4,22,Jashubilehem,ORG
,4,24,Simeon,PERSON
,4,24,Nemuel,ORG
,4,24,Jamin,PERSON
,4,24,Jarib,GPE
,4,24,Zerah,GPE
,4,24,Shaul,PERSON
,4,25,Shallum,PERSON
,4,25,Mibsam,PERSON
,4,25,Mishma,PERSON
,4,26,Mishma,NORP
,4,26,Hamuel,PERSON
,4,26,Zacchur,PERSON
,4,26,Shimei,PERSON
,4,27,Shimei,ORG
,4,27,sixteen,CARDINAL
,4,27,six,CARDINAL
,4,27,Judah,PERSON
,4,28,Beersheba,PERSON
,4,28,Hazarshual,PERSON
,4,29,Bilhah,PERSON
,4,29,Ezem,PERSON
,4,29,Tolad,GPE
,4,30,Bethuel,ORG
,4,30,Hormah,GPE
,4,30,Ziklag,ORG
,4,31,Bethmarcaboth,PERSON
,4,31,Hazarsusim,ORG
,4,31,Bethbirei,ORG
,4,31,Shaaraim,PERSON
,4,31,David,PERSON
,4,32,Etam,PERSON
,4,32,Ain,PERSON
,4,32,Rimmon,PERSON
,4,32,Tochen,PERSON
,4,32,Ashan,GPE
,4,32,five,CARDINAL
,4,33,Baal,PERSON
,4,34,Meshobab,ORG
,4,34,Jamlech,ORG
,4,34,Joshah,PERSON
,4,34,Amaziah,ORG
,4,35,Joel,PERSON
,4,35,Jehu,PERSON
,4,35,Josibiah,PERSON
,4,35,Seraiah,ORG
,4,35,Asiel,PERSON
,4,36,Elioenai,PERSON
,4,36,Jaakobah,PERSON
,4,36,Jeshohaiah,ORG
,4,36,Asaiah,ORG
,4,36,Adiel,PERSON
,4,36,Jesimiel,WORK_OF_ART
,4,36,Benaiah,PERSON
,4,37,Ziza,PERSON
,4,37,Shiphi,NORP
,4,37,Allon,PERSON
,4,37,Jedaiah,ORG
,4,37,Shimri,PERSON
,4,37,Shemaiah,GPE
,4,39,Gedor,ORG
,4,40,Ham,PERSON
,4,41,the days,DATE
,4,41,Hezekiah,PERSON
,4,41,Judah,PERSON
,4,41,this day,DATE
,4,42,Simeon,PERSON
,4,42,five hundred,CARDINAL
,4,42,Seir,PERSON
,4,42,"Pelatiah, and Neariah",WORK_OF_ART
,4,42,Rephaiah,PERSON
,4,42,Uzziel,ORG
,4,42,Ishi,PERSON
,4,43,Amalekites,GPE
,4,43,this day,DATE
,5,1,Reuben,PERSON
,5,1,Israel,GPE
,5,1,Joseph,PERSON
,5,1,Israel,GPE
,5,2,Judah,PERSON
,5,2,Joseph,PERSON
,5,3,Reuben,PERSON
,5,3,Israel,GPE
,5,3,Hanoch,PERSON
,5,3,Pallu,ORG
,5,3,Hezron,ORG
,5,3,Carmi,GPE
,5,4,Joel; Shemaiah,PERSON
,5,4,Gog,PERSON
,5,4,Shimei,PERSON
,5,5,Micah,PERSON
,5,5,Baal,PERSON
,5,6,Beerah,GPE
,5,6,Tilgathpilneser,NORP
,5,6,Assyria,GPE
,5,6,Reubenites,LOC
,5,7,Jeiel,PERSON
,5,7,Zechariah,PERSON
,5,8,Bela,PERSON
,5,8,Azaz,PERSON
,5,8,Shema,PERSON
,5,8,Joel,PERSON
,5,8,Aroer,GPE
,5,8,Nebo,ORG
,5,8,Baalmeon,ORG
,5,9,Euphrates,LOC
,5,9,Gilead,ORG
,5,10,the days,DATE
,5,10,Saul,PERSON
,5,10,Hagarites,GPE
,5,10,Gilead,ORG
,5,11,Gad,PERSON
,5,11,Bashan,PERSON
,5,12,Joel,PERSON
,5,12,Shapham,PERSON
,5,12,Jaanai,ORG
,5,12,Shaphat,PERSON
,5,12,Bashan,GPE
,5,13,Michael,PERSON
,5,13,Meshullam,PERSON
,5,13,Sheba,PERSON
,5,13,Jorai,ORG
,5,13,Jachan,GPE
,5,13,Zia,PERSON
,5,13,Heber,GPE
,5,13,seven,CARDINAL
,5,14,Abihail,PERSON
,5,14,Huri,PERSON
,5,14,Jaroah,PERSON
,5,14,Gilead,ORG
,5,14,Michael,PERSON
,5,14,Jeshishai,GPE
,5,14,Jahdo,PERSON
,5,14,Buz,ORG
,5,15,Ahi,PERSON
,5,15,Abdiel,PERSON
,5,15,Guni,WORK_OF_ART
,5,16,Gilead,GPE
,5,16,Bashan,GPE
,5,16,Sharon,PERSON
,5,17,the days,DATE
,5,17,Jotham,PERSON
,5,17,Judah,PERSON
,5,17,the days,DATE
,5,17,Jeroboam,PERSON
,5,17,Israel,GPE
,5,18,Reuben,PERSON
,5,18,Gadites,LOC
,5,18,half,CARDINAL
,5,18,Manasseh,GPE
,5,18,four and forty thousand seven hundred and threescore,CARDINAL
,5,19,Hagarites,GPE
,5,19,Jetur,PERSON
,5,19,Nephish,LANGUAGE
,5,19,Nodab,PERSON
,5,20,Hagarites,GPE
,5,20,put,PERSON
,5,21,fifty thousand,CARDINAL
,5,21,two hundred and fifty thousand,CARDINAL
,5,21,two thousand,CARDINAL
,5,21,an hundred thousand,CARDINAL
,5,23,half,CARDINAL
,5,23,Manasseh,NORP
,5,23,Bashan unto Baalhermon and Senir,ORG
,5,23,mount Hermon,GPE
,5,24,Epher,PERSON
,5,24,Ishi,PERSON
,5,24,Eliel,PERSON
,5,24,Azriel,PERSON
,5,24,Jeremiah,PERSON
,5,24,Hodaviah,ORG
,5,24,Jahdiel,PERSON
,5,26,Israel,GPE
,5,26,Pul,PERSON
,5,26,Assyria,GPE
,5,26,Tilgathpilneser,GPE
,5,26,Assyria,GPE
,5,26,Reubenites,ORG
,5,26,Gadites,LOC
,5,26,half,CARDINAL
,5,26,Manasseh,GPE
,5,26,Halah,PERSON
,5,26,Habor,LOC
,5,26,Hara,PERSON
,5,26,Gozan,PERSON
,5,26,this day,DATE
,6,1,Levi,PERSON
,6,1,Gershon,PERSON
,6,1,Kohath,PERSON
,6,1,Merari,ORG
,6,2,Kohath,GPE
,6,2,Amram,ORG
,6,2,Izhar,ORG
,6,2,Hebron,GPE
,6,2,Uzziel,ORG
,6,3,Amram,ORG
,6,3,Aaron,PERSON
,6,3,Moses,PERSON
,6,3,Miriam,PERSON
,6,3,Aaron,PERSON
,6,3,Nadab,GPE
,6,3,Abihu,PERSON
,6,3,Eleazar,PERSON
,6,3,Ithamar,PERSON
,6,4,Eleazar,PERSON
,6,4,Phinehas,PERSON
,6,4,Phinehas,PERSON
,6,4,Abishua,PERSON
,6,5,Abishua,PERSON
,6,5,Bukki,PERSON
,6,5,Bukki begat Uzzi,PERSON
,6,6,"Uzzi begat Zerahiah, and Zerahiah",ORG
,6,6,Meraioth,PERSON
,6,7,Meraioth,PERSON
,6,7,Amariah,ORG
,6,7,Amariah,ORG
,6,7,Ahitub,PERSON
,6,8,Ahitub,PERSON
,6,8,Zadok,PERSON
,6,8,Zadok begat Ahimaaz,PERSON
,6,9,Ahimaaz begat Azariah,ORG
,6,9,Azariah,ORG
,6,9,Johanan,GPE
,6,10,Johanan begat Azariah,ORG
,6,10,Solomon,PERSON
,6,10,Jerusalem,GPE
,6,11,Azariah,ORG
,6,11,Amariah,ORG
,6,11,Amariah,ORG
,6,11,Ahitub,PERSON
,6,12,Ahitub,PERSON
,6,12,Zadok,PERSON
,6,12,Zadok begat Shallum,PERSON
,6,13,Shallum,PERSON
,6,13,Hilkiah,PERSON
,6,13,Hilkiah begat Azariah,ORG
,6,14,Azariah,PERSON
,6,14,Seraiah,PERSON
,6,14,Seraiah,ORG
,6,14,Jehozadak,GPE
,6,15,Jehozadak,GPE
,6,15,Judah,GPE
,6,15,Jerusalem,GPE
,6,15,Nebuchadnezzar,WORK_OF_ART
,6,16,Levi,PERSON
,6,16,Gershom,ORG
,6,16,Kohath,GPE
,6,16,Merari,ORG
,6,17,Gershom,ORG
,6,17,Libni,GPE
,6,17,Shimei,ORG
,6,18,Kohath,GPE
,6,18,Amram,ORG
,6,18,Izhar,ORG
,6,18,Hebron,GPE
,6,18,Uzziel,ORG
,6,19,Merari,ORG
,6,19,Mahli,ORG
,6,19,Mushi,PERSON
,6,19,Levites,ORG
,6,20,Gershom,ORG
,6,20,Libni,PERSON
,6,20,Jahath,PERSON
,6,20,Zimmah,PERSON
,6,21,Joah,PERSON
,6,21,Iddo,PERSON
,6,21,Zerah,PERSON
,6,21,Jeaterai,PERSON
,6,22,Kohath,GPE
,6,22,Amminadab,ORG
,6,22,Korah,PERSON
,6,22,Assir,PERSON
,6,23,Elkanah,PERSON
,6,23,Ebiasaph,PERSON
,6,23,Assir,PERSON
,6,24,Tahath,PERSON
,6,24,Uriel,PERSON
,6,24,Uzziah,PERSON
,6,24,Shaul,PERSON
,6,25,Elkanah,PERSON
,6,25,Amasai,PERSON
,6,25,Ahimoth,GPE
,6,26,Elkanah,PERSON
,6,26,Elkanah,PERSON
,6,26,Zophai,GPE
,6,26,Nahath,ORG
,6,27,Eliab,PERSON
,6,27,Jeroham,PERSON
,6,27,Elkanah,PERSON
,6,28,Samuel,PERSON
,6,28,Vashni,PERSON
,6,28,Abiah,ORG
,6,29,Merari,ORG
,6,29,Mahli,ORG
,6,29,Libni,PERSON
,6,29,Shimei,PERSON
,6,29,Uzza,PERSON
,6,30,Shimea,PERSON
,6,30,Haggiah,ORG
,6,30,Asaiah,ORG
,6,31,David,PERSON
,6,31,ark,PERSON
,6,32,Solomon,PERSON
,6,32,Jerusalem,GPE
,6,32,on,PERSON
,6,33,Heman,PERSON
,6,33,Joel,PERSON
,6,33,Shemuel,GPE
,6,34,Elkanah,PERSON
,6,34,Jeroham,PERSON
,6,34,Eliel,PERSON
,6,35,Zuph,PERSON
,6,35,Elkanah,PERSON
,6,35,Mahath,PERSON
,6,35,Amasai,PERSON
,6,36,Elkanah,PERSON
,6,36,Joel,PERSON
,6,36,Azariah,ORG
,6,36,Zephaniah,PERSON
,6,37,Tahath,PERSON
,6,37,Assir,PERSON
,6,37,Ebiasaph,PERSON
,6,37,Korah,GPE
,6,38,Izhar,ORG
,6,38,Kohath,PERSON
,6,38,Levi,PERSON
,6,38,Israel,GPE
,6,39,Asaph,PERSON
,6,39,on,PERSON
,6,39,Asaph,PERSON
,6,39,Berachiah,PERSON
,6,39,Shimea,GPE
,6,40,Michael,PERSON
,6,40,Baaseiah,ORG
,6,40,Malchiah,ORG
,6,41,Ethni,PERSON
,6,41,Zerah,PERSON
,6,41,Adaiah,GPE
,6,42,Ethan,PERSON
,6,42,Zimmah,ORG
,6,42,Shimei,ORG
,6,43,Jahath,PERSON
,6,43,Gershom,ORG
,6,43,Levi,PERSON
,6,44,Merari,ORG
,6,44,on,PERSON
,6,44,Ethan,PERSON
,6,44,Kishi,PERSON
,6,44,Abdi,PERSON
,6,44,Malluch,ORG
,6,45,Hashabiah,ORG
,6,45,Amaziah,ORG
,6,45,Hilkiah,WORK_OF_ART
,6,46,Amzi,ORG
,6,46,Bani,PERSON
,6,46,Shamer,PERSON
,6,47,Mahli,PERSON
,6,47,Mushi,PERSON
,6,47,Merari,ORG
,6,47,Levi,PERSON
,6,48,Levites,ORG
,6,49,Aaron,PERSON
,6,49,on,PERSON
,6,49,Israel,GPE
,6,49,Moses,PERSON
,6,50,Aaron,PERSON
,6,50,Eleazar,PERSON
,6,50,Phinehas,PERSON
,6,50,Abishua,PERSON
,6,51,Bukki,ORG
,6,51,Uzzi,PERSON
,6,51,Zerahiah,PERSON
,6,52,Meraioth,PERSON
,6,52,Amariah,PERSON
,6,52,Ahitub,PERSON
,6,53,Zadok,PERSON
,6,53,Ahimaaz,ORG
,6,54,Aaron,PERSON
,6,54,lot,PERSON
,6,55,Hebron,GPE
,6,55,Judah,GPE
,6,56,Caleb,PERSON
,6,56,Jephunneh,ORG
,6,57,Aaron,PERSON
,6,57,Judah,GPE
,6,57,Hebron,GPE
,6,57,Libnah,PERSON
,6,57,Jattir,PERSON
,6,57,Eshtemoa,PERSON
,6,58,Hilen,PERSON
,6,58,Debir,PERSON
,6,59,Ashan,GPE
,6,59,Bethshemesh,PERSON
,6,60,Benjamin,PERSON
,6,60,Geba,PERSON
,6,60,Alemeth,ORG
,6,60,Anathoth,PERSON
,6,60,thirteen,CARDINAL
,6,61,Kohath,GPE
,6,61,half,CARDINAL
,6,61,half,CARDINAL
,6,61,Manasseh,GPE
,6,61,lot,PERSON
,6,61,ten,CARDINAL
,6,62,Gershom,ORG
,6,62,Issachar,WORK_OF_ART
,6,62,Asher,PERSON
,6,62,Naphtali,PERSON
,6,62,Manasseh,NORP
,6,62,Bashan,GPE
,6,62,thirteen,CARDINAL
,6,63,Merari,ORG
,6,63,lot,PERSON
,6,63,Reuben,PERSON
,6,63,Gad,PERSON
,6,63,Zebulun,GPE
,6,63,twelve,CARDINAL
,6,64,Israel,GPE
,6,64,Levites,ORG
,6,65,lot,PERSON
,6,65,Judah,PERSON
,6,65,Simeon,PERSON
,6,65,Benjamin,PERSON
,6,66,Kohath,GPE
,6,66,Ephraim,PERSON
,6,67,Shechem,LOC
,6,67,Ephraim,PERSON
,6,67,Gezer,PERSON
,6,68,Jokmeam,PERSON
,6,68,Bethhoron,ORG
,6,69,Aijalon,PERSON
,6,69,Gathrimmon,PERSON
,6,70,half,CARDINAL
,6,70,Manasseh,NORP
,6,70,Aner,PERSON
,6,70,Bileam,PERSON
,6,70,Kohath,GPE
,6,71,Gershom,ORG
,6,71,half,CARDINAL
,6,71,Manasseh,GPE
,6,71,Golan,PERSON
,6,71,Bashan,GPE
,6,71,Ashtaroth,PERSON
,6,72,Issachar,PERSON
,6,72,Kedesh,PERSON
,6,73,Ramoth,PERSON
,6,73,Anem,PERSON
,6,74,Asher,ORG
,6,74,Mashal,PERSON
,6,74,Abdon,PERSON
,6,75,Hukok,PERSON
,6,75,Rehob,PERSON
,6,76,Naphtali,GPE
,6,76,Kedesh,GPE
,6,76,Galilee,GPE
,6,76,Hammon,PERSON
,6,76,Kirjathaim,PERSON
,6,77,Merari,ORG
,6,77,Zebulun,GPE
,6,77,Rimmon,PERSON
,6,77,Tabor,PERSON
,6,78,on,PERSON
,6,78,Jordan,GPE
,6,78,Jericho,GPE
,6,78,on,PERSON
,6,78,Jordan,GPE
,6,78,Reuben,PERSON
,6,78,Bezer,PERSON
,6,78,Jahzah,PERSON
,6,79,Kedemoth,PERSON
,6,79,Mephaath,PERSON
,6,80,Gad,PERSON
,6,80,Ramoth,PERSON
,6,80,Gilead,GPE
,6,80,Mahanaim,PERSON
,6,81,Heshbon,PERSON
,6,81,Jazer,PERSON
,7,1,Issachar,WORK_OF_ART
,7,1,Tola,PERSON
,7,1,Puah,PERSON
,7,1,Jashub,PERSON
,7,1,Shimrom,GPE
,7,1,four,CARDINAL
,7,2,Tola,PERSON
,7,2,Uzzi,PERSON
,7,2,Rephaiah,PERSON
,7,2,Jeriel,PERSON
,7,2,Jahmai,LOC
,7,2,Jibsam,PERSON
,7,2,Shemuel,ORG
,7,2,Tola,PERSON
,7,2,the days,DATE
,7,2,David,PERSON
,7,2,two,CARDINAL
,7,2,twenty thousand and,CARDINAL
,7,2,six hundred,CARDINAL
,7,3,Uzzi,PERSON
,7,3,Izrahiah,PERSON
,7,3,Izrahiah,ORG
,7,3,Michael,PERSON
,7,3,Obadiah,PERSON
,7,3,Joel,PERSON
,7,3,Ishiah,PERSON
,7,3,five,CARDINAL
,7,4,six and thirty thousand,CARDINAL
,7,5,Issachar,WORK_OF_ART
,7,5,fourscore and seven thousand,CARDINAL
,7,6,Benjamin,PERSON
,7,6,Bela,PERSON
,7,6,Becher,PERSON
,7,6,Jediael,GPE
,7,6,three,CARDINAL
,7,7,Bela,PERSON
,7,7,Ezbon,ORG
,7,7,Uzzi,PERSON
,7,7,Uzziel,ORG
,7,7,Jerimoth,PERSON
,7,7,Iri,ORG
,7,7,five,CARDINAL
,7,7,twenty and two thousand and thirty,CARDINAL
,7,7,four,CARDINAL
,7,8,Becher,PERSON
,7,8,Zemira,GPE
,7,8,Joash,PERSON
,7,8,Eliezer,PERSON
,7,8,Elioenai,PERSON
,7,8,Omri,PERSON
,7,8,Jerimoth,PERSON
,7,8,Abiah,ORG
,7,8,Anathoth,PERSON
,7,8,Alameth,PERSON
,7,8,Becher,PERSON
,7,9,twenty thousand and two hundred,CARDINAL
,7,10,Jediael,GPE
,7,10,Bilhan,PERSON
,7,10,Bilhan,GPE
,7,10,Jeush,ORG
,7,10,Benjamin,PERSON
,7,10,Ehud,PERSON
,7,10,Chenaanah,ORG
,7,10,Zethan,GPE
,7,10,Tharshish,PERSON
,7,10,Ahishahar,ORG
,7,11,Jediael,GPE
,7,11,seventeen thousand and two hundred,CARDINAL
,7,12,Shuppim,PERSON
,7,12,Huppim,ORG
,7,12,Ir,ORG
,7,12,Hushim,ORG
,7,12,Aher,PERSON
,7,13,Naphtali,GPE
,7,13,Jahziel,PERSON
,7,13,Guni,PERSON
,7,13,Jezer,PERSON
,7,13,Shallum,PERSON
,7,13,Bilhah,PERSON
,7,14,Manasseh,NORP
,7,14,Ashriel,PERSON
,7,14,Aramitess,PERSON
,7,14,Machir,LOC
,7,14,Gilead,ORG
,7,15,Machir,ORG
,7,15,Huppim and Shuppim,ORG
,7,15,Maachah,EVENT
,7,15,second,ORDINAL
,7,15,Zelophehad: and,ORG
,7,15,Zelophehad,PERSON
,7,16,Maachah,PERSON
,7,16,Machir,LOC
,7,16,Peresh,ORG
,7,16,Sheresh,PERSON
,7,16,Ulam,PERSON
,7,16,Rakem,ORG
,7,17,Ulam,PERSON
,7,17,Bedan,PERSON
,7,17,Gilead,ORG
,7,17,Machir,LOC
,7,17,Manasseh,PERSON
,7,18,Hammoleketh,PERSON
,7,18,Ishod,ORG
,7,18,Abiezer,PERSON
,7,18,Mahalah,PERSON
,7,19,Shemidah,PRODUCT
,7,19,Ahian,GPE
,7,19,Shechem,ORG
,7,19,Likhi,ORG
,7,19,Aniam,ORG
,7,20,Ephraim,PERSON
,7,20,Shuthelah,PERSON
,7,20,Bered,ORG
,7,20,Tahath,PERSON
,7,20,Eladah,PERSON
,7,20,Tahath,PERSON
,7,21,Zabad,PERSON
,7,21,Shuthelah,PERSON
,7,21,Ezer,PERSON
,7,21,Elead,PERSON
,7,21,Gath,PERSON
,7,22,Ephraim,PERSON
,7,22,many days,DATE
,7,23,Beriah,PERSON
,7,24,daughter,PERSON
,7,24,Sherah,PERSON
,7,24,Bethhoron,ORG
,7,24,Uzzensherah,GPE
,7,25,Rephah,PERSON
,7,25,Resheph,PERSON
,7,25,Telah,PERSON
,7,25,Tahan,PERSON
,7,26,Laadan,PERSON
,7,26,Ammihud,PERSON
,7,26,Elishama,PERSON
,7,27,Jehoshuah,PERSON
,7,28,Bethel,GPE
,7,28,Naaran,LOC
,7,28,Gezer,PERSON
,7,28,Shechem,ORG
,7,28,Gaza,GPE
,7,29,Manasseh,GPE
,7,29,Bethshean,GPE
,7,29,Taanach,PERSON
,7,29,Megiddo,PERSON
,7,29,Dor,PERSON
,7,29,Joseph,PERSON
,7,29,Israel,GPE
,7,30,Asher,PERSON
,7,30,Imnah,PERSON
,7,30,Isuah,PERSON
,7,30,Ishuai,ORG
,7,30,Beriah,ORG
,7,30,Serah,PERSON
,7,31,Beriah,ORG
,7,31,Heber,GPE
,7,31,Malchiel,PERSON
,7,31,Birzavith,ORG
,7,32,Heber,GPE
,7,32,Japhlet,PERSON
,7,32,Shomer,PERSON
,7,32,Hotham,PERSON
,7,32,Shua,PERSON
,7,33,Japhlet,GPE
,7,33,Pasach,PERSON
,7,33,Bimhal,ORG
,7,33,Ashvath,ORG
,7,33,Japhlet,GPE
,7,34,Shamer,PERSON
,7,34,Ahi,PERSON
,7,34,Rohgah,ORG
,7,34,Jehubbah,PERSON
,7,34,Aram,PERSON
,7,35,Helem,PERSON
,7,35,Zophah,PERSON
,7,35,Imna,PERSON
,7,35,Shelesh,ORG
,7,35,Amal,PERSON
,7,36,Zophah,PERSON
,7,36,Suah,PERSON
,7,36,Harnepher,PERSON
,7,36,Shual,ORG
,7,36,Beri,PERSON
,7,36,Imrah,PERSON
,7,37,Bezer,PERSON
,7,37,Hod,ORG
,7,37,Shamma,PERSON
,7,37,Shilshah,PERSON
,7,37,Ithran,ORG
,7,37,Beera,PERSON
,7,38,Jether,GPE
,7,38,Jephunneh,GPE
,7,38,Pispah,ORG
,7,38,Ara,PERSON
,7,39,Ulla,PERSON
,7,39,Arah,PERSON
,7,39,Haniel,PERSON
,7,39,Rezia,GPE
,7,40,Asher,PERSON
,7,40,twenty and six thousand,CARDINAL
,8,1,Benjamin,PERSON
,8,1,Bela,PERSON
,8,1,Ashbel,PERSON
,8,1,second,ORDINAL
,8,1,Aharah,PERSON
,8,1,third,ORDINAL
,8,2,Nohah,ORG
,8,2,fourth,ORDINAL
,8,2,Rapha,PERSON
,8,2,fifth,ORDINAL
,8,3,Bela,PERSON
,8,3,Addar,PERSON
,8,3,Gera,PERSON
,8,3,Abihud,PERSON
,8,4,Abishua,PERSON
,8,4,Naaman,PERSON
,8,4,Ahoah,LOC
,8,5,Gera,PERSON
,8,5,Shephuphan,GPE
,8,5,Huram,ORG
,8,6,Ehud,PERSON
,8,6,Geba,GPE
,8,6,Manahath,PERSON
,8,7,Naaman,PERSON
,8,7,Ahiah,ORG
,8,7,Gera,PERSON
,8,7,Uzza,PERSON
,8,7,Ahihud,PERSON
,8,8,Shaharaim,PERSON
,8,8,Moab,GPE
,8,8,Hushim,ORG
,8,8,Baara,GPE
,8,9,Hodesh,PERSON
,8,9,Jobab,PERSON
,8,9,Zibia,PERSON
,8,9,Mesha,PERSON
,8,9,Malcham,PERSON
,8,10,Jeuz,ORG
,8,10,Shachia,ORG
,8,10,Mirma,PERSON
,8,11,Hushim,ORG
,8,11,Abitub,PERSON
,8,11,Elpaal,PERSON
,8,12,Elpaal,PERSON
,8,12,Eber,PERSON
,8,12,Misham,PERSON
,8,12,Ono,PERSON
,8,12,Lod,PERSON
,8,13,Beriah,ORG
,8,13,Shema,PERSON
,8,13,Aijalon,ORG
,8,13,Gath,PERSON
,8,14,Ahio,PERSON
,8,14,Shashak,PERSON
,8,14,Jeremoth,PERSON
,8,15,Zebadiah,ORG
,8,15,Arad,GPE
,8,15,Ader,PERSON
,8,16,Michael,PERSON
,8,16,Ispah,ORG
,8,16,Joha,PERSON
,8,16,Beriah,ORG
,8,17,Zebadiah,ORG
,8,17,Meshullam,PERSON
,8,17,Hezeki,PERSON
,8,17,Heber,GPE
,8,18,Ishmerai,ORG
,8,18,Jezliah,ORG
,8,18,Jobab,PERSON
,8,18,Elpaal,PERSON
,8,19,Jakim,PERSON
,8,19,Zichri,PERSON
,8,19,Zabdi,PERSON
,8,20,Elienai,PERSON
,8,20,Zilthai,GPE
,8,20,Eliel,PERSON
,8,21,Adaiah,ORG
,8,21,Beraiah,PERSON
,8,21,Shimrath,ORG
,8,21,Shimhi,ORG
,8,22,Ishpan,ORG
,8,22,Heber,GPE
,8,22,Eliel,PERSON
,8,23,Abdon,PERSON
,8,23,Zichri,ORG
,8,23,Hanan,PERSON
,8,24,Hananiah,ORG
,8,24,Elam,ORG
,8,24,Antothijah,PERSON
,8,25,Iphedeiah,ORG
,8,25,Penuel,ORG
,8,25,Shashak,PERSON
,8,26,Shamsherai,PERSON
,8,26,Shehariah,ORG
,8,26,Athaliah,ORG
,8,27,Jaresiah,ORG
,8,27,Eliah,ORG
,8,27,Zichri,PERSON
,8,27,Jeroham,PERSON
,8,28,Jerusalem,GPE
,8,29,Gibeon,PERSON
,8,29,Gibeon,PERSON
,8,29,Maachah,PERSON
,8,30,Abdon,PERSON
,8,30,Zur,ORG
,8,30,Kish,GPE
,8,30,Baal,PERSON
,8,30,Nadab,GPE
,8,31,Gedor,ORG
,8,31,Ahio,ORG
,8,31,Zacher,PERSON
,8,32,Mikloth,PERSON
,8,32,Shimeah,PERSON
,8,32,Jerusalem,GPE
,8,33,Ner,PERSON
,8,33,Kish,PERSON
,8,33,Kish,PERSON
,8,33,Saul,PERSON
,8,33,Saul begat Jonathan,PERSON
,8,33,Malchishua,PERSON
,8,33,Abinadab,PERSON
,8,33,Eshbaal,PERSON
,8,34,Jonathan,PERSON
,8,34,Meribbaal,PERSON
,8,34,Meribbaal,PERSON
,8,34,Micah,PERSON
,8,35,Micah,PERSON
,8,35,Pithon,ORG
,8,35,Melech,PERSON
,8,35,Tarea,ORG
,8,35,Ahaz,ORG
,8,36,Ahaz,PERSON
,8,36,Alemeth,ORG
,8,36,Azmaveth,ORG
,8,36,Zimri,PERSON
,8,36,Zimri begat Moza,PERSON
,8,37,Moza,PERSON
,8,37,Binea,PERSON
,8,37,Rapha,PERSON
,8,37,Eleasah,PERSON
,8,37,Azel,PERSON
,8,38,Azel,ORG
,8,38,six,CARDINAL
,8,38,Azrikam,GPE
,8,38,Bocheru,PERSON
,8,38,Ishmael,PERSON
,8,38,Sheariah,PERSON
,8,38,Obadiah,PERSON
,8,38,Hanan,PERSON
,8,38,Azel,ORG
,8,39,Eshek,PERSON
,8,39,Ulam,PERSON
,8,39,Jehush,ORG
,8,39,second,ORDINAL
,8,39,Eliphelet,PERSON
,8,39,third,ORDINAL
,8,40,Ulam,PERSON
,8,40,an hundred and fifty,CARDINAL
,8,40,Benjamin,PERSON
,9,1,So,PERSON
,9,1,Israel,GPE
,9,1,Israel,GPE
,9,1,Judah,PERSON
,9,1,Babylon,PERSON
,9,2,first,ORDINAL
,9,2,Israelites,NORP
,9,2,Levites,ORG
,9,2,Nethinims,ORG
,9,3,Jerusalem,GPE
,9,3,Judah,PERSON
,9,3,Benjamin,PERSON
,9,3,Ephraim,PERSON
,9,3,Manasseh,NORP
,9,4,Uthai,PERSON
,9,4,Ammihud,ORG
,9,4,Omri,PERSON
,9,4,Imri,ORG
,9,4,Bani,PERSON
,9,4,Pharez,PERSON
,9,4,Judah,PERSON
,9,5,Shilonites,ORG
,9,5,Asaiah,ORG
,9,6,Zerah,GPE
,9,6,Jeuel,PERSON
,9,6,six hundred and ninety,CARDINAL
,9,7,Benjamin,PERSON
,9,7,Sallu,PERSON
,9,7,Meshullam,PERSON
,9,7,Hodaviah,ORG
,9,7,Hasenuah,PERSON
,9,8,Ibneiah,PERSON
,9,8,Jeroham,PERSON
,9,8,Elah,PERSON
,9,8,Uzzi,PERSON
,9,8,Michri,ORG
,9,8,Meshullam,PERSON
,9,8,Shephathiah,GPE
,9,8,Reuel,PERSON
,9,8,Ibnijah,ORG
,9,9,nine hundred and fifty and six,CARDINAL
,9,10,Jedaiah,ORG
,9,10,Jehoiarib,GPE
,9,10,Jachin,GPE
,9,11,Azariah,PERSON
,9,11,Hilkiah,ORG
,9,11,Meshullam,PERSON
,9,11,Zadok,PERSON
,9,11,Meraioth,PERSON
,9,11,Ahitub,PERSON
,9,12,Adaiah,PERSON
,9,12,Jeroham,PERSON
,9,12,Pashur,GPE
,9,12,Malchijah,PERSON
,9,12,Maasiai,PERSON
,9,12,Adiel,PERSON
,9,12,Jahzerah,PERSON
,9,12,Meshullam,PERSON
,9,12,Meshillemith,PERSON
,9,12,Immer,PERSON
,9,13,a thousand and seven hundred and threescore,CARDINAL
,9,14,Levites,ORG
,9,14,Shemaiah,GPE
,9,14,Hasshub,ORG
,9,14,Azrikam,GPE
,9,14,Hashabiah,ORG
,9,14,Merari,ORG
,9,15,"Bakbakkar, Heresh",ORG
,9,15,Galal,PERSON
,9,15,Mattaniah,PERSON
,9,15,Micah,PERSON
,9,15,Zichri,PERSON
,9,15,Asaph,GPE
,9,16,Obadiah,PERSON
,9,16,Shemaiah,GPE
,9,16,Galal,PERSON
,9,16,Jeduthun,GPE
,9,16,Berechiah,PERSON
,9,16,Asa,ORG
,9,16,Elkanah,PERSON
,9,16,Netophathites,LOC
,9,17,Shallum,PERSON
,9,17,Akkub,GPE
,9,17,Talmon,PERSON
,9,17,Ahiman,PERSON
,9,17,Shallum,PERSON
,9,18,Levi,PERSON
,9,19,Shallum,PERSON
,9,19,Kore,LOC
,9,19,Ebiasaph,PERSON
,9,19,Korah,GPE
,9,19,Korahites,ORG
,9,20,Phinehas,PERSON
,9,20,Eleazar,PERSON
,9,21,Zechariah,PERSON
,9,21,Meshelemiah,ORG
,9,22,two hundred and twelve,CARDINAL
,9,22,David,PERSON
,9,22,Samuel,PERSON
,9,23,So,PERSON
,9,24,four quarters,DATE
,9,25,seven days,DATE
,9,26,Levites,ORG
,9,26,four,CARDINAL
,9,27,every morning,TIME
,9,31,Mattithiah,PERSON
,9,31,one,CARDINAL
,9,31,Levites,ORG
,9,31,Shallum,NORP
,9,31,Korahite,ORG
,9,32,Kohathites,GPE
,9,33,Levites,ORG
,9,34,Levites,ORG
,9,34,Jerusalem,GPE
,9,35,Gibeon,PERSON
,9,35,Gibeon,PERSON
,9,35,Jehiel,PERSON
,9,35,Maachah,LOC
,9,36,Abdon,PERSON
,9,36,Zur,ORG
,9,36,Kish,GPE
,9,36,Baal,PERSON
,9,36,Ner,PERSON
,9,36,Nadab,GPE
,9,37,Gedor,ORG
,9,37,Ahio,ORG
,9,37,Zechariah,PERSON
,9,37,Mikloth,PERSON
,9,38,Mikloth,PERSON
,9,38,Shimeam,PERSON
,9,38,Jerusalem,GPE
,9,39,Ner,PERSON
,9,39,Kish,PERSON
,9,39,Kish,PERSON
,9,39,Saul,PERSON
,9,39,Saul begat Jonathan,PERSON
,9,39,Malchishua,PERSON
,9,39,Abinadab,PERSON
,9,39,Eshbaal,PERSON
,9,40,Jonathan,PERSON
,9,40,Meribbaal,PERSON
,9,40,Meribbaal,PERSON
,9,40,Micah,PERSON
,9,41,Micah,PERSON
,9,41,Pithon,ORG
,9,41,Melech,PERSON
,9,41,Tahrea,PERSON
,9,41,Ahaz,ORG
,9,42,Ahaz,PERSON
,9,42,Jarah,GPE
,9,42,Jarah,GPE
,9,42,Alemeth,ORG
,9,42,Azmaveth,ORG
,9,42,Zimri,PERSON
,9,42,Zimri begat Moza,PERSON
,9,43,Moza,PERSON
,9,43,Binea,PERSON
,9,43,Rephaiah,PERSON
,9,43,Eleasah,PERSON
,9,43,Azel,PERSON
,9,44,Azel,ORG
,9,44,six,CARDINAL
,9,44,Azrikam,GPE
,9,44,Bocheru,PERSON
,9,44,Ishmael,PERSON
,9,44,Sheariah,PERSON
,9,44,Obadiah,PERSON
,9,44,Hanan,PERSON
,9,44,Azel,ORG
,10,1,Philistines,NORP
,10,1,Israel,GPE
,10,1,Israel,GPE
,10,1,Philistines,NORP
,10,1,Gilboa,GPE
,10,2,Philistines,NORP
,10,2,Saul,PERSON
,10,2,Philistines,NORP
,10,2,Jonathan,PERSON
,10,2,Abinadab,PERSON
,10,2,Malchishua,PERSON
,10,2,Saul,PERSON
,10,3,Saul,PERSON
,10,4,Saul,PERSON
,10,4,So,PERSON
,10,4,Saul,PERSON
,10,5,Saul,PERSON
,10,5,on,PERSON
,10,6,So,PERSON
,10,6,Saul,PERSON
,10,6,three,CARDINAL
,10,7,Israel,GPE
,10,7,Saul,PERSON
,10,7,Philistines,NORP
,10,8,on,PERSON
,10,8,Philistines,NORP
,10,8,Saul,PERSON
,10,8,Gilboa,GPE
,10,9,Philistines,NORP
,10,10,put,PERSON
,10,10,Dagon,PERSON
,10,11,Jabeshgilead,ORG
,10,11,Philistines,NORP
,10,11,Saul,PERSON
,10,12,Saul,PERSON
,10,12,Jabesh,NORP
,10,12,Jabesh,GPE
,10,12,seven days,DATE
,10,13,So,PERSON
,10,13,Saul,PERSON
,10,14,David,PERSON
,10,14,Jesse,PERSON
,11,1,Israel,GPE
,11,1,David unto Hebron,PERSON
,11,1,Behold,PERSON
,11,2,Saul,PERSON
,11,2,Israel,GPE
,11,2,Israel,GPE
,11,2,Israel,GPE
,11,3,Israel,GPE
,11,3,Hebron,GPE
,11,3,David,PERSON
,11,3,Hebron,GPE
,11,3,David,PERSON
,11,3,Israel,GPE
,11,3,Samuel,PERSON
,11,4,David,PERSON
,11,4,Israel,GPE
,11,4,Jerusalem,GPE
,11,4,Jebus,ORG
,11,4,Jebusites,LOC
,11,5,Jebus,ORG
,11,5,David,PERSON
,11,5,David,PERSON
,11,5,Zion,GPE
,11,5,David,PERSON
,11,6,David,PERSON
,11,6,Jebusites,GPE
,11,6,first,ORDINAL
,11,6,So,PERSON
,11,6,Joab,PERSON
,11,6,Zeruiah,PERSON
,11,6,first,ORDINAL
,11,7,David,PERSON
,11,7,David,PERSON
,11,8,Millo,ORG
,11,8,Joab,PERSON
,11,9,So,PERSON
,11,9,David,PERSON
,11,10,David,PERSON
,11,10,Israel,GPE
,11,10,Israel,GPE
,11,11,David,PERSON
,11,11,Jashobeam,ORG
,11,11,Hachmonite,PERSON
,11,11,three hundred,CARDINAL
,11,11,one,CARDINAL
,11,12,Eleazar,PERSON
,11,12,Dodo,PERSON
,11,12,Ahohite,ORG
,11,12,one,CARDINAL
,11,12,three,CARDINAL
,11,13,David,PERSON
,11,13,Pasdammim,ORG
,11,13,Philistines,NORP
,11,13,Philistines,PRODUCT
,11,14,Philistines,NORP
,11,15,three,CARDINAL
,11,15,thirty,CARDINAL
,11,15,David,PERSON
,11,15,Adullam,ORG
,11,15,Philistines,NORP
,11,16,David,PERSON
,11,16,Philistines,ORG
,11,16,Bethlehem,ORG
,11,17,David,PERSON
,11,17,Bethlehem,ORG
,11,18,three,CARDINAL
,11,18,Philistines,NORP
,11,18,Bethlehem,ORG
,11,18,David,PERSON
,11,18,David,PERSON
,11,19,put,PERSON
,11,19,three,CARDINAL
,11,20,Abishai,PERSON
,11,20,Joab,PERSON
,11,20,three,CARDINAL
,11,20,three hundred,CARDINAL
,11,20,three,CARDINAL
,11,21,three,CARDINAL
,11,21,two,CARDINAL
,11,21,first,ORDINAL
,11,21,three,CARDINAL
,11,22,Benaiah,PERSON
,11,22,Jehoiada,ORG
,11,22,Kabzeel,LOC
,11,22,two,CARDINAL
,11,22,Moab,LOC
,11,23,Egyptian,NORP
,11,23,five cubits,QUANTITY
,11,23,Egyptian,NORP
,11,23,Egyptian,NORP
,11,24,Benaiah,PERSON
,11,24,Jehoiada,ORG
,11,24,three,CARDINAL
,11,25,thirty,CARDINAL
,11,25,first,ORDINAL
,11,25,three,CARDINAL
,11,25,David,PERSON
,11,26,Asahel,PERSON
,11,26,"Joab, Elhanan",ORG
,11,26,Dodo of Bethlehem,WORK_OF_ART
,11,27,Shammoth,PERSON
,11,27,Harorite,PERSON
,11,27,Helez,PERSON
,11,28,Ira,PERSON
,11,28,"Ikkesh the Tekoite,",ORG
,11,28,Abiezer,LOC
,11,29,Sibbecai,GPE
,11,29,Hushathite,NORP
,11,30,Maharai,PERSON
,11,30,Baanah the Netophathite,WORK_OF_ART
,11,31,Ithai,GPE
,11,31,Ribai of Gibeah,WORK_OF_ART
,11,31,"Benjamin, Benaiah",ORG
,11,32,Hurai,ORG
,11,32,Gaash,PERSON
,11,32,Abiel,PERSON
,11,33,Azmaveth,PERSON
,11,33,Eliahba,PERSON
,11,34,Hashem,PERSON
,11,34,Jonathan,PERSON
,11,34,Shage the Hararite,ORG
,11,35,Ahiam,PERSON
,11,35,Sacar,PERSON
,11,35,Eliphal,PERSON
,11,36,"Hepher the Mecherathite, Ahijah the Pelonite",PERSON
,11,37,Hezro,PERSON
,11,37,Carmelite,NORP
,11,37,Naarai,GPE
,11,37,Ezbai,ORG
,11,38,Joel,PERSON
,11,38,"Nathan, Mibhar",ORG
,11,38,Haggeri,PERSON
,11,39,Zelek,GPE
,11,39,Ammonite,ORG
,11,39,Naharai the Berothite,ORG
,11,39,Joab,PERSON
,11,39,Zeruiah,PERSON
,11,40,Ira,PERSON
,11,40,Gareb,PERSON
,11,41,Uriah,PERSON
,11,41,Hittite,NORP
,11,41,Zabad,PERSON
,11,41,Ahlai,PERSON
,11,42,Adina,PERSON
,11,42,Shiza,PERSON
,11,42,Reubenite,PERSON
,11,42,Reubenites,FAC
,11,42,thirty,CARDINAL
,11,43,Hanan,PERSON
,11,43,Maachah,PERSON
,11,43,Joshaphat,PERSON
,11,43,Mithnite,NORP
,11,44,Uzzia,GPE
,11,44,Ashterathite,PERSON
,11,44,Shama,PERSON
,11,44,Jehiel,PERSON
,11,44,Hothan,NORP
,11,44,Aroerite,PERSON
,11,45,Jediael,GPE
,11,45,Shimri,PRODUCT
,11,45,Joha,PERSON
,11,45,Tizite,NORP
,11,46,Eliel,PERSON
,11,46,Mahavite,ORG
,11,46,Jeribai,ORG
,11,46,Joshaviah,PERSON
,11,46,Elnaam,PRODUCT
,11,46,Ithmah,ORG
,11,46,Moabite,ORG
,11,47,Eliel,PERSON
,11,47,Obed,PERSON
,11,47,Jasiel the Mesobaite,PERSON
,12,1,David,PERSON
,12,1,Ziklag,ORG
,12,1,Saul,PERSON
,12,1,Kish,PERSON
,12,2,Saul,PERSON
,12,2,Benjamin,PERSON
,12,3,Ahiezer,ORG
,12,3,Joash,PERSON
,12,3,Shemaah,NORP
,12,3,Gibeathite,ORG
,12,3,Jeziel,PERSON
,12,3,Pelet,GPE
,12,3,Azmaveth,GPE
,12,3,Berachah,PERSON
,12,3,Jehu,PERSON
,12,4,Ismaiah the Gibeonite,ORG
,12,4,thirty,CARDINAL
,12,4,thirty,CARDINAL
,12,4,Jeremiah,PERSON
,12,4,Jahaziel,PERSON
,12,4,Johanan,GPE
,12,4,Josabad,ORG
,12,4,Gederathite,NORP
,12,5,Eluzai,PERSON
,12,5,Jerimoth,PERSON
,12,5,Bealiah,ORG
,12,5,Shemariah,ORG
,12,5,Shephatiah,ORG
,12,5,Haruphite,NORP
,12,6,Elkanah,PERSON
,12,6,Jesiah,ORG
,12,6,Azareel,ORG
,12,6,Joezer,PERSON
,12,6,Jashobeam,ORG
,12,6,Korhites,GPE
,12,7,Joelah,PERSON
,12,7,Zebadiah,ORG
,12,7,Jeroham of Gedor,ORG
,12,8,Gadites,LOC
,12,8,David,PERSON
,12,9,Ezer,PERSON
,12,9,first,ORDINAL
,12,9,Obadiah,PERSON
,12,9,second,ORDINAL
,12,9,Eliab,PERSON
,12,9,third,ORDINAL
,12,10,Mishmannah,PERSON
,12,10,fourth,ORDINAL
,12,10,Jeremiah,PERSON
,12,10,fifth,ORDINAL
,12,11,Attai,PERSON
,12,11,sixth,ORDINAL
,12,11,Eliel,PERSON
,12,11,seventh,ORDINAL
,12,12,Johanan,GPE
,12,12,eighth,ORDINAL
,12,12,Elzabad,GPE
,12,12,ninth,ORDINAL
,12,13,Jeremiah,PERSON
,12,13,tenth,ORDINAL
,12,13,eleventh,ORDINAL
,12,14,Gad,PERSON
,12,14,one,CARDINAL
,12,14,an hundred,CARDINAL
,12,15,Jordan,GPE
,12,15,the first month,DATE
,12,15,put,PERSON
,12,16,Benjamin,PERSON
,12,16,Judah,PERSON
,12,16,David,PERSON
,12,17,David,PERSON
,12,18,Amasai,PERSON
,12,18,Thine,PERSON
,12,18,David,PERSON
,12,18,on,PERSON
,12,18,Jesse,PERSON
,12,18,David,PERSON
,12,19,Manasseh,PERSON
,12,19,David,PERSON
,12,19,Philistines,NORP
,12,19,Saul,PERSON
,12,19,Philistines,NORP
,12,19,Saul,PERSON
,12,20,Ziklag,ORG
,12,20,Manasseh,GPE
,12,20,Adnah,GPE
,12,20,Jozabad,ORG
,12,20,Jediael,GPE
,12,20,Michael,PERSON
,12,20,Jozabad,ORG
,12,20,Elihu,PERSON
,12,20,Zilthai,GPE
,12,20,thousands,CARDINAL
,12,20,Manasseh,NORP
,12,21,David,PERSON
,12,22,David,PERSON
,12,23,David,PERSON
,12,23,Hebron,GPE
,12,23,Saul,PERSON
,12,24,Judah,PERSON
,12,24,six thousand and eight hundred,CARDINAL
,12,25,Simeon,PERSON
,12,25,seven thousand and one hundred,CARDINAL
,12,26,Levi,PERSON
,12,26,four thousand and six hundred,CARDINAL
,12,27,Jehoiada,ORG
,12,27,Aaronites,ORG
,12,27,three thousand and seven hundred,CARDINAL
,12,28,Zadok,PERSON
,12,28,twenty and,CARDINAL
,12,28,two,CARDINAL
,12,29,Benjamin,PERSON
,12,29,Saul,PERSON
,12,29,three thousand,CARDINAL
,12,29,Saul,PERSON
,12,30,Ephraim,PERSON
,12,30,twenty thousand and eight hundred,CARDINAL
,12,31,half,CARDINAL
,12,31,Manasseh eighteen thousand,FAC
,12,31,David,PERSON
,12,32,Issachar,WORK_OF_ART
,12,32,Israel,GPE
,12,32,two hundred,CARDINAL
,12,33,Zebulun,GPE
,12,33,fifty thousand,CARDINAL
,12,34,Naphtali,PERSON
,12,34,thousand,CARDINAL
,12,34,thirty and seven thousand,CARDINAL
,12,35,Danites,LOC
,12,35,twenty and eight thousand and six hundred,CARDINAL
,12,36,Asher,PERSON
,12,36,forty thousand,CARDINAL
,12,37,on,PERSON
,12,37,Jordan,GPE
,12,37,Reubenites,FAC
,12,37,Gadites,LOC
,12,37,half,CARDINAL
,12,37,Manasseh,GPE
,12,37,an hundred and twenty thousand,CARDINAL
,12,38,Hebron,GPE
,12,38,David,PERSON
,12,38,Israel,GPE
,12,38,Israel,GPE
,12,38,one,CARDINAL
,12,38,David,PERSON
,12,39,David,PERSON
,12,39,three days,DATE
,12,40,Issachar,PERSON
,12,40,Zebulun,PERSON
,12,40,Naphtali,PERSON
,12,40,on,PERSON
,12,40,on,PERSON
,12,40,on,PERSON
,12,40,on,PERSON
,12,40,Israel,GPE
,13,1,David,PERSON
,13,1,thousands and hundreds,CARDINAL
,13,2,David,PERSON
,13,2,Israel,GPE
,13,2,Israel,GPE
,13,2,Levites,ORG
,13,3,ark,PERSON
,13,3,the days,DATE
,13,3,Saul,PERSON
,13,4,so,PERSON
,13,5,So,PERSON
,13,5,David,PERSON
,13,5,Israel,GPE
,13,5,Shihor,GPE
,13,5,Egypt,GPE
,13,5,Hemath,PERSON
,13,5,ark,PERSON
,13,5,Kirjathjearim,PERSON
,13,6,David,PERSON
,13,6,Israel,GPE
,13,6,Baalah,ORG
,13,6,Kirjathjearim,PERSON
,13,6,Judah,PERSON
,13,6,ark,PERSON
,13,6,on,PERSON
,13,7,ark,PERSON
,13,7,Abinadab,PERSON
,13,7,Uzza,PERSON
,13,7,Ahio,ORG
,13,8,David,PERSON
,13,8,Israel,GPE
,13,9,Chidon,GPE
,13,9,Uzza,PERSON
,13,9,put,PERSON
,13,9,ark,PERSON
,13,10,Uzza,ORG
,13,10,put,PERSON
,13,10,ark,PERSON
,13,11,David,PERSON
,13,11,Uzza,PERSON
,13,11,Perezuzza,GPE
,13,11,this day,DATE
,13,12,David,PERSON
,13,12,ark,PERSON
,13,13,So,PERSON
,13,13,David,PERSON
,13,13,ark,PERSON
,13,13,David,PERSON
,13,13,Obededom the Gittite,ORG
,13,14,ark,PERSON
,13,14,three months,DATE
,13,14,Obededom,ORG
,14,1,Hiram,PERSON
,14,1,Tyre,PERSON
,14,1,David,PERSON
,14,2,David,PERSON
,14,2,Israel,GPE
,14,2,on,PERSON
,14,2,Israel,GPE
,14,3,David,PERSON
,14,3,Jerusalem,GPE
,14,3,David,PERSON
,14,4,Jerusalem,GPE
,14,4,Shammua,ORG
,14,4,Shobab,ORG
,14,4,Nathan,ORG
,14,4,Solomon,PERSON
,14,5,Ibhar,PERSON
,14,5,Elishua,ORG
,14,5,Elpalet,EVENT
,14,6,Nogah,ORG
,14,6,Nepheg,PERSON
,14,6,Japhia,GPE
,14,7,Elishama,ORG
,14,7,Beeliada,GPE
,14,7,Eliphalet,ORG
,14,8,Philistines,NORP
,14,8,David,PERSON
,14,8,Israel,GPE
,14,8,Philistines,NORP
,14,8,David,PERSON
,14,8,David,PERSON
,14,9,Philistines,NORP
,14,10,David,PERSON
,14,10,Philistines,NORP
,14,11,So,PERSON
,14,11,Baalperazim,GPE
,14,11,David,PERSON
,14,11,David,PERSON
,14,11,Baalperazim,GPE
,14,12,David,PERSON
,14,13,Philistines,NORP
,14,14,David,PERSON
,14,15,Philistines,PRODUCT
,14,16,David,PERSON
,14,16,Philistines,NORP
,14,16,Gibeon,PERSON
,14,16,Gazer,PERSON
,14,17,David,PERSON
,15,1,David,PERSON
,15,1,David,GPE
,15,1,ark,PERSON
,15,2,David,PERSON
,15,2,ark,PERSON
,15,2,Levites,ORG
,15,2,ark,PERSON
,15,3,David,PERSON
,15,3,Israel,GPE
,15,3,Jerusalem,GPE
,15,3,ark,PERSON
,15,4,David,PERSON
,15,4,Aaron,PERSON
,15,4,Levites,PRODUCT
,15,5,Kohath,GPE
,15,5,Uriel,PERSON
,15,5,an hundred and twenty,CARDINAL
,15,6,Merari,ORG
,15,6,Asaiah,ORG
,15,6,two hundred and twenty,CARDINAL
,15,7,Gershom,ORG
,15,7,Joel,PERSON
,15,7,an hundred and thirty,CARDINAL
,15,8,Elizaphan,GPE
,15,8,Shemaiah,GPE
,15,8,two hundred,CARDINAL
,15,9,Hebron,GPE
,15,9,Eliel,PERSON
,15,9,fourscore,CARDINAL
,15,10,Uzziel,ORG
,15,10,Amminadab,ORG
,15,10,an hundred and twelve,CARDINAL
,15,11,David,PERSON
,15,11,Zadok and Abiathar,PERSON
,15,11,Levites,ORG
,15,11,Uriel,PERSON
,15,11,Asaiah,ORG
,15,11,"Joel, Shemaiah",PERSON
,15,11,Eliel,PERSON
,15,11,Amminadab,ORG
,15,12,Ye,PERSON
,15,12,Levites,PRODUCT
,15,12,ark,PERSON
,15,12,Israel,GPE
,15,13,first,ORDINAL
,15,14,So,PERSON
,15,14,Levites,ORG
,15,14,ark,PERSON
,15,14,Israel,GPE
,15,15,Levites,PRODUCT
,15,15,ark,PERSON
,15,15,Moses,PERSON
,15,16,David,PERSON
,15,16,Levites,ORG
,15,17,So,PERSON
,15,17,Levites,ORG
,15,17,Heman,PERSON
,15,17,Joel,PERSON
,15,17,Asaph,PERSON
,15,17,Berechiah,ORG
,15,17,Merari,ORG
,15,17,Ethan,PERSON
,15,17,Kushaiah,ORG
,15,18,second,ORDINAL
,15,18,Zechariah,PERSON
,15,18,Ben,PERSON
,15,18,Jaaziel,PERSON
,15,18,Shemiramoth,PERSON
,15,18,Jehiel,PERSON
,15,18,"Unni, Eliab",ORG
,15,18,Benaiah,PRODUCT
,15,18,Maaseiah,ORG
,15,18,Mattithiah,PERSON
,15,18,Mikneiah,PERSON
,15,18,Obededom,PERSON
,15,18,Jeiel,PERSON
,15,19,So,PERSON
,15,19,Heman,PERSON
,15,19,Asaph,GPE
,15,19,Ethan,PERSON
,15,20,Zechariah,PERSON
,15,20,Aziel,ORG
,15,20,Shemiramoth,PERSON
,15,20,Jehiel,PERSON
,15,20,Unni,ORG
,15,20,Eliab,PERSON
,15,20,Maaseiah,ORG
,15,20,Benaiah,PERSON
,15,20,on,PERSON
,15,20,Alamoth,GPE
,15,21,Mattithiah,PERSON
,15,21,Mikneiah,PERSON
,15,21,Obededom,PERSON
,15,21,Jeiel,PERSON
,15,21,Azaziah,ORG
,15,21,on,PERSON
,15,21,Sheminith,ORG
,15,22,Chenaniah,PERSON
,15,22,Levites,ORG
,15,23,Berechiah,PERSON
,15,23,Elkanah,PERSON
,15,23,ark,PERSON
,15,24,Shebaniah,PERSON
,15,24,Jehoshaphat,PERSON
,15,24,Nethaneel,PERSON
,15,24,Amasai,PERSON
,15,24,Zechariah,PERSON
,15,24,Benaiah,PERSON
,15,24,Eliezer,PERSON
,15,24,ark,PERSON
,15,24,Obededom and Jehiah,ORG
,15,24,ark,PERSON
,15,25,So,PERSON
,15,25,David,PERSON
,15,25,Israel,GPE
,15,25,thousands,CARDINAL
,15,25,ark,PERSON
,15,25,Obededom,PERSON
,15,26,Levites,ORG
,15,26,ark,PERSON
,15,26,seven,CARDINAL
,15,26,seven,CARDINAL
,15,27,David,PERSON
,15,27,Levites,ORG
,15,27,ark,PERSON
,15,27,Chenaniah,PERSON
,15,27,David,PERSON
,15,27,ephod,PERSON
,15,28,Israel,GPE
,15,28,ark,PERSON
,15,29,ark,PERSON
,15,29,David,GPE
,15,29,Michal,PERSON
,15,29,daughter,PERSON
,15,29,Saul,PERSON
,15,29,David,PERSON
,16,1,So,PERSON
,16,1,ark,PERSON
,16,1,David,PERSON
,16,2,David,PERSON
,16,3,Israel,GPE
,16,4,Levites,ORG
,16,4,ark,PERSON
,16,4,Israel,GPE
,16,5,Asaph,PERSON
,16,5,Zechariah,PERSON
,16,5,Jeiel,PERSON
,16,5,Shemiramoth,PERSON
,16,5,Jehiel,PERSON
,16,5,Mattithiah,PERSON
,16,5,Eliab,PERSON
,16,5,Benaiah,PERSON
,16,5,Jeiel,PERSON
,16,5,Asaph,PERSON
,16,6,Benaiah,PERSON
,16,6,Jahaziel,PERSON
,16,6,ark,PERSON
,16,7,on,PERSON
,16,7,David,PERSON
,16,7,first,ORDINAL
,16,7,Asaph,GPE
,16,13,Israel,GPE
,16,13,Jacob,PERSON
,16,15,a thousand,CARDINAL
,16,16,Abraham,PERSON
,16,16,Isaac,PERSON
,16,17,Jacob,PERSON
,16,17,Israel,GPE
,16,18,Canaan,GPE
,16,18,lot,PERSON
,16,20,one,CARDINAL
,16,36,Israel,GPE
,16,37,So,PERSON
,16,37,ark,PERSON
,16,37,Asaph,PERSON
,16,37,ark,PERSON
,16,37,day,DATE
,16,38,threescore and eight,CARDINAL
,16,38,Obededom,PERSON
,16,38,Jeduthun,GPE
,16,38,Hosah,PERSON
,16,39,Zadok,PERSON
,16,39,Gibeon,GPE
,16,40,morning,TIME
,16,40,evening,TIME
,16,40,Israel,GPE
,16,41,Heman,PERSON
,16,41,Jeduthun,GPE
,16,42,Heman,PERSON
,16,42,Jeduthun,GPE
,16,42,Jeduthun,GPE
,16,43,David,PERSON
,17,1,David,PERSON
,17,1,David,PERSON
,17,1,Nathan the prophet,PERSON
,17,1,Lo,PERSON
,17,1,ark,PERSON
,17,2,Nathan,ORG
,17,2,David,PERSON
,17,3,the same night,TIME
,17,3,Nathan,ORG
,17,4,David,PERSON
,17,5,the day,DATE
,17,5,Israel,GPE
,17,5,this day,DATE
,17,5,one,CARDINAL
,17,6,Israel,GPE
,17,6,Israel,GPE
,17,7,David,PERSON
,17,7,Israel,GPE
,17,9,Israel,GPE
,17,10,Israel,GPE
,17,15,so,PERSON
,17,15,Nathan,PERSON
,17,15,David,PERSON
,17,16,David,PERSON
,17,18,David,PERSON
,17,21,one,CARDINAL
,17,21,Israel,GPE
,17,21,Egypt,GPE
,17,22,Israel,GPE
,17,24,Israel,GPE
,17,24,Israel,GPE
,17,24,David,PERSON
,18,1,David,PERSON
,18,1,Philistines,NORP
,18,1,Gath,PERSON
,18,1,Philistines,PRODUCT
,18,2,Moab,GPE
,18,2,Moabites,ORG
,18,2,David,PERSON
,18,3,David,PERSON
,18,3,Hadarezer,GPE
,18,3,Zobah,PERSON
,18,3,Hamath,PERSON
,18,3,Euphrates,LOC
,18,4,David,PERSON
,18,4,a thousand,CARDINAL
,18,4,seven thousand,CARDINAL
,18,4,twenty thousand,CARDINAL
,18,4,David,PERSON
,18,4,an hundred,CARDINAL
,18,5,Syrians,NORP
,18,5,Damascus,GPE
,18,5,Hadarezer,ORG
,18,5,Zobah,PERSON
,18,5,David,PERSON
,18,5,Syrians,NORP
,18,5,two,CARDINAL
,18,5,twenty thousand,CARDINAL
,18,6,David,PERSON
,18,6,put,PERSON
,18,6,Syriadamascus,ORG
,18,6,Syrians,NORP
,18,6,David,PERSON
,18,6,David,PERSON
,18,7,David,PERSON
,18,7,on,PERSON
,18,7,Hadarezer,ORG
,18,7,Jerusalem,GPE
,18,8,Tibhath,ORG
,18,8,Chun,PERSON
,18,8,Hadarezer,GPE
,18,8,David,PERSON
,18,8,Solomon,PERSON
,18,9,Tou,PERSON
,18,9,Hamath,NORP
,18,9,David,PERSON
,18,9,Hadarezer,ORG
,18,9,Zobah,PERSON
,18,10,Hadoram,PERSON
,18,10,David,PERSON
,18,10,Hadarezer,ORG
,18,10,Hadarezer,ORG
,18,10,Tou,PERSON
,18,11,David,PERSON
,18,11,Edom,ORG
,18,11,Moab,GPE
,18,11,Ammon,PERSON
,18,11,Philistines,NORP
,18,11,Amalek,GPE
,18,12,Abishai,PERSON
,18,12,Zeruiah,PERSON
,18,12,eighteen thousand,DATE
,18,13,put,PERSON
,18,13,Edom,GPE
,18,13,Edomites,PERSON
,18,13,David,PERSON
,18,13,David,PERSON
,18,14,So,PERSON
,18,14,David,PERSON
,18,14,Israel,GPE
,18,15,Joab,PERSON
,18,15,Zeruiah,PERSON
,18,15,Jehoshaphat,PERSON
,18,15,Ahilud,PERSON
,18,16,Zadok,PERSON
,18,16,Ahitub,PERSON
,18,16,Abimelech,ORG
,18,16,Abiathar,PERSON
,18,16,Shavsha,GPE
,18,17,Benaiah,PERSON
,18,17,Jehoiada,ORG
,18,17,Cherethites,PRODUCT
,18,17,Pelethites,GPE
,18,17,David,PERSON
,19,1,Nahash,ORG
,19,1,Ammon,PERSON
,19,2,David,PERSON
,19,2,Hanun,PERSON
,19,2,Nahash,ORG
,19,2,David,PERSON
,19,2,So,PERSON
,19,2,David,PERSON
,19,2,Ammon,PERSON
,19,2,Hanun,NORP
,19,3,Ammon,PERSON
,19,3,"Hanun, Thinkest",ORG
,19,3,David,PERSON
,19,4,Hanun,PERSON
,19,4,David,PERSON
,19,5,David,PERSON
,19,5,Tarry,PERSON
,19,5,Jericho,GPE
,19,6,Ammon,PERSON
,19,6,David,PERSON
,19,6,Hanun,PERSON
,19,6,Ammon,PERSON
,19,6,thousand,CARDINAL
,19,6,Mesopotamia,LOC
,19,6,Syriamaachah,PERSON
,19,6,Zobah,PERSON
,19,7,So,PERSON
,19,7,thirty and two thousand,CARDINAL
,19,7,Maachah,LOC
,19,7,Medeba,GPE
,19,7,Ammon,PERSON
,19,8,David,PERSON
,19,8,Joab,PERSON
,19,9,Ammon,PERSON
,19,9,put,PERSON
,19,10,Joab,PERSON
,19,10,Israel,GPE
,19,10,put,PERSON
,19,10,Syrians,NORP
,19,11,Abishai,PERSON
,19,11,Ammon,PERSON
,19,12,Syrians,NORP
,19,12,Ammon,PERSON
,19,14,So,PERSON
,19,14,Joab,PERSON
,19,14,Syrians,NORP
,19,15,Ammon,PERSON
,19,15,Syrians,NORP
,19,15,Abishai,PERSON
,19,15,Joab,PERSON
,19,15,Jerusalem,GPE
,19,16,Syrians,NORP
,19,16,put,PERSON
,19,16,Israel,GPE
,19,16,Syrians,NORP
,19,16,Shophach,PERSON
,19,16,Hadarezer,ORG
,19,17,David,PERSON
,19,17,Israel,GPE
,19,17,Jordan,GPE
,19,17,So,PERSON
,19,17,David,PERSON
,19,17,put,PERSON
,19,17,Syrians,NORP
,19,18,Syrians,NORP
,19,18,Israel,GPE
,19,18,David,PERSON
,19,18,Syrians,NORP
,19,18,forty thousand,CARDINAL
,19,18,Shophach,PERSON
,19,19,Hadarezer,ORG
,19,19,put,PERSON
,19,19,Israel,GPE
,19,19,David,PERSON
,19,19,Syrians,NORP
,19,19,Ammon,PERSON
,20,1,the year,DATE
,20,1,Joab,PERSON
,20,1,Ammon,PERSON
,20,1,Rabbah,PERSON
,20,1,David,PERSON
,20,1,Jerusalem,GPE
,20,1,Joab smote Rabbah,PERSON
,20,2,David,PERSON
,20,2,David,PERSON
,20,3,so,PERSON
,20,3,David,PERSON
,20,3,Ammon,PERSON
,20,3,David,PERSON
,20,3,Jerusalem,GPE
,20,4,Gezer,PERSON
,20,4,Philistines,NORP
,20,4,Sibbechai,GPE
,20,4,Hushathite,NORP
,20,4,Sippai,PERSON
,20,5,Philistines,NORP
,20,5,Elhanan,GPE
,20,5,Jair,ORG
,20,5,Lahmi,PERSON
,20,5,Goliath,PERSON
,20,5,Gittite,ORG
,20,6,Gath,PERSON
,20,6,four,CARDINAL
,20,6,six,CARDINAL
,20,6,on,PERSON
,20,6,six,CARDINAL
,20,6,on,PERSON
,20,7,Israel,GPE
,20,7,Jonathan,PERSON
,20,7,Shimea David's,PERSON
,20,8,Gath,PERSON
,20,8,David,PERSON
,21,1,Satan,PERSON
,21,1,Israel,GPE
,21,1,David,PERSON
,21,1,Israel,GPE
,21,2,David,PERSON
,21,2,Joab,ORG
,21,2,Israel,GPE
,21,2,Beersheba,GPE
,21,2,Dan,PERSON
,21,3,Joab,PERSON
,21,3,hundred,CARDINAL
,21,3,so,PERSON
,21,3,Israel,GPE
,21,4,Joab,PERSON
,21,4,Joab,PERSON
,21,4,Israel,GPE
,21,4,Jerusalem,GPE
,21,5,Joab,PERSON
,21,5,David,PERSON
,21,5,Israel,GPE
,21,5,a thousand thousand and an hundred thousand,CARDINAL
,21,5,Judah,PERSON
,21,5,four hundred threescore and ten thousand,CARDINAL
,21,6,Levi,PERSON
,21,6,Benjamin,PERSON
,21,6,Joab,PERSON
,21,7,Israel,GPE
,21,8,David,PERSON
,21,9,Gad,PERSON
,21,9,David,PERSON
,21,10,David,PERSON
,21,10,three,CARDINAL
,21,10,one,CARDINAL
,21,11,So,PERSON
,21,11,Gad,PERSON
,21,11,David,PERSON
,21,12,three years',DATE
,21,12,three months,DATE
,21,12,three days,DATE
,21,12,Israel,GPE
,21,13,David,PERSON
,21,13,Gad,PERSON
,21,14,So,PERSON
,21,14,Israel,GPE
,21,14,Israel,GPE
,21,14,seventy thousand,CARDINAL
,21,15,Jerusalem,GPE
,21,15,Ornan the Jebusite,LOC
,21,16,David,PERSON
,21,16,Jerusalem,GPE
,21,16,David,PERSON
,21,16,Israel,GPE
,21,17,David,PERSON
,21,17,on,PERSON
,21,17,on,PERSON
,21,17,on,PERSON
,21,18,Gad,PERSON
,21,18,David,PERSON
,21,18,David,PERSON
,21,18,Ornan the Jebusite,LOC
,21,19,David,PERSON
,21,19,Gad,PERSON
,21,20,Ornan,PERSON
,21,20,four,CARDINAL
,21,20,Ornan,PERSON
,21,21,David,PERSON
,21,21,Ornan,PERSON
,21,21,Ornan,PERSON
,21,21,David,PERSON
,21,21,David,PERSON
,21,22,David,PERSON
,21,22,"Ornan, Grant",ORG
,21,23,Ornan,PERSON
,21,23,David,PERSON
,21,24,David,PERSON
,21,24,"Ornan, Nay",ORG
,21,25,So,PERSON
,21,25,David,PERSON
,21,25,Ornan,PERSON
,21,25,six hundred shekels,QUANTITY
,21,26,David,PERSON
,21,27,put,PERSON
,21,28,David,PERSON
,21,28,Ornan the Jebusite,LOC
,21,29,Moses,PERSON
,21,29,Gibeon,GPE
,21,30,David,PERSON
,22,1,David,PERSON
,22,1,Israel,GPE
,22,2,David,PERSON
,22,2,Israel,GPE
,22,3,David,PERSON
,22,4,Zidonians,NORP
,22,4,Tyre,ORG
,22,4,David,PERSON
,22,5,David,PERSON
,22,5,Solomon,PERSON
,22,5,So,PERSON
,22,5,David,PERSON
,22,5,death,PERSON
,22,6,Solomon,PERSON
,22,6,Israel,GPE
,22,7,David,PERSON
,22,7,Solomon,PERSON
,22,9,Solomon,PERSON
,22,9,Israel,GPE
,22,9,his days,DATE
,22,10,Israel,GPE
,22,12,Israel,GPE
,22,13,Moses,PERSON
,22,13,Israel,GPE
,22,14,an hundred thousand,CARDINAL
,22,14,a thousand thousand,CARDINAL
,22,17,David,PERSON
,22,17,Israel,GPE
,22,17,Solomon,PERSON
,22,18,on,PERSON
,22,19,ark,PERSON
,23,1,So,PERSON
,23,1,David,PERSON
,23,1,Solomon,PERSON
,23,1,Israel,GPE
,23,2,Israel,GPE
,23,2,Levites,PRODUCT
,23,3,Levites,ORG
,23,3,the age of thirty years,DATE
,23,3,thirty and eight thousand,CARDINAL
,23,4,twenty and four thousand,CARDINAL
,23,4,six thousand,CARDINAL
,23,5,four thousand,CARDINAL
,23,5,four thousand,CARDINAL
,23,5,David,PERSON
,23,6,David,PERSON
,23,6,Levi,PERSON
,23,6,Gershon,PERSON
,23,6,Kohath,PERSON
,23,6,Merari,ORG
,23,7,Gershonites,ORG
,23,7,Laadan,PERSON
,23,7,Shimei,ORG
,23,8,Laadan,PERSON
,23,8,Jehiel,PERSON
,23,8,Zetham,ORG
,23,8,Joel,PERSON
,23,8,three,CARDINAL
,23,9,Shimei,ORG
,23,9,Shelomith,ORG
,23,9,Haziel,ORG
,23,9,Haran,PERSON
,23,9,three,CARDINAL
,23,9,Laadan,PERSON
,23,10,Shimei,ORG
,23,10,"Jahath, Zina",PERSON
,23,10,Jeush,ORG
,23,10,Beriah,ORG
,23,10,four,CARDINAL
,23,10,Shimei,ORG
,23,11,Jahath,PERSON
,23,11,Zizah,PERSON
,23,11,second,ORDINAL
,23,11,Jeush and Beriah,ORG
,23,11,one,CARDINAL
,23,12,Kohath,GPE
,23,12,Amram,ORG
,23,12,Izhar,ORG
,23,12,Hebron,GPE
,23,12,Uzziel,ORG
,23,12,four,CARDINAL
,23,13,Amram,ORG
,23,13,Aaron,PERSON
,23,13,Moses,PERSON
,23,13,Aaron,PERSON
,23,14,Moses,PERSON
,23,14,Levi,PERSON
,23,15,Moses,PERSON
,23,15,Gershom,ORG
,23,15,Eliezer,PERSON
,23,16,Gershom,ORG
,23,16,Shebuel,PERSON
,23,17,Eliezer,PERSON
,23,17,Rehabiah,ORG
,23,17,Eliezer,PERSON
,23,17,Rehabiah,ORG
,23,18,Izhar,ORG
,23,18,Shelomith,PRODUCT
,23,19,Hebron,GPE
,23,19,Jeriah,ORG
,23,19,first,ORDINAL
,23,19,Amariah,ORG
,23,19,second,ORDINAL
,23,19,Jahaziel,PERSON
,23,19,third,ORDINAL
,23,19,Jekameam,EVENT
,23,19,fourth,ORDINAL
,23,20,Uzziel,ORG
,23,20,Micah,PERSON
,23,20,first,ORDINAL
,23,20,second,ORDINAL
,23,21,Merari,ORG
,23,21,Mahli,ORG
,23,21,Mushi,PERSON
,23,21,Mahli,PERSON
,23,21,Eleazar,PERSON
,23,21,Kish,GPE
,23,22,Eleazar,PERSON
,23,22,Kish,PERSON
,23,23,Mushi,PERSON
,23,23,Mahli,PERSON
,23,23,Eder,PERSON
,23,23,Jeremoth,PERSON
,23,23,three,CARDINAL
,23,24,Levi,PERSON
,23,24,the age of twenty years,DATE
,23,25,David,PERSON
,23,25,Israel,GPE
,23,25,Jerusalem,GPE
,23,26,Levites,ORG
,23,27,David,PERSON
,23,27,Levites,ORG
,23,27,twenty years old,DATE
,23,28,on,PERSON
,23,28,Aaron,PERSON
,23,30,every morning,TIME
,23,31,on,PERSON
,23,32,Aaron,PERSON
,24,1,Aaron,PERSON
,24,1,Aaron,PERSON
,24,1,Nadab,GPE
,24,1,Abihu,PERSON
,24,1,Eleazar,PERSON
,24,1,Ithamar,PERSON
,24,2,Nadab,ORG
,24,2,Abihu,PERSON
,24,2,Eleazar,PERSON
,24,2,Ithamar,PERSON
,24,3,David,PERSON
,24,3,Zadok,PERSON
,24,3,Eleazar,PERSON
,24,3,Ahimelech,PERSON
,24,3,Ithamar,ORG
,24,4,Eleazar,PERSON
,24,4,Ithamar,ORG
,24,4,Eleazar,PERSON
,24,4,sixteen,CARDINAL
,24,4,eight,CARDINAL
,24,4,Ithamar,PERSON
,24,5,lot,PERSON
,24,5,one,CARDINAL
,24,5,Eleazar,PERSON
,24,5,Ithamar,ORG
,24,6,Shemaiah,PERSON
,24,6,Nethaneel,PERSON
,24,6,one,CARDINAL
,24,6,Levites,ORG
,24,6,Zadok,PERSON
,24,6,Ahimelech,PERSON
,24,6,Abiathar,PERSON
,24,6,Levites,ORG
,24,6,one,CARDINAL
,24,6,Eleazar,PERSON
,24,6,one,CARDINAL
,24,6,Ithamar,GPE
,24,7,first,ORDINAL
,24,7,lot,PERSON
,24,7,Jehoiarib,GPE
,24,7,second,ORDINAL
,24,7,Jedaiah,ORG
,24,8,third,ORDINAL
,24,8,Harim,ORG
,24,8,fourth,ORDINAL
,24,8,Seorim,ORG
,24,9,fifth,ORDINAL
,24,9,Malchijah,PERSON
,24,9,sixth,ORDINAL
,24,9,Mijamin,PERSON
,24,10,seventh,ORDINAL
,24,10,Hakkoz,PERSON
,24,10,eighth,ORDINAL
,24,10,Abijah,PERSON
,24,11,ninth,ORDINAL
,24,11,Jeshuah,PERSON
,24,11,Shecaniah,GPE
,24,12,eleventh,ORDINAL
,24,12,Eliashib,PERSON
,24,12,twelfth,ORDINAL
,24,12,Jakim,PERSON
,24,13,Huppah,WORK_OF_ART
,24,13,fourteenth,ORDINAL
,24,13,Jeshebeab,GPE
,24,14,The fifteenth,DATE
,24,14,Bilgah,ORG
,24,14,the sixteenth to,DATE
,24,14,Immer,PERSON
,24,15,Hezir,PERSON
,24,15,Aphses,PERSON
,24,16,Pethahiah,ORG
,24,16,Jehezekel,PERSON
,24,17,Jachin,GPE
,24,17,Gamul,GPE
,24,18,three and twentieth,DATE
,24,18,Delaiah,ORG
,24,18,Maaziah,ORG
,24,19,Aaron,PERSON
,24,19,Israel,GPE
,24,20,Levi,PERSON
,24,20,Amram,ORG
,24,20,Shubael,GPE
,24,20,Jehdeiah,ORG
,24,21,Rehabiah,PERSON
,24,21,Rehabiah,ORG
,24,21,first,ORDINAL
,24,21,Isshiah,ORG
,24,22,Izharites,ORG
,24,22,Shelomoth,NORP
,24,22,Shelomoth,GPE
,24,22,Jahath,PERSON
,24,23,Hebron,GPE
,24,23,Jeriah,ORG
,24,23,first,ORDINAL
,24,23,Amariah,ORG
,24,23,second,ORDINAL
,24,23,Jahaziel,PERSON
,24,23,third,ORDINAL
,24,23,Jekameam,EVENT
,24,23,fourth,ORDINAL
,24,24,Uzziel,ORG
,24,24,Michah,PERSON
,24,24,Michah,PERSON
,24,24,Shamir,PERSON
,24,25,Michah,PERSON
,24,25,Isshiah,ORG
,24,25,Isshiah,ORG
,24,25,Zechariah,ORG
,24,26,Merari,ORG
,24,26,Mahli,PERSON
,24,26,Mushi,PERSON
,24,26,Jaaziah,ORG
,24,26,Beno,GPE
,24,27,Merari,ORG
,24,27,Jaaziah,ORG
,24,27,Beno,PERSON
,24,27,Shoham,PERSON
,24,27,Zaccur,LOC
,24,27,Ibri,PRODUCT
,24,28,Mahli,PERSON
,24,28,Eleazar,PERSON
,24,29,Kish,PERSON
,24,29,Kish,GPE
,24,29,Jerahmeel,GPE
,24,30,Mushi,ORG
,24,30,Mahli,PERSON
,24,30,Eder,PERSON
,24,30,Jerimoth,PERSON
,24,30,Levites,ORG
,24,31,Aaron,PERSON
,24,31,David,PERSON
,24,31,Zadok,PRODUCT
,24,31,Ahimelech,ORG
,24,31,Levites,ORG
,25,1,David,PERSON
,25,1,Asaph,GPE
,25,1,Heman,PERSON
,25,1,Jeduthun,GPE
,25,2,Asaph,GPE
,25,2,Zaccur,LOC
,25,2,Joseph,PERSON
,25,2,Nethaniah,ORG
,25,2,Asarelah,ORG
,25,2,Asaph,GPE
,25,2,Asaph,ORG
,25,3,Jeduthun,GPE
,25,3,Jeduthun,GPE
,25,3,Gedaliah,GPE
,25,3,Zeri,PERSON
,25,3,"Jeshaiah, Hashabiah",ORG
,25,3,Mattithiah,PERSON
,25,3,six,DATE
,25,3,Jeduthun,PERSON
,25,4,Heman,PERSON
,25,4,"Heman: Bukkiah, Mattaniah",PERSON
,25,4,Uzziel,ORG
,25,4,Shebuel,PERSON
,25,4,Jerimoth,PERSON
,25,4,Hananiah,GPE
,25,4,Hanani,PERSON
,25,4,Eliathah,PERSON
,25,4,Giddalti,PERSON
,25,4,Romamtiezer,PERSON
,25,4,Joshbekashah,PERSON
,25,4,Mallothi,PERSON
,25,4,Hothir,PERSON
,25,4,Mahazioth,NORP
,25,5,Heman,PERSON
,25,5,Heman,PERSON
,25,5,fourteen,CARDINAL
,25,5,three,CARDINAL
,25,6,Asaph,GPE
,25,6,Jeduthun,GPE
,25,6,Heman,PERSON
,25,7,So,PERSON
,25,7,two hundred fourscore and eight,DATE
,25,9,first,ORDINAL
,25,9,lot,PERSON
,25,9,Asaph,PERSON
,25,9,Joseph,PERSON
,25,9,second,ORDINAL
,25,9,Gedaliah,PERSON
,25,9,twelve,CARDINAL
,25,10,third,ORDINAL
,25,10,Zaccur,LOC
,25,10,twelve,CARDINAL
,25,11,fourth,ORDINAL
,25,11,Izri,PERSON
,25,11,twelve,CARDINAL
,25,12,fifth,ORDINAL
,25,12,Nethaniah,ORG
,25,12,twelve,CARDINAL
,25,13,sixth,ORDINAL
,25,13,Bukkiah,PERSON
,25,13,twelve,CARDINAL
,25,14,seventh,ORDINAL
,25,14,Jesharelah,PERSON
,25,14,twelve,CARDINAL
,25,15,eighth,ORDINAL
,25,15,Jeshaiah,ORG
,25,15,twelve,CARDINAL
,25,16,ninth,ORDINAL
,25,16,Mattaniah,ORG
,25,16,twelve,CARDINAL
,25,17,tenth,ORDINAL
,25,17,Shimei,ORG
,25,17,twelve,CARDINAL
,25,18,eleventh,ORDINAL
,25,18,Azareel,PERSON
,25,18,twelve,CARDINAL
,25,19,twelfth,ORDINAL
,25,19,Hashabiah,ORG
,25,19,twelve,CARDINAL
,25,20,Shubael,PERSON
,25,20,twelve,CARDINAL
,25,21,Mattithiah,PERSON
,25,21,twelve,CARDINAL
,25,22,The fifteenth,DATE
,25,22,Jeremoth,PERSON
,25,22,twelve,CARDINAL
,25,23,The sixteenth,DATE
,25,23,Hananiah,ORG
,25,23,twelve,CARDINAL
,25,24,Joshbekashah,PERSON
,25,24,twelve,CARDINAL
,25,25,Hanani,GPE
,25,25,twelve,CARDINAL
,25,26,Mallothi,PERSON
,25,26,twelve,CARDINAL
,25,27,Eliathah,PERSON
,25,27,twelve,CARDINAL
,25,28,Hothir,PERSON
,25,28,twelve,CARDINAL
,25,29,two and twentieth,DATE
,25,29,Giddalti,PERSON
,25,29,twelve,CARDINAL
,25,30,Mahazioth,NORP
,25,30,twelve,CARDINAL
,25,31,Romamtiezer,PERSON
,25,31,twelve,CARDINAL
,26,1,Korhites,PERSON
,26,1,Kore,LOC
,26,1,Asaph,GPE
,26,2,Meshelemiah,ORG
,26,2,Zechariah,PERSON
,26,2,Jediael,GPE
,26,2,second,ORDINAL
,26,2,Zebadiah,ORG
,26,2,third,ORDINAL
,26,2,Jathniel,PERSON
,26,2,fourth,ORDINAL
,26,3,Elam,ORG
,26,3,fifth,ORDINAL
,26,3,Jehohanan,PERSON
,26,3,sixth,ORDINAL
,26,3,Elioenai,PERSON
,26,3,seventh,ORDINAL
,26,4,Shemaiah,PERSON
,26,4,Jehozabad,PERSON
,26,4,second,ORDINAL
,26,4,Joah,PERSON
,26,4,third,ORDINAL
,26,4,Sacar,PRODUCT
,26,4,fourth,ORDINAL
,26,4,Nethaneel,PERSON
,26,4,fifth,ORDINAL
,26,5,Ammiel,PERSON
,26,5,sixth,ORDINAL
,26,5,Issachar,WORK_OF_ART
,26,5,seventh,ORDINAL
,26,5,Peulthai,GPE
,26,5,eighth,ORDINAL
,26,6,Shemaiah,PERSON
,26,7,Shemaiah,GPE
,26,7,Othni,PERSON
,26,7,Rephael,ORG
,26,7,Obed,PERSON
,26,7,Elzabad,GPE
,26,7,Elihu,PERSON
,26,7,Semachiah,ORG
,26,8,threescore and two,CARDINAL
,26,9,Meshelemiah,ORG
,26,9,eighteen,CARDINAL
,26,10,Hosah,PERSON
,26,10,Merari,ORG
,26,10,Simri,PERSON
,26,11,Hilkiah,PERSON
,26,11,second,ORDINAL
,26,11,Tebaliah,ORG
,26,11,third,ORDINAL
,26,11,Zechariah,PERSON
,26,11,fourth,ORDINAL
,26,11,Hosah,PERSON
,26,11,thirteen,CARDINAL
,26,14,lot,PERSON
,26,14,Shelemiah,GPE
,26,14,Zechariah,PERSON
,26,14,lot,PERSON
,26,16,Shuppim,PERSON
,26,16,Hosah,PERSON
,26,16,lot,PERSON
,26,17,six,CARDINAL
,26,17,Levites,PRODUCT
,26,17,four a day,DATE
,26,17,four a day,DATE
,26,17,two,CARDINAL
,26,17,two,CARDINAL
,26,18,four,CARDINAL
,26,18,two,CARDINAL
,26,18,Parbar,ORG
,26,19,Kore,LOC
,26,19,Merari,ORG
,26,20,Levites,ORG
,26,20,Ahijah,PERSON
,26,21,Laadan,PERSON
,26,21,Gershonite,PRODUCT
,26,21,Laadan,PERSON
,26,21,Gershonite,NORP
,26,21,Jehieli,GPE
,26,22,Jehieli,GPE
,26,22,Zetham,GPE
,26,22,Joel,PERSON
,26,23,Amramites,ORG
,26,23,Izharites,ORG
,26,23,Hebronites,ORG
,26,23,Uzzielites,LOC
,26,24,Shebuel,PERSON
,26,24,Gershom,ORG
,26,24,Moses,PERSON
,26,25,Eliezer,PERSON
,26,25,Rehabiah,PERSON
,26,25,Jeshaiah,PERSON
,26,25,Joram,PERSON
,26,25,Zichri,PERSON
,26,25,Shelomith,PERSON
,26,26,Shelomith,ORG
,26,26,David,PERSON
,26,26,over thousands and hundreds,CARDINAL
,26,28,Samuel,PERSON
,26,28,Saul,PERSON
,26,28,Kish,GPE
,26,28,Abner,PERSON
,26,28,Ner,PERSON
,26,28,Joab,PERSON
,26,28,Zeruiah,PERSON
,26,28,Shelomith,ORG
,26,29,Izharites,ORG
,26,29,Chenaniah,PERSON
,26,29,Israel,GPE
,26,30,"the Hebronites, Hashabiah",ORG
,26,30,a thousand and seven hundred,CARDINAL
,26,30,Israel,GPE
,26,30,on,PERSON
,26,30,Jordan,GPE
,26,31,Hebronites,ORG
,26,31,the fortieth year,DATE
,26,31,David,PERSON
,26,31,Jazer,PERSON
,26,31,Gilead,ORG
,26,32,two thousand and,CARDINAL
,26,32,seven hundred,CARDINAL
,26,32,David,PERSON
,26,32,Reubenites,GPE
,26,32,Gadites,LOC
,26,32,half,CARDINAL
,26,32,Manasseh,GPE
,27,1,Israel,GPE
,27,1,thousands and hundreds,CARDINAL
,27,1,month,DATE
,27,1,month,DATE
,27,1,all the months of the year,DATE
,27,1,twenty and four thousand,CARDINAL
,27,2,first,ORDINAL
,27,2,the first month,DATE
,27,2,Jashobeam,ORG
,27,2,Zabdiel,PERSON
,27,2,twenty and four thousand,CARDINAL
,27,3,Perez,PERSON
,27,3,the first month,DATE
,27,4,the second month,DATE
,27,4,Dodai,ORG
,27,4,Ahohite,ORG
,27,4,Mikloth,PERSON
,27,4,twenty and four thousand,CARDINAL
,27,5,third,ORDINAL
,27,5,the third month,DATE
,27,5,Benaiah,PERSON
,27,5,Jehoiada,ORG
,27,5,twenty and four thousand,CARDINAL
,27,6,Benaiah,PERSON
,27,6,thirty,CARDINAL
,27,6,thirty,CARDINAL
,27,6,Ammizabad,PERSON
,27,7,fourth,ORDINAL
,27,7,the fourth month,DATE
,27,7,Asahel,PERSON
,27,7,"Joab, and",ORG
,27,7,Zebadiah,ORG
,27,7,twenty and four thousand,CARDINAL
,27,8,fifth,ORDINAL
,27,8,the fifth month,DATE
,27,8,Shamhuth,ORG
,27,8,twenty and four thousand,CARDINAL
,27,9,sixth,ORDINAL
,27,9,the sixth month,DATE
,27,9,Ira,PERSON
,27,9,Ikkesh the Tekoite:,ORG
,27,9,twenty and four thousand,CARDINAL
,27,10,seventh,ORDINAL
,27,10,the seventh month,DATE
,27,10,Helez,PERSON
,27,10,Ephraim,PERSON
,27,10,twenty and four thousand,CARDINAL
,27,11,eighth,ORDINAL
,27,11,the eighth month,DATE
,27,11,Sibbecai,GPE
,27,11,Hushathite,NORP
,27,11,twenty and four thousand,CARDINAL
,27,12,ninth,ORDINAL
,27,12,the ninth month,DATE
,27,12,Abiezer,PERSON
,27,12,Anetothite,ORG
,27,12,Benjamites,FAC
,27,12,twenty and four thousand,CARDINAL
,27,13,tenth,ORDINAL
,27,13,the tenth month,DATE
,27,13,Maharai,PERSON
,27,13,Netophathite,ORG
,27,13,twenty and four thousand,CARDINAL
,27,14,eleventh,ORDINAL
,27,14,the eleventh month,DATE
,27,14,Benaiah,PERSON
,27,14,Ephraim,PERSON
,27,14,twenty and four thousand,CARDINAL
,27,15,twelfth,ORDINAL
,27,15,the twelfth month,DATE
,27,15,Heldai the Netophathite,WORK_OF_ART
,27,15,Othniel,PERSON
,27,15,twenty and four thousand,CARDINAL
,27,16,Israel,GPE
,27,16,Reubenites,PERSON
,27,16,Eliezer,PERSON
,27,16,Zichri,PERSON
,27,16,Shephatiah,PERSON
,27,16,Maachah,PERSON
,27,17,Levites,ORG
,27,17,Hashabiah,ORG
,27,17,Kemuel,PERSON
,27,17,Aaronites,ORG
,27,17,Zadok,PERSON
,27,18,Judah,PERSON
,27,18,Elihu,PERSON
,27,18,one,CARDINAL
,27,18,David,PERSON
,27,18,Issachar,PERSON
,27,18,Omri,PERSON
,27,18,Michael,PERSON
,27,19,Zebulun,ORG
,27,19,Ishmaiah,ORG
,27,19,Obadiah,PERSON
,27,19,"Naphtali, Jerimoth",PERSON
,27,19,Azriel,PERSON
,27,20,Ephraim,PERSON
,27,20,Hoshea,PERSON
,27,20,Azaziah,PERSON
,27,20,half,CARDINAL
,27,20,Manasseh,GPE
,27,20,Joel,PERSON
,27,20,Pedaiah,PERSON
,27,21,half,CARDINAL
,27,21,Manasseh,NORP
,27,21,Gilead,GPE
,27,21,Iddo,ORG
,27,21,Zechariah,PERSON
,27,21,Benjamin,PERSON
,27,21,Jaasiel,PERSON
,27,21,Abner,PERSON
,27,22,"Dan, Azareel the son",PERSON
,27,22,Jeroham,PERSON
,27,22,Israel,GPE
,27,23,David,PERSON
,27,23,twenty years old,DATE
,27,23,Israel,GPE
,27,24,Joab,PERSON
,27,24,Zeruiah,PERSON
,27,24,Israel,GPE
,27,24,put,PERSON
,27,24,David,PERSON
,27,25,Azmaveth,GPE
,27,25,Adiel,PERSON
,27,25,Jehonathan,LOC
,27,25,Uzziah,PERSON
,27,26,Ezri,PERSON
,27,26,Chelub,PERSON
,27,27,Shimei,GPE
,27,27,Ramathite,PERSON
,27,27,Zabdi,PERSON
,27,28,Baalhanan,GPE
,27,28,Joash,PERSON
,27,29,fed,ORG
,27,29,Sharon,ORG
,27,29,Shitrai,ORG
,27,29,Sharonite,NORP
,27,29,Shaphat,PERSON
,27,29,Adlai,PERSON
,27,30,Obil,LOC
,27,30,Ishmaelite,NORP
,27,30,Jehdeiah,PERSON
,27,31,Jaziz the Hagerite,PERSON
,27,31,David,PERSON
,27,32,Jonathan David's,PERSON
,27,32,Jehiel,PERSON
,27,32,Hachmoni,PERSON
,27,33,Ahithophel,ORG
,27,33,Hushai the Archite,ORG
,27,34,Ahithophel,GPE
,27,34,Jehoiada,ORG
,27,34,Benaiah,PERSON
,27,34,Abiathar,PERSON
,27,34,Joab,ORG
,28,1,David,PERSON
,28,1,Israel,GPE
,28,1,thousands,CARDINAL
,28,1,hundreds,CARDINAL
,28,1,Jerusalem,GPE
,28,2,David,PERSON
,28,2,ark,PERSON
,28,4,Israel,GPE
,28,4,Israel,GPE
,28,4,Judah,PERSON
,28,4,Judah,GPE
,28,4,Israel,GPE
,28,5,Solomon,PERSON
,28,5,Israel,GPE
,28,6,Solomon,PERSON
,28,7,this day,DATE
,28,8,Israel,GPE
,28,9,Solomon,PERSON
,28,11,David,PERSON
,28,11,Solomon,PERSON
,28,13,Levites,ORG
,28,18,ark,PERSON
,28,19,David,PERSON
,28,20,David,PERSON
,28,20,Solomon,PERSON
,28,21,Levites,ORG
,29,1,David,PERSON
,29,1,Solomon,PERSON
,29,4,three thousand,CARDINAL
,29,4,Ophir,GPE
,29,4,seven thousand,CARDINAL
,29,5,this day,DATE
,29,6,Israel,GPE
,29,6,thousands,CARDINAL
,29,6,hundreds,CARDINAL
,29,7,five thousand,CARDINAL
,29,7,ten thousand drams,QUANTITY
,29,7,ten thousand,CARDINAL
,29,7,eighteen thousand,CARDINAL
,29,7,one hundred thousand,CARDINAL
,29,8,Jehiel,PERSON
,29,8,Gershonite,PRODUCT
,29,9,David,PERSON
,29,10,David,PERSON
,29,10,David,PERSON
,29,10,Blessed,PERSON
,29,10,Israel,GPE
,29,14,so,PERSON
,29,15,our days,DATE
,29,15,on,PERSON
,29,18,Abraham,PERSON
,29,18,Isaac,PERSON
,29,18,Israel,GPE
,29,19,Solomon,PERSON
,29,20,David,PERSON
,29,21,on,PERSON
,29,21,a thousand,CARDINAL
,29,21,a thousand,CARDINAL
,29,21,a thousand,CARDINAL
,29,21,Israel,GPE
,29,22,on,PERSON
,29,22,that day,DATE
,29,22,Solomon,PERSON
,29,22,David,PERSON
,29,22,second,ORDINAL
,29,22,Zadok,PERSON
,29,23,Solomon,PERSON
,29,23,on,PERSON
,29,23,David,PERSON
,29,23,Israel,GPE
,29,24,David,PERSON
,29,24,Solomon,PERSON
,29,25,Solomon,PERSON
,29,25,Israel,GPE
,29,25,on,PERSON
,29,25,Israel,GPE
,29,26,David,PERSON
,29,26,Jesse,PERSON
,29,26,Israel,GPE
,29,27,Israel,GPE
,29,27,forty years,DATE
,29,27,seven years,DATE
,29,27,Hebron,GPE
,29,27,thirty and three years,DATE
,29,27,Jerusalem,GPE
,29,28,Solomon,PERSON
,29,29,David,PERSON
,29,29,first,ORDINAL
,29,29,Samuel,PERSON
,29,29,Nathan the prophet,PERSON
,29,29,Gad,PERSON
,29,30,Israel,GPE
,1,1,Solomon,PERSON
,1,1,David,PERSON
,1,2,Solomon,PERSON
,1,2,Israel,GPE
,1,2,thousands,CARDINAL
,1,2,hundreds,CARDINAL
,1,2,Israel,GPE
,1,3,So,PERSON
,1,3,Solomon,PERSON
,1,3,Gibeon,PERSON
,1,3,Moses,PERSON
,1,4,ark,PERSON
,1,4,David,PERSON
,1,4,Kirjathjearim,PERSON
,1,4,David,PERSON
,1,4,Jerusalem,GPE
,1,5,Bezaleel,PERSON
,1,5,Uri,PERSON
,1,5,Hur,PERSON
,1,5,put,PERSON
,1,5,Solomon,PERSON
,1,6,Solomon,PERSON
,1,6,a thousand,CARDINAL
,1,7,that night,TIME
,1,7,Solomon,PERSON
,1,8,Solomon,PERSON
,1,8,David,PERSON
,1,9,David,PERSON
,1,10,so,PERSON
,1,11,Solomon,PERSON
,1,13,Solomon,PERSON
,1,13,Gibeon,GPE
,1,13,Jerusalem,GPE
,1,13,Israel,GPE
,1,14,Solomon,PERSON
,1,14,a thousand and four hundred,CARDINAL
,1,14,twelve thousand,CARDINAL
,1,14,Jerusalem,GPE
,1,15,Jerusalem,GPE
,1,16,Solomon,PERSON
,1,16,Egypt,GPE
,1,17,Egypt,GPE
,1,17,six hundred shekels,QUANTITY
,1,17,an hundred and fifty,CARDINAL
,1,17,so,PERSON
,1,17,Hittites,NORP
,1,17,Syria,GPE
,2,1,Solomon,PERSON
,2,2,Solomon,PERSON
,2,2,threescore and ten thousand,CARDINAL
,2,2,fourscore thousand,CARDINAL
,2,2,three thousand and six hundred,CARDINAL
,2,3,Solomon,PERSON
,2,3,Huram,ORG
,2,3,Tyre,PERSON
,2,3,David,PERSON
,2,3,so,PERSON
,2,4,evening,TIME
,2,4,on,PERSON
,2,4,on,PERSON
,2,4,on,PERSON
,2,4,Israel,GPE
,2,7,Judah,GPE
,2,7,Jerusalem,GPE
,2,7,David,PERSON
,2,8,Lebanon,GPE
,2,8,Lebanon,GPE
,2,10,twenty thousand,CARDINAL
,2,10,twenty thousand,CARDINAL
,2,10,twenty thousand,CARDINAL
,2,10,twenty thousand,CARDINAL
,2,11,Huram,EVENT
,2,11,Tyre,PERSON
,2,11,Solomon,PERSON
,2,12,Huram,ORG
,2,12,Blessed,PERSON
,2,12,Israel,GPE
,2,12,David,PERSON
,2,13,Huram,ORG
,2,14,Dan,PERSON
,2,14,Tyre,ORG
,2,14,put,PERSON
,2,14,David,PERSON
,2,16,Lebanon,GPE
,2,16,Joppa,GPE
,2,16,Jerusalem,GPE
,2,17,Solomon,PERSON
,2,17,Israel,GPE
,2,17,David,PERSON
,2,17,an hundred and fifty thousand and three thousand and six hundred,CARDINAL
,2,18,threescore and ten thousand,CARDINAL
,2,18,fourscore thousand,CARDINAL
,2,18,three thousand and six hundred,CARDINAL
,3,1,Solomon,PERSON
,3,1,Jerusalem,GPE
,3,1,Moriah,GPE
,3,1,David,PERSON
,3,1,David,PERSON
,3,1,Ornan the Jebusite,LOC
,3,2,the second day of the second month,DATE
,3,2,the fourth year,DATE
,3,3,Solomon,PERSON
,3,3,cubits,CARDINAL
,3,3,first,ORDINAL
,3,3,threescore cubits,DATE
,3,3,twenty cubits,QUANTITY
,3,4,twenty cubits,CARDINAL
,3,4,an hundred and twenty,CARDINAL
,3,5,fir tree,ORG
,3,7,on,PERSON
,3,8,twenty cubits,CARDINAL
,3,8,twenty cubits,QUANTITY
,3,8,six hundred,CARDINAL
,3,9,fifty shekels,MONEY
,3,10,two,CARDINAL
,3,11,twenty cubits,QUANTITY
,3,11,one,CARDINAL
,3,11,cherub,GPE
,3,11,five cubits,QUANTITY
,3,11,five cubits,QUANTITY
,3,12,one,CARDINAL
,3,12,five cubits,QUANTITY
,3,12,five cubits,QUANTITY
,3,13,twenty cubits,CARDINAL
,3,13,on,PERSON
,3,15,two,CARDINAL
,3,15,thirty and,CARDINAL
,3,15,on,PERSON
,3,15,five cubits,QUANTITY
,3,16,put,PERSON
,3,16,on,PERSON
,3,16,hundred,CARDINAL
,3,16,put,PERSON
,3,16,on,PERSON
,3,17,on,PERSON
,3,17,on,PERSON
,3,17,on,PERSON
,3,17,Jachin,PERSON
,3,17,on,PERSON
,3,17,Boaz,PERSON
,4,1,twenty cubits,QUANTITY
,4,1,twenty cubits,QUANTITY
,4,1,ten cubits,QUANTITY
,4,2,ten cubits,QUANTITY
,4,2,five cubits,QUANTITY
,4,2,thirty cubits,QUANTITY
,4,3,ten,CARDINAL
,4,3,Two,CARDINAL
,4,4,twelve,CARDINAL
,4,4,three,CARDINAL
,4,4,three,CARDINAL
,4,4,three,CARDINAL
,4,4,three,CARDINAL
,4,5,three thousand,CARDINAL
,4,6,ten,CARDINAL
,4,6,put,PERSON
,4,6,five,CARDINAL
,4,6,on,PERSON
,4,6,five,CARDINAL
,4,6,on,PERSON
,4,7,ten,CARDINAL
,4,7,five,CARDINAL
,4,7,on,PERSON
,4,7,five,CARDINAL
,4,7,on,PERSON
,4,8,ten,CARDINAL
,4,8,five,CARDINAL
,4,8,on,PERSON
,4,8,five,CARDINAL
,4,8,on,PERSON
,4,10,on,PERSON
,4,11,Huram,ORG
,4,11,Huram,ORG
,4,11,Solomon,PERSON
,4,12,two,CARDINAL
,4,12,on,PERSON
,4,12,two,CARDINAL
,4,12,two,CARDINAL
,4,12,two,CARDINAL
,4,12,on,PERSON
,4,13,four hundred,CARDINAL
,4,13,on,PERSON
,4,13,two,CARDINAL
,4,13,two,CARDINAL
,4,13,on,PERSON
,4,13,two,CARDINAL
,4,15,One,CARDINAL
,4,15,twelve,CARDINAL
,4,16,Huram,ORG
,4,16,Solomon,PERSON
,4,17,Jordan,GPE
,4,17,Succoth,GPE
,4,17,Zeredathah,ORG
,4,18,Solomon,PERSON
,4,19,Solomon,PERSON
,5,1,Solomon,PERSON
,5,1,Solomon,PERSON
,5,1,David,PERSON
,5,1,put,PERSON
,5,2,Solomon,PERSON
,5,2,Israel,GPE
,5,2,Israel,GPE
,5,2,Jerusalem,GPE
,5,2,ark,PERSON
,5,2,David,GPE
,5,2,Zion,GPE
,5,3,Israel,GPE
,5,3,the seventh month,DATE
,5,4,Israel,GPE
,5,4,Levites,ORG
,5,4,ark,GPE
,5,5,ark,PERSON
,5,5,Levites,ORG
,5,6,Solomon,PERSON
,5,6,Israel,GPE
,5,6,ark,PERSON
,5,7,ark,PERSON
,5,8,ark,PERSON
,5,8,ark,PERSON
,5,9,ark,PERSON
,5,9,ark,PERSON
,5,9,this day,DATE
,5,10,ark,GPE
,5,10,two,CARDINAL
,5,10,Moses,PERSON
,5,10,put,PERSON
,5,10,Horeb,ORG
,5,10,Israel,GPE
,5,10,Egypt,GPE
,5,12,Levites,ORG
,5,12,Asaph,GPE
,5,12,Heman,PERSON
,5,12,Jeduthun,GPE
,5,12,an hundred and twenty,CARDINAL
,5,14,So,PERSON
,6,1,Solomon,PERSON
,6,3,Israel,GPE
,6,3,Israel,GPE
,6,4,Blessed,PERSON
,6,4,Israel,GPE
,6,4,David,PERSON
,6,5,the day,DATE
,6,5,Egypt,GPE
,6,5,Israel,GPE
,6,5,Israel,GPE
,6,6,Jerusalem,GPE
,6,6,David,PERSON
,6,6,Israel,GPE
,6,7,David,PERSON
,6,7,Israel,GPE
,6,8,David,PERSON
,6,8,Forasmuch,PERSON
,6,10,David,PERSON
,6,10,on,PERSON
,6,10,Israel,GPE
,6,10,Israel,GPE
,6,11,put,PERSON
,6,11,ark,PERSON
,6,11,Israel,GPE
,6,12,Israel,GPE
,6,13,Solomon,PERSON
,6,13,five cubits,QUANTITY
,6,13,five cubits,QUANTITY
,6,13,three cubits,QUANTITY
,6,13,Israel,GPE
,6,14,Israel,GPE
,6,15,David,PERSON
,6,15,this day,DATE
,6,16,Israel,GPE
,6,16,David,PERSON
,6,16,Israel,GPE
,6,16,so,PERSON
,6,17,Israel,GPE
,6,17,David,PERSON
,6,18,on,PERSON
,6,20,put,PERSON
,6,21,Israel,GPE
,6,24,Israel,GPE
,6,24,put,PERSON
,6,25,Israel,GPE
,6,27,Israel,GPE
,6,29,Israel,GPE
,6,31,so,PERSON
,6,32,Israel,GPE
,6,33,Israel,GPE
,6,41,ark,PERSON
,6,42,David,PERSON
,7,1,Solomon,PERSON
,7,3,Israel,GPE
,7,5,Solomon,PERSON
,7,5,twenty and two thousand,CARDINAL
,7,5,an hundred and twenty thousand,CARDINAL
,7,5,so,PERSON
,7,6,on,PERSON
,7,6,Levites,ORG
,7,6,David,PERSON
,7,6,David,PERSON
,7,6,Israel,GPE
,7,7,Solomon,PERSON
,7,7,Solomon,PERSON
,7,8,Solomon,PERSON
,7,8,seven days,DATE
,7,8,Israel,GPE
,7,8,Hamath,NORP
,7,8,Egypt,GPE
,7,9,the eighth day,DATE
,7,9,seven days,DATE
,7,9,seven days,DATE
,7,10,on,PERSON
,7,10,the three and twentieth day,DATE
,7,10,David,PERSON
,7,10,Solomon,PERSON
,7,10,Israel,GPE
,7,11,Solomon,PERSON
,7,11,Solomon,PERSON
,7,12,Solomon,PERSON
,7,12,night,TIME
,7,17,David,PERSON
,7,18,David,PERSON
,7,18,Israel,GPE
,7,21,so,PERSON
,7,22,Egypt,GPE
,7,22,on,PERSON
,8,1,the end of twenty years,DATE
,8,1,Solomon,PERSON
,8,2,Huram,ORG
,8,2,Solomon,GPE
,8,2,Solomon,PERSON
,8,2,Israel,GPE
,8,3,Solomon,PERSON
,8,3,Hamathzobah,PERSON
,8,4,Tadmor,ORG
,8,4,Hamath,NORP
,8,5,Bethhoron,ORG
,8,5,Bethhoron,ORG
,8,6,Baalath,PERSON
,8,6,Solomon,PERSON
,8,6,Solomon,PERSON
,8,6,Jerusalem,GPE
,8,6,Lebanon,GPE
,8,7,Hittites,NORP
,8,7,Amorites,ORG
,8,7,Perizzites,FAC
,8,7,Hivites,LOC
,8,7,Jebusites,LOC
,8,7,Israel,GPE
,8,8,Israel,GPE
,8,8,Solomon,PERSON
,8,8,this day,DATE
,8,9,Israel,GPE
,8,9,Solomon,PERSON
,8,10,Solomon,PERSON
,8,10,two hundred and fifty,CARDINAL
,8,11,Solomon,PERSON
,8,11,daughter,PERSON
,8,11,Pharaoh,PERSON
,8,11,David,PERSON
,8,11,David,PERSON
,8,11,Israel,GPE
,8,11,ark,PERSON
,8,12,Solomon,PERSON
,8,12,on,PERSON
,8,13,every day,DATE
,8,13,Moses,PERSON
,8,13,on,PERSON
,8,13,on,PERSON
,8,13,on,PERSON
,8,13,three,CARDINAL
,8,13,the year,DATE
,8,13,the feast of weeks,DATE
,8,14,David,PERSON
,8,14,Levites,ORG
,8,14,so,PERSON
,8,14,David,PERSON
,8,15,Levites,ORG
,8,16,Solomon,PERSON
,8,16,the day,DATE
,8,16,So,PERSON
,8,17,Solomon,PERSON
,8,17,Eziongeber,PRODUCT
,8,17,Eloth,ORG
,8,17,Edom,GPE
,8,18,Huram,ORG
,8,18,Solomon,GPE
,8,18,Ophir,GPE
,8,18,four hundred and fifty,CARDINAL
,8,18,Solomon,PERSON
,9,1,Sheba,PERSON
,9,1,Solomon,PERSON
,9,1,Solomon,PERSON
,9,1,Jerusalem,GPE
,9,1,Solomon,PERSON
,9,2,Solomon,PERSON
,9,2,Solomon,PERSON
,9,3,Sheba,PERSON
,9,3,Solomon,PERSON
,9,6,one half,CARDINAL
,9,8,on,PERSON
,9,8,Israel,GPE
,9,9,an hundred and twenty,CARDINAL
,9,9,Sheba,PERSON
,9,9,Solomon,PERSON
,9,10,Huram,ORG
,9,10,Solomon,PERSON
,9,10,Ophir,GPE
,9,11,algum,LOC
,9,11,Judah,GPE
,9,12,Solomon,PERSON
,9,12,Sheba,PERSON
,9,12,So,PERSON
,9,13,Solomon,PERSON
,9,13,one year,DATE
,9,13,six hundred and threescore and six,CARDINAL
,9,14,Arabia,GPE
,9,14,Solomon,PERSON
,9,15,Solomon,PERSON
,9,15,two hundred,CARDINAL
,9,15,six hundred shekels,QUANTITY
,9,15,one,CARDINAL
,9,16,three hundred,CARDINAL
,9,16,three hundred shekels,QUANTITY
,9,16,one,CARDINAL
,9,16,put,PERSON
,9,16,Lebanon,GPE
,9,18,six,CARDINAL
,9,18,on,PERSON
,9,18,two,CARDINAL
,9,19,twelve,CARDINAL
,9,19,on,PERSON
,9,19,on,PERSON
,9,19,six,CARDINAL
,9,20,Solomon,PERSON
,9,20,Lebanon,GPE
,9,20,the days,DATE
,9,20,Solomon,PERSON
,9,21,Tarshish,PERSON
,9,21,every three years,DATE
,9,21,Tarshish,PERSON
,9,22,Solomon,PERSON
,9,23,Solomon,PERSON
,9,23,put,PERSON
,9,24,year,DATE
,9,25,Solomon,PERSON
,9,25,four thousand,CARDINAL
,9,25,twelve thousand,CARDINAL
,9,25,Jerusalem,GPE
,9,26,Philistines,NORP
,9,26,Egypt,GPE
,9,27,Jerusalem,GPE
,9,28,Solomon,PERSON
,9,28,Egypt,GPE
,9,29,Solomon,PERSON
,9,29,first,ORDINAL
,9,29,Nathan the prophet,PERSON
,9,29,Ahijah,PERSON
,9,29,Iddo,GPE
,9,29,Jeroboam,PERSON
,9,29,Nebat,PERSON
,9,30,Solomon,PERSON
,9,30,Jerusalem,GPE
,9,30,Israel,GPE
,9,30,forty years,DATE
,9,31,Solomon,PERSON
,9,31,David,PERSON
,9,31,Rehoboam,PERSON
,10,1,Rehoboam,PERSON
,10,1,Shechem,ORG
,10,1,Shechem,ORG
,10,1,Israel,GPE
,10,2,Jeroboam,PERSON
,10,2,Nebat,PERSON
,10,2,Egypt,GPE
,10,2,Solomon,PERSON
,10,2,Jeroboam,PERSON
,10,2,Egypt,GPE
,10,3,So,PERSON
,10,3,Jeroboam,PERSON
,10,3,Israel,GPE
,10,3,Rehoboam,PERSON
,10,4,put,PERSON
,10,5,three days,DATE
,10,6,Rehoboam,PERSON
,10,6,Solomon,PERSON
,10,9,put,PERSON
,10,11,put,PERSON
,10,11,put,PERSON
,10,12,So,PERSON
,10,12,Jeroboam,PERSON
,10,12,Rehoboam,PERSON
,10,12,on,PERSON
,10,12,the third day,DATE
,10,12,on,PERSON
,10,12,the third day,DATE
,10,13,Rehoboam,PERSON
,10,15,So,PERSON
,10,15,Ahijah,PERSON
,10,15,Jeroboam,PERSON
,10,15,Nebat,PERSON
,10,16,Israel,GPE
,10,16,David,PERSON
,10,16,Jesse,PERSON
,10,16,David,PERSON
,10,16,So,PERSON
,10,16,Israel,GPE
,10,17,Israel,GPE
,10,17,Judah,GPE
,10,17,Rehoboam,PERSON
,10,18,Rehoboam,PERSON
,10,18,Hadoram,PERSON
,10,18,Israel,GPE
,10,18,Rehoboam,PERSON
,10,18,Jerusalem,GPE
,10,19,Israel,GPE
,10,19,David,PERSON
,10,19,this day,DATE
,11,1,Rehoboam,PERSON
,11,1,Jerusalem,GPE
,11,1,Judah,PERSON
,11,1,Benjamin,PERSON
,11,1,an hundred and fourscore thousand,CARDINAL
,11,1,Israel,GPE
,11,1,Rehoboam,PERSON
,11,2,Shemaiah,GPE
,11,3,Rehoboam,PERSON
,11,3,Solomon,PERSON
,11,3,Judah,PERSON
,11,3,Israel,GPE
,11,3,Judah,GPE
,11,3,Benjamin,PERSON
,11,4,Ye,PERSON
,11,4,Jeroboam,PERSON
,11,5,Rehoboam,PERSON
,11,5,Jerusalem,GPE
,11,5,Judah,GPE
,11,6,Bethlehem,ORG
,11,6,Etam,PERSON
,11,6,Tekoa,ORG
,11,7,Bethzur,PRODUCT
,11,7,Shoco,ORG
,11,7,Adullam,PERSON
,11,8,Gath,PERSON
,11,8,Mareshah,PERSON
,11,8,Ziph,PERSON
,11,9,Adoraim,PERSON
,11,9,Lachish,PERSON
,11,9,Azekah,PERSON
,11,10,Zorah,PERSON
,11,10,Aijalon,PERSON
,11,10,Hebron,GPE
,11,10,Judah,GPE
,11,10,Benjamin,PERSON
,11,11,put,PERSON
,11,12,put,PERSON
,11,12,Judah,PERSON
,11,12,Benjamin,PERSON
,11,12,on,PERSON
,11,13,Levites,ORG
,11,13,Israel,GPE
,11,14,Levites,ORG
,11,14,Judah,GPE
,11,14,Jerusalem,GPE
,11,14,Jeroboam,PERSON
,11,16,Israel,GPE
,11,16,Israel,GPE
,11,16,Jerusalem,GPE
,11,17,So,PERSON
,11,17,Judah,GPE
,11,17,Rehoboam,PERSON
,11,17,Solomon,PERSON
,11,17,three years,DATE
,11,17,three years,DATE
,11,17,David,PERSON
,11,17,Solomon,PERSON
,11,18,Rehoboam,PERSON
,11,18,Mahalath,PERSON
,11,18,daughter,PERSON
,11,18,Jerimoth,PERSON
,11,18,David,PERSON
,11,18,Abihail,PERSON
,11,18,daughter,PERSON
,11,18,Eliab,PERSON
,11,18,Jesse,PERSON
,11,19,Jeush,PERSON
,11,19,Shamariah,ORG
,11,19,Zaham,PERSON
,11,20,Maachah,PERSON
,11,20,daughter,PERSON
,11,20,Absalom,PERSON
,11,20,Abijah,PERSON
,11,20,Attai,GPE
,11,20,Ziza,PERSON
,11,20,Shelomith,PRODUCT
,11,21,Rehoboam,PERSON
,11,21,Maachah,LOC
,11,21,daughter,PERSON
,11,21,Absalom,PERSON
,11,21,eighteen,CARDINAL
,11,21,threescore,CARDINAL
,11,21,begat twenty and eight,CARDINAL
,11,21,threescore,CARDINAL
,11,22,Rehoboam,PERSON
,11,22,Abijah,PERSON
,11,22,Maachah,PERSON
,11,23,Judah,GPE
,11,23,Benjamin,PERSON
,12,1,Rehoboam,PERSON
,12,1,Israel,GPE
,12,2,the fifth year,DATE
,12,2,Rehoboam Shishak,PERSON
,12,2,Egypt,GPE
,12,2,Jerusalem,GPE
,12,3,twelve hundred,CARDINAL
,12,3,threescore thousand,CARDINAL
,12,3,Egypt,GPE
,12,3,Lubims,PERSON
,12,3,Sukkiims,ORG
,12,3,Ethiopians,NORP
,12,4,Judah,PERSON
,12,4,Jerusalem,GPE
,12,5,Shemaiah,PERSON
,12,5,Rehoboam,PERSON
,12,5,Judah,PERSON
,12,5,Jerusalem,GPE
,12,5,Shishak,PRODUCT
,12,5,Ye,PERSON
,12,5,Shishak,PRODUCT
,12,6,Whereupon,ORG
,12,6,Israel,GPE
,12,7,Shemaiah,GPE
,12,7,Jerusalem,GPE
,12,7,Shishak,PRODUCT
,12,9,So,PERSON
,12,9,Shishak,NORP
,12,9,Egypt,GPE
,12,9,Jerusalem,GPE
,12,9,Solomon,PERSON
,12,10,Rehoboam,PERSON
,12,12,Judah,GPE
,12,13,So,PERSON
,12,13,Rehoboam,PERSON
,12,13,Jerusalem,GPE
,12,13,Rehoboam,PERSON
,12,13,forty years old,DATE
,12,13,seventeen years,DATE
,12,13,Jerusalem,GPE
,12,13,Israel,GPE
,12,13,put,PERSON
,12,13,Naamah,PERSON
,12,13,Ammonitess,ORG
,12,15,Rehoboam,PERSON
,12,15,first,ORDINAL
,12,15,Shemaiah,GPE
,12,15,Iddo,ORG
,12,15,Rehoboam,PERSON
,12,15,Jeroboam,PERSON
,12,16,Rehoboam,PERSON
,12,16,David,PERSON
,12,16,Abijah,PERSON
,13,1,the eighteenth year,DATE
,13,1,Jeroboam,PERSON
,13,1,Abijah,PERSON
,13,1,Judah,PERSON
,13,2,three years,DATE
,13,2,Jerusalem,GPE
,13,2,Michaiah,PERSON
,13,2,daughter,PERSON
,13,2,Uriel of Gibeah,PERSON
,13,2,Abijah,PERSON
,13,2,Jeroboam,PERSON
,13,3,Abijah,PERSON
,13,3,four hundred thousand,CARDINAL
,13,3,Jeroboam,PERSON
,13,3,eight hundred thousand,CARDINAL
,13,4,Abijah,PERSON
,13,4,Ephraim,PERSON
,13,4,Jeroboam,PERSON
,13,4,Israel,GPE
,13,5,Israel,GPE
,13,5,Israel,GPE
,13,5,David,PERSON
,13,6,Jeroboam,PERSON
,13,6,Nebat,PERSON
,13,6,Solomon,PERSON
,13,6,David,PERSON
,13,7,Belial,PERSON
,13,7,Rehoboam,PERSON
,13,7,Solomon,PERSON
,13,7,Rehoboam,PERSON
,13,8,David,PERSON
,13,8,Jeroboam,PERSON
,13,9,Aaron,PERSON
,13,9,Levites,ORG
,13,9,so,PERSON
,13,9,seven,CARDINAL
,13,10,Aaron,PERSON
,13,10,Levites,ORG
,13,11,every morning,TIME
,13,11,every evening,TIME
,13,12,Israel,GPE
,13,13,Jeroboam,ORG
,13,13,so,PERSON
,13,13,Judah,PERSON
,13,14,Judah,PERSON
,13,15,Judah,PERSON
,13,15,Judah,PERSON
,13,15,Jeroboam,PERSON
,13,15,Israel,GPE
,13,15,Abijah,PERSON
,13,15,Judah,PERSON
,13,16,Israel,GPE
,13,16,Judah,PERSON
,13,17,Abijah,PERSON
,13,17,so,PERSON
,13,17,Israel,GPE
,13,17,five hundred thousand,CARDINAL
,13,18,Israel,GPE
,13,18,Judah,PERSON
,13,19,Abijah,PERSON
,13,19,Jeroboam,PERSON
,13,19,Bethel,GPE
,13,19,Jeshanah,PERSON
,13,19,Ephrain,ORG
,13,20,Jeroboam,PERSON
,13,20,the days,DATE
,13,20,Abijah,PERSON
,13,21,Abijah,PERSON
,13,21,fourteen,CARDINAL
,13,21,twenty and two,CARDINAL
,13,21,sixteen,CARDINAL
,13,22,Abijah,PERSON
,13,22,Iddo,PERSON
,14,1,So,PERSON
,14,1,Abijah,PERSON
,14,1,David,PERSON
,14,1,Asa,PERSON
,14,1,his days,DATE
,14,1,ten years,DATE
,14,2,Asa,ORG
,14,4,Judah,PERSON
,14,5,Judah,GPE
,14,6,Judah,GPE
,14,6,those years,DATE
,14,7,Judah,PERSON
,14,7,on,PERSON
,14,7,So,PERSON
,14,8,Asa,ORG
,14,8,Judah,PERSON
,14,8,three hundred thousand,CARDINAL
,14,8,Benjamin,PERSON
,14,8,two hundred and fourscore thousand,CARDINAL
,14,9,Zerah,GPE
,14,9,Ethiopian,NORP
,14,9,a thousand thousand,DATE
,14,9,three hundred,CARDINAL
,14,9,Mareshah,PERSON
,14,10,Asa,ORG
,14,10,Zephathah,GPE
,14,10,Mareshah,GPE
,14,11,Asa,PERSON
,14,11,on,PERSON
,14,12,So,PERSON
,14,12,Ethiopians,NORP
,14,12,Asa,ORG
,14,12,Judah,PERSON
,14,12,Ethiopians,NORP
,14,13,Asa,ORG
,14,13,Gerar,PERSON
,14,13,Ethiopians,NORP
,14,14,Gerar,ORG
,14,15,Jerusalem,GPE
,15,1,Azariah,ORG
,15,1,Oded,PERSON
,15,2,Asa,ORG
,15,2,Asa,PERSON
,15,2,Judah,PERSON
,15,2,Benjamin,PERSON
,15,3,Israel,GPE
,15,4,Israel,GPE
,15,8,Asa,PERSON
,15,8,Oded,PERSON
,15,8,put,PERSON
,15,8,Judah,GPE
,15,8,Benjamin,PERSON
,15,8,mount Ephraim,GPE
,15,9,Judah,PERSON
,15,9,Benjamin,PERSON
,15,9,Ephraim,PERSON
,15,9,Manasseh,PERSON
,15,9,Simeon,PERSON
,15,9,Israel,GPE
,15,10,So,PERSON
,15,10,Jerusalem,GPE
,15,10,the third month,DATE
,15,10,the fifteenth year,DATE
,15,10,Asa,ORG
,15,11,seven hundred,CARDINAL
,15,11,seven thousand,CARDINAL
,15,13,Israel,GPE
,15,13,put,PERSON
,15,13,death,PERSON
,15,15,Judah,PERSON
,15,16,Maachah,PERSON
,15,16,Asa,PERSON
,15,16,Asa,ORG
,15,16,the brook Kidron,FAC
,15,17,Israel,GPE
,15,17,Asa,ORG
,15,19,Asa,ORG
,16,1,the six and thirtieth year,DATE
,16,1,Asa Baasha,PERSON
,16,1,Israel,GPE
,16,1,Judah,PERSON
,16,1,Ramah,GPE
,16,1,Asa,PERSON
,16,1,Judah,PERSON
,16,2,Asa,ORG
,16,2,Benhadad,GPE
,16,2,Syria,GPE
,16,2,Damascus,GPE
,16,3,Baasha,NORP
,16,3,Israel,GPE
,16,4,Benhadad,PERSON
,16,4,Asa,PERSON
,16,4,Israel,GPE
,16,4,Ijon,PERSON
,16,4,Dan,PERSON
,16,4,Naphtali,GPE
,16,5,Baasha,PERSON
,16,5,Ramah,GPE
,16,6,Asa,PERSON
,16,6,Judah,PERSON
,16,6,Ramah,GPE
,16,6,Baasha,ORG
,16,6,Geba,PERSON
,16,6,Mizpah,PERSON
,16,7,Hanani,PERSON
,16,7,Asa,PERSON
,16,7,Judah,PERSON
,16,7,on,PERSON
,16,7,Syria,GPE
,16,7,on,PERSON
,16,7,Syria,GPE
,16,8,Ethiopians,NORP
,16,8,Lubims,PERSON
,16,8,on,PERSON
,16,10,Asa,PERSON
,16,10,put,PERSON
,16,10,Asa,PERSON
,16,11,Asa,ORG
,16,11,first,ORDINAL
,16,11,Judah,GPE
,16,11,Israel,GPE
,16,12,Asa,ORG
,16,12,the thirty and ninth year,DATE
,16,13,Asa,ORG
,16,13,fortieth year,DATE
,16,14,David,GPE
,17,1,Jehoshaphat,PERSON
,17,1,Israel,GPE
,17,2,Judah,GPE
,17,2,Judah,GPE
,17,2,Ephraim,GPE
,17,2,Asa,ORG
,17,3,Jehoshaphat,PERSON
,17,3,first,ORDINAL
,17,3,David,PERSON
,17,3,Baalim,ORG
,17,4,Israel,GPE
,17,5,Judah,PERSON
,17,5,Jehoshaphat,PERSON
,17,6,Judah,GPE
,17,7,the third year,DATE
,17,7,Benhail,PERSON
,17,7,Obadiah,PERSON
,17,7,Zechariah,PERSON
,17,7,Nethaneel,PERSON
,17,7,Michaiah,PERSON
,17,7,Judah,GPE
,17,8,Levites,ORG
,17,8,Shemaiah,ORG
,17,8,Nethaniah,ORG
,17,8,Zebadiah,ORG
,17,8,Asahel,PERSON
,17,8,Shemiramoth,PERSON
,17,8,Jehonathan,GPE
,17,8,Adonijah,PERSON
,17,8,Tobijah,PERSON
,17,8,Tobadonijah,PERSON
,17,8,Levites,ORG
,17,8,Elishama,ORG
,17,8,Jehoram,GPE
,17,9,Judah,PERSON
,17,9,Judah,GPE
,17,10,Judah,PERSON
,17,10,so,PERSON
,17,10,Jehoshaphat,PERSON
,17,11,Philistines,NORP
,17,11,Jehoshaphat,PERSON
,17,11,Arabians,NORP
,17,11,seven thousand and seven hundred,CARDINAL
,17,11,seven thousand and seven hundred,CARDINAL
,17,12,Jehoshaphat,PERSON
,17,12,Judah,GPE
,17,13,Judah,PERSON
,17,13,Jerusalem,GPE
,17,14,Judah,PERSON
,17,14,thousands,CARDINAL
,17,14,Adnah,GPE
,17,14,three hundred thousand,CARDINAL
,17,15,Jehohanan,PERSON
,17,15,two hundred and fourscore thousand,CARDINAL
,17,16,Amasiah,ORG
,17,16,Zichri,PERSON
,17,16,two hundred thousand,CARDINAL
,17,17,Benjamin,PERSON
,17,17,Eliada,PERSON
,17,17,two hundred thousand,CARDINAL
,17,18,Jehozabad,PERSON
,17,18,an hundred and fourscore thousand,CARDINAL
,17,19,on,PERSON
,17,19,put,PERSON
,17,19,Judah,PERSON
,18,1,Jehoshaphat,PERSON
,18,1,Ahab,PERSON
,18,2,years,DATE
,18,2,Ahab,PERSON
,18,2,Samaria,GPE
,18,2,Ahab,PERSON
,18,2,Ramothgilead,PERSON
,18,3,Ahab,PERSON
,18,3,Israel,GPE
,18,3,Jehoshaphat,PERSON
,18,3,Judah,PERSON
,18,3,Ramothgilead,PERSON
,18,4,Jehoshaphat,PERSON
,18,4,Israel,GPE
,18,5,Israel,GPE
,18,5,four hundred,CARDINAL
,18,5,Ramothgilead,PERSON
,18,6,Jehoshaphat,PERSON
,18,7,Israel,GPE
,18,7,Jehoshaphat,PERSON
,18,7,one,CARDINAL
,18,7,Micaiah,GPE
,18,7,Imla,ORG
,18,7,Jehoshaphat,PERSON
,18,7,so,PERSON
,18,8,Israel,GPE
,18,8,one,CARDINAL
,18,8,Micaiah,PERSON
,18,8,Imla,ORG
,18,9,Israel,GPE
,18,9,Jehoshaphat,PERSON
,18,9,Judah,PERSON
,18,9,on,PERSON
,18,9,Samaria,GPE
,18,10,Zedekiah,PERSON
,18,10,Chenaanah,ORG
,18,10,Syria,GPE
,18,11,so,PERSON
,18,11,Ramothgilead,PERSON
,18,12,Micaiah,PERSON
,18,12,Behold,PERSON
,18,12,one,CARDINAL
,18,13,Micaiah,PERSON
,18,14,Micaiah,PERSON
,18,14,Ramothgilead,PERSON
,18,16,Israel,GPE
,18,17,Israel,GPE
,18,17,Jehoshaphat,PERSON
,18,18,on,PERSON
,18,18,on,PERSON
,18,19,Ahab,PERSON
,18,19,Israel,GPE
,18,19,Ramothgilead,PERSON
,18,21,so,PERSON
,18,22,put,PERSON
,18,23,Zedekiah,PERSON
,18,23,Chenaanah,ORG
,18,23,Micaiah,PERSON
,18,24,Micaiah,PERSON
,18,24,Behold,PERSON
,18,24,on,PERSON
,18,24,that day,DATE
,18,25,Israel,GPE
,18,25,Take ye Micaiah,PERSON
,18,25,Amon,PERSON
,18,25,Joash,PERSON
,18,26,Put,PERSON
,18,27,Micaiah,PERSON
,18,27,Hearken,PERSON
,18,28,So,PERSON
,18,28,Israel,GPE
,18,28,Jehoshaphat,PERSON
,18,28,Judah,PERSON
,18,28,Ramothgilead,PERSON
,18,29,Israel,GPE
,18,29,Jehoshaphat,PERSON
,18,29,put,PERSON
,18,29,on,PERSON
,18,29,So,PERSON
,18,29,Israel,GPE
,18,30,Syria,GPE
,18,30,Israel,GPE
,18,31,Jehoshaphat,PERSON
,18,31,Israel,GPE
,18,31,Jehoshaphat,PERSON
,18,32,Israel,GPE
,18,33,Israel,GPE
,18,34,Israel,GPE
,18,34,Syrians,NORP
,19,1,Jehoshaphat,PERSON
,19,1,Judah,PERSON
,19,1,Jerusalem,GPE
,19,2,Jehu,PERSON
,19,2,Hanani,GPE
,19,2,Jehoshaphat,PERSON
,19,2,Shouldest,PERSON
,19,4,Jehoshaphat,PERSON
,19,4,Jerusalem,GPE
,19,4,Beersheba,GPE
,19,4,Ephraim,PERSON
,19,5,Judah,GPE
,19,8,Jerusalem,GPE
,19,8,Jehoshaphat,PERSON
,19,8,Levites,ORG
,19,8,Israel,GPE
,19,8,Jerusalem,GPE
,19,10,so,PERSON
,19,11,Amariah,ORG
,19,11,Zebadiah,ORG
,19,11,Ishmael,PERSON
,19,11,Judah,GPE
,19,11,Levites,ORG
,20,1,Moab,GPE
,20,1,Ammon,PERSON
,20,1,Jehoshaphat,PERSON
,20,2,Jehoshaphat,PERSON
,20,2,on,PERSON
,20,2,Syria,GPE
,20,2,Hazazontamar,GPE
,20,2,Engedi,PERSON
,20,3,Jehoshaphat,PERSON
,20,3,Judah,PERSON
,20,4,Judah,PERSON
,20,4,Judah,GPE
,20,5,Jehoshaphat,PERSON
,20,5,Judah,GPE
,20,5,Jerusalem,GPE
,20,6,so,PERSON
,20,7,Israel,GPE
,20,7,Abraham,PERSON
,20,10,Ammon,PERSON
,20,10,Moab,GPE
,20,10,Seir,PERSON
,20,10,Israel,GPE
,20,10,Egypt,GPE
,20,13,Judah,PERSON
,20,14,Jahaziel,PERSON
,20,14,Zechariah,PERSON
,20,14,Benaiah,PERSON
,20,14,Jeiel,PERSON
,20,14,Mattaniah,ORG
,20,14,Levite,NORP
,20,14,Asaph,GPE
,20,14,Spirit,ORG
,20,15,Hearken ye,PERSON
,20,15,Judah,PERSON
,20,15,Jerusalem,GPE
,20,15,Jehoshaphat,PERSON
,20,16,Ziz,PERSON
,20,16,Jeruel,PERSON
,20,17,O Judah,PERSON
,20,17,Jerusalem,GPE
,20,17,morrow,DATE
,20,18,Jehoshaphat,PERSON
,20,18,Judah,PERSON
,20,18,Jerusalem,GPE
,20,19,Levites,ORG
,20,19,Kohathites,GPE
,20,19,Korhites,GPE
,20,19,Israel,GPE
,20,19,on,PERSON
,20,20,early in the morning,TIME
,20,20,Tekoa,ORG
,20,20,Jehoshaphat,PERSON
,20,20,O Judah,PERSON
,20,20,Jerusalem,GPE
,20,20,so,PERSON
,20,20,so,PERSON
,20,22,Ammon,GPE
,20,22,Moab,GPE
,20,22,Seir,PERSON
,20,22,Judah,PERSON
,20,23,Ammon,PERSON
,20,23,Moab,GPE
,20,23,Seir,PERSON
,20,23,Seir,WORK_OF_ART
,20,24,Judah,PERSON
,20,25,Jehoshaphat,PERSON
,20,25,three days,DATE
,20,25,so,PERSON
,20,26,on,PERSON
,20,26,the fourth day,DATE
,20,26,Berachah,GPE
,20,26,Berachah,PERSON
,20,26,this day,DATE
,20,27,Judah,GPE
,20,27,Jerusalem,GPE
,20,27,Jehoshaphat,PERSON
,20,27,Jerusalem,GPE
,20,28,Jerusalem,GPE
,20,29,on,PERSON
,20,29,Israel,GPE
,20,30,So,PERSON
,20,30,Jehoshaphat,PERSON
,20,31,Jehoshaphat,PERSON
,20,31,Judah,PERSON
,20,31,thirty and five years old,DATE
,20,31,twenty and five years,DATE
,20,31,Jerusalem,GPE
,20,31,Azubah,ORG
,20,31,daughter,PERSON
,20,31,Shilhi,PERSON
,20,32,Asa,ORG
,20,34,Jehoshaphat,PERSON
,20,34,first,ORDINAL
,20,34,Jehu,PERSON
,20,34,Hanani,PERSON
,20,34,Israel,GPE
,20,35,Jehoshaphat,PERSON
,20,35,Judah,PERSON
,20,35,Ahaziah,NORP
,20,35,Israel,GPE
,20,36,Tarshish,PERSON
,20,36,Eziongaber,ORG
,20,37,Eliezer,PERSON
,20,37,Dodavah,PERSON
,20,37,Mareshah,PERSON
,20,37,Jehoshaphat,PERSON
,20,37,Ahaziah,PERSON
,20,37,Tarshish,PERSON
,21,1,Jehoshaphat,PERSON
,21,1,David,PERSON
,21,1,Jehoram,PERSON
,21,2,Jehoshaphat,PERSON
,21,2,Azariah,ORG
,21,2,Jehiel,PERSON
,21,2,Zechariah,ORG
,21,2,Azariah,ORG
,21,2,Michael,PERSON
,21,2,Shephatiah,ORG
,21,2,Jehoshaphat,PERSON
,21,2,Israel,GPE
,21,3,Judah,PERSON
,21,3,Jehoram,ORG
,21,4,Jehoram,GPE
,21,4,Israel,GPE
,21,5,Jehoram,GPE
,21,5,thirty and two years old,DATE
,21,5,eight years,DATE
,21,5,Jerusalem,GPE
,21,6,Israel,GPE
,21,6,Ahab,PERSON
,21,6,daughter,PERSON
,21,6,Ahab,PERSON
,21,7,David,PERSON
,21,7,David,PERSON
,21,8,his days,DATE
,21,8,Edomites,NORP
,21,8,Judah,GPE
,21,9,Jehoram,ORG
,21,9,night,TIME
,21,10,So,PERSON
,21,10,Judah,PERSON
,21,10,this day,DATE
,21,10,Libnah,PERSON
,21,11,Judah,GPE
,21,11,Jerusalem,GPE
,21,11,Judah,PERSON
,21,12,Elijah,PERSON
,21,12,David,PERSON
,21,12,Jehoshaphat,PERSON
,21,12,Asa,ORG
,21,12,Judah,PERSON
,21,13,Israel,GPE
,21,13,Judah,PERSON
,21,13,Jerusalem,GPE
,21,13,Ahab,PERSON
,21,16,Jehoram,GPE
,21,16,Philistines,NORP
,21,16,Arabians,NORP
,21,16,Ethiopians,NORP
,21,17,Judah,GPE
,21,17,so,PERSON
,21,17,Jehoahaz,ORG
,21,19,the end of two years,DATE
,21,19,so,PERSON
,21,20,Thirty and two years old,DATE
,21,20,Jerusalem,GPE
,21,20,eight years,DATE
,21,20,David,PERSON
,22,1,Jerusalem,GPE
,22,1,Ahaziah,PERSON
,22,1,Arabians,NORP
,22,1,So,PERSON
,22,1,Ahaziah,PERSON
,22,1,Jehoram,GPE
,22,1,Judah,PERSON
,22,2,Forty and two years old,DATE
,22,2,Ahaziah,PERSON
,22,2,one year,DATE
,22,2,Jerusalem,GPE
,22,2,Athaliah,ORG
,22,2,daughter,PERSON
,22,2,Omri,PERSON
,22,3,Ahab,PERSON
,22,4,Ahab,PERSON
,22,4,death,PERSON
,22,5,Jehoram,GPE
,22,5,Ahab,PERSON
,22,5,Israel,GPE
,22,5,Hazael,GPE
,22,5,Syria,GPE
,22,5,Ramothgilead,PERSON
,22,5,Syrians,NORP
,22,5,Joram,PERSON
,22,6,Jezreel,PERSON
,22,6,Ramah,GPE
,22,6,Hazael,GPE
,22,6,Syria,GPE
,22,6,Azariah,ORG
,22,6,Jehoram,GPE
,22,6,Judah,PERSON
,22,6,Jehoram,PERSON
,22,6,Ahab,PERSON
,22,6,Jezreel,PERSON
,22,7,Ahaziah,NORP
,22,7,Joram,PERSON
,22,7,Jehoram,GPE
,22,7,Jehu,PERSON
,22,7,Nimshi,ORG
,22,7,Ahab,PERSON
,22,8,Jehu,PERSON
,22,8,Ahab,PERSON
,22,8,Judah,PERSON
,22,8,Ahaziah,GPE
,22,8,Ahaziah,PERSON
,22,9,Ahaziah,PERSON
,22,9,Samaria,GPE
,22,9,Jehu,PERSON
,22,9,Jehoshaphat,PERSON
,22,9,So,PERSON
,22,9,Ahaziah,ORG
,22,10,Athaliah,ORG
,22,10,Ahaziah,PERSON
,22,10,Judah,PERSON
,22,11,Jehoshabeath,PERSON
,22,11,daughter,PERSON
,22,11,Joash,PERSON
,22,11,Ahaziah,PERSON
,22,11,put,PERSON
,22,11,So,PERSON
,22,11,Jehoshabeath,PERSON
,22,11,daughter,PERSON
,22,11,Jehoram,PERSON
,22,11,Jehoiada,ORG
,22,11,Ahaziah,PERSON
,22,11,Athaliah,ORG
,22,11,so,PERSON
,22,12,six years,DATE
,22,12,Athaliah,ORG
,23,1,the seventh year,DATE
,23,1,Jehoiada,ORG
,23,1,hundreds,CARDINAL
,23,1,Azariah,ORG
,23,1,Jeroham,PERSON
,23,1,Ishmael,PERSON
,23,1,Jehohanan,PERSON
,23,1,Azariah,ORG
,23,1,Obed,PERSON
,23,1,Maaseiah,PRODUCT
,23,1,Adaiah,ORG
,23,1,Elishaphat,PERSON
,23,1,Zichri,PERSON
,23,2,Judah,GPE
,23,2,Levites,ORG
,23,2,Judah,GPE
,23,2,Israel,GPE
,23,2,Jerusalem,GPE
,23,3,David,PERSON
,23,4,third,ORDINAL
,23,4,on,PERSON
,23,4,Levites,ORG
,23,5,third,ORDINAL
,23,5,third,ORDINAL
,23,6,Levites,ORG
,23,7,Levites,ORG
,23,7,put,PERSON
,23,7,death,PERSON
,23,8,So,PERSON
,23,8,Levites,ORG
,23,8,Judah,PERSON
,23,8,Jehoiada,ORG
,23,8,on,PERSON
,23,8,on,PERSON
,23,8,Jehoiada,ORG
,23,9,Jehoiada,ORG
,23,9,hundreds,CARDINAL
,23,9,David,PERSON
,23,11,put,PERSON
,23,11,Jehoiada,ORG
,23,12,Athaliah,ORG
,23,13,Athaliah,ORG
,23,13,Treason,ORG
,23,14,Jehoiada,ORG
,23,14,hundreds,CARDINAL
,23,15,So,PERSON
,23,15,on,PERSON
,23,15,the king's house,ORG
,23,16,Jehoiada,ORG
,23,17,Baal,PERSON
,23,17,Mattan,ORG
,23,17,Baal,PERSON
,23,18,Jehoiada,ORG
,23,18,Levites,ORG
,23,18,David,PERSON
,23,18,Moses,PERSON
,23,18,David,PERSON
,23,20,hundreds,CARDINAL
,23,21,Athaliah,ORG
,24,1,Joash,PERSON
,24,1,seven years old,DATE
,24,1,forty years,DATE
,24,1,Jerusalem,GPE
,24,1,Zibiah of Beersheba,ORG
,24,2,Joash,PERSON
,24,2,Jehoiada,ORG
,24,3,Jehoiada,ORG
,24,3,two,CARDINAL
,24,4,Joash,PERSON
,24,5,Levites,ORG
,24,5,Judah,GPE
,24,5,Israel,GPE
,24,5,Levites,ORG
,24,6,Jehoiada,ORG
,24,6,Levites,ORG
,24,6,Judah,GPE
,24,6,Jerusalem,GPE
,24,6,Moses,PERSON
,24,6,Israel,GPE
,24,7,Athaliah,ORG
,24,7,Baalim,ORG
,24,9,Judah,GPE
,24,9,Jerusalem,GPE
,24,9,Moses,PERSON
,24,9,Israel,GPE
,24,11,Levites,ORG
,24,12,Jehoiada,ORG
,24,13,So,PERSON
,24,14,Jehoiada,ORG
,24,14,Jehoiada,ORG
,24,15,Jehoiada,ORG
,24,15,an hundred and thirty years old,CARDINAL
,24,16,David,PERSON
,24,16,Israel,GPE
,24,17,death,PERSON
,24,17,Jehoiada,ORG
,24,17,Judah,PERSON
,24,18,Judah,GPE
,24,18,Jerusalem,GPE
,24,20,Zechariah,PERSON
,24,20,Jehoiada,ORG
,24,22,Joash,PERSON
,24,22,Jehoiada,ORG
,24,23,the end of the year,DATE
,24,23,Syria,GPE
,24,23,Judah,GPE
,24,23,Jerusalem,GPE
,24,23,Damascus,GPE
,24,24,Syrians,NORP
,24,24,So,PERSON
,24,24,Joash,PERSON
,24,25,Jehoiada,ORG
,24,25,on,PERSON
,24,25,David,PERSON
,24,26,Zabad,PERSON
,24,26,Shimeath an Ammonitess,ORG
,24,26,Jehozabad,PERSON
,24,26,Shimrith a Moabitess,ORG
,24,27,Amaziah,ORG
,25,1,Amaziah,ORG
,25,1,twenty and five years old,DATE
,25,1,twenty and nine years,DATE
,25,1,Jerusalem,GPE
,25,1,Jehoaddan,PERSON
,25,1,Jerusalem,GPE
,25,4,Moses,PERSON
,25,5,Amaziah,PERSON
,25,5,Judah,PERSON
,25,5,thousands,CARDINAL
,25,5,hundreds,CARDINAL
,25,5,Judah,PERSON
,25,5,Benjamin,PERSON
,25,5,twenty years old,DATE
,25,5,three hundred thousand,CARDINAL
,25,6,an hundred thousand,CARDINAL
,25,6,Israel,GPE
,25,6,hundred,CARDINAL
,25,7,Israel,GPE
,25,7,Israel,GPE
,25,7,Ephraim,PERSON
,25,9,Amaziah,ORG
,25,9,hundred,CARDINAL
,25,9,Israel,GPE
,25,10,Amaziah,ORG
,25,10,Ephraim,PERSON
,25,10,Judah,PERSON
,25,11,Amaziah,ORG
,25,11,Seir,PERSON
,25,12,ten thousand,CARDINAL
,25,12,Judah,PERSON
,25,13,Amaziah,ORG
,25,13,Judah,GPE
,25,13,Samaria,GPE
,25,13,Bethhoron,ORG
,25,13,three thousand,CARDINAL
,25,14,Amaziah,ORG
,25,14,Edomites,NORP
,25,14,Seir,WORK_OF_ART
,25,15,Amaziah,ORG
,25,17,Amaziah,ORG
,25,17,Judah,PERSON
,25,17,Joash,PERSON
,25,17,Jehoahaz,ORG
,25,17,Jehu,PERSON
,25,17,Israel,GPE
,25,18,Joash,PERSON
,25,18,Israel,GPE
,25,18,Amaziah,ORG
,25,18,Judah,PERSON
,25,18,Lebanon,GPE
,25,18,Lebanon,GPE
,25,18,daughter,PERSON
,25,18,Lebanon,GPE
,25,19,Lo,PERSON
,25,19,Edomites,NORP
,25,19,Judah,PERSON
,25,20,Amaziah,ORG
,25,20,Edom,ORG
,25,21,So,PERSON
,25,21,Joash,PERSON
,25,21,Israel,GPE
,25,21,Amaziah,ORG
,25,21,Judah,PERSON
,25,21,Bethshemesh,PERSON
,25,21,Judah,PERSON
,25,22,Judah,PERSON
,25,22,put,PERSON
,25,22,Israel,GPE
,25,23,Joash,PERSON
,25,23,Israel,GPE
,25,23,Amaziah,ORG
,25,23,Judah,PERSON
,25,23,Joash,PERSON
,25,23,Jehoahaz,GPE
,25,23,Bethshemesh,PERSON
,25,23,Jerusalem,GPE
,25,23,Jerusalem,GPE
,25,23,Ephraim,GPE
,25,23,four hundred cubits,CARDINAL
,25,24,Obededom,PERSON
,25,24,Samaria,GPE
,25,25,Amaziah,ORG
,25,25,Joash,PERSON
,25,25,Judah,PERSON
,25,25,death,PERSON
,25,25,Joash,PERSON
,25,25,Jehoahaz,NORP
,25,25,Israel,GPE
,25,25,fifteen years,DATE
,25,26,Amaziah,ORG
,25,26,first,ORDINAL
,25,26,Judah,GPE
,25,26,Israel,GPE
,25,27,Amaziah,ORG
,25,27,Jerusalem,GPE
,25,27,Lachish,PERSON
,25,27,Lachish,PERSON
,25,28,Judah,GPE
,26,1,Judah,PERSON
,26,1,Uzziah,ORG
,26,1,sixteen years old,DATE
,26,1,Amaziah,PERSON
,26,2,Eloth,ORG
,26,2,Judah,PERSON
,26,3,Sixteen years old,DATE
,26,3,Uzziah,ORG
,26,3,fifty and two years,DATE
,26,3,Jerusalem,GPE
,26,3,Jecoliah,PERSON
,26,3,Jerusalem,GPE
,26,4,Amaziah,PERSON
,26,5,Zechariah,PERSON
,26,6,Philistines,NORP
,26,6,Gath,PERSON
,26,6,Jabneh,GPE
,26,6,Ashdod,ORG
,26,6,Ashdod,ORG
,26,6,Philistines,PRODUCT
,26,7,Philistines,NORP
,26,7,Arabians,NORP
,26,7,Gurbaal,GPE
,26,7,Mehunims,LOC
,26,8,Uzziah,PERSON
,26,8,Egypt,GPE
,26,9,Uzziah,PERSON
,26,9,Jerusalem,GPE
,26,9,the valley gate,FAC
,26,10,Carmel,GPE
,26,11,Uzziah,PERSON
,26,11,Jeiel,PERSON
,26,11,Maaseiah,PERSON
,26,11,Hananiah,ORG
,26,11,one,CARDINAL
,26,12,two thousand and six hundred,CARDINAL
,26,13,three hundred thousand and seven thousand and five hundred,CARDINAL
,26,14,Uzziah,PERSON
,26,15,Jerusalem,GPE
,26,15,on,PERSON
,26,17,Azariah,PERSON
,26,18,Uzziah,PERSON
,26,18,Uzziah,PERSON
,26,18,Aaron,PERSON
,26,19,Uzziah,PERSON
,26,20,Azariah,ORG
,26,21,Uzziah,PERSON
,26,21,death,PERSON
,26,21,Jotham,PERSON
,26,22,Uzziah,ORG
,26,22,first,ORDINAL
,26,22,Isaiah,PERSON
,26,22,Amoz,PERSON
,26,23,So,PERSON
,26,23,Uzziah,PERSON
,26,23,Jotham,PERSON
,27,1,Jotham,PERSON
,27,1,twenty and five years old,DATE
,27,1,sixteen years,DATE
,27,1,Jerusalem,GPE
,27,1,Jerushah,PERSON
,27,1,daughter,PERSON
,27,1,Zadok,PRODUCT
,27,2,Uzziah,PERSON
,27,3,on,PERSON
,27,3,Ophel,GPE
,27,4,Judah,GPE
,27,5,Ammon,PERSON
,27,5,the same year,DATE
,27,5,hundred,CARDINAL
,27,5,ten thousand,CARDINAL
,27,5,ten thousand,CARDINAL
,27,5,So,PERSON
,27,5,Ammon,PERSON
,27,5,the second year,DATE
,27,5,third,ORDINAL
,27,6,So,PERSON
,27,6,Jotham,PERSON
,27,7,Jotham,PERSON
,27,7,Israel,GPE
,27,7,Judah,PERSON
,27,8,five and twenty years old,DATE
,27,8,sixteen years,DATE
,27,8,Jerusalem,GPE
,27,9,Jotham,PERSON
,27,9,David,PERSON
,27,9,Ahaz,PERSON
,28,1,Ahaz,ORG
,28,1,twenty years old,DATE
,28,1,sixteen years,DATE
,28,1,Jerusalem,GPE
,28,1,David,PERSON
,28,2,Israel,GPE
,28,2,Baalim,ORG
,28,3,Hinnom,ORG
,28,3,Israel,GPE
,28,4,on,PERSON
,28,5,Syria,GPE
,28,5,Damascus,GPE
,28,5,Israel,GPE
,28,6,Pekah,PERSON
,28,6,Remaliah,ORG
,28,6,Judah,GPE
,28,6,an hundred and twenty thousand,CARDINAL
,28,6,one day,DATE
,28,7,Zichri,PERSON
,28,7,Ephraim,PERSON
,28,7,Maaseiah,PRODUCT
,28,7,Azrikam,NORP
,28,7,Elkanah,PERSON
,28,8,Israel,GPE
,28,8,two hundred thousand,CARDINAL
,28,8,Samaria,GPE
,28,9,Oded,PERSON
,28,9,Samaria,GPE
,28,9,Behold,PERSON
,28,9,Judah,PERSON
,28,10,Judah,GPE
,28,10,Jerusalem,GPE
,28,12,"Ephraim, Azariah",FAC
,28,12,"Johanan, Berechiah",ORG
,28,12,Meshillemoth,PERSON
,28,12,Jehizkiah,GPE
,28,12,Shallum,NORP
,28,12,Amasa,PERSON
,28,12,Hadlai,ORG
,28,13,Ye,PERSON
,28,13,Israel,GPE
,28,14,So,PERSON
,28,15,Jericho,GPE
,28,15,Samaria,GPE
,28,16,Ahaz,PERSON
,28,16,Assyria,GPE
,28,17,Judah,PERSON
,28,18,Philistines,ORG
,28,18,Judah,GPE
,28,18,Bethshemesh,PERSON
,28,18,Ajalon,PRODUCT
,28,18,Gederoth,PERSON
,28,18,Shocho,PERSON
,28,18,Timnah,PERSON
,28,18,Gimzo,ORG
,28,19,Judah,PERSON
,28,19,Ahaz,NORP
,28,19,Israel,GPE
,28,19,Judah,PERSON
,28,20,Tilgathpilneser,NORP
,28,20,Assyria,GPE
,28,21,Ahaz,PERSON
,28,21,Assyria,GPE
,28,22,Ahaz,PERSON
,28,23,Damascus,GPE
,28,23,Syria,GPE
,28,23,Israel,GPE
,28,24,Ahaz,PERSON
,28,24,Jerusalem,GPE
,28,25,Judah,GPE
,28,26,first,ORDINAL
,28,26,Judah,GPE
,28,26,Israel,GPE
,28,27,Ahaz,PERSON
,28,27,Jerusalem,GPE
,28,27,Israel,GPE
,28,27,Hezekiah,PERSON
,29,1,Hezekiah,PERSON
,29,1,five and twenty years old,DATE
,29,1,nine and twenty years,DATE
,29,1,Jerusalem,GPE
,29,1,Abijah,PERSON
,29,1,daughter,PERSON
,29,1,Zechariah,PERSON
,29,2,David,PERSON
,29,3,the first year,DATE
,29,3,the first month,DATE
,29,4,Levites,ORG
,29,7,put,PERSON
,29,7,Israel,GPE
,29,8,Judah,PERSON
,29,8,Jerusalem,GPE
,29,10,Israel,GPE
,29,12,Levites,ORG
,29,12,Mahath,NORP
,29,12,Amasai,PERSON
,29,12,Joel,PERSON
,29,12,Azariah,ORG
,29,12,Merari,GPE
,29,12,Kish,GPE
,29,12,Abdi,PERSON
,29,12,Azariah,ORG
,29,12,Jehalelel,PERSON
,29,12,Gershonites,NORP
,29,12,Joah,PERSON
,29,12,Zimmah,ORG
,29,12,Eden,LOC
,29,12,Joah,PERSON
,29,13,Elizaphan,GPE
,29,13,Shimri,PRODUCT
,29,13,Jeiel,PERSON
,29,13,Asaph,GPE
,29,13,Zechariah,PERSON
,29,13,Mattaniah,PERSON
,29,14,Heman,PERSON
,29,14,Jehiel,PERSON
,29,14,Shimei,PERSON
,29,14,Jeduthun,GPE
,29,14,Shemaiah,GPE
,29,14,Uzziel,ORG
,29,16,Levites,ORG
,29,16,the brook Kidron,LOC
,29,17,on,PERSON
,29,17,the first day of the first month,DATE
,29,17,on,PERSON
,29,17,the eighth day of the month,DATE
,29,17,so,PERSON
,29,17,eight days,DATE
,29,17,the sixteenth day of the first month,DATE
,29,18,Hezekiah,PERSON
,29,19,Ahaz,PERSON
,29,20,Hezekiah,PERSON
,29,21,seven,CARDINAL
,29,21,seven,CARDINAL
,29,21,seven,CARDINAL
,29,21,seven,CARDINAL
,29,21,Judah,PERSON
,29,21,Aaron,PERSON
,29,21,on,PERSON
,29,22,So,PERSON
,29,22,on,PERSON
,29,24,Israel,GPE
,29,24,Israel,GPE
,29,25,Levites,ORG
,29,25,David,PERSON
,29,25,Gad,PERSON
,29,25,Nathan the prophet,PERSON
,29,25,so,PERSON
,29,26,Levites,ORG
,29,26,David,PERSON
,29,27,Hezekiah,PERSON
,29,27,David,PERSON
,29,27,Israel,GPE
,29,30,Hezekiah,PERSON
,29,30,Levites,ORG
,29,30,David,PERSON
,29,30,Asaph,GPE
,29,31,Hezekiah,PERSON
,29,32,threescore and ten,CARDINAL
,29,32,hundred,CARDINAL
,29,32,two hundred,CARDINAL
,29,33,six hundred,CARDINAL
,29,33,three thousand,CARDINAL
,29,34,so,PERSON
,29,34,Levites,ORG
,29,34,Levites,ORG
,29,35,So,PERSON
,29,36,Hezekiah,PERSON
,30,1,Hezekiah,PERSON
,30,1,Israel,GPE
,30,1,Judah,PERSON
,30,1,Ephraim,PERSON
,30,1,Manasseh,PERSON
,30,1,Jerusalem,GPE
,30,1,Israel,GPE
,30,2,Jerusalem,GPE
,30,2,the second month,DATE
,30,3,Jerusalem,GPE
,30,5,So,PERSON
,30,5,Israel,GPE
,30,5,Beersheba,PERSON
,30,5,Dan,PERSON
,30,5,Israel,GPE
,30,5,Jerusalem,GPE
,30,6,So,PERSON
,30,6,Israel,GPE
,30,6,Judah,PERSON
,30,6,Ye,PERSON
,30,6,Israel,GPE
,30,6,Abraham,PERSON
,30,6,Isaac,PERSON
,30,6,Israel,GPE
,30,6,Assyria,GPE
,30,9,so,PERSON
,30,10,So,PERSON
,30,10,Ephraim,PERSON
,30,10,Manasseh,PERSON
,30,10,Zebulun,PERSON
,30,11,Asher,PERSON
,30,11,Manasseh,PERSON
,30,11,Zebulun,PERSON
,30,11,Jerusalem,GPE
,30,12,Judah,PERSON
,30,12,one,CARDINAL
,30,13,Jerusalem,GPE
,30,13,the second month,DATE
,30,14,Jerusalem,GPE
,30,14,the brook Kidron,LOC
,30,15,on,PERSON
,30,15,the fourteenth day,DATE
,30,15,Levites,ORG
,30,16,Moses,PERSON
,30,16,Levites,PRODUCT
,30,17,Levites,ORG
,30,18,Ephraim,PERSON
,30,18,Manasseh,PERSON
,30,18,Issachar,PERSON
,30,18,Zebulun,PERSON
,30,18,Hezekiah,PERSON
,30,20,Hezekiah,PERSON
,30,21,Israel,GPE
,30,21,Jerusalem,GPE
,30,21,seven days,DATE
,30,21,Levites,ORG
,30,22,Hezekiah,PERSON
,30,22,Levites,ORG
,30,22,seven days,DATE
,30,23,seven days,DATE
,30,23,seven days,DATE
,30,24,Hezekiah,PERSON
,30,24,Judah,PERSON
,30,24,seven thousand,CARDINAL
,30,24,a thousand bullocks and ten thousand,CARDINAL
,30,25,Judah,PERSON
,30,25,Levites,ORG
,30,25,Israel,GPE
,30,25,Israel,GPE
,30,25,Judah,GPE
,30,26,So,PERSON
,30,26,Jerusalem,GPE
,30,26,Solomon,PERSON
,30,26,David,PERSON
,30,26,Israel,GPE
,30,26,Jerusalem,GPE
,30,27,Levites,ORG
,31,1,Israel,GPE
,31,1,Judah,GPE
,31,1,Judah,PERSON
,31,1,Benjamin,PERSON
,31,1,Ephraim,PERSON
,31,1,Manasseh,PERSON
,31,1,Israel,GPE
,31,2,Hezekiah,PERSON
,31,2,Levites,ORG
,31,2,Levites,ORG
,31,3,the morning,TIME
,31,3,evening,TIME
,31,4,Jerusalem,GPE
,31,4,Levites,ORG
,31,5,Israel,GPE
,31,6,Israel,GPE
,31,6,Judah,PERSON
,31,6,Judah,GPE
,31,7,the third month,DATE
,31,7,the seventh month,DATE
,31,8,Hezekiah,PERSON
,31,8,Israel,GPE
,31,9,Hezekiah,PERSON
,31,9,Levites,ORG
,31,10,Azariah,ORG
,31,10,Zadok,PERSON
,31,11,Hezekiah,PERSON
,31,12,Cononiah the Levite,ORG
,31,12,Shimei,ORG
,31,13,Jehiel,PERSON
,31,13,Azaziah,ORG
,31,13,Nahath,ORG
,31,13,Asahel,PERSON
,31,13,Jerimoth,PERSON
,31,13,Jozabad,ORG
,31,13,Eliel,PERSON
,31,13,Ismachiah,ORG
,31,13,Mahath,PERSON
,31,13,Benaiah,PERSON
,31,13,Cononiah and Shimei,ORG
,31,13,Hezekiah,PERSON
,31,13,Azariah,ORG
,31,14,Kore,LOC
,31,14,Imnah,PERSON
,31,14,Levite,ORG
,31,15,Eden,LOC
,31,15,Miniamin,ORG
,31,15,Jeshua,PERSON
,31,15,Shemaiah,ORG
,31,15,Amariah,ORG
,31,15,Shecaniah,GPE
,31,16,three years old,DATE
,31,16,daily,DATE
,31,17,Levites,ORG
,31,17,twenty years old,DATE
,31,19,Aaron,PERSON
,31,19,Levites,PRODUCT
,31,20,Hezekiah,PERSON
,31,20,Judah,PERSON
,32,1,Sennacherib,NORP
,32,1,Assyria,GPE
,32,1,Judah,PERSON
,32,2,Hezekiah,PERSON
,32,2,Sennacherib,GPE
,32,2,Jerusalem,GPE
,32,4,So,PERSON
,32,4,Assyria,GPE
,32,5,Millo,ORG
,32,5,David,GPE
,32,7,Assyria,GPE
,32,8,Hezekiah,PERSON
,32,8,Judah,PERSON
,32,9,Sennacherib,NORP
,32,9,Assyria,PERSON
,32,9,Jerusalem,GPE
,32,9,Lachish,PERSON
,32,9,Hezekiah,PERSON
,32,9,Judah,PERSON
,32,9,Judah,PERSON
,32,9,Jerusalem,GPE
,32,10,Sennacherib,NORP
,32,10,Assyria,GPE
,32,10,Whereon,GPE
,32,10,Jerusalem,GPE
,32,11,Hezekiah,PERSON
,32,11,Assyria,GPE
,32,12,Hezekiah,PERSON
,32,12,Judah,PERSON
,32,12,Jerusalem,GPE
,32,12,Ye,PERSON
,32,12,one,CARDINAL
,32,15,Hezekiah,PERSON
,32,15,on,PERSON
,32,16,Hezekiah,PERSON
,32,17,on,PERSON
,32,17,Israel,GPE
,32,17,so,PERSON
,32,17,Hezekiah,PERSON
,32,18,Jews,NORP
,32,18,Jerusalem,GPE
,32,18,on,PERSON
,32,19,Jerusalem,GPE
,32,20,Hezekiah,PERSON
,32,20,Isaiah,PERSON
,32,20,Amoz,PERSON
,32,21,Assyria,GPE
,32,21,So,PERSON
,32,22,Hezekiah,PERSON
,32,22,Jerusalem,GPE
,32,22,Sennacherib,GPE
,32,22,Assyria,GPE
,32,22,on,PERSON
,32,23,Jerusalem,GPE
,32,23,Hezekiah,PERSON
,32,23,Judah,PERSON
,32,23,so,PERSON
,32,24,those days,DATE
,32,24,Hezekiah,PERSON
,32,24,death,PERSON
,32,25,Hezekiah,PERSON
,32,25,Judah,PERSON
,32,25,Jerusalem,GPE
,32,26,Notwithstanding Hezekiah,PERSON
,32,26,Jerusalem,GPE
,32,26,so,PERSON
,32,26,the days,DATE
,32,26,Hezekiah,PERSON
,32,27,Hezekiah,PERSON
,32,30,Hezekiah,PERSON
,32,30,Gihon,GPE
,32,30,David,PERSON
,32,30,Hezekiah,PERSON
,32,31,Babylon,GPE
,32,32,Hezekiah,PERSON
,32,32,Isaiah,PERSON
,32,32,Amoz,PERSON
,32,32,Judah,GPE
,32,32,Israel,GPE
,32,33,Hezekiah,PERSON
,32,33,David,PERSON
,32,33,Judah,PERSON
,32,33,Jerusalem,GPE
,32,33,death,PERSON
,32,33,Manasseh,PERSON
,33,1,Manasseh,PERSON
,33,1,twelve years old,DATE
,33,1,fifty and five years,DATE
,33,1,Jerusalem,GPE
,33,2,Israel,GPE
,33,3,Hezekiah,PERSON
,33,3,Baalim,ORG
,33,4,Jerusalem,GPE
,33,5,two,CARDINAL
,33,6,Hinnom,PERSON
,33,7,David,PERSON
,33,7,Solomon,PERSON
,33,7,Jerusalem,GPE
,33,7,Israel,GPE
,33,7,put,PERSON
,33,8,Israel,GPE
,33,8,so,PERSON
,33,8,Moses,PERSON
,33,9,So,PERSON
,33,9,Manasseh,PERSON
,33,9,Judah,PERSON
,33,9,Jerusalem,GPE
,33,9,Israel,GPE
,33,10,Manasseh,PERSON
,33,11,Assyria,GPE
,33,11,Manasseh,NORP
,33,11,Babylon,GPE
,33,13,Jerusalem,GPE
,33,13,Manasseh,PERSON
,33,14,David,GPE
,33,14,on,PERSON
,33,14,Gihon,ORG
,33,14,Ophel,GPE
,33,14,put,PERSON
,33,14,Judah,GPE
,33,15,Jerusalem,GPE
,33,16,Judah,PERSON
,33,16,Israel,GPE
,33,18,Manasseh,ORG
,33,18,Israel,GPE
,33,18,Israel,GPE
,33,20,So,PERSON
,33,20,Manasseh,PERSON
,33,20,Amon,PERSON
,33,21,Amon,PERSON
,33,21,two and twenty years old,DATE
,33,21,two years,DATE
,33,21,Jerusalem,GPE
,33,22,Manasseh,PERSON
,33,22,Amon,PERSON
,33,22,Manasseh,PERSON
,33,23,Manasseh,PERSON
,33,23,Amon,PERSON
,33,25,Amon,PERSON
,33,25,Josiah,PERSON
,34,1,Josiah,PERSON
,34,1,eight years old,DATE
,34,1,Jerusalem,GPE
,34,1,thirty years,DATE
,34,2,David,PERSON
,34,3,the eighth year,DATE
,34,3,David,PERSON
,34,3,the twelfth year,DATE
,34,3,Judah,GPE
,34,3,Jerusalem,GPE
,34,4,Baalim,ORG
,34,4,on,PERSON
,34,5,Judah,GPE
,34,5,Jerusalem,GPE
,34,6,so,PERSON
,34,6,Manasseh,GPE
,34,6,Ephraim,PERSON
,34,6,Simeon,PERSON
,34,6,Naphtali,PERSON
,34,7,Israel,GPE
,34,7,Jerusalem,GPE
,34,8,the eighteenth year,DATE
,34,8,Shaphan,LOC
,34,8,Azaliah,PERSON
,34,8,Maaseiah,PERSON
,34,8,Joah,PERSON
,34,8,Joahaz,GPE
,34,9,Hilkiah,ORG
,34,9,Levites,ORG
,34,9,Manasseh,NORP
,34,9,Ephraim,PERSON
,34,9,Israel,GPE
,34,9,Judah,PERSON
,34,9,Benjamin,PERSON
,34,9,Jerusalem,GPE
,34,10,put,PERSON
,34,11,Judah,PERSON
,34,12,Jahath,PERSON
,34,12,Obadiah,PERSON
,34,12,Levites,ORG
,34,12,Merari,ORG
,34,12,Zechariah,PERSON
,34,12,Meshullam,PERSON
,34,12,Kohathites,GPE
,34,12,Levites,ORG
,34,13,Levites,ORG
,34,14,Hilkiah,PERSON
,34,14,Moses,PERSON
,34,15,Hilkiah,ORG
,34,15,Shaphan,LOC
,34,15,Hilkiah,ORG
,34,15,Shaphan,LOC
,34,16,Shaphan,LOC
,34,18,Shaphan,LOC
,34,18,Hilkiah,PERSON
,34,18,Shaphan,LOC
,34,20,Hilkiah,WORK_OF_ART
,34,20,Ahikam,PERSON
,34,20,Shaphan,LOC
,34,20,Abdon,PERSON
,34,20,Micah,PERSON
,34,20,Shaphan,LOC
,34,20,Asaiah,ORG
,34,21,Israel,GPE
,34,21,Judah,GPE
,34,22,Hilkiah,ORG
,34,22,Huldah,PERSON
,34,22,Shallum,NORP
,34,22,Tikvath,PERSON
,34,22,Hasrah,PERSON
,34,22,Jerusalem,GPE
,34,23,Israel,GPE
,34,24,Behold,PERSON
,34,24,Judah,PERSON
,34,26,Judah,PERSON
,34,26,so,PERSON
,34,26,Israel,GPE
,34,28,So,PERSON
,34,29,Judah,GPE
,34,29,Jerusalem,GPE
,34,30,Judah,PERSON
,34,30,Jerusalem,GPE
,34,30,Levites,ORG
,34,32,Jerusalem,GPE
,34,32,Benjamin,PERSON
,34,32,Jerusalem,GPE
,34,33,Josiah,PERSON
,34,33,Israel,GPE
,34,33,Israel,GPE
,35,1,Josiah,PERSON
,35,1,Jerusalem,GPE
,35,1,on,PERSON
,35,1,the fourteenth day of the first month,DATE
,35,3,Levites,ORG
,35,3,Israel,GPE
,35,3,Put,PERSON
,35,3,ark,PERSON
,35,3,Solomon,PERSON
,35,3,David,PERSON
,35,3,Israel,GPE
,35,3,Israel,GPE
,35,4,David,PERSON
,35,4,Israel,GPE
,35,4,Solomon,PERSON
,35,5,Levites,PRODUCT
,35,6,So,PERSON
,35,6,Moses,PERSON
,35,7,Josiah,PERSON
,35,7,thirty thousand,CARDINAL
,35,7,three thousand,CARDINAL
,35,8,Levites,ORG
,35,8,Hilkiah,PERSON
,35,8,Zechariah,PERSON
,35,8,Jehiel,PERSON
,35,8,two thousand and six hundred,CARDINAL
,35,8,three hundred,CARDINAL
,35,9,Conaniah,PERSON
,35,9,Shemaiah,ORG
,35,9,Nethaneel,PERSON
,35,9,Hashabiah,ORG
,35,9,Jeiel,PERSON
,35,9,Jozabad,PERSON
,35,9,Levites,ORG
,35,9,Levites,ORG
,35,9,five thousand,CARDINAL
,35,9,five hundred,CARDINAL
,35,10,So,PERSON
,35,10,Levites,ORG
,35,11,Levites,ORG
,35,12,Moses,PERSON
,35,12,so,PERSON
,35,14,Aaron,PERSON
,35,14,Levites,ORG
,35,14,Aaron,PERSON
,35,15,Asaph,GPE
,35,15,David,PERSON
,35,15,Asaph,ORG
,35,15,Heman,PERSON
,35,15,Jeduthun,GPE
,35,15,Levites,ORG
,35,16,So,PERSON
,35,16,Josiah,PERSON
,35,17,Israel,GPE
,35,17,seven days,DATE
,35,18,Israel,GPE
,35,18,the days,DATE
,35,18,Samuel,PERSON
,35,18,Israel,GPE
,35,18,Josiah,PERSON
,35,18,Levites,ORG
,35,18,Judah,NORP
,35,18,Israel,GPE
,35,18,Jerusalem,GPE
,35,19,the eighteenth year,DATE
,35,19,Josiah,PERSON
,35,20,Josiah,PERSON
,35,20,Necho,GPE
,35,20,Egypt,GPE
,35,20,Charchemish,LANGUAGE
,35,20,Euphrates,ORG
,35,20,Josiah,PERSON
,35,21,Judah,PERSON
,35,21,this day,DATE
,35,22,Nevertheless Josiah,PERSON
,35,22,Necho,ORG
,35,22,Megiddo,GPE
,35,23,Josiah,PERSON
,35,24,put,PERSON
,35,24,second,ORDINAL
,35,24,Jerusalem,GPE
,35,24,Judah,GPE
,35,24,Jerusalem,GPE
,35,24,Josiah,PERSON
,35,25,Jeremiah,PERSON
,35,25,Josiah,PERSON
,35,25,Josiah,PERSON
,35,25,this day,DATE
,35,25,Israel,GPE
,35,26,Josiah,PERSON
,35,27,first,ORDINAL
,35,27,Israel,GPE
,35,27,Judah,PERSON
,36,1,Jehoahaz,NORP
,36,1,Josiah,PERSON
,36,1,Jerusalem,GPE
,36,2,Jehoahaz,ORG
,36,2,twenty and three years old,DATE
,36,2,three months,DATE
,36,2,Jerusalem,GPE
,36,3,Egypt,GPE
,36,3,put,PERSON
,36,3,Jerusalem,GPE
,36,3,hundred,CARDINAL
,36,4,Egypt,GPE
,36,4,Eliakim,PERSON
,36,4,Judah,GPE
,36,4,Jerusalem,GPE
,36,4,Jehoiakim,LOC
,36,4,Necho,ORG
,36,4,Jehoahaz,ORG
,36,4,Egypt,GPE
,36,5,Jehoiakim,LOC
,36,5,twenty and five years old,DATE
,36,5,eleven years,DATE
,36,5,Jerusalem,GPE
,36,6,Nebuchadnezzar,PERSON
,36,6,Babylon,PERSON
,36,6,Babylon,GPE
,36,7,Nebuchadnezzar,PERSON
,36,7,Babylon,PERSON
,36,7,put,PERSON
,36,7,Babylon,GPE
,36,8,Jehoiakim,LOC
,36,8,Israel,GPE
,36,8,Judah,PERSON
,36,8,Jehoiachin,PERSON
,36,9,Jehoiachin,PERSON
,36,9,eight years old,DATE
,36,9,three months and,DATE
,36,9,ten days,DATE
,36,9,Jerusalem,GPE
,36,10,the year,DATE
,36,10,Nebuchadnezzar,PERSON
,36,10,Babylon,PERSON
,36,10,Zedekiah,ORG
,36,10,Judah,GPE
,36,10,Jerusalem,GPE
,36,11,Zedekiah,PERSON
,36,11,twenty years old,DATE
,36,11,eleven years,DATE
,36,11,Jerusalem,GPE
,36,12,Jeremiah,PERSON
,36,13,Nebuchadnezzar,PERSON
,36,13,Israel,GPE
,36,14,Jerusalem,GPE
,36,15,on,PERSON
,36,15,on,PERSON
,36,17,Chaldees,ORG
,36,18,Babylon,GPE
,36,19,Jerusalem,GPE
,36,20,Babylon,GPE
,36,20,Persia,GPE
,36,21,Jeremiah,PERSON
,36,21,threescore and ten years,DATE
,36,22,the first year,DATE
,36,22,Cyrus,PERSON
,36,22,Persia,GPE
,36,22,Jeremiah,PERSON
,36,22,Cyrus,PERSON
,36,22,Persia,GPE
,36,22,put,PERSON
,36,23,Cyrus,PERSON
,36,23,Persia,PERSON
,36,23,Jerusalem,GPE
,36,23,Judah,GPE
,1,1,the first year,DATE
,1,1,Cyrus,PERSON
,1,1,Persia,GPE
,1,1,Jeremiah,PERSON
,1,1,Cyrus,PERSON
,1,1,Persia,GPE
,1,1,put,PERSON
,1,2,Cyrus,PERSON
,1,2,Persia,PERSON
,1,2,Jerusalem,GPE
,1,2,Judah,GPE
,1,3,Jerusalem,GPE
,1,3,Judah,GPE
,1,3,Israel,GPE
,1,3,Jerusalem,GPE
,1,4,Jerusalem,GPE
,1,5,Judah,PERSON
,1,5,Benjamin,PERSON
,1,5,Levites,ORG
,1,5,Jerusalem,GPE
,1,7,Cyrus,PERSON
,1,7,Nebuchadnezzar,PERSON
,1,7,Jerusalem,GPE
,1,7,put,PERSON
,1,8,Cyrus,PERSON
,1,8,Persia,GPE
,1,8,Mithredath,NORP
,1,8,Sheshbazzar,PERSON
,1,8,Judah,PERSON
,1,9,thirty,CARDINAL
,1,9,a thousand,CARDINAL
,1,9,nine,CARDINAL
,1,9,twenty,CARDINAL
,1,10,Thirty,CARDINAL
,1,10,second,ORDINAL
,1,10,four hundred and ten,CARDINAL
,1,10,a thousand,CARDINAL
,1,11,five thousand and four hundred,CARDINAL
,1,11,Sheshbazzar,PERSON
,1,11,Babylon,GPE
,1,11,Jerusalem,GPE
,2,1,Nebuchadnezzar,PERSON
,2,1,Babylon,PERSON
,2,1,Babylon,PERSON
,2,1,Jerusalem,GPE
,2,1,Judah,PERSON
,2,2,Zerubbabel,PERSON
,2,2,Jeshua,PERSON
,2,2,Nehemiah,PERSON
,2,2,Seraiah,PERSON
,2,2,Reelaiah,PERSON
,2,2,Mordecai,PERSON
,2,2,Bilshan,GPE
,2,2,Mizpar,PERSON
,2,2,Bigvai,PERSON
,2,2,Rehum,GPE
,2,2,Baanah,GPE
,2,2,Israel,GPE
,2,3,Parosh,ORG
,2,3,two thousand an hundred seventy and two,DATE
,2,4,Shephatiah,ORG
,2,4,three hundred seventy and two,CARDINAL
,2,5,Arah,PERSON
,2,5,seven hundred seventy and five,DATE
,2,6,Pahathmoab,GPE
,2,6,Jeshua,PERSON
,2,6,Joab,PERSON
,2,6,two thousand eight hundred and twelve,DATE
,2,7,Elam,ORG
,2,7,a thousand two hundred fifty and four,CARDINAL
,2,8,Zattu,GPE
,2,8,nine hundred forty and five,DATE
,2,9,Zaccai,GPE
,2,9,seven hundred and threescore,CARDINAL
,2,10,Bani,PERSON
,2,10,six hundred forty and two,DATE
,2,11,Bebai,ORG
,2,11,six hundred twenty and three,CARDINAL
,2,12,Azgad,PERSON
,2,12,a thousand two hundred twenty and two,CARDINAL
,2,13,Adonikam,ORG
,2,13,six hundred sixty and six,CARDINAL
,2,14,Bigvai,ORG
,2,14,two thousand fifty and,DATE
,2,14,six,CARDINAL
,2,15,Adin,PERSON
,2,15,four hundred fifty and four,CARDINAL
,2,16,Ater,PERSON
,2,16,Hezekiah,PERSON
,2,17,Bezai,ORG
,2,17,three hundred twenty and three,CARDINAL
,2,18,Jorah,NORP
,2,18,an hundred and twelve,CARDINAL
,2,19,Hashum,ORG
,2,19,two hundred twenty and three,CARDINAL
,2,20,Gibbar,ORG
,2,20,ninety and five,CARDINAL
,2,21,Bethlehem,GPE
,2,21,an hundred twenty and three,CARDINAL
,2,22,Netophah,GPE
,2,22,fifty and six,CARDINAL
,2,23,Anathoth,ORG
,2,23,an hundred twenty and eight,CARDINAL
,2,24,Azmaveth,GPE
,2,24,forty,DATE
,2,24,two,CARDINAL
,2,25,Kirjatharim,ORG
,2,25,Chephirah,ORG
,2,25,Beeroth,GPE
,2,25,seven hundred and forty and three,CARDINAL
,2,26,Ramah,GPE
,2,26,Gaba,ORG
,2,26,six hundred twenty and one,CARDINAL
,2,27,Michmas,PERSON
,2,27,an hundred twenty and two,CARDINAL
,2,28,Bethel,GPE
,2,28,Ai,ORG
,2,28,two hundred twenty and three,CARDINAL
,2,29,Nebo,ORG
,2,29,fifty and two,CARDINAL
,2,30,Magbish,LANGUAGE
,2,30,an hundred fifty and six,CARDINAL
,2,31,Elam,ORG
,2,31,a thousand two hundred fifty and four,CARDINAL
,2,32,Harim,ORG
,2,32,three hundred and twenty,CARDINAL
,2,33,Lod,GPE
,2,33,Hadid,GPE
,2,33,Ono,PERSON
,2,33,seven hundred twenty and five,CARDINAL
,2,34,Jericho,GPE
,2,34,three hundred forty and five,DATE
,2,35,Senaah,ORG
,2,35,three thousand and six hundred and thirty,CARDINAL
,2,36,Jedaiah,ORG
,2,36,Jeshua,GPE
,2,36,nine hundred seventy and three,DATE
,2,37,Immer,ORG
,2,37,a thousand fifty and two,CARDINAL
,2,38,Pashur,GPE
,2,38,a thousand two hundred forty and,DATE
,2,38,seven,CARDINAL
,2,39,Harim,GPE
,2,39,a thousand and seventeen,CARDINAL
,2,40,Levites,ORG
,2,40,Jeshua,GPE
,2,40,Kadmiel,GPE
,2,40,Hodaviah,GPE
,2,40,seventy and four,CARDINAL
,2,41,Asaph,GPE
,2,41,an hundred twenty and eight,CARDINAL
,2,42,Shallum,NORP
,2,42,Ater,PERSON
,2,42,Talmon,GPE
,2,42,Akkub,GPE
,2,42,Hatita,ORG
,2,42,Shobai,ORG
,2,42,nine,CARDINAL
,2,43,Nethinims,ORG
,2,43,Ziha,PERSON
,2,43,Hasupha,ORG
,2,43,Tabbaoth,GPE
,2,44,Keros,GPE
,2,44,Siaha,ORG
,2,44,Padon,GPE
,2,45,Lebanah,PERSON
,2,45,Hagabah,GPE
,2,45,Akkub,GPE
,2,46,Hagab,GPE
,2,46,Shalmai,GPE
,2,46,Hanan,PERSON
,2,47,Giddel,PERSON
,2,47,Gahar,ORG
,2,47,Reaiah,ORG
,2,48,Rezin,GPE
,2,48,Nekoda,GPE
,2,48,Gazzam,LANGUAGE
,2,49,Uzza,ORG
,2,49,Paseah,GPE
,2,49,Besai,GPE
,2,50,Asnah,PERSON
,2,50,Mehunim,ORG
,2,50,Nephusim,GPE
,2,51,Bakbuk,GPE
,2,51,Hakupha,ORG
,2,51,Harhur,GPE
,2,52,Bazluth,PERSON
,2,52,Mehida,GPE
,2,52,Harsha,PERSON
,2,53,Barkos,ORG
,2,53,Sisera,GPE
,2,53,Thamah,GPE
,2,54,Neziah,ORG
,2,54,Hatipha,PERSON
,2,55,Solomon,PERSON
,2,55,Sotai,PERSON
,2,55,Sophereth,GPE
,2,55,Peruda,NORP
,2,56,Jaalah,PERSON
,2,56,Darkon,PRODUCT
,2,56,Giddel,PERSON
,2,57,Shephatiah,ORG
,2,57,Hattil,GPE
,2,57,Pochereth,NORP
,2,57,Ami,PERSON
,2,58,Nethinims,ORG
,2,58,Solomon,PERSON
,2,58,three hundred ninety and two,CARDINAL
,2,59,Telmelah,GPE
,2,59,Telharsa,ORG
,2,59,Cherub,PERSON
,2,59,Addan,PERSON
,2,59,Immer,PERSON
,2,59,Israel,GPE
,2,60,Delaiah,ORG
,2,60,Tobiah,ORG
,2,60,Nekoda,GPE
,2,60,six hundred fifty and two,CARDINAL
,2,61,Habaiah,GPE
,2,61,Koz,PERSON
,2,61,Barzillai,GPE
,2,61,Barzillai,PERSON
,2,61,Gileadite,ORG
,2,62,put,PERSON
,2,63,Tirshatha,ORG
,2,63,Urim,ORG
,2,63,Thummim,PERSON
,2,64,forty and two thousand three hundred and threescore,DATE
,2,65,seven thousand three hundred thirty,DATE
,2,65,seven,CARDINAL
,2,65,two hundred,CARDINAL
,2,66,seven hundred thirty and six,CARDINAL
,2,66,two hundred forty,DATE
,2,66,five,CARDINAL
,2,67,four hundred thirty and,CARDINAL
,2,67,five,CARDINAL
,2,67,six thousand seven hundred and twenty,DATE
,2,68,Jerusalem,GPE
,2,69,threescore and one thousand drams,CARDINAL
,2,69,five thousand pound,QUANTITY
,2,69,one hundred,CARDINAL
,2,70,So,PERSON
,2,70,Levites,ORG
,2,70,Nethinims,ORG
,2,70,Israel,GPE
,3,1,the seventh month,DATE
,3,1,Israel,GPE
,3,1,one,CARDINAL
,3,1,Jerusalem,GPE
,3,2,Jeshua,PERSON
,3,2,Jozadak,PERSON
,3,2,Zerubbabel,PERSON
,3,2,Shealtiel,PERSON
,3,2,Israel,GPE
,3,2,Moses,PERSON
,3,3,evening,TIME
,3,6,the first day of the seventh month,DATE
,3,7,Zidon,EVENT
,3,7,Tyre,ORG
,3,7,Lebanon,GPE
,3,7,Joppa,GPE
,3,7,Cyrus,PERSON
,3,7,Persia,GPE
,3,8,the second year,DATE
,3,8,Jerusalem,GPE
,3,8,the second month,DATE
,3,8,Zerubbabel,PERSON
,3,8,Shealtiel,PERSON
,3,8,Jeshua,PERSON
,3,8,Jozadak,PERSON
,3,8,Levites,ORG
,3,8,Jerusalem,GPE
,3,8,Levites,ORG
,3,8,twenty years old,DATE
,3,9,Jeshua,PERSON
,3,9,Kadmiel,PERSON
,3,9,Judah,PERSON
,3,9,Henadad,GPE
,3,9,Levites,PRODUCT
,3,10,Levites,ORG
,3,10,Asaph,GPE
,3,10,David,PERSON
,3,10,Israel,GPE
,3,11,Israel,GPE
,3,12,Levites,ORG
,3,12,first,ORDINAL
,3,13,So,PERSON
,4,1,Judah,PERSON
,4,1,Benjamin,PERSON
,4,1,Israel,GPE
,4,2,Zerubbabel,PERSON
,4,2,the days,DATE
,4,2,Esarhaddon,PERSON
,4,2,Assur,ORG
,4,3,Zerubbabel,PERSON
,4,3,Jeshua,PERSON
,4,3,Israel,GPE
,4,3,Ye,PERSON
,4,3,Israel,GPE
,4,3,Cyrus,PERSON
,4,3,Persia,PERSON
,4,4,Judah,PERSON
,4,5,Cyrus,PERSON
,4,5,Persia,GPE
,4,5,Darius,PERSON
,4,5,Persia,GPE
,4,6,Ahasuerus,GPE
,4,6,Judah,GPE
,4,6,Jerusalem,GPE
,4,7,the days,DATE
,4,7,Artaxerxes,PERSON
,4,7,Bishlam,PERSON
,4,7,"Mithredath, Tabeel",ORG
,4,7,Artaxerxes,PERSON
,4,7,Persia,GPE
,4,7,Syrian,NORP
,4,7,Syrian,NORP
,4,8,Rehum,ORG
,4,8,Shimshai,PERSON
,4,8,Jerusalem,GPE
,4,8,Artaxerxes,PERSON
,4,9,Rehum,PERSON
,4,9,Shimshai,LOC
,4,9,Dinaites,FAC
,4,9,Apharsathchites,PERSON
,4,9,Tarpelites,FAC
,4,9,Apharsites,ORG
,4,9,Archevites,ORG
,4,9,Babylonians,NORP
,4,9,Susanchites,GPE
,4,9,Dehavites,LOC
,4,10,Asnapper,FAC
,4,10,Samaria,GPE
,4,10,on,PERSON
,4,11,Artaxerxes,PERSON
,4,11,on,PERSON
,4,12,Jews,NORP
,4,12,Jerusalem,GPE
,4,13,so,PERSON
,4,15,so,PERSON
,4,16,on,PERSON
,4,17,Rehum,PERSON
,4,17,Shimshai,LOC
,4,17,Samaria,GPE
,4,17,Peace,GPE
,4,20,Jerusalem,GPE
,4,23,Artaxerxes,PERSON
,4,23,Rehum,ORG
,4,23,Shimshai,LOC
,4,23,Jerusalem,GPE
,4,23,Jews,NORP
,4,24,Jerusalem,GPE
,4,24,So,PERSON
,4,24,the second year,DATE
,4,24,Darius,PERSON
,4,24,Persia,GPE
,5,1,Haggai the prophet,PERSON
,5,1,Zechariah,PERSON
,5,1,Iddo,ORG
,5,1,Jews,NORP
,5,1,Judah,GPE
,5,1,Jerusalem,GPE
,5,1,Israel,GPE
,5,2,Zerubbabel,PERSON
,5,2,Shealtiel,PERSON
,5,2,Jeshua,PERSON
,5,2,Jozadak,PERSON
,5,2,Jerusalem,GPE
,5,3,Tatnai,GPE
,5,3,on,PERSON
,5,3,Shetharboznai,ORG
,5,5,Jews,NORP
,5,5,Darius,PERSON
,5,6,Tatnai,GPE
,5,6,on,PERSON
,5,6,Shetharboznai,ORG
,5,6,Apharsachites,ORG
,5,6,on,PERSON
,5,6,Darius,PERSON
,5,7,Unto Darius,PERSON
,5,8,Judea,GPE
,5,8,on,PERSON
,5,11,these many years ago,DATE
,5,11,Israel,GPE
,5,12,Nebuchadnezzar,PERSON
,5,12,Babylon,GPE
,5,12,Chaldean,NORP
,5,12,Babylon,GPE
,5,13,the first year,DATE
,5,13,Cyrus,PERSON
,5,13,Babylon,PERSON
,5,13,Cyrus,PERSON
,5,14,Nebuchadnezzar,PERSON
,5,14,Jerusalem,GPE
,5,14,Babylon,GPE
,5,14,Cyrus,PRODUCT
,5,14,Babylon,GPE
,5,14,Sheshbazzar,PERSON
,5,15,Jerusalem,GPE
,5,16,Sheshbazzar,PERSON
,5,16,Jerusalem,GPE
,5,17,Babylon,GPE
,5,17,so,PERSON
,5,17,Cyrus,PERSON
,5,17,Jerusalem,GPE
,6,1,Darius,PERSON
,6,1,Babylon,GPE
,6,2,Achmetha,GPE
,6,2,Medes,NORP
,6,3,the first year,DATE
,6,3,Cyrus,PERSON
,6,3,Cyrus,PERSON
,6,3,Jerusalem,GPE
,6,3,threescore cubits,CARDINAL
,6,4,three,CARDINAL
,6,5,Nebuchadnezzar,PERSON
,6,5,Jerusalem,GPE
,6,5,Babylon,PERSON
,6,5,Jerusalem,GPE
,6,6,Tatnai,PERSON
,6,6,Shetharboznai,GPE
,6,6,Apharsachites,ORG
,6,7,Jews,NORP
,6,7,Jews,NORP
,6,8,Jews,NORP
,6,9,Jerusalem,GPE
,6,12,put,PERSON
,6,12,Jerusalem,GPE
,6,12,Darius,PERSON
,6,13,on,PERSON
,6,13,Shetharboznai,GPE
,6,13,Darius,PERSON
,6,13,so,PERSON
,6,14,Jews,NORP
,6,14,Haggai,PERSON
,6,14,Zechariah,PERSON
,6,14,Iddo,ORG
,6,14,Israel,GPE
,6,14,Cyrus,PERSON
,6,14,Darius,ORG
,6,14,Artaxerxes,PERSON
,6,14,Persia,GPE
,6,15,on,PERSON
,6,15,the third day of the month,DATE
,6,15,Adar,LAW
,6,15,the sixth year,DATE
,6,15,Darius,PERSON
,6,16,Israel,GPE
,6,16,Levites,ORG
,6,17,an hundred,CARDINAL
,6,17,two hundred,CARDINAL
,6,17,four hundred,CARDINAL
,6,17,Israel,GPE
,6,17,twelve,DATE
,6,17,Israel,GPE
,6,18,Levites,ORG
,6,18,Jerusalem,GPE
,6,18,Moses,PERSON
,6,19,the fourteenth day of the first month,DATE
,6,20,Levites,ORG
,6,21,Israel,GPE
,6,21,Israel,GPE
,6,22,seven days,DATE
,6,22,Assyria,GPE
,6,22,Israel,GPE
,7,1,Artaxerxes,PERSON
,7,1,Persia,GPE
,7,1,Ezra,PERSON
,7,1,Seraiah,ORG
,7,1,Azariah,ORG
,7,1,Hilkiah,WORK_OF_ART
,7,2,Shallum,PERSON
,7,2,Zadok,PERSON
,7,2,Ahitub,PERSON
,7,3,Amariah,ORG
,7,3,Azariah,ORG
,7,3,Meraioth,PERSON
,7,4,Zerahiah,ORG
,7,4,Uzzi,PERSON
,7,4,Bukki,FAC
,7,5,Abishua,PERSON
,7,5,Phinehas,PERSON
,7,5,Eleazar,PERSON
,7,5,Aaron,PERSON
,7,6,Ezra,PERSON
,7,6,Babylon,GPE
,7,6,Moses,PERSON
,7,6,Israel,GPE
,7,7,Israel,GPE
,7,7,Levites,ORG
,7,7,Nethinims,ORG
,7,7,Jerusalem,GPE
,7,7,the seventh year,DATE
,7,7,Artaxerxes,PERSON
,7,8,Jerusalem,GPE
,7,8,the fifth month,DATE
,7,8,the seventh year,DATE
,7,9,the first day of the first month,DATE
,7,9,Babylon,GPE
,7,9,on,PERSON
,7,9,the first day of the fifth month,DATE
,7,9,Jerusalem,GPE
,7,10,Ezra,PERSON
,7,10,Israel,GPE
,7,11,Artaxerxes,PERSON
,7,11,Ezra,PERSON
,7,11,Israel,GPE
,7,12,Artaxerxes,PERSON
,7,12,Ezra,PERSON
,7,13,Israel,GPE
,7,13,Levites,ORG
,7,13,Jerusalem,GPE
,7,14,Forasmuch,ORG
,7,14,seven,CARDINAL
,7,14,Judah,PERSON
,7,14,Jerusalem,GPE
,7,15,Israel,GPE
,7,15,Jerusalem,GPE
,7,16,Babylon,GPE
,7,16,Jerusalem,GPE
,7,17,Jerusalem,GPE
,7,19,Jerusalem,GPE
,7,21,Artaxerxes,PERSON
,7,21,Ezra,PERSON
,7,22,hundred,CARDINAL
,7,22,an hundred,CARDINAL
,7,22,hundred,CARDINAL
,7,22,an hundred,CARDINAL
,7,24,Levites,ORG
,7,24,Nethinims,ORG
,7,25,Ezra,PERSON
,7,26,death,PERSON
,7,27,put,PERSON
,7,27,Jerusalem,GPE
,7,28,Israel,GPE
,8,1,Babylon,GPE
,8,1,Artaxerxes,PERSON
,8,2,Phinehas,PERSON
,8,2,Gershom,PERSON
,8,2,Ithamar,ORG
,8,2,Daniel,PERSON
,8,2,David,PERSON
,8,2,Hattush,PERSON
,8,3,Shechaniah,ORG
,8,3,Pharosh,ORG
,8,3,Zechariah,PERSON
,8,3,an hundred and fifty,CARDINAL
,8,4,Pahathmoab,NORP
,8,4,Zerahiah,ORG
,8,4,two hundred,CARDINAL
,8,5,Shechaniah,ORG
,8,5,Jahaziel,PERSON
,8,5,three hundred,CARDINAL
,8,6,Adin; Ebed,PERSON
,8,6,Jonathan,PERSON
,8,6,fifty,CARDINAL
,8,7,Elam,ORG
,8,7,Jeshaiah,PERSON
,8,7,Athaliah,ORG
,8,7,seventy,CARDINAL
,8,8,Shephatiah,ORG
,8,8,Zebadiah,PERSON
,8,8,Michael,PERSON
,8,8,fourscore,CARDINAL
,8,9,Joab,PERSON
,8,9,Obadiah,PERSON
,8,9,Jehiel,PERSON
,8,9,two hundred and eighteen,CARDINAL
,8,10,Shelomith,ORG
,8,10,Josiphiah,ORG
,8,10,an hundred and threescore,CARDINAL
,8,11,Bebai,ORG
,8,11,Zechariah,PERSON
,8,11,Bebai,ORG
,8,11,twenty and eight,CARDINAL
,8,12,Azgad,PERSON
,8,12,Johanan,GPE
,8,12,Hakkatan,GPE
,8,12,an hundred and ten,CARDINAL
,8,13,Adonikam,PERSON
,8,13,"Eliphelet, Jeiel",ORG
,8,13,Shemaiah,ORG
,8,13,threescore,CARDINAL
,8,14,Bigvai,ORG
,8,14,Uthai,GPE
,8,14,Zabbud,PERSON
,8,14,seventy,CARDINAL
,8,15,Ahava,ORG
,8,15,three days,DATE
,8,15,Levi,PERSON
,8,16,Eliezer,PERSON
,8,16,Ariel,PERSON
,8,16,Shemaiah,GPE
,8,16,Elnathan,GPE
,8,16,Jarib,LOC
,8,16,Elnathan,GPE
,8,16,Nathan,ORG
,8,16,Zechariah,PERSON
,8,16,Meshullam,PERSON
,8,16,Joiarib,GPE
,8,16,Elnathan,GPE
,8,17,Iddo,PERSON
,8,17,Casiphia,LANGUAGE
,8,17,Iddo,ORG
,8,17,Nethinims,ORG
,8,17,Casiphia,LANGUAGE
,8,18,Mahli,PERSON
,8,18,Levi,PERSON
,8,18,Israel,GPE
,8,18,Sherebiah,ORG
,8,18,eighteen,CARDINAL
,8,19,Hashabiah,ORG
,8,19,Jeshaiah,PERSON
,8,19,Merari,ORG
,8,19,twenty,CARDINAL
,8,20,Nethinims,ORG
,8,20,David,PERSON
,8,20,Levites,ORG
,8,20,two hundred and twenty,CARDINAL
,8,21,Ahava,ORG
,8,23,So,PERSON
,8,24,twelve,CARDINAL
,8,24,Sherebiah,ORG
,8,24,Hashabiah,ORG
,8,24,ten,CARDINAL
,8,25,Israel,GPE
,8,26,six hundred and fifty,CARDINAL
,8,26,hundred,CARDINAL
,8,26,hundred,CARDINAL
,8,27,twenty,CARDINAL
,8,27,a thousand drams,QUANTITY
,8,27,two,CARDINAL
,8,28,Ye,PERSON
,8,29,Levites,ORG
,8,29,Israel,GPE
,8,29,Jerusalem,GPE
,8,30,So,PERSON
,8,30,Levites,ORG
,8,30,Jerusalem,GPE
,8,31,on,PERSON
,8,31,the twelfth day of the first month,DATE
,8,31,Jerusalem,GPE
,8,32,Jerusalem,GPE
,8,32,three days,DATE
,8,33,on,PERSON
,8,33,the fourth day,DATE
,8,33,Meremoth,GPE
,8,33,Uriah,PERSON
,8,33,Eleazar,PERSON
,8,33,Phinehas,ORG
,8,33,Jozabad,PERSON
,8,33,Jeshua,PERSON
,8,33,Noadiah,PERSON
,8,33,Binnui,GPE
,8,33,Levites,ORG
,8,35,Israel,GPE
,8,35,twelve,CARDINAL
,8,35,Israel,GPE
,8,35,ninety and six,CARDINAL
,8,35,seventy,CARDINAL
,8,35,seven,CARDINAL
,8,36,on,PERSON
,9,1,Israel,GPE
,9,1,Levites,ORG
,9,1,Canaanites,NORP
,9,1,Hittites,NORP
,9,1,Perizzites,FAC
,9,1,Jebusites,GPE
,9,1,Moabites,NORP
,9,1,Egyptians,NORP
,9,1,Amorites,LOC
,9,2,so,PERSON
,9,4,Israel,GPE
,9,4,the evening,TIME
,9,7,the days,DATE
,9,7,this day,DATE
,9,7,this day,DATE
,9,9,Persia,GPE
,9,9,Judah,GPE
,9,9,Jerusalem,GPE
,9,11,one,CARDINAL
,9,14,so,PERSON
,9,15,Israel,GPE
,9,15,this day,DATE
,10,1,Ezra,PERSON
,10,1,Israel,GPE
,10,2,Jehiel,PERSON
,10,2,Elam,ORG
,10,2,Ezra,PERSON
,10,2,Israel,GPE
,10,3,put,PERSON
,10,5,Ezra,PERSON
,10,5,Levites,ORG
,10,5,Israel,GPE
,10,6,Ezra,PERSON
,10,6,Johanan,GPE
,10,6,Eliashib,PERSON
,10,7,Judah,GPE
,10,7,Jerusalem,GPE
,10,7,Jerusalem,GPE
,10,8,three days,DATE
,10,9,Judah,PERSON
,10,9,Benjamin,PERSON
,10,9,Jerusalem,GPE
,10,9,three days,DATE
,10,9,the ninth month,DATE
,10,9,on,PERSON
,10,9,the twentieth day of the month,DATE
,10,10,Ezra,PERSON
,10,10,Ye,PERSON
,10,10,Israel,GPE
,10,12,so,PERSON
,10,13,one day,DATE
,10,13,two,CARDINAL
,10,15,Jonathan,PERSON
,10,15,Asahel and Jahaziah the son of,WORK_OF_ART
,10,15,Tikvah,GPE
,10,15,Meshullam,PERSON
,10,15,Shabbethai,PERSON
,10,15,Levite,ORG
,10,16,so,PERSON
,10,16,Ezra,PERSON
,10,16,the first day of the tenth month,DATE
,10,17,the first day of the first month,DATE
,10,18,Jeshua,PERSON
,10,18,Jozadak,PERSON
,10,18,Maaseiah,ORG
,10,18,Eliezer,PERSON
,10,18,Jarib,LOC
,10,18,Gedaliah,PERSON
,10,19,put,PERSON
,10,19,ram,PERSON
,10,20,Immer,PERSON
,10,20,Hanani,PERSON
,10,20,Zebadiah,ORG
,10,21,Harim,GPE
,10,21,Maaseiah,ORG
,10,21,Elijah,PERSON
,10,21,Shemaiah,ORG
,10,21,Jehiel,PERSON
,10,21,Uzziah,ORG
,10,22,Pashur,GPE
,10,22,"Elioenai, Maaseiah",ORG
,10,22,Ishmael,PERSON
,10,22,Nethaneel,PERSON
,10,22,Jozabad,GPE
,10,22,Elasah,PERSON
,10,23,Levites,ORG
,10,23,Jozabad,ORG
,10,23,Shimei,ORG
,10,23,Kelaiah,ORG
,10,23,Kelita,PERSON
,10,23,Pethahiah,PERSON
,10,23,Judah,PERSON
,10,23,Eliezer,PERSON
,10,24,Eliashib,PERSON
,10,24,Shallum,PRODUCT
,10,24,Telem,GPE
,10,24,Uri,PERSON
,10,25,Israel,GPE
,10,25,Parosh,ORG
,10,25,Ramiah,ORG
,10,25,Jeziah,ORG
,10,25,Malchiah,ORG
,10,25,Miamin,PERSON
,10,25,Eleazar,PERSON
,10,25,Malchijah,PERSON
,10,25,Benaiah,PERSON
,10,26,Elam,ORG
,10,26,"Mattaniah, Zechariah",ORG
,10,26,Jehiel,PERSON
,10,26,Abdi,PERSON
,10,26,Jeremoth,PERSON
,10,26,Eliah,ORG
,10,27,Zattu,GPE
,10,27,Elioenai,PERSON
,10,27,Eliashib,PERSON
,10,27,Mattaniah,ORG
,10,27,Jeremoth,PERSON
,10,27,Zabad,PERSON
,10,27,Aziza,PERSON
,10,28,Bebai,ORG
,10,28,"Jehohanan, Hananiah",ORG
,10,28,Zabbai,ORG
,10,28,Athlai,PERSON
,10,29,Bani,PERSON
,10,29,Meshullam,PERSON
,10,29,Malluch,ORG
,10,29,Adaiah,GPE
,10,29,Jashub,GPE
,10,29,Sheal,ORG
,10,29,Ramoth,PERSON
,10,30,Pahathmoab,NORP
,10,30,Adna,PERSON
,10,30,"Chelal, Benaiah, Maaseiah,",ORG
,10,30,"Mattaniah, Bezaleel",ORG
,10,30,Binnui,GPE
,10,30,Manasseh,PRODUCT
,10,31,Harim,ORG
,10,31,Eliezer,PERSON
,10,31,Ishijah,PERSON
,10,31,Shemaiah,PERSON
,10,31,Shimeon,ORG
,10,32,Benjamin,PERSON
,10,32,Malluch,ORG
,10,32,Shemariah,ORG
,10,33,Hashum,PERSON
,10,33,Mattenai,GPE
,10,33,Mattathah,GPE
,10,33,Zabad,GPE
,10,33,Eliphelet,PERSON
,10,33,Jeremai,PERSON
,10,33,Manasseh,GPE
,10,33,Shimei,ORG
,10,34,Bani,PERSON
,10,34,Maadai,ORG
,10,34,Amram,ORG
,10,34,Uel,GPE
,10,35,Benaiah,PERSON
,10,35,Bedeiah,GPE
,10,35,Chelluh,GPE
,10,36,Vaniah,ORG
,10,36,Meremoth,GPE
,10,36,Eliashib,ORG
,10,37,Mattaniah,PERSON
,10,37,Mattenai,GPE
,10,37,Jaasau,ORG
,10,38,Bani,PERSON
,10,38,Binnui,GPE
,10,38,Shimei,GPE
,10,39,Shelemiah,PERSON
,10,39,Nathan,ORG
,10,39,Adaiah,ORG
,10,40,Machnadebai,GPE
,10,40,Shashai,GPE
,10,40,Sharai,GPE
,10,41,Azareel,ORG
,10,41,Shelemiah,GPE
,10,41,Shemariah,ORG
,10,42,Shallum,PERSON
,10,42,Amariah,ORG
,10,42,Joseph,PERSON
,10,43,Nebo,ORG
,10,43,"Jeiel, Mattithiah",ORG
,10,43,Zabad,GPE
,10,43,Zebina,GPE
,10,43,Jadau,GPE
,10,43,"Joel, Benaiah",ORG
,1,1,Nehemiah,PERSON
,1,1,Hachaliah,PERSON
,1,1,Chisleu,PERSON
,1,1,the twentieth year,DATE
,1,1,Shushan,GPE
,1,2,Hanani,GPE
,1,2,Judah,PERSON
,1,2,Jews,NORP
,1,2,Jerusalem,GPE
,1,3,Jerusalem,GPE
,1,6,Israel,GPE
,1,6,Israel,GPE
,1,7,Moses,PERSON
,1,8,Moses,PERSON
,1,11,this day,DATE
,2,1,the month,DATE
,2,1,Nisan,ORG
,2,1,the twentieth year,DATE
,2,1,Artaxerxes,PERSON
,2,4,So,PERSON
,2,5,Judah,PERSON
,2,6,So,PERSON
,2,7,Judah,GPE
,2,8,Asaph,PERSON
,2,10,Sanballat,PERSON
,2,10,Horonite,NORP
,2,10,Tobiah,ORG
,2,10,Ammonite,ORG
,2,10,Israel,GPE
,2,11,So,PERSON
,2,11,Jerusalem,GPE
,2,11,three days,DATE
,2,12,the night,TIME
,2,12,put,PERSON
,2,12,Jerusalem,GPE
,2,13,night,TIME
,2,13,Jerusalem,GPE
,2,14,on,PERSON
,2,15,so,PERSON
,2,16,Jews,NORP
,2,17,Ye,PERSON
,2,17,Jerusalem,GPE
,2,17,Jerusalem,GPE
,2,18,So,PERSON
,2,19,Sanballat,PERSON
,2,19,Horonite,NORP
,2,19,Tobiah,ORG
,2,19,Ammonite,ORG
,2,19,Geshem the Arabian,ORG
,2,20,Jerusalem,GPE
,3,1,Eliashib,ORG
,3,1,Meah,PERSON
,3,1,Hananeel,GPE
,3,2,Jericho,GPE
,3,2,Zaccur,LOC
,3,2,Imri,ORG
,3,3,Hassenaah,ORG
,3,4,Meremoth,GPE
,3,4,Urijah,PERSON
,3,4,Koz,PERSON
,3,4,Meshullam,PERSON
,3,4,Berechiah,ORG
,3,4,Meshezabeel,FAC
,3,4,Zadok,PRODUCT
,3,4,Baana,GPE
,3,5,Tekoites,ORG
,3,5,put,PERSON
,3,6,Jehoiada,ORG
,3,6,Paseah,ORG
,3,6,Meshullam,PERSON
,3,6,Besodeiah,ORG
,3,7,Melatiah the Gibeonite,ORG
,3,7,Jadon the Meronothite,PERSON
,3,7,Gibeon,PERSON
,3,7,Mizpah,PERSON
,3,7,on,PERSON
,3,8,Uzziel,ORG
,3,8,Harhaiah,ORG
,3,8,Hananiah,ORG
,3,8,one,CARDINAL
,3,8,Jerusalem,GPE
,3,9,Rephaiah,PERSON
,3,9,Hur,PERSON
,3,9,half,CARDINAL
,3,9,Jerusalem,GPE
,3,10,Jedaiah,PERSON
,3,10,Harumaph,ORG
,3,10,Hattush,PERSON
,3,10,Hashabniah,WORK_OF_ART
,3,11,Malchijah,PERSON
,3,11,Harim,ORG
,3,11,Hashub,PERSON
,3,11,Pahathmoab,WORK_OF_ART
,3,12,Shallum,PERSON
,3,12,Halohesh,ORG
,3,12,half,CARDINAL
,3,12,Jerusalem,GPE
,3,13,Hanun,GPE
,3,13,Zanoah,PERSON
,3,13,a thousand cubits,CARDINAL
,3,13,on,PERSON
,3,14,Rechab,PERSON
,3,14,Bethhaccerem,PERSON
,3,15,Shallun,GPE
,3,15,Colhozeh,PERSON
,3,15,Mizpah,PERSON
,3,15,Siloah,PERSON
,3,15,David,PERSON
,3,16,Nehemiah,PERSON
,3,16,Azbuk,PERSON
,3,16,half,CARDINAL
,3,16,Bethzur,PRODUCT
,3,16,David,PERSON
,3,17,Levites,ORG
,3,17,Rehum,ORG
,3,17,Bani,PERSON
,3,17,Hashabiah,ORG
,3,17,half,CARDINAL
,3,17,Keilah,GPE
,3,18,Henadad,GPE
,3,18,half,CARDINAL
,3,18,Keilah,GPE
,3,19,Ezer,PERSON
,3,19,Jeshua,PERSON
,3,19,Mizpah,PERSON
,3,20,Baruch,PERSON
,3,20,Zabbai,ORG
,3,20,Eliashib,ORG
,3,21,Meremoth,GPE
,3,21,Urijah,PERSON
,3,21,Koz,PERSON
,3,21,Eliashib,ORG
,3,21,Eliashib,ORG
,3,23,Benjamin,PERSON
,3,23,Hashub,PERSON
,3,23,Azariah,ORG
,3,23,Maaseiah,ORG
,3,23,Ananiah,PERSON
,3,24,Binnui,GPE
,3,24,Henadad,PERSON
,3,24,Azariah,ORG
,3,25,Palal,PERSON
,3,25,Uzai,PERSON
,3,25,Pedaiah,PERSON
,3,25,Parosh,ORG
,3,26,Nethinims,ORG
,3,26,Ophel,GPE
,3,27,Tekoites,PRODUCT
,3,27,Ophel,GPE
,3,29,Zadok,PRODUCT
,3,29,Immer,PERSON
,3,29,Shemaiah,LOC
,3,29,Shechaniah,ORG
,3,29,the east gate,LOC
,3,30,Hananiah,ORG
,3,30,Shelemiah,GPE
,3,30,Hanun,PERSON
,3,30,sixth,ORDINAL
,3,30,Zalaph,PERSON
,3,30,Meshullam,PERSON
,3,30,Berechiah,ORG
,3,31,Nethinims,ORG
,4,1,Sanballat,ORG
,4,1,Jews,NORP
,4,2,Samaria,GPE
,4,2,Jews,NORP
,4,3,Tobiah,PERSON
,4,6,So,PERSON
,4,6,half,CARDINAL
,4,7,Sanballat,ORG
,4,7,Tobiah,ORG
,4,7,Arabians,NORP
,4,7,Ashdodites,ORG
,4,7,Jerusalem,GPE
,4,8,Jerusalem,GPE
,4,10,Judah,PERSON
,4,10,so,PERSON
,4,12,Jews,NORP
,4,12,ten,CARDINAL
,4,13,on,PERSON
,4,16,half,CARDINAL
,4,16,half,CARDINAL
,4,16,Judah,PERSON
,4,17,on,PERSON
,4,17,one,CARDINAL
,4,18,so,PERSON
,4,19,one,CARDINAL
,4,21,So,PERSON
,4,21,half,CARDINAL
,4,22,Jerusalem,GPE
,4,22,on,PERSON
,4,22,the day,DATE
,4,23,So,PERSON
,4,23,put,PERSON
,4,23,put,PERSON
,5,1,Jews,NORP
,5,7,Ye,PERSON
,5,8,Jews,NORP
,5,11,this day,DATE
,5,11,hundredth,CARDINAL
,5,12,so,PERSON
,5,13,So,PERSON
,5,14,Judah,GPE
,5,14,the twentieth year,DATE
,5,14,Artaxerxes,PERSON
,5,14,twelve years,DATE
,5,15,forty shekels,MONEY
,5,15,so,PERSON
,5,17,an hundred and fifty,CARDINAL
,5,17,Jews,NORP
,5,18,daily,DATE
,5,18,one,CARDINAL
,5,18,six,CARDINAL
,5,18,ten days,DATE
,6,1,Sanballat,ORG
,6,1,Tobiah,ORG
,6,1,Geshem the Arabian,ORG
,6,2,Sanballat,ORG
,6,2,Geshem,ORG
,6,2,some one,CARDINAL
,6,2,Ono,PERSON
,6,3,so,PERSON
,6,4,four,CARDINAL
,6,5,Sanballat,ORG
,6,5,fifth,ORDINAL
,6,6,Gashmu,ORG
,6,6,Jews,NORP
,6,7,Jerusalem,GPE
,6,7,Judah,PERSON
,6,10,Shemaiah,GPE
,6,10,Delaiah,PERSON
,6,10,Mehetabeel,ORG
,6,12,Tobiah and Sanballat,ORG
,6,13,so,PERSON
,6,14,Tobiah and Sanballat,ORG
,6,14,on,PERSON
,6,14,Noadiah,PERSON
,6,14,put,PERSON
,6,15,So,PERSON
,6,15,the twenty and fifth day of the month,DATE
,6,15,fifty and two days,DATE
,6,17,those days,DATE
,6,17,Judah,PERSON
,6,17,Tobiah,ORG
,6,17,Tobiah,ORG
,6,18,Judah,PERSON
,6,18,Shechaniah,ORG
,6,18,Arah,PERSON
,6,18,Johanan,PERSON
,6,18,daughter,PERSON
,6,18,Meshullam,PERSON
,6,18,Berechiah,ORG
,6,19,Tobiah,ORG
,6,19,put,PERSON
,7,1,Levites,ORG
,7,2,Hanani,PERSON
,7,2,Hananiah,PERSON
,7,2,Jerusalem,GPE
,7,3,Jerusalem,GPE
,7,3,Jerusalem,GPE
,7,5,put,PERSON
,7,5,first,ORDINAL
,7,6,Nebuchadnezzar,PERSON
,7,6,Babylon,PERSON
,7,6,Jerusalem,GPE
,7,6,Judah,PERSON
,7,7,Zerubbabel,PERSON
,7,7,Jeshua,PERSON
,7,7,Nehemiah,GPE
,7,7,Azariah,ORG
,7,7,Raamiah,ORG
,7,7,Nahamani,GPE
,7,7,Mordecai,PERSON
,7,7,Bilshan,GPE
,7,7,"Mispereth, Bigvai",ORG
,7,7,Nehum,GPE
,7,7,Baanah,PERSON
,7,7,Israel,GPE
,7,8,Parosh,ORG
,7,8,two thousand an hundred seventy and two,DATE
,7,9,Shephatiah,ORG
,7,9,three hundred seventy and two,CARDINAL
,7,10,Arah,PERSON
,7,10,six hundred fifty and two,CARDINAL
,7,11,Pahathmoab,GPE
,7,11,Jeshua,PERSON
,7,11,Joab,PERSON
,7,11,two thousand and eight hundred and eighteen,DATE
,7,12,Elam,ORG
,7,12,a thousand two hundred fifty and four,CARDINAL
,7,13,Zattu,GPE
,7,13,eight hundred forty and,DATE
,7,13,five,CARDINAL
,7,14,Zaccai,GPE
,7,14,seven hundred and threescore,CARDINAL
,7,15,Binnui,GPE
,7,15,six hundred forty and eight,DATE
,7,16,Bebai,ORG
,7,16,six hundred twenty and eight,CARDINAL
,7,17,Azgad,PERSON
,7,17,two thousand three hundred twenty and two,DATE
,7,18,Adonikam,ORG
,7,18,six hundred threescore and seven,CARDINAL
,7,19,Bigvai,ORG
,7,19,two thousand threescore and seven,DATE
,7,20,Adin,ORG
,7,20,six hundred fifty and five,CARDINAL
,7,21,Ater,PERSON
,7,21,Hezekiah,PERSON
,7,22,Hashum,ORG
,7,22,three hundred twenty and eight,CARDINAL
,7,23,Bezai,ORG
,7,23,three hundred twenty and four,CARDINAL
,7,24,Hariph,GPE
,7,24,an hundred and twelve,CARDINAL
,7,25,Gibeon,GPE
,7,25,ninety and five,CARDINAL
,7,26,Bethlehem,GPE
,7,26,Netophah,GPE
,7,26,an hundred fourscore and eight,CARDINAL
,7,27,Anathoth,ORG
,7,27,an hundred twenty and eight,CARDINAL
,7,28,Bethazmaveth,GPE
,7,28,forty,DATE
,7,28,two,CARDINAL
,7,29,Kirjathjearim,GPE
,7,29,Chephirah,ORG
,7,29,Beeroth,GPE
,7,29,seven hundred forty and three,DATE
,7,30,Ramah,GPE
,7,30,Gaba,ORG
,7,30,six hundred twenty and one,CARDINAL
,7,31,Michmas,PERSON
,7,31,an hundred and twenty and two,CARDINAL
,7,32,Bethel,GPE
,7,32,Ai,ORG
,7,32,an hundred twenty and three,CARDINAL
,7,33,Nebo,ORG
,7,33,fifty and two,CARDINAL
,7,34,Elam,ORG
,7,34,a thousand two hundred fifty and four,CARDINAL
,7,35,Harim,ORG
,7,35,three hundred and twenty,CARDINAL
,7,36,Jericho,GPE
,7,36,three hundred forty and five,DATE
,7,37,Lod,GPE
,7,37,Hadid,GPE
,7,37,Ono,PERSON
,7,37,seven hundred twenty and one,CARDINAL
,7,38,Senaah,ORG
,7,38,three thousand nine hundred and thirty,DATE
,7,39,Jedaiah,ORG
,7,39,Jeshua,GPE
,7,39,nine hundred seventy and three,DATE
,7,40,Immer,ORG
,7,40,a thousand fifty and two,CARDINAL
,7,41,Pashur,GPE
,7,41,a thousand two hundred forty and,DATE
,7,41,seven,CARDINAL
,7,42,Harim,GPE
,7,42,a thousand and seventeen,CARDINAL
,7,43,Levites,ORG
,7,43,Jeshua,GPE
,7,43,Kadmiel,GPE
,7,43,Hodevah,GPE
,7,43,seventy and four,CARDINAL
,7,44,Asaph,GPE
,7,44,an hundred forty and eight,CARDINAL
,7,45,Shallum,NORP
,7,45,Ater,PERSON
,7,45,Talmon,GPE
,7,45,Akkub,GPE
,7,45,Hatita,ORG
,7,45,Shobai,ORG
,7,45,an hundred thirty and eight,CARDINAL
,7,46,Nethinims,ORG
,7,46,Ziha,PERSON
,7,46,Hashupha,FAC
,7,46,Tabbaoth,GPE
,7,47,Keros,GPE
,7,47,Sia,GPE
,7,47,Padon,GPE
,7,48,Lebana,GPE
,7,48,Hagaba,GPE
,7,48,Shalmai,GPE
,7,49,Hanan,PERSON
,7,49,Giddel,PERSON
,7,49,Gahar,ORG
,7,50,Reaiah,ORG
,7,50,Rezin,GPE
,7,50,Nekoda,GPE
,7,51,Gazzam,PERSON
,7,51,Uzza,ORG
,7,51,Phaseah,GPE
,7,52,Besai,PERSON
,7,52,Meunim,GPE
,7,52,Nephishesim,GPE
,7,53,Bakbuk,GPE
,7,53,Hakupha,ORG
,7,53,Harhur,GPE
,7,54,Bazlith,PERSON
,7,54,Mehida,GPE
,7,54,Harsha,PERSON
,7,55,Barkos,ORG
,7,55,Sisera,GPE
,7,55,Tamah,ORG
,7,56,Neziah,ORG
,7,56,Hatipha,PERSON
,7,57,Solomon,PERSON
,7,57,Sotai,PERSON
,7,57,Sophereth,GPE
,7,57,Perida,LANGUAGE
,7,58,Jaala,GPE
,7,58,Darkon,PRODUCT
,7,58,Giddel,PERSON
,7,59,Shephatiah,ORG
,7,59,Hattil,GPE
,7,59,Pochereth,NORP
,7,59,Amon,PERSON
,7,60,Nethinims,ORG
,7,60,Solomon,PERSON
,7,60,three hundred ninety and two,CARDINAL
,7,61,Telmelah,GPE
,7,61,Telharesha,GPE
,7,61,Cherub,GPE
,7,61,Immer,PERSON
,7,61,Israel,GPE
,7,62,Delaiah,ORG
,7,62,Tobiah,ORG
,7,62,Nekoda,GPE
,7,62,six hundred forty and two,DATE
,7,63,Habaiah,GPE
,7,63,Koz,PERSON
,7,63,Barzillai,GPE
,7,63,one,CARDINAL
,7,63,Barzillai,PERSON
,7,63,Gileadite,ORG
,7,64,put,PERSON
,7,65,Tirshatha,ORG
,7,65,Urim,ORG
,7,65,Thummim,ORG
,7,66,forty and two thousand three hundred and threescore,DATE
,7,67,seven thousand three hundred thirty,DATE
,7,67,seven,CARDINAL
,7,67,two hundred forty,CARDINAL
,7,67,five,CARDINAL
,7,68,seven hundred thirty and six,CARDINAL
,7,68,two hundred forty,DATE
,7,68,five,CARDINAL
,7,69,four hundred thirty and five,CARDINAL
,7,69,six thousand seven hundred and twenty,DATE
,7,70,Tirshatha,PERSON
,7,70,a thousand drams,QUANTITY
,7,70,fifty,CARDINAL
,7,70,five hundred and thirty,CARDINAL
,7,71,twenty thousand drams,QUANTITY
,7,71,two thousand and two hundred pound,CARDINAL
,7,72,twenty thousand drams,QUANTITY
,7,72,two thousand pound,QUANTITY
,7,72,threescore and seven,CARDINAL
,7,73,So,PERSON
,7,73,Levites,ORG
,7,73,Nethinims,ORG
,7,73,Israel,GPE
,7,73,the seventh month,DATE
,7,73,Israel,GPE
,8,1,one,CARDINAL
,8,1,Ezra,PERSON
,8,1,Moses,PERSON
,8,1,Israel,GPE
,8,2,Ezra,PERSON
,8,2,the first day of the seventh month,DATE
,8,3,the morning,TIME
,8,3,midday,TIME
,8,4,Ezra,PERSON
,8,4,Mattithiah,PERSON
,8,4,Shema,PERSON
,8,4,Anaiah,PERSON
,8,4,Urijah,PERSON
,8,4,Hilkiah,ORG
,8,4,Maaseiah,ORG
,8,4,on,PERSON
,8,4,on,PERSON
,8,4,Pedaiah,PERSON
,8,4,Mishael,PERSON
,8,4,Malchiah,ORG
,8,4,Hashum,ORG
,8,4,Hashbadana,PERSON
,8,4,Zechariah,PERSON
,8,4,Meshullam,PERSON
,8,5,Ezra,PERSON
,8,6,Ezra,PERSON
,8,7,Jeshua,PERSON
,8,7,Bani,PERSON
,8,7,Sherebiah,GPE
,8,7,Jamin,PERSON
,8,7,Akkub,GPE
,8,7,"Shabbethai, Hodijah",GPE
,8,7,Maaseiah,PERSON
,8,7,Kelita,ORG
,8,7,Azariah,ORG
,8,7,Jozabad,GPE
,8,7,Hanan,PERSON
,8,7,Pelaiah,LOC
,8,7,Levites,ORG
,8,8,So,PERSON
,8,9,Nehemiah,PERSON
,8,9,Tirshatha,ORG
,8,9,Ezra,PERSON
,8,9,Levites,ORG
,8,9,This day,DATE
,8,10,this day,DATE
,8,11,So,PERSON
,8,11,Levites,ORG
,8,11,the day,DATE
,8,13,on,PERSON
,8,13,the second day,DATE
,8,13,Levites,ORG
,8,13,Ezra,PERSON
,8,14,Moses,PERSON
,8,14,Israel,GPE
,8,14,the seventh month,DATE
,8,15,Jerusalem,GPE
,8,15,myrtle branches,ORG
,8,16,So,PERSON
,8,16,Ephraim,GPE
,8,17,the days,DATE
,8,17,Jeshua,PERSON
,8,17,Nun,PERSON
,8,17,Israel,GPE
,8,17,so,PERSON
,8,18,the first day,DATE
,8,18,the last day,DATE
,8,18,seven days,DATE
,8,18,on,PERSON
,8,18,the eighth day,DATE
,9,1,the twenty and fourth day of this month,DATE
,9,1,Israel,GPE
,9,2,Israel,GPE
,9,3,one,CARDINAL
,9,3,fourth,ORDINAL
,9,3,the day,DATE
,9,3,fourth,ORDINAL
,9,4,Levites,ORG
,9,4,Jeshua,PERSON
,9,4,Bani,PERSON
,9,4,Kadmiel,GPE
,9,4,Shebaniah,PERSON
,9,4,"Bunni, Sherebiah",ORG
,9,4,Bani,PERSON
,9,4,Chenani,PRODUCT
,9,5,Levites,ORG
,9,5,Jeshua,PERSON
,9,5,Kadmiel,GPE
,9,5,Bani,PERSON
,9,5,"Hashabniah, Sherebiah, Hodijah, Shebaniah",WORK_OF_ART
,9,5,Pethahiah,ORG
,9,7,Abram,PERSON
,9,7,Chaldees,ORG
,9,7,Abraham,PERSON
,9,8,Canaanites,NORP
,9,8,Hittites,NORP
,9,8,Amorites,ORG
,9,8,Perizzites,FAC
,9,8,Jebusites,LOC
,9,8,Girgashites,EVENT
,9,9,Egypt,GPE
,9,10,Pharaoh,PERSON
,9,10,on,PERSON
,9,10,on,PERSON
,9,10,So,PERSON
,9,10,this day,DATE
,9,11,so,PERSON
,9,11,on,PERSON
,9,12,the day,DATE
,9,12,the night,TIME
,9,13,mount Sinai,GPE
,9,14,Moses,PERSON
,9,18,Egypt,GPE
,9,19,night,TIME
,9,21,forty years,DATE
,9,21,so,PERSON
,9,22,so,PERSON
,9,22,Sihon,ORG
,9,22,Heshbon,PERSON
,9,22,Og,PERSON
,9,22,Bashan,PERSON
,9,24,So,PERSON
,9,24,Canaanites,ORG
,9,25,so,PERSON
,9,28,so,PERSON
,9,32,on,PERSON
,9,32,on,PERSON
,9,32,on,PERSON
,9,32,on,PERSON
,9,32,on,PERSON
,9,32,on,PERSON
,9,32,Assyria,GPE
,9,32,this day,DATE
,9,36,this day,DATE
,9,38,Levites,ORG
,10,1,Nehemiah,PERSON
,10,1,Tirshatha,ORG
,10,1,Hachaliah,PERSON
,10,1,Zidkijah,PERSON
,10,2,"Seraiah, Azariah",ORG
,10,2,Jeremiah,PERSON
,10,3,Pashur,GPE
,10,3,Amariah,ORG
,10,3,Malchijah,PERSON
,10,4,Hattush,PERSON
,10,4,Shebaniah,GPE
,10,4,Malluch,ORG
,10,5,Harim,GPE
,10,5,Meremoth,GPE
,10,5,Obadiah,PERSON
,10,6,Daniel,PERSON
,10,6,Ginnethon,PERSON
,10,6,Baruch,PERSON
,10,7,Meshullam,PERSON
,10,7,Abijah,PERSON
,10,7,Mijamin,PERSON
,10,8,Maaziah,ORG
,10,8,Bilgai,PERSON
,10,8,Shemaiah,PERSON
,10,9,Levites,ORG
,10,9,Jeshua,PERSON
,10,9,"Azaniah, Binnui",ORG
,10,9,Henadad,GPE
,10,9,Kadmiel,GPE
,10,10,Shebaniah,GPE
,10,10,Hodijah,GPE
,10,10,Kelita,PERSON
,10,10,Pelaiah,LOC
,10,10,Hanan,PERSON
,10,11,Micha,PERSON
,10,11,Rehob,PERSON
,10,11,Hashabiah,ORG
,10,12,Zaccur,GPE
,10,12,Sherebiah,GPE
,10,12,Shebaniah,PERSON
,10,13,Hodijah,GPE
,10,13,Bani,PERSON
,10,13,Beninu,ORG
,10,14,Parosh,ORG
,10,14,"Pahathmoab, Elam",ORG
,10,14,Zatthu,GPE
,10,14,Bani,PERSON
,10,15,Bunni,ORG
,10,15,Azgad,PERSON
,10,15,Bebai,ORG
,10,16,"Adonijah, Bigvai, Adin",ORG
,10,17,Ater,PERSON
,10,17,Azzur,ORG
,10,18,Hashum,PERSON
,10,18,Bezai,ORG
,10,19,Hariph,PERSON
,10,19,Anathoth,PERSON
,10,19,Nebai,ORG
,10,20,Magpiash,PERSON
,10,20,Meshullam,PERSON
,10,20,Hezir,PERSON
,10,21,Meshezabeel,FAC
,10,21,Zadok,GPE
,10,21,Jaddua,PERSON
,10,22,Pelatiah,ORG
,10,22,Hanan,PERSON
,10,22,Anaiah,PERSON
,10,23,"Hoshea, Hananiah",ORG
,10,23,Hashub,PERSON
,10,24,Hallohesh,GPE
,10,24,"Pileha, Shobek",ORG
,10,25,Rehum,ORG
,10,25,"Hashabnah, Maaseiah",PERSON
,10,26,Ahijah,PERSON
,10,26,Hanan,PERSON
,10,26,Anan,PERSON
,10,27,Malluch,ORG
,10,27,Harim,GPE
,10,27,Baanah,GPE
,10,28,Levites,ORG
,10,28,Nethinims,ORG
,10,29,Moses,PERSON
,10,31,on,PERSON
,10,31,the sabbath day,DATE
,10,31,on,PERSON
,10,31,on,PERSON
,10,31,the seventh year,DATE
,10,32,third,ORDINAL
,10,33,Israel,GPE
,10,34,Levites,ORG
,10,34,year,DATE
,10,34,year,DATE
,10,35,year,DATE
,10,37,Levites,ORG
,10,37,Levites,ORG
,10,38,Aaron,PERSON
,10,38,Levites,ORG
,10,38,Levites,ORG
,10,38,Levites,ORG
,10,39,Israel,GPE
,10,39,Levi,PERSON
,11,1,Jerusalem,GPE
,11,1,one,CARDINAL
,11,1,ten,CARDINAL
,11,1,Jerusalem,GPE
,11,1,nine,CARDINAL
,11,2,Jerusalem,GPE
,11,3,Jerusalem,GPE
,11,3,Judah,PERSON
,11,3,Israel,GPE
,11,3,Levites,ORG
,11,3,Nethinims,ORG
,11,3,Solomon,PERSON
,11,4,Jerusalem,GPE
,11,4,Judah,PERSON
,11,4,Benjamin,PERSON
,11,4,Judah,GPE
,11,4,Athaiah,PERSON
,11,4,Uzziah,ORG
,11,4,Zechariah,PERSON
,11,4,Amariah,ORG
,11,4,Shephatiah,ORG
,11,4,Mahalaleel,PERSON
,11,4,Perez,PERSON
,11,5,Maaseiah,PERSON
,11,5,Baruch,PERSON
,11,5,Colhozeh,PERSON
,11,5,Hazaiah,ORG
,11,5,Adaiah,ORG
,11,5,Joiarib,GPE
,11,5,Zechariah,PERSON
,11,5,Shiloni,PERSON
,11,6,Perez,PERSON
,11,6,Jerusalem,GPE
,11,6,four hundred threescore and eight,CARDINAL
,11,7,Benjamin,PERSON
,11,7,Sallu,PERSON
,11,7,Meshullam,PERSON
,11,7,Joed,GPE
,11,7,Pedaiah,WORK_OF_ART
,11,7,Kolaiah,PERSON
,11,7,Maaseiah,ORG
,11,7,Ithiel,PERSON
,11,7,Jesaiah,ORG
,11,8,Gabbai,PERSON
,11,8,Sallai,PERSON
,11,8,nine hundred twenty and eight,CARDINAL
,11,9,Joel,PERSON
,11,9,Zichri,PERSON
,11,9,Judah,PERSON
,11,9,Senuah,PERSON
,11,9,second,ORDINAL
,11,10,Jedaiah,PERSON
,11,10,"Joiarib, Jachin",GPE
,11,11,Seraiah,PERSON
,11,11,Hilkiah,ORG
,11,11,Meshullam,PERSON
,11,11,Zadok,PERSON
,11,11,Meraioth,PERSON
,11,11,Ahitub,PERSON
,11,12,eight hundred twenty and two,CARDINAL
,11,12,Adaiah,ORG
,11,12,Jeroham,PERSON
,11,12,Pelaliah,ORG
,11,12,Amzi,ORG
,11,12,Zechariah,PERSON
,11,12,Pashur,GPE
,11,12,Malchiah,ORG
,11,13,two hundred forty and two,CARDINAL
,11,13,Amashai,PERSON
,11,13,Azareel,PERSON
,11,13,Ahasai,PERSON
,11,13,Meshillemoth,PERSON
,11,13,Immer,PERSON
,11,14,an hundred twenty and eight,CARDINAL
,11,14,Zabdiel,PERSON
,11,14,one,CARDINAL
,11,15,Levites,PRODUCT
,11,15,Shemaiah,PERSON
,11,15,Hashub,PERSON
,11,15,Azrikam,GPE
,11,15,Hashabiah,ORG
,11,15,Bunni,ORG
,11,16,Shabbethai,PERSON
,11,16,Jozabad,GPE
,11,16,Levites,ORG
,11,17,Mattaniah,PERSON
,11,17,Micha,PERSON
,11,17,Zabdi,PERSON
,11,17,Asaph,GPE
,11,17,thanksgiving,DATE
,11,17,Bakbukiah,ORG
,11,17,second,ORDINAL
,11,17,Abda,PERSON
,11,17,Shammua,ORG
,11,17,Galal,PERSON
,11,17,Jeduthun,GPE
,11,18,Levites,ORG
,11,18,two hundred fourscore and four,CARDINAL
,11,19,Akkub,GPE
,11,19,Talmon,GPE
,11,19,an hundred seventy and two,CARDINAL
,11,20,Israel,GPE
,11,20,Levites,ORG
,11,20,Judah,GPE
,11,21,Nethinims,ORG
,11,21,Ophel,GPE
,11,21,Ziha,PERSON
,11,21,Gispa,PERSON
,11,21,Nethinims,ORG
,11,22,Levites,ORG
,11,22,Jerusalem,GPE
,11,22,Uzzi,PERSON
,11,22,Bani,PERSON
,11,22,Hashabiah,ORG
,11,22,Mattaniah,ORG
,11,22,Micha,PERSON
,11,22,Asaph,GPE
,11,23,every day,DATE
,11,24,Pethahiah,PERSON
,11,24,Meshezabeel,FAC
,11,24,Zerah,GPE
,11,24,Judah,PERSON
,11,25,Judah,PERSON
,11,25,Kirjatharba,GPE
,11,25,Dibon,ORG
,11,25,Jekabzeel,ORG
,11,26,Jeshua,PERSON
,11,26,Bethphelet,ORG
,11,27,Beersheba,PERSON
,11,28,Ziklag,ORG
,11,28,Mekonah,PERSON
,11,29,Enrimmon,PERSON
,11,29,Zareah,GPE
,11,29,Jarmuth,ORG
,11,30,Zanoah,PERSON
,11,30,Adullam,PERSON
,11,30,Lachish,EVENT
,11,30,Azekah,ORG
,11,30,Beersheba,PERSON
,11,30,Hinnom,ORG
,11,31,Benjamin,PERSON
,11,31,Geba,PERSON
,11,31,Michmash,PERSON
,11,31,Aija,PRODUCT
,11,31,Bethel,GPE
,11,32,"Anathoth, Nob, Ananiah",ORG
,11,33,Hazor,ORG
,11,33,Ramah,GPE
,11,33,Gittaim,GPE
,11,34,Hadid,GPE
,11,34,Zeboim,GPE
,11,34,Neballat,GPE
,11,35,Ono,PERSON
,11,36,Levites,ORG
,11,36,Judah,GPE
,11,36,Benjamin,PERSON
,12,1,Levites,ORG
,12,1,Zerubbabel,PERSON
,12,1,Shealtiel,PERSON
,12,1,Jeshua: Seraiah,PERSON
,12,1,Jeremiah,PERSON
,12,1,Ezra,PERSON
,12,2,Amariah,ORG
,12,2,Malluch,ORG
,12,2,Hattush,PERSON
,12,3,Rehum,GPE
,12,3,Meremoth,GPE
,12,4,Iddo,ORG
,12,4,Ginnetho,PERSON
,12,4,Abijah,PERSON
,12,5,Miamin,PERSON
,12,5,Maadiah,ORG
,12,5,Bilgah,ORG
,12,6,Shemaiah,ORG
,12,6,"Joiarib, Jedaiah",ORG
,12,7,Sallu,PERSON
,12,7,Amok,PERSON
,12,7,Hilkiah,PERSON
,12,7,Jedaiah,PERSON
,12,7,the days,DATE
,12,7,Jeshua,PERSON
,12,8,Levites,ORG
,12,8,Jeshua,GPE
,12,8,Binnui,GPE
,12,8,Kadmiel,GPE
,12,8,Sherebiah,GPE
,12,8,Judah,PERSON
,12,8,Mattaniah,ORG
,12,8,thanksgiving,DATE
,12,9,Bakbukiah,PERSON
,12,9,Unni,ORG
,12,10,Jeshua,PERSON
,12,10,Joiakim,ORG
,12,10,Joiakim,ORG
,12,10,Eliashib,PERSON
,12,10,Eliashib,PERSON
,12,10,Joiada,PERSON
,12,11,Joiada,PERSON
,12,11,Jonathan,PERSON
,12,11,Jonathan,PERSON
,12,11,Jaddua,PERSON
,12,12,the days,DATE
,12,12,Joiakim,ORG
,12,12,"Seraiah, Meraiah",ORG
,12,12,Jeremiah,PERSON
,12,12,Hananiah,ORG
,12,13,Ezra,PERSON
,12,13,Meshullam,PERSON
,12,13,Amariah,ORG
,12,13,Jehohanan,GPE
,12,14,Melicu,GPE
,12,14,Jonathan,PERSON
,12,14,Shebaniah,GPE
,12,14,Joseph,PERSON
,12,15,Harim,PERSON
,12,15,Adna,PERSON
,12,15,"Meraioth, Helkai",ORG
,12,16,Iddo,ORG
,12,16,Zechariah,PERSON
,12,16,"Ginnethon, Meshullam",ORG
,12,17,"Abijah, Zichri",ORG
,12,17,"Miniamin, of",ORG
,12,17,Moadiah,GPE
,12,17,Piltai,ORG
,12,18,Bilgah,ORG
,12,18,Shammua,PERSON
,12,18,Shemaiah,GPE
,12,18,Jehonathan,GPE
,12,19,"Joiarib, Mattenai",GPE
,12,19,"Jedaiah, Uzzi",ORG
,12,20,Sallai,PERSON
,12,20,Kallai,PERSON
,12,20,Amok,PERSON
,12,20,Eber,PERSON
,12,21,"Hilkiah, Hashabiah",ORG
,12,21,"Jedaiah, Nethaneel",ORG
,12,22,Levites,ORG
,12,22,the days,DATE
,12,22,Eliashib,GPE
,12,22,Joiada,PERSON
,12,22,Johanan,GPE
,12,22,Jaddua,PERSON
,12,22,Darius,ORG
,12,22,Persian,NORP
,12,23,Levi,PERSON
,12,23,the days,DATE
,12,23,Johanan,GPE
,12,23,Eliashib,PERSON
,12,24,Levites,PRODUCT
,12,24,Hashabiah,PERSON
,12,24,Sherebiah,ORG
,12,24,Jeshua,PERSON
,12,24,Kadmiel,PERSON
,12,24,David,PERSON
,12,25,Mattaniah,PERSON
,12,25,Bakbukiah,ORG
,12,25,Obadiah,PERSON
,12,25,Meshullam,PERSON
,12,25,Talmon,GPE
,12,25,Akkub,GPE
,12,26,the days,DATE
,12,26,Joiakim,PERSON
,12,26,Jeshua,PERSON
,12,26,Jozadak,PERSON
,12,26,the days,DATE
,12,26,Nehemiah,PERSON
,12,26,Ezra,PERSON
,12,27,Jerusalem,GPE
,12,27,Levites,ORG
,12,27,Jerusalem,GPE
,12,28,Jerusalem,GPE
,12,28,Netophathi,GPE
,12,29,Gilgal,PERSON
,12,29,Geba,GPE
,12,29,Azmaveth,PERSON
,12,29,Jerusalem,GPE
,12,30,Levites,ORG
,12,31,Judah,PERSON
,12,31,two,CARDINAL
,12,31,one,CARDINAL
,12,31,on,PERSON
,12,32,Hoshaiah,GPE
,12,32,half,CARDINAL
,12,32,Judah,GPE
,12,33,Azariah,ORG
,12,33,Ezra,PERSON
,12,33,Meshullam,PERSON
,12,34,Judah,PERSON
,12,34,Benjamin,PERSON
,12,34,Shemaiah,PERSON
,12,34,Jeremiah,PERSON
,12,35,Zechariah,PERSON
,12,35,Jonathan,PERSON
,12,35,Shemaiah,GPE
,12,35,Mattaniah,ORG
,12,35,Michaiah,PERSON
,12,35,Zaccur,GPE
,12,35,Asaph,PERSON
,12,36,Shemaiah,GPE
,12,36,Azarael,PERSON
,12,36,Milalai,PERSON
,12,36,Gilalai,PERSON
,12,36,Maai,PERSON
,12,36,Nethaneel,PERSON
,12,36,Judah,PERSON
,12,36,Hanani,GPE
,12,36,David,PERSON
,12,36,Ezra,PERSON
,12,37,the fountain gate,FAC
,12,37,David,GPE
,12,37,David,PERSON
,12,38,half,CARDINAL
,12,39,Ephraim,GPE
,12,39,Hananeel,GPE
,12,39,Meah,GPE
,12,40,So,PERSON
,12,40,two,CARDINAL
,12,40,half,CARDINAL
,12,41,Eliakim,PERSON
,12,41,Maaseiah,ORG
,12,41,"Miniamin, Michaiah, Elioenai, Zechariah",ORG
,12,41,Hananiah,ORG
,12,42,Maaseiah,ORG
,12,42,Shemaiah,ORG
,12,42,Eleazar,PERSON
,12,42,Uzzi,PERSON
,12,42,Jehohanan,PERSON
,12,42,Malchijah,PERSON
,12,42,Elam,ORG
,12,42,Ezer,PERSON
,12,42,Jezrahiah,PERSON
,12,43,so,PERSON
,12,43,Jerusalem,GPE
,12,44,Levites,ORG
,12,44,Judah,PERSON
,12,44,Levites,ORG
,12,45,David,PERSON
,12,45,Solomon,PERSON
,12,46,the days,DATE
,12,46,David,PERSON
,12,46,Asaph,PERSON
,12,47,Israel,GPE
,12,47,the days,DATE
,12,47,Zerubbabel,PERSON
,12,47,the days,DATE
,12,47,Nehemiah,PERSON
,12,47,every day,DATE
,12,47,Levites,ORG
,12,47,Levites,ORG
,12,47,Aaron,PERSON
,13,1,On,PERSON
,13,1,that day,DATE
,13,1,Moses,PERSON
,13,1,Ammonite,ORG
,13,1,Moabite,ORG
,13,2,Israel,GPE
,13,2,Balaam,PERSON
,13,3,Israel,GPE
,13,4,Eliashib,PERSON
,13,4,Tobiah,PERSON
,13,5,Levites,ORG
,13,6,Jerusalem,GPE
,13,6,the two and thirtieth year,DATE
,13,6,Artaxerxes,PERSON
,13,6,Babylon,PERSON
,13,7,Jerusalem,GPE
,13,7,Eliashib,PERSON
,13,7,Tobiah,ORG
,13,8,Tobiah,ORG
,13,10,Levites,ORG
,13,10,Levites,ORG
,13,12,Judah,PERSON
,13,13,Shelemiah,GPE
,13,13,Zadok,PRODUCT
,13,13,Levites,PRODUCT
,13,13,Pedaiah,PERSON
,13,13,Hanan,PERSON
,13,13,Zaccur,GPE
,13,13,Mattaniah,PERSON
,13,15,those days,DATE
,13,15,Judah,GPE
,13,15,on,PERSON
,13,15,Jerusalem,GPE
,13,15,on,PERSON
,13,15,the sabbath day,DATE
,13,15,the day,DATE
,13,16,Tyre,PERSON
,13,16,on,PERSON
,13,16,Judah,PERSON
,13,16,Jerusalem,GPE
,13,17,Judah,PERSON
,13,18,Israel,GPE
,13,19,Jerusalem,GPE
,13,19,on,PERSON
,13,19,the sabbath day,DATE
,13,20,So,PERSON
,13,20,Jerusalem,GPE
,13,21,so,PERSON
,13,21,on,PERSON
,13,21,on,PERSON
,13,22,Levites,ORG
,13,23,those days,DATE
,13,23,Jews,NORP
,13,23,Ashdod,ORG
,13,23,Ammon,PERSON
,13,23,Moab,LOC
,13,24,half,CARDINAL
,13,24,Ashdod,ORG
,13,24,Jews,NORP
,13,25,Ye,PERSON
,13,26,Solomon,PERSON
,13,26,Israel,GPE
,13,26,Israel,GPE
,13,28,one,CARDINAL
,13,28,Joiada,PERSON
,13,28,Eliashib,PERSON
,13,28,Sanballat the Horonite:,ORG
,13,29,Levites,PRODUCT
,13,30,Levites,ORG
,1,1,the days,DATE
,1,1,Ahasuerus,GPE
,1,1,Ahasuerus,GPE
,1,1,India,GPE
,1,1,Ethiopia,GPE
,1,1,an hundred and seven,CARDINAL
,1,1,twenty,CARDINAL
,1,2,those days,DATE
,1,2,Ahasuerus,PERSON
,1,2,on,PERSON
,1,2,Shushan,GPE
,1,3,the third year,DATE
,1,3,Persia,GPE
,1,3,Media,ORG
,1,4,many days,DATE
,1,4,an hundred and fourscore days,CARDINAL
,1,5,these days,DATE
,1,5,Shushan,GPE
,1,5,seven days,DATE
,1,8,so,PERSON
,1,9,Vashti,PERSON
,1,9,Ahasuerus,PERSON
,1,10,On,PERSON
,1,10,the seventh day,DATE
,1,10,Mehuman,PERSON
,1,10,Biztha,GPE
,1,10,Harbona,GPE
,1,10,Bigtha,GPE
,1,10,"Abagtha, Zethar",ORG
,1,10,Carcas,GPE
,1,10,seven,CARDINAL
,1,10,Ahasuerus,GPE
,1,11,Vashti,PERSON
,1,11,on,PERSON
,1,12,Vashti,PERSON
,1,13,so,PERSON
,1,14,Carshena,PERSON
,1,14,Shethar,GPE
,1,14,Admatha,PERSON
,1,14,Tarshish,PERSON
,1,14,Meres,PERSON
,1,14,Marsena,ORG
,1,14,Memucan,NORP
,1,14,seven,CARDINAL
,1,14,Persia,GPE
,1,14,Media,ORG
,1,14,first,ORDINAL
,1,15,Vashti,PERSON
,1,15,Ahasuerus,PERSON
,1,16,Memucan,NORP
,1,16,Vashti,PERSON
,1,16,Ahasuerus,PERSON
,1,17,so,PERSON
,1,17,Ahasuerus,PERSON
,1,17,Vashti,PERSON
,1,18,Persia,GPE
,1,18,this day,DATE
,1,19,Persians,NORP
,1,19,Medes,NORP
,1,19,Vashti,PERSON
,1,19,Ahasuerus,PERSON
,1,21,Memucan,NORP
,2,1,Ahasuerus,PERSON
,2,1,Vashti,PERSON
,2,3,Shushan,GPE
,2,3,Hege,PERSON
,2,4,Vashti,PERSON
,2,4,so,PERSON
,2,5,Shushan,GPE
,2,5,Jew,NORP
,2,5,Mordecai,PERSON
,2,5,Jair,PERSON
,2,5,Shimei,ORG
,2,5,Kish,GPE
,2,5,Benjamite,PERSON
,2,6,Jerusalem,GPE
,2,6,Jeconiah,PERSON
,2,6,Judah,PERSON
,2,6,Nebuchadnezzar,PERSON
,2,6,Babylon,PERSON
,2,7,Hadassah,PERSON
,2,7,Esther,PERSON
,2,7,daughter,PERSON
,2,7,Mordecai,PERSON
,2,7,daughter,PERSON
,2,8,So,PERSON
,2,8,Shushan,GPE
,2,8,Hegai,GPE
,2,8,Esther,PERSON
,2,8,Hegai,GPE
,2,9,seven,CARDINAL
,2,10,Esther,PERSON
,2,10,Mordecai,PERSON
,2,11,Mordecai,PERSON
,2,11,every day,DATE
,2,11,Esther,PERSON
,2,12,Ahasuerus,PERSON
,2,12,twelve months,DATE
,2,12,so,PERSON
,2,12,the days,DATE
,2,12,six months,DATE
,2,12,six months,DATE
,2,14,on,PERSON
,2,14,second,ORDINAL
,2,14,Shaashgaz,GPE
,2,15,Esther,PERSON
,2,15,daughter,PERSON
,2,15,Abihail,PERSON
,2,15,Mordecai,PERSON
,2,15,daughter,PERSON
,2,15,Hegai,PERSON
,2,15,Esther,PERSON
,2,16,So,PERSON
,2,16,Esther,PERSON
,2,16,Ahasuerus,PERSON
,2,16,the tenth month,DATE
,2,16,Tebeth,WORK_OF_ART
,2,16,the seventh year,DATE
,2,17,Esther,PERSON
,2,17,so,PERSON
,2,17,Vashti,PERSON
,2,18,Esther,PERSON
,2,19,second,ORDINAL
,2,19,Mordecai,PERSON
,2,20,Esther,PERSON
,2,20,Mordecai,PERSON
,2,20,Esther,PERSON
,2,20,Mordecai,PERSON
,2,21,those days,DATE
,2,21,Mordecai,PERSON
,2,21,two,CARDINAL
,2,21,Bigthan,PERSON
,2,21,Teresh,ORG
,2,21,on,PERSON
,2,21,Ahasuerus,PERSON
,2,22,Mordecai,PERSON
,2,22,Esther,PERSON
,2,22,Esther,PERSON
,2,22,Mordecai,PERSON
,2,23,on,PERSON
,3,1,Ahasuerus,PERSON
,3,1,Haman,PERSON
,3,1,Hammedatha the Agagite,PERSON
,3,2,Haman,PERSON
,3,2,so,PERSON
,3,2,Mordecai,PERSON
,3,3,Mordecai,PERSON
,3,4,Haman,PERSON
,3,4,Mordecai,PERSON
,3,4,Jew,NORP
,3,5,Haman,PERSON
,3,5,Mordecai,PERSON
,3,5,Haman,PERSON
,3,6,on,PERSON
,3,6,Mordecai,PERSON
,3,6,Mordecai,PERSON
,3,6,Haman,PERSON
,3,6,Jews,NORP
,3,6,Ahasuerus,GPE
,3,6,Mordecai,PERSON
,3,7,the first month,DATE
,3,7,Nisan,ORG
,3,7,the twelfth year,DATE
,3,7,Ahasuerus,PERSON
,3,7,Pur,ORG
,3,7,lot,PERSON
,3,7,Haman,PERSON
,3,7,from month to month,DATE
,3,7,the twelfth month,DATE
,3,7,Adar,PRODUCT
,3,8,Haman,PERSON
,3,8,Ahasuerus,PERSON
,3,9,ten thousand,CARDINAL
,3,10,Haman,PERSON
,3,10,Hammedatha the Agagite,PERSON
,3,10,Jews,NORP
,3,11,Haman,PERSON
,3,12,on,PERSON
,3,12,the thirteenth day of the first month,DATE
,3,12,Haman,PERSON
,3,12,Ahasuerus,PERSON
,3,13,Jews,NORP
,3,13,one day,DATE
,3,13,the thirteenth day of the twelfth month,DATE
,3,13,Adar,LAW
,3,14,that day,DATE
,3,15,Shushan,GPE
,3,15,Haman,PERSON
,3,15,Shushan,GPE
,4,1,Mordecai,PERSON
,4,1,Mordecai,PERSON
,4,1,put,PERSON
,4,1,on,PERSON
,4,3,Jews,NORP
,4,4,So,PERSON
,4,4,Esther,PERSON
,4,4,Mordecai,PERSON
,4,5,Esther,PERSON
,4,5,Hatach,PERSON
,4,5,one,CARDINAL
,4,5,Mordecai,PERSON
,4,6,So,PERSON
,4,6,Hatach,PERSON
,4,6,Mordecai,PERSON
,4,7,Mordecai,PERSON
,4,7,Haman,PERSON
,4,7,Jews,NORP
,4,8,Shushan,GPE
,4,8,Esther,PERSON
,4,9,Hatach,PERSON
,4,9,Esther,PERSON
,4,9,Mordecai,PERSON
,4,10,Esther,PERSON
,4,10,Hatach,PERSON
,4,10,Mordecai,PERSON
,4,11,one,CARDINAL
,4,11,put,PERSON
,4,11,death,PERSON
,4,11,these thirty days,DATE
,4,12,Mordecai Esther's,PERSON
,4,13,Mordecai,PERSON
,4,13,Esther,PERSON
,4,13,Jews,NORP
,4,14,holdest,PERSON
,4,14,Jews,NORP
,4,15,Esther,PERSON
,4,15,Mordecai,PERSON
,4,16,Jews,NORP
,4,16,Shushan,GPE
,4,16,three days,DATE
,4,16,night,TIME
,4,16,so,PERSON
,4,17,So,PERSON
,4,17,Mordecai,PERSON
,4,17,Esther,PERSON
,5,1,on,PERSON
,5,1,the third day,DATE
,5,1,Esther,PERSON
,5,1,put,PERSON
,5,1,on,PERSON
,5,2,so,PERSON
,5,2,Esther,PERSON
,5,2,Esther,PERSON
,5,2,So,PERSON
,5,2,Esther,PERSON
,5,3,Esther,PERSON
,5,3,half,CARDINAL
,5,4,Esther,PERSON
,5,4,Haman,PERSON
,5,4,this day,DATE
,5,5,Haman,PERSON
,5,5,Esther,PERSON
,5,5,So,PERSON
,5,5,Haman,PERSON
,5,5,Esther,PERSON
,5,6,Esther,PERSON
,5,6,half,CARDINAL
,5,7,Esther,PERSON
,5,8,Haman,PERSON
,5,9,Haman,PERSON
,5,9,Haman,PERSON
,5,9,Mordecai,PERSON
,5,9,Mordecai,PERSON
,5,10,Haman,PERSON
,5,10,Zeresh,ORG
,5,11,Haman,PERSON
,5,12,Haman,PERSON
,5,12,Yea,PERSON
,5,12,Esther,PERSON
,5,13,so,PERSON
,5,13,Mordecai,PERSON
,5,13,Jew,NORP
,5,14,Zeresh,PERSON
,5,14,fifty cubits,CARDINAL
,5,14,Mordecai,PERSON
,5,14,Haman,PERSON
,6,1,On,PERSON
,6,1,that night,TIME
,6,2,Mordecai,PERSON
,6,2,Bigthana,ORG
,6,2,Teresh,ORG
,6,2,two,CARDINAL
,6,2,on,PERSON
,6,2,Ahasuerus,PERSON
,6,3,Mordecai,PERSON
,6,4,Haman,PERSON
,6,4,Mordecai,PERSON
,6,4,on,PERSON
,6,5,Haman,PERSON
,6,6,So,PERSON
,6,6,Haman,PERSON
,6,6,Haman,PERSON
,6,7,Haman,PERSON
,6,9,one,CARDINAL
,6,9,on,PERSON
,6,10,Haman,PERSON
,6,10,so,PERSON
,6,10,Mordecai,PERSON
,6,10,Jew,NORP
,6,10,the king's gate,FAC
,6,11,Haman,PERSON
,6,11,Mordecai,PERSON
,6,11,on,PERSON
,6,12,Mordecai,PERSON
,6,12,Haman,PERSON
,6,13,Haman,PERSON
,6,13,Zeresh,PERSON
,6,13,Zeresh,ORG
,6,13,Mordecai,PERSON
,6,13,Jews,NORP
,6,14,Haman,PERSON
,6,14,Esther,PERSON
,7,1,So,PERSON
,7,1,Haman,PERSON
,7,1,Esther,PERSON
,7,2,Esther,PERSON
,7,2,on,PERSON
,7,2,the second day,DATE
,7,2,Esther,PERSON
,7,2,half,CARDINAL
,7,3,Esther,PERSON
,7,5,Ahasuerus,PERSON
,7,5,Esther,PERSON
,7,5,so,PERSON
,7,6,Esther,PERSON
,7,6,Haman,PERSON
,7,6,Haman,PERSON
,7,7,Haman,PERSON
,7,7,Esther,PERSON
,7,8,Haman,PERSON
,7,8,Esther,PERSON
,7,8,Haman,PERSON
,7,9,Harbonah,PERSON
,7,9,Behold,PERSON
,7,9,fifty cubits,CARDINAL
,7,9,Haman,PERSON
,7,9,Mordecai,PERSON
,7,9,Haman,PERSON
,7,10,So,PERSON
,7,10,Haman,PERSON
,7,10,on,PERSON
,7,10,Mordecai,PERSON
,8,1,On,PERSON
,8,1,that day,DATE
,8,1,Ahasuerus,PERSON
,8,1,Haman,PERSON
,8,1,Jews,NORP
,8,1,Esther,PERSON
,8,1,Mordecai,PERSON
,8,1,Esther,PERSON
,8,2,Haman,PERSON
,8,2,Mordecai,PERSON
,8,2,Esther,PERSON
,8,2,Mordecai,PERSON
,8,2,Haman,PERSON
,8,3,Esther,PERSON
,8,3,put,PERSON
,8,3,Haman,PERSON
,8,3,Agagite,PERSON
,8,3,Jews,NORP
,8,4,Esther,PERSON
,8,4,So,PERSON
,8,4,Esther,PERSON
,8,5,Haman,PERSON
,8,5,Hammedatha the Agagite,PERSON
,8,5,Jews,NORP
,8,7,Ahasuerus,PERSON
,8,7,Esther,PERSON
,8,7,Mordecai,PERSON
,8,7,Esther,PERSON
,8,7,Haman,PERSON
,8,7,Jews,NORP
,8,8,Jews,NORP
,8,9,the third month,DATE
,8,9,Sivan,PERSON
,8,9,on,PERSON
,8,9,the three and twentieth day,DATE
,8,9,Mordecai,PERSON
,8,9,Jews,NORP
,8,9,India,GPE
,8,9,Ethiopia,GPE
,8,9,an hundred twenty and seven,CARDINAL
,8,9,Jews,NORP
,8,10,Ahasuerus,PERSON
,8,10,on,PERSON
,8,10,on,PERSON
,8,11,Jews,NORP
,8,12,one day,DATE
,8,12,Ahasuerus,PERSON
,8,12,the thirteenth day of the twelfth month,DATE
,8,12,Adar,PRODUCT
,8,13,Jews,NORP
,8,13,on,PERSON
,8,14,So,PERSON
,8,14,on,PERSON
,8,14,Shushan,GPE
,8,15,Mordecai,PERSON
,8,15,Shushan,GPE
,8,16,Jews,NORP
,8,17,Jews,NORP
,8,17,Jews,NORP
,8,17,Jews,NORP
,9,1,the twelfth month,DATE
,9,1,Adar,LAW
,9,1,on,PERSON
,9,1,the thirteenth day,DATE
,9,1,put,PERSON
,9,1,the day,DATE
,9,1,Jews,NORP
,9,1,Jews,NORP
,9,2,Jews,NORP
,9,2,Ahasuerus,PERSON
,9,2,on,PERSON
,9,3,Jews,NORP
,9,3,Mordecai,PRODUCT
,9,4,Mordecai,PERSON
,9,4,Mordecai,PERSON
,9,5,Jews,NORP
,9,6,Shushan,GPE
,9,6,Jews,NORP
,9,6,five hundred,CARDINAL
,9,7,Parshandatha,ORG
,9,7,Dalphon,PERSON
,9,7,Aspatha,PERSON
,9,8,Poratha,GPE
,9,8,Adalia,PERSON
,9,8,Aridatha,PERSON
,9,9,Parmashta,PERSON
,9,9,Arisai,PERSON
,9,9,Aridai,ORG
,9,9,Vajezatha,GPE
,9,10,ten,CARDINAL
,9,10,Haman,PERSON
,9,10,Hammedatha,PERSON
,9,10,Jews,NORP
,9,10,on,PERSON
,9,11,On,PERSON
,9,11,that day,DATE
,9,11,Shushan,GPE
,9,12,Esther,PERSON
,9,12,Jews,NORP
,9,12,five hundred,CARDINAL
,9,12,Shushan,GPE
,9,12,ten,CARDINAL
,9,12,Haman,PERSON
,9,13,Esther,PERSON
,9,13,Jews,NORP
,9,13,Shushan,GPE
,9,13,day,DATE
,9,13,Haman,PERSON
,9,13,ten,CARDINAL
,9,14,so,PERSON
,9,14,Shushan,GPE
,9,14,Haman,PERSON
,9,14,ten,CARDINAL
,9,15,Jews,NORP
,9,15,Shushan,GPE
,9,15,on,PERSON
,9,15,the fourteenth day,DATE
,9,15,Adar,LAW
,9,15,three hundred,CARDINAL
,9,15,Shushan,GPE
,9,15,on,PERSON
,9,16,Jews,NORP
,9,16,seventy and five thousand,CARDINAL
,9,16,on,PERSON
,9,17,On,PERSON
,9,17,the thirteenth day of the month,DATE
,9,17,Adar,PRODUCT
,9,17,on,PERSON
,9,17,the fourteenth day,DATE
,9,18,Jews,NORP
,9,18,Shushan,GPE
,9,18,on,PERSON
,9,18,the thirteenth day,DATE
,9,18,on,PERSON
,9,18,fourteenth,ORDINAL
,9,18,on,PERSON
,9,18,the fifteenth day,DATE
,9,19,Jews,NORP
,9,19,the fourteenth day of the month,DATE
,9,19,a good day,DATE
,9,20,Mordecai,PERSON
,9,20,Jews,NORP
,9,20,Ahasuerus,PERSON
,9,21,the fourteenth day of the month,DATE
,9,21,Adar,LAW
,9,21,the fifteenth day,DATE
,9,22,the days,DATE
,9,22,Jews,NORP
,9,22,the month,DATE
,9,22,a good day,DATE
,9,23,Jews,NORP
,9,23,Mordecai,PERSON
,9,24,Haman,PERSON
,9,24,Hammedatha,PERSON
,9,24,Agagite,PERSON
,9,24,Jews,NORP
,9,24,Jews,NORP
,9,24,Pur,PERSON
,9,24,lot,PERSON
,9,25,Esther,PERSON
,9,25,Jews,NORP
,9,25,on,PERSON
,9,26,Purim,NORP
,9,26,Pur,ORG
,9,27,Jews,NORP
,9,27,so,PERSON
,9,27,these two days,DATE
,9,27,every year,DATE
,9,28,these days,DATE
,9,28,these days,DATE
,9,28,Purim,GPE
,9,28,Jews,NORP
,9,29,Esther,PERSON
,9,29,daughter,PERSON
,9,29,Abihail,PERSON
,9,29,Mordecai,PERSON
,9,29,Jew,NORP
,9,29,second,ORDINAL
,9,29,Purim,GPE
,9,30,Jews,NORP
,9,30,seven,CARDINAL
,9,30,Ahasuerus,GPE
,9,31,these days,DATE
,9,31,Purim,GPE
,9,31,Mordecai,PERSON
,9,31,Jew,NORP
,9,31,Esther,PERSON
,9,32,Esther,PERSON
,9,32,Purim,GPE
,10,1,Ahasuerus,PERSON
,10,2,Mordecai,PERSON
,10,2,Persia,GPE
,10,3,Mordecai,PERSON
,10,3,Jew,NORP
,10,3,Ahasuerus,PERSON
,10,3,Jews,NORP
,1,1,Uz,PERSON
,1,1,Job,ORG
,1,2,seven,CARDINAL
,1,2,three,CARDINAL
,1,3,seven thousand,CARDINAL
,1,3,three thousand camels,CARDINAL
,1,3,five hundred yoke,CARDINAL
,1,3,five hundred,CARDINAL
,1,3,so,PERSON
,1,4,three,CARDINAL
,1,5,so,PERSON
,1,5,Job,ORG
,1,5,early in the morning,TIME
,1,5,Job,ORG
,1,5,Job,PERSON
,1,6,Satan,PERSON
,1,7,Satan,PERSON
,1,7,Satan,PERSON
,1,8,Satan,PERSON
,1,8,Job,PERSON
,1,9,Satan,PERSON
,1,9,Doth Job,PERSON
,1,10,on,PERSON
,1,11,put,PERSON
,1,12,Satan,PERSON
,1,12,Behold,PERSON
,1,12,put,PERSON
,1,12,So,PERSON
,1,12,Satan,PERSON
,1,14,Job,PERSON
,1,15,Sabeans,NORP
,1,17,Chaldeans,NORP
,1,17,three,CARDINAL
,1,19,four,CARDINAL
,1,20,Job,PERSON
,1,21,Naked,PERSON
,1,22,Job,PERSON
,2,1,Satan,PERSON
,2,2,Satan,PERSON
,2,2,Satan,PERSON
,2,3,Satan,PERSON
,2,3,Job,PERSON
,2,4,Satan,PERSON
,2,5,put,PERSON
,2,6,Satan,PERSON
,2,6,Behold,PERSON
,2,7,So,PERSON
,2,7,Satan,PERSON
,2,7,Job,PERSON
,2,9,Dost,PERSON
,2,10,Job,PERSON
,2,11,Job,PERSON
,2,11,three,CARDINAL
,2,11,Eliphaz,PERSON
,2,11,Bildad the Shuhite,PERSON
,2,11,Zophar,PERSON
,2,13,So,PERSON
,2,13,seven days,DATE
,2,13,seven nights,DATE
,3,1,Job,PERSON
,3,2,Job,PERSON
,3,3,the day,DATE
,3,3,the night,TIME
,3,5,death,PERSON
,3,5,the day,DATE
,3,6,that night,TIME
,3,6,the days of the year,DATE
,3,6,the months,DATE
,3,7,Lo,PERSON
,3,8,the day,DATE
,3,21,death,PERSON
,4,1,Eliphaz,PERSON
,4,11,lion perisheth,ORG
,4,13,on,PERSON
,4,18,put,PERSON
,4,20,morning,TIME
,5,11,on,PERSON
,5,12,so,PERSON
,5,16,So,PERSON
,5,19,six,CARDINAL
,5,19,seven,CARDINAL
,5,20,death,PERSON
,5,26,his season,DATE
,5,27,Lo,PERSON
,5,27,so,PERSON
,6,1,Job,PERSON
,6,15,brooks,ORG
,6,19,Tema,ORG
,6,19,Sheba,PERSON
,7,1,the days,DATE
,7,3,So,PERSON
,7,3,months,DATE
,7,6,My days,DATE
,7,9,so,PERSON
,7,15,So,PERSON
,7,15,death,PERSON
,7,16,my days,DATE
,7,20,so,PERSON
,8,1,Bildad the Shuhite,PERSON
,8,9,yesterday,DATE
,8,13,So,PERSON
,9,1,Job,PERSON
,9,2,so,PERSON
,9,3,one,CARDINAL
,9,9,Orion,ORG
,9,9,Pleiades,PRODUCT
,9,11,Lo,PERSON
,9,11,on,PERSON
,9,22,one,CARDINAL
,9,30,so,PERSON
,9,35,so,PERSON
,10,5,the days,DATE
,10,21,death,PERSON
,10,22,death,PERSON
,11,1,Zophar,PERSON
,11,1,Naamathite,ORG
,11,11,seeth,PERSON
,11,14,put,PERSON
,12,1,Job,PERSON
,12,22,death,PERSON
,13,9,one,CARDINAL
,13,9,so,PERSON
,13,13,on,PERSON
,13,14,put,PERSON
,13,20,two,CARDINAL
,14,5,his months,DATE
,14,12,So,PERSON
,15,1,Eliphaz,PERSON
,15,6,Thine,ORG
,15,7,first,ORDINAL
,15,20,years,DATE
,15,26,on,PERSON
,15,27,on,PERSON
,16,1,Job,PERSON
,16,3,thou answerest,PERSON
,16,16,on,PERSON
,16,16,death,PERSON
,16,19,on,PERSON
,16,22,a few years,DATE
,17,3,put,PERSON
,17,9,on,PERSON
,17,10,one,CARDINAL
,17,11,My days,DATE
,17,12,the night,TIME
,18,1,Bildad the Shuhite,PERSON
,18,2,mark,PERSON
,18,5,put,PERSON
,18,6,put,PERSON
,18,11,on,PERSON
,18,13,death,PERSON
,18,20,his day,DATE
,19,1,Job,PERSON
,19,3,ten,CARDINAL
,19,10,on,PERSON
,19,13,put,PERSON
,19,25,the latter day,DATE
,20,1,Zophar,PERSON
,20,1,Naamathite,ORG
,20,4,Knowest,PERSON
,20,17,the brooks of honey,ORG
,20,28,the day,DATE
,21,1,Job,PERSON
,21,3,on,PERSON
,21,4,so,PERSON
,21,5,Mark,PERSON
,21,6,on,PERSON
,21,13,their days,DATE
,21,17,put,PERSON
,21,21,months,DATE
,21,23,One,CARDINAL
,21,30,the day,DATE
,22,1,Eliphaz,PERSON
,22,23,put,PERSON
,22,24,Ophir,GPE
,22,24,brooks,LOC
,23,1,Job,PERSON
,23,6,put,PERSON
,23,7,so,PERSON
,23,9,On,PERSON
,23,9,on,PERSON
,23,13,one,CARDINAL
,24,5,yieldeth food,ORG
,24,14,the night,TIME
,24,16,daytime,TIME
,24,17,the morning,TIME
,24,17,death,PERSON
,24,17,death,PERSON
,24,19,so,PERSON
,24,20,on,PERSON
,24,25,so,PERSON
,25,1,Bildad the Shuhite,PERSON
,25,2,Dominion,ORG
,26,1,Job,PERSON
,26,10,the day,DATE
,26,14,Lo,PERSON
,27,1,Job,PERSON
,27,6,so,PERSON
,27,15,death,PERSON
,27,17,put,PERSON
,27,17,on,PERSON
,27,20,on,PERSON
,28,3,death,PERSON
,28,16,Ophir,GPE
,28,19,Ethiopia,GPE
,28,22,death,PERSON
,28,28,Behold,PERSON
,29,1,Job,PERSON
,29,2,months past,DATE
,29,2,the days,DATE
,29,4,the days,DATE
,29,9,on,PERSON
,29,14,put,PERSON
,29,14,on,PERSON
,29,24,on,PERSON
,30,23,death,PERSON
,30,27,the days,DATE
,31,2,on,PERSON
,31,15,one,CARDINAL
,31,33,Adam,PERSON
,31,40,Job,PERSON
,32,1,So,PERSON
,32,1,three,CARDINAL
,32,1,Job,PERSON
,32,2,Elihu,PERSON
,32,2,Barachel the Buzite,WORK_OF_ART
,32,2,Ram,PERSON
,32,2,Job,PERSON
,32,3,three,CARDINAL
,32,3,Job,PERSON
,32,4,Elihu,PERSON
,32,4,Job,PERSON
,32,5,Elihu,PERSON
,32,5,three,CARDINAL
,32,6,Elihu,PERSON
,32,6,Barachel the Buzite,WORK_OF_ART
,32,7,Days,DATE
,32,10,Hearken,PERSON
,32,12,Job,PERSON
,32,22,so,PERSON
,33,1,Job,PERSON
,33,20,So,PERSON
,33,23,one,CARDINAL
,33,23,a thousand,CARDINAL
,33,25,the days,DATE
,33,29,Lo,PERSON
,33,31,Mark,PERSON
,33,31,O Job,ORG
,34,1,Elihu,PERSON
,34,5,Job,PERSON
,34,7,Job,PERSON
,34,18,Ye,PERSON
,34,20,midnight,TIME
,34,22,death,PERSON
,34,25,the night,TIME
,34,25,so,PERSON
,34,28,So,PERSON
,34,35,Job,PERSON
,34,36,Job,PERSON
,35,1,Elihu,PERSON
,35,2,Thinkest,ORG
,35,15,so,PERSON
,35,16,Job,PERSON
,36,1,Elihu,PERSON
,36,2,on,PERSON
,36,7,on,PERSON
,36,11,their days,DATE
,36,16,so,PERSON
,36,16,on,PERSON
,36,17,on,PERSON
,36,26,years,DATE
,37,5,thundereth,PERSON
,37,6,on,PERSON
,37,14,Job,PERSON
,37,15,Dost,PERSON
,37,16,Dost,PERSON
,38,1,Job,PERSON
,38,6,Whereupon,ORG
,38,7,the morning,TIME
,38,17,death,PERSON
,38,17,death,PERSON
,38,21,Knowest,PERSON
,38,21,thy days,DATE
,38,23,the day,DATE
,38,26,on,PERSON
,38,26,on,PERSON
,38,31,Pleiades,PRODUCT
,38,31,Orion,ORG
,38,32,Mazzaroth,ORG
,38,32,Arcturus,PERSON
,38,36,put,PERSON
,39,1,Knowest,PERSON
,39,2,the months,DATE
,39,10,harrow,PERSON
,39,13,Gavest,NORP
,39,14,leaveth,PERSON
,39,18,on,PERSON
,39,21,on,PERSON
,39,27,on,PERSON
,39,28,on,PERSON
,40,1,Job,PERSON
,40,3,Job,PERSON
,40,6,Job,PERSON
,40,12,on,PERSON
,40,16,Lo,PERSON
,40,22,the brook,LOC
,40,23,Jordan,GPE
,41,2,put,PERSON
,41,10,so,PERSON
,41,16,One,CARDINAL
,41,16,so,PERSON
,42,1,Job,PERSON
,42,7,so,PERSON
,42,7,Job,PERSON
,42,7,Eliphaz the Temanite,PERSON
,42,7,two,CARDINAL
,42,7,Job,PERSON
,42,8,seven,CARDINAL
,42,8,seven,CARDINAL
,42,8,Job,PERSON
,42,8,Job,PERSON
,42,8,Job,PERSON
,42,9,So,PERSON
,42,9,Eliphaz,PERSON
,42,9,Bildad,PERSON
,42,9,Shuhite,PERSON
,42,9,Zophar,PERSON
,42,9,Job,PERSON
,42,10,Job,PERSON
,42,10,Job,PERSON
,42,12,So,PERSON
,42,12,Job,PERSON
,42,12,fourteen thousand,CARDINAL
,42,12,six thousand camels,CARDINAL
,42,12,a thousand yoke,CARDINAL
,42,12,a thousand,CARDINAL
,42,13,seven,CARDINAL
,42,13,three,CARDINAL
,42,14,first,ORDINAL
,42,14,Jemima,PERSON
,42,14,second,ORDINAL
,42,14,Kezia,PERSON
,42,14,third,ORDINAL
,42,14,Kerenhappuch,PERSON
,42,15,so,PERSON
,42,15,Job,PERSON
,42,16,Job,PERSON
,42,16,four,CARDINAL
,42,17,So,PERSON
,42,17,Job,PERSON
,1,1,Blessed,PERSON
,1,4,so,PERSON
,2,6,Zion,GPE
,2,7,Son,PERSON
,2,7,this day,DATE
,2,12,Son,PERSON
,2,12,put,PERSON
,3,2,Selah,PERSON
,3,4,Selah,ORG
,3,6,ten thousands,CARDINAL
,4,2,Selah,ORG
,4,4,Selah,ORG
,4,5,put,PERSON
,4,7,put,PERSON
,5,11,put,PERSON
,6,5,death,PERSON
,7,1,put,PERSON
,7,5,Selah,ORG
,7,7,So,PERSON
,7,7,on,PERSON
,7,13,death,PERSON
,8,6,put,PERSON
,9,5,put,PERSON
,9,10,put,PERSON
,9,11,Zion,GPE
,9,13,death,PERSON
,9,14,daughter,PERSON
,9,16,Selah,ORG
,9,20,Put,PERSON
,9,20,Selah,ORG
,11,1,put,PERSON
,12,6,seven,CARDINAL
,12,8,on,PERSON
,13,2,daily,DATE
,13,3,death,PERSON
,14,6,Ye,PERSON
,14,7,Israel,GPE
,14,7,Zion,GPE
,14,7,Jacob,PERSON
,14,7,Israel,GPE
,16,1,put,PERSON
,16,5,lot,PERSON
,16,10,Holy One,PRODUCT
,17,7,put,PERSON
,18,3,so,PERSON
,18,4,death,PERSON
,18,5,death,PERSON
,18,18,the day,DATE
,18,22,put,PERSON
,18,34,so,PERSON
,18,50,David,PERSON
,20,1,the day,DATE
,20,1,Jacob,PERSON
,20,2,Zion,GPE
,20,3,Selah,ORG
,21,2,Selah,ORG
,21,3,on,PERSON
,21,4,days,DATE
,21,13,so,PERSON
,22,1,so,PERSON
,22,2,the night season,TIME
,22,3,Israel,GPE
,22,8,on,PERSON
,22,12,Bashan,ORG
,22,15,death,PERSON
,22,23,Jacob,PERSON
,22,23,Israel,GPE
,23,4,death,PERSON
,23,5,anointest,ORG
,24,6,Jacob,PERSON
,24,6,Selah,ORG
,24,10,Selah,ORG
,25,3,on,PERSON
,25,5,on,PERSON
,25,20,put,PERSON
,25,21,on,PERSON
,25,22,Israel,GPE
,26,6,so,PERSON
,26,7,thanksgiving,DATE
,27,4,One,CARDINAL
,27,9,put,PERSON
,27,14,on,PERSON
,27,14,on,PERSON
,29,5,Lebanon,GPE
,29,6,Lebanon,GPE
,29,6,Sirion,ORG
,29,8,shaketh,PERSON
,29,8,shaketh,PERSON
,29,8,Kadesh,ORG
,30,5,a night,TIME
,30,11,put,PERSON
,31,1,put,PERSON
,31,13,on,PERSON
,31,18,put,PERSON
,32,1,Blessed,PERSON
,32,2,Blessed,PERSON
,32,4,day,DATE
,32,4,summer,DATE
,32,4,Selah,ORG
,32,7,Selah,ORG
,33,2,ten,CARDINAL
,33,19,death,PERSON
,34,20,one,CARDINAL
,35,4,put,PERSON
,35,17,on,PERSON
,35,25,so,PERSON
,36,6,preservest,ORG
,36,7,put,PERSON
,37,3,so,PERSON
,37,3,fed,ORG
,37,19,the days,DATE
,37,34,on,PERSON
,37,37,Mark,PERSON
,39,4,my days,DATE
,39,5,Selah,ORG
,39,11,Selah,ORG
,40,3,put,PERSON
,40,4,Blessed,PERSON
,40,7,Lo,PERSON
,40,12,so,PERSON
,40,14,put,PERSON
,41,1,Blessed,PERSON
,41,13,Israel,GPE
,42,1,hart panteth,LAW
,42,1,so,PERSON
,42,6,Jordan,GPE
,42,6,Hermonites,GPE
,42,6,Mizar,PERSON
,42,10,daily,DATE
,44,1,their days,DATE
,44,4,Jacob,PERSON
,44,7,put,PERSON
,44,8,Selah,ORG
,44,9,put,PERSON
,44,19,death,PERSON
,44,22,day,DATE
,45,9,Ophir,GPE
,45,10,daughter,PERSON
,45,11,So,PERSON
,45,12,daughter,PERSON
,45,13,daughter,PERSON
,46,3,Selah,ORG
,46,7,Jacob,PERSON
,46,7,Selah,ORG
,46,11,Jacob,PERSON
,46,11,Selah,ORG
,47,4,Jacob,PERSON
,47,4,Selah,ORG
,47,9,Abraham,PERSON
,48,2,mount Zion,GPE
,48,2,on,PERSON
,48,5,so,PERSON
,48,7,Tarshish,PERSON
,48,8,so,PERSON
,48,8,Selah,ORG
,48,10,so,PERSON
,48,11,mount Zion,LOC
,48,11,Judah,PERSON
,48,14,death,PERSON
,49,5,the days,DATE
,49,13,Selah,ORG
,49,14,death,PERSON
,49,14,on,PERSON
,49,15,Selah,ORG
,50,6,Selah,ORG
,50,7,Israel,GPE
,50,10,thousand,CARDINAL
,50,14,thanksgiving,DATE
,50,15,the day,DATE
,51,18,Jerusalem,GPE
,52,3,Selah,ORG
,52,5,Selah,ORG
,52,7,Lo,PERSON
,52,9,on,PERSON
,53,3,one,CARDINAL
,53,5,put,PERSON
,53,6,Israel,GPE
,53,6,Zion,GPE
,53,6,Jacob,PERSON
,53,6,Israel,GPE
,54,3,Selah,ORG
,55,4,death,PERSON
,55,5,Fearfulness,PERSON
,55,7,Lo,PERSON
,55,7,Selah,ORG
,55,15,death,PERSON
,55,17,noon,TIME
,55,19,Selah,ORG
,55,20,put,PERSON
,55,23,half their days,DATE
,56,1,daily,DATE
,56,4,put,PERSON
,56,5,Every day,DATE
,56,8,put,PERSON
,56,11,put,PERSON
,56,13,death,PERSON
,57,3,Selah,ORG
,57,4,on,PERSON
,57,6,Selah,ORG
,58,5,so,PERSON
,58,11,So,PERSON
,58,11,Verily,ORG
,59,5,Israel,GPE
,59,5,Selah,ORG
,59,6,evening,TIME
,59,13,Jacob,PERSON
,59,13,Selah,ORG
,59,14,evening,TIME
,59,16,the day,DATE
,60,4,Selah,ORG
,60,6,Shechem,ORG
,60,6,Succoth,GPE
,60,7,Gilead,ORG
,60,7,Manasseh,PERSON
,60,7,Ephraim,PERSON
,60,7,Judah,PERSON
,60,8,Moab,GPE
,60,8,Edom,ORG
,60,8,Philistia,ORG
,60,9,Edom,PERSON
,61,2,I.,ORG
,61,4,Selah,ORG
,61,8,So,PERSON
,62,4,Selah,ORG
,62,8,Selah,ORG
,63,2,so,PERSON
,63,6,on,PERSON
,64,8,So,PERSON
,65,1,Sion,PERSON
,65,4,Blessed,PERSON
,65,8,the morning,TIME
,65,8,evening,TIME
,65,9,so,PERSON
,65,11,the year,DATE
,65,12,on,PERSON
,66,4,Selah,ORG
,66,6,on,PERSON
,66,7,Selah,ORG
,66,15,Selah,ORG
,67,1,Selah,ORG
,67,4,Selah,ORG
,68,2,so,PERSON
,68,2,so,PERSON
,68,4,JAH,PERSON
,68,7,Selah,ORG
,68,8,Sinai,GPE
,68,8,Israel,GPE
,68,14,Salmon,LOC
,68,15,Bashan,GPE
,68,15,Bashan,GPE
,68,17,twenty thousand,CARDINAL
,68,17,thousands,CARDINAL
,68,17,Sinai,GPE
,68,18,on,PERSON
,68,19,daily,DATE
,68,19,Selah,ORG
,68,20,death,PERSON
,68,21,on,PERSON
,68,22,Bashan,PERSON
,68,25,on,PERSON
,68,26,Israel,GPE
,68,27,Benjamin,PERSON
,68,27,Judah,PERSON
,68,27,Zebulun,GPE
,68,27,Naphtali,GPE
,68,29,Jerusalem,GPE
,68,31,Egypt,GPE
,68,31,Ethiopia,GPE
,68,32,Selah,PERSON
,68,34,Israel,GPE
,68,35,Israel,GPE
,69,6,on,PERSON
,69,6,Israel,GPE
,69,9,thine house,ORG
,69,29,on,PERSON
,69,30,thanksgiving,DATE
,69,35,Zion,ORG
,69,35,Judah,PERSON
,70,2,put,PERSON
,71,1,put,PERSON
,71,1,put,PERSON
,71,21,on,PERSON
,71,22,One,CARDINAL
,71,22,Israel,GPE
,72,7,his days,DATE
,72,7,so,PERSON
,72,10,Tarshish,PERSON
,72,10,Sheba,PERSON
,72,10,Seba,PERSON
,72,15,Sheba,PERSON
,72,15,daily,DATE
,72,16,Lebanon,GPE
,72,18,Israel,GPE
,72,20,David,PERSON
,72,20,Jesse,PERSON
,73,1,Israel,GPE
,73,4,death,PERSON
,73,14,every morning,TIME
,73,20,one,CARDINAL
,73,20,so,PERSON
,73,22,So,PERSON
,73,28,put,PERSON
,74,16,The day,DATE
,74,17,summer,DATE
,74,17,winter,DATE
,74,22,daily,DATE
,75,3,Selah,ORG
,75,5,on,PERSON
,75,9,Jacob,PERSON
,76,1,Judah,PERSON
,76,1,Israel,GPE
,76,2,Salem,GPE
,76,2,Zion,GPE
,76,3,Selah,ORG
,76,6,Jacob,PERSON
,76,9,Selah,ORG
,77,2,the day,DATE
,77,2,the night,TIME
,77,3,Selah,ORG
,77,4,so,PERSON
,77,5,the days of old,DATE
,77,10,the years,DATE
,77,13,so,PERSON
,77,15,Jacob,PERSON
,77,15,Joseph,PERSON
,77,15,Selah,ORG
,77,20,Moses,PERSON
,77,20,Aaron,PERSON
,78,5,Jacob,PERSON
,78,5,Israel,GPE
,78,9,Ephraim,PERSON
,78,9,the day,DATE
,78,11,forgat,ORG
,78,12,Egypt,GPE
,78,12,Zoan,PERSON
,78,21,so,PERSON
,78,21,Jacob,PERSON
,78,21,Israel,GPE
,78,29,So,PERSON
,78,31,Israel,GPE
,78,33,their days,DATE
,78,35,redeemer,GPE
,78,41,Israel,GPE
,78,42,the day,DATE
,78,43,Egypt,GPE
,78,43,Zoan,PERSON
,78,50,death,PERSON
,78,51,Egypt,GPE
,78,51,Ham,PERSON
,78,53,on,PERSON
,78,53,so,PERSON
,78,55,Israel,GPE
,78,59,God,PERSON
,78,59,Israel,GPE
,78,60,So,PERSON
,78,60,Shiloh,GPE
,78,65,one,CARDINAL
,78,66,put,PERSON
,78,67,Joseph,PERSON
,78,67,Ephraim,PERSON
,78,68,Judah,GPE
,78,68,the mount Zion,GPE
,78,70,David,PERSON
,78,71,Jacob,PERSON
,78,71,Israel,GPE
,78,72,So,PERSON
,78,72,fed,ORG
,79,1,Jerusalem,GPE
,79,1,on,PERSON
,79,3,Jerusalem,GPE
,79,7,Jacob,PERSON
,79,13,So,PERSON
,80,1,Israel,GPE
,80,1,Joseph,PERSON
,80,2,Ephraim,PERSON
,80,2,Benjamin,PERSON
,80,2,Manasseh,PERSON
,80,8,Egypt,GPE
,80,12,so,PERSON
,80,18,So,PERSON
,81,1,Jacob,PERSON
,81,3,on,PERSON
,81,4,Israel,GPE
,81,4,Jacob,PERSON
,81,5,Joseph,PERSON
,81,5,Egypt,GPE
,81,7,Meribah,PERSON
,81,7,Selah,ORG
,81,8,Israel,GPE
,81,10,Egypt,GPE
,81,11,Israel,GPE
,81,12,So,PERSON
,81,13,Israel,GPE
,81,16,fed,ORG
,82,5,on,PERSON
,82,6,Ye,PERSON
,83,4,Israel,GPE
,83,5,one,CARDINAL
,83,6,Edom,ORG
,83,6,Ishmaelites,NORP
,83,6,Moab,GPE
,83,6,Hagarenes,PRODUCT
,83,7,Gebal,ORG
,83,7,Ammon,PERSON
,83,7,Amalek,PERSON
,83,7,Philistines,NORP
,83,7,Tyre,FAC
,83,8,Assur,ORG
,83,8,Lot,PERSON
,83,9,Midianites,GPE
,83,9,Sisera,GPE
,83,9,Jabin,PERSON
,83,9,the brook of,FAC
,83,9,Kison,PERSON
,83,10,Endor,EVENT
,83,11,Oreb,PERSON
,83,11,Zeeb,PERSON
,83,11,Zebah,PERSON
,83,11,Zalmunna,PERSON
,83,14,on,PERSON
,83,15,So,PERSON
,83,17,put,PERSON
,83,18,JEHOVAH,PERSON
,84,4,Selah,PERSON
,84,5,Blessed,PERSON
,84,6,Baca,PERSON
,84,7,Zion,GPE
,84,8,Jacob,PERSON
,84,8,Selah,ORG
,84,10,a day,DATE
,85,1,Jacob,PERSON
,85,11,spring,DATE
,86,7,the day,DATE
,87,2,Zion,GPE
,87,2,Jacob,PERSON
,87,3,Selah,PERSON
,87,4,Rahab,PERSON
,87,4,Babylon,PERSON
,87,4,Philistia,PERSON
,87,4,Tyre,PERSON
,87,4,Ethiopia,GPE
,87,6,Selah,ORG
,87,7,on,PERSON
,88,7,Selah,ORG
,88,8,put,PERSON
,88,10,Selah,PERSON
,88,18,put,PERSON
,89,3,David,PERSON
,89,4,Selah,ORG
,89,10,Rahab,PERSON
,89,12,Tabor,PERSON
,89,12,Hermon,GPE
,89,14,Justice,ORG
,89,15,Blessed,PERSON
,89,16,all the day,DATE
,89,18,Israel,GPE
,89,19,one,CARDINAL
,89,20,David,PERSON
,89,35,David,PERSON
,89,37,Selah,PERSON
,89,45,The days,DATE
,89,45,Selah,ORG
,89,48,death,PERSON
,89,48,Selah,PERSON
,89,49,David,PERSON
,90,4,a thousand years,DATE
,90,4,yesterday,DATE
,90,6,the morning,TIME
,90,9,all our days,DATE
,90,9,our years,DATE
,90,10,The days of our years,DATE
,90,10,threescore years,DATE
,90,10,ten,CARDINAL
,90,10,fourscore years,DATE
,90,11,so,PERSON
,90,12,So,PERSON
,90,15,the days,DATE
,91,6,noonday,DATE
,91,7,A thousand,CARDINAL
,91,7,ten thousand,CARDINAL
,91,14,on,PERSON
,92,2,every night,TIME
,92,3,ten,CARDINAL
,92,11,on,PERSON
,92,12,Lebanon,GPE
,93,4,on,PERSON
,93,5,thine house,ORG
,94,7,Jacob,PERSON
,94,12,Blessed,PERSON
,94,13,the days,DATE
,95,8,Harden,PERSON
,95,8,the day,DATE
,95,10,Forty years long,DATE
,97,8,Zion,GPE
,97,8,Judah,PERSON
,98,3,Israel,GPE
,99,2,Zion,GPE
,99,4,Jacob,PERSON
,99,6,Moses,PERSON
,99,6,Aaron,PERSON
,99,6,Samuel,PERSON
,100,4,thanksgiving,DATE
,102,2,the day,DATE
,102,2,the day,DATE
,102,3,my days,DATE
,102,4,so,PERSON
,102,11,My days,DATE
,102,15,So,PERSON
,102,16,Zion,GPE
,102,20,death,PERSON
,102,21,Zion,GPE
,102,21,Jerusalem,GPE
,102,23,my days,DATE
,103,5,so,PERSON
,103,7,Moses,PERSON
,103,7,Israel,GPE
,103,11,so,PERSON
,103,12,so,PERSON
,103,13,so,PERSON
,103,15,so,PERSON
,104,16,Lebanon,GPE
,104,25,So,PERSON
,104,27,season,DATE
,104,32,on,PERSON
,105,6,Abraham,PERSON
,105,6,Jacob,PERSON
,105,8,a thousand,CARDINAL
,105,9,Abraham,PERSON
,105,9,Isaac,PERSON
,105,10,Jacob,PERSON
,105,10,Israel,GPE
,105,11,Canaan,GPE
,105,11,lot,PERSON
,105,13,one,CARDINAL
,105,13,one,CARDINAL
,105,17,Joseph,PERSON
,105,23,Israel,GPE
,105,23,Egypt,GPE
,105,23,Jacob,PERSON
,105,23,Ham,PERSON
,105,26,Moses,PERSON
,105,26,Aaron,PERSON
,105,27,Ham,PERSON
,105,37,one,CARDINAL
,105,38,Egypt,GPE
,105,42,Abraham,PERSON
,106,7,Egypt,GPE
,106,7,the Red sea,LOC
,106,9,so,PERSON
,106,16,Moses,PERSON
,106,16,Aaron,PERSON
,106,17,Dathan,GPE
,106,17,Abiram,ORG
,106,19,Horeb,GPE
,106,21,Egypt,GPE
,106,22,Ham,PERSON
,106,22,the Red sea,LOC
,106,23,Moses,PERSON
,106,28,Baalpeor,PERSON
,106,30,Phinehas,ORG
,106,30,so,PERSON
,106,32,so,PERSON
,106,32,Moses,PERSON
,106,33,so,PERSON
,106,38,Canaan,GPE
,106,48,Israel,GPE
,107,2,so,PERSON
,107,10,death,PERSON
,107,14,death,PERSON
,107,18,death,PERSON
,107,22,thanksgiving,DATE
,107,29,so,PERSON
,107,30,so,PERSON
,107,38,so,PERSON
,107,41,on,PERSON
,108,7,Shechem,ORG
,108,7,Succoth,GPE
,108,8,Gilead,ORG
,108,8,Manasseh,PRODUCT
,108,8,Ephraim,PERSON
,108,8,Judah,PERSON
,108,9,Moab,GPE
,108,9,Edom,ORG
,108,9,Philistia,ORG
,108,10,Edom,PERSON
,109,6,Satan,PERSON
,109,17,so,PERSON
,109,17,so,PERSON
,109,18,so,PERSON
,110,2,Zion,GPE
,110,3,the day,DATE
,110,4,Melchizedek,PERSON
,110,5,the day,DATE
,112,1,Blessed,PERSON
,113,5,on,PERSON
,113,6,earth,LOC
,114,1,Israel,GPE
,114,1,Egypt,GPE
,114,1,Jacob,PERSON
,114,2,Judah,PERSON
,114,2,Israel,GPE
,114,3,Jordan,GPE
,114,5,Jordan,GPE
,114,7,Jacob,PERSON
,115,8,so,PERSON
,115,9,Israel,GPE
,115,10,Aaron,PERSON
,115,12,Israel,GPE
,115,12,Aaron,PERSON
,116,3,death,PERSON
,116,3,gat,ORG
,116,8,death,PERSON
,116,15,death,PERSON
,116,17,thanksgiving,DATE
,116,19,O Jerusalem,GPE
,118,2,Israel,GPE
,118,3,Aaron,PERSON
,118,6,on,PERSON
,118,8,put,PERSON
,118,9,put,PERSON
,118,18,death,PERSON
,118,24,the day,DATE
,119,9,Wherewithal,ORG
,119,27,so,PERSON
,119,31,put,PERSON
,119,38,Stablish,PERSON
,119,42,So,PERSON
,119,44,So,PERSON
,119,55,the night,TIME
,119,59,on,PERSON
,119,62,midnight,TIME
,119,72,me than thousands,CARDINAL
,119,84,on,PERSON
,119,88,so,PERSON
,119,91,this day,DATE
,119,134,so,PERSON
,119,143,on,PERSON
,119,164,Seven,CARDINAL
,120,5,Mesech,GPE
,120,5,Kedar,GPE
,121,4,Israel,GPE
,122,2,O Jerusalem,GPE
,122,3,Jerusalem,GPE
,122,4,Israel,GPE
,122,5,David,PERSON
,122,6,Jerusalem,GPE
,123,2,so,PERSON
,124,1,on,PERSON
,124,1,Israel,GPE
,124,2,on,PERSON
,125,1,mount Zion,GPE
,125,2,Jerusalem,GPE
,125,2,so,PERSON
,125,3,lot,PERSON
,125,3,put,PERSON
,125,5,Israel,GPE
,126,1,Zion,GPE
,127,2,so,PERSON
,127,4,so,PERSON
,128,1,Blessed,PERSON
,128,3,thine house,ORG
,128,5,Zion,GPE
,128,5,Jerusalem,GPE
,128,6,Israel,GPE
,129,1,Israel,GPE
,129,5,Zion,GPE
,130,7,Israel,GPE
,130,8,Israel,GPE
,131,3,Israel,GPE
,132,1,David,PERSON
,132,2,Jacob,PERSON
,132,5,Jacob,PERSON
,132,6,Lo,PERSON
,132,6,Ephratah,PERSON
,132,8,ark,PERSON
,132,10,David,PERSON
,132,11,David,PERSON
,132,13,Zion,ORG
,132,17,David,PERSON
,133,2,Aaron,PERSON
,133,3,Hermon,GPE
,134,1,night,TIME
,134,3,Zion,GPE
,135,2,Ye,PERSON
,135,4,Jacob,PERSON
,135,4,Israel,GPE
,135,8,Egypt,GPE
,135,9,Egypt,GPE
,135,9,Pharaoh,PERSON
,135,11,Sihon,PERSON
,135,11,Amorites,ORG
,135,11,Og,PERSON
,135,11,Bashan,PERSON
,135,11,Canaan,GPE
,135,12,Israel,GPE
,135,18,so,PERSON
,135,19,Israel,GPE
,135,19,Aaron,PERSON
,135,20,Levi,PERSON
,135,21,Zion,GPE
,135,21,Jerusalem,GPE
,136,9,night,TIME
,136,10,Egypt,GPE
,136,11,Israel,GPE
,136,14,Israel,GPE
,136,15,Pharaoh,PERSON
,136,15,the Red sea,LOC
,136,19,Sihon,PERSON
,136,19,Amorites,NORP
,136,20,Og,PERSON
,136,20,Bashan,PERSON
,136,22,Israel,GPE
,137,1,Babylon,GPE
,137,1,Zion,GPE
,137,3,one,CARDINAL
,137,3,Zion,GPE
,137,5,O Jerusalem,GPE
,137,6,Jerusalem,GPE
,137,7,Edom,GPE
,137,7,the day,DATE
,137,7,Jerusalem,GPE
,137,7,Rase,PERSON
,137,8,daughter,PERSON
,137,8,Babylon,PERSON
,138,3,the day,DATE
,139,12,the day,DATE
,140,3,Selah,ORG
,140,5,Selah,PERSON
,140,7,the day,DATE
,140,8,Selah,ORG
,141,7,one,CARDINAL
,142,4,on,PERSON
,142,6,I.,ORG
,143,5,on,PERSON
,143,5,on,PERSON
,143,6,Selah,ORG
,144,9,ten,CARDINAL
,144,10,delivereth David,PERSON
,144,13,thousands and ten thousands,CARDINAL
,145,2,Every day,DATE
,145,4,One,CARDINAL
,145,15,season,DATE
,146,3,Put,PERSON
,146,5,Jacob,PERSON
,146,10,O Zion,GPE
,147,2,Jerusalem,GPE
,147,2,Israel,GPE
,147,7,thanksgiving,DATE
,147,12,O Jerusalem,GPE
,147,12,O Zion,GPE
,147,19,Jacob,PERSON
,147,19,Israel,GPE
,147,20,so,PERSON
,148,14,Israel,GPE
,149,2,Israel,GPE
,149,2,Zion,GPE
,149,6,two,CARDINAL
,1,1,Solomon,PERSON
,1,1,David,PERSON
,1,1,Israel,GPE
,1,14,lot,PERSON
,1,19,So,PERSON
,2,2,So,PERSON
,2,18,death,PERSON
,3,4,So,PERSON
,3,10,So,PERSON
,3,16,of days,DATE
,3,22,So,PERSON
,4,10,the years,DATE
,4,24,Put,PERSON
,4,24,put,PERSON
,4,25,on,PERSON
,5,4,two,CARDINAL
,5,5,death,PERSON
,5,5,on,PERSON
,6,8,the summer,DATE
,6,11,So,PERSON
,6,14,Frowardness,ORG
,6,16,six,CARDINAL
,6,16,seven,CARDINAL
,6,29,So,PERSON
,6,34,the day,DATE
,7,13,So,PERSON
,7,14,this day,DATE
,7,16,Egypt,GPE
,7,18,the morning,TIME
,7,19,goodman,ORG
,7,20,the day,DATE
,7,27,death,PERSON
,8,1,put,PERSON
,8,18,Riches,ORG
,8,30,one,CARDINAL
,8,34,Blessed,PERSON
,8,34,daily,DATE
,8,36,death,PERSON
,9,1,seven,CARDINAL
,9,11,the years,DATE
,9,14,on,PERSON
,9,15,on,PERSON
,10,1,Solomon,PERSON
,10,2,death,PERSON
,10,5,summer,DATE
,10,19,wanteth,ORG
,10,25,so,PERSON
,10,26,so,PERSON
,10,27,the LORD prolongeth,FAC
,10,27,days,DATE
,11,4,Riches,ORG
,11,4,the day,DATE
,11,4,death,PERSON
,11,19,so,PERSON
,11,19,death,PERSON
,11,22,so,PERSON
,12,28,death,PERSON
,13,9,put,PERSON
,13,14,death,PERSON
,14,12,death,PERSON
,14,21,on,PERSON
,14,27,death,PERSON
,14,31,on,PERSON
,14,32,death,PERSON
,15,7,so,PERSON
,15,14,on,PERSON
,15,15,All the days,DATE
,15,21,Folly,PERSON
,15,23,season,DATE
,16,4,the day,DATE
,16,14,death,PERSON
,16,25,death,PERSON
,16,33,lot,PERSON
,17,14,one,CARDINAL
,18,17,first,ORDINAL
,18,18,lot,PERSON
,18,21,Death,PERSON
,19,14,House,ORG
,19,24,so,PERSON
,20,13,Love,WORK_OF_ART
,20,20,put,PERSON
,20,22,on,PERSON
,20,30,so,PERSON
,21,6,death,PERSON
,21,31,the day,DATE
,22,3,on,PERSON
,22,19,this day,DATE
,22,22,Rob,PERSON
,22,29,Seest,ORG
,23,2,put,PERSON
,23,7,so,PERSON
,24,10,the day,DATE
,24,11,death,PERSON
,24,14,So,PERSON
,24,16,seven,CARDINAL
,24,20,put,PERSON
,24,27,thine house,ORG
,24,29,so,PERSON
,24,34,So,PERSON
,25,1,Solomon,PERSON
,25,1,Hezekiah,PERSON
,25,1,Judah,PERSON
,25,6,Put,PERSON
,25,7,put,PERSON
,25,8,put,PERSON
,25,10,put,PERSON
,25,12,so,PERSON
,25,13,so,PERSON
,25,16,so,PERSON
,25,17,so,PERSON
,25,20,so,PERSON
,25,23,so,PERSON
,25,25,so,PERSON
,25,27,so,PERSON
,26,1,summer,DATE
,26,1,so,PERSON
,26,2,so,PERSON
,26,7,so,PERSON
,26,8,so,PERSON
,26,9,so,PERSON
,26,11,so,PERSON
,26,12,Seest,ORG
,26,14,so,PERSON
,26,16,seven,CARDINAL
,26,18,death,PERSON
,26,19,So,PERSON
,26,20,so,PERSON
,26,21,so,PERSON
,26,25,seven,CARDINAL
,27,8,so,PERSON
,27,9,so,PERSON
,27,10,Thine,ORG
,27,10,the day,DATE
,27,12,on,PERSON
,27,14,early in the morning,TIME
,27,15,a very rainy day,DATE
,27,17,so,PERSON
,27,18,so,PERSON
,27,18,on,PERSON
,27,19,so,PERSON
,27,20,so,PERSON
,27,21,so,PERSON
,28,15,so,PERSON
,28,16,his days,DATE
,29,20,Seest,ORG
,30,1,Agur,PERSON
,30,1,Jakeh,EVENT
,30,1,Ithiel,PERSON
,30,1,Ithiel,PERSON
,30,1,Ucal,PERSON
,30,5,put,PERSON
,30,7,Two,CARDINAL
,30,15,two,CARDINAL
,30,15,three,CARDINAL
,30,15,four,CARDINAL
,30,18,three,CARDINAL
,30,18,four,CARDINAL
,30,21,three,CARDINAL
,30,21,four,CARDINAL
,30,24,four,CARDINAL
,30,25,the summer,DATE
,30,29,three,CARDINAL
,30,29,four,CARDINAL
,30,33,so,PERSON
,31,1,Lemuel,PERSON
,31,4,O Lemuel,PERSON
,31,11,so,PERSON
,31,18,night,TIME
,1,1,David,PERSON
,1,1,Jerusalem,GPE
,1,4,One,CARDINAL
,1,12,Israel,GPE
,1,12,Jerusalem,GPE
,1,16,Lo,PERSON
,1,16,Jerusalem,GPE
,2,3,on,PERSON
,2,3,all the days,DATE
,2,7,Jerusalem,GPE
,2,9,So,PERSON
,2,9,Jerusalem,GPE
,2,11,on,PERSON
,2,11,on,PERSON
,2,14,one,CARDINAL
,2,15,so,PERSON
,2,16,the days,DATE
,3,11,so,PERSON
,3,14,put,PERSON
,3,19,one,CARDINAL
,3,19,so,PERSON
,3,19,so,PERSON
,3,20,one,CARDINAL
,4,1,So,PERSON
,4,1,on,PERSON
,4,8,second,ORDINAL
,4,9,Two,CARDINAL
,4,11,two,CARDINAL
,4,12,one,CARDINAL
,4,12,two,CARDINAL
,4,15,second,ORDINAL
,5,16,so,PERSON
,5,20,the days,DATE
,6,2,so,PERSON
,6,3,hundred,CARDINAL
,6,3,so,PERSON
,6,3,the days of his years,DATE
,6,6,a thousand years,DATE
,6,6,one,CARDINAL
,7,1,the day,DATE
,7,1,death,PERSON
,7,1,the day,DATE
,7,6,so,PERSON
,7,10,the former days,DATE
,7,14,the day,DATE
,7,14,the day,DATE
,7,14,one,CARDINAL
,7,15,the days,DATE
,7,19,more than ten,CARDINAL
,7,26,death,PERSON
,7,27,one,CARDINAL
,7,28,one,CARDINAL
,7,28,a thousand,CARDINAL
,7,29,Lo,PERSON
,8,8,the day,DATE
,8,8,death,PERSON
,8,9,one,CARDINAL
,8,10,so,PERSON
,8,10,so,PERSON
,8,12,hundred,CARDINAL
,9,2,one,CARDINAL
,9,2,so,PERSON
,9,3,one,CARDINAL
,9,12,so,PERSON
,9,18,one,CARDINAL
,10,1,so,PERSON
,10,6,Folly,PERSON
,10,9,cleaveth wood,ORG
,10,10,put,PERSON
,10,17,season,DATE
,11,1,many days,DATE
,11,2,seven,CARDINAL
,11,2,eight,CARDINAL
,11,5,so,PERSON
,11,9,the days,DATE
,11,10,put,PERSON
,12,1,the days,DATE
,12,3,the day,DATE
,12,11,one,CARDINAL
,1,1,Solomon,PERSON
,1,5,Jerusalem,GPE
,1,5,Kedar,GPE
,1,5,Solomon,PERSON
,1,7,noon,TIME
,1,9,Pharaoh,PERSON
,1,14,Engedi,PERSON
,2,1,Sharon,PERSON
,2,2,so,PERSON
,2,3,so,PERSON
,2,7,Jerusalem,GPE
,2,9,hart,PERSON
,2,10,Rise,PERSON
,2,12,on,PERSON
,2,17,the day,DATE
,2,17,hart,PERSON
,2,17,Bether,GPE
,3,1,night,TIME
,3,1,on,PERSON
,3,5,Jerusalem,GPE
,3,7,Solomon,PERSON
,3,7,threescore,CARDINAL
,3,7,Israel,GPE
,3,9,Solomon,PERSON
,3,9,Lebanon,GPE
,3,10,Jerusalem,GPE
,3,11,Zion,GPE
,3,11,Solomon,PERSON
,3,11,the day,DATE
,3,11,the day,DATE
,4,1,mount Gilead,GPE
,4,2,one,CARDINAL
,4,4,David,PERSON
,4,4,a thousand,CARDINAL
,4,5,two,CARDINAL
,4,5,two,CARDINAL
,4,6,the day,DATE
,4,8,Lebanon,GPE
,4,8,Lebanon,GPE
,4,8,Amana,ORG
,4,8,Shenir and Hermon,ORG
,4,9,one,CARDINAL
,4,9,one,CARDINAL
,4,11,Lebanon,GPE
,4,15,Lebanon,GPE
,5,3,put,PERSON
,5,3,put,PERSON
,5,3,on,PERSON
,5,4,put,PERSON
,5,8,Jerusalem,GPE
,5,9,so,PERSON
,5,10,ten thousand,CARDINAL
,5,15,Lebanon,GPE
,5,16,Jerusalem,GPE
,6,4,Tirzah,GPE
,6,4,Jerusalem,GPE
,6,5,Gilead,ORG
,6,6,one,CARDINAL
,6,8,threescore,CARDINAL
,6,8,fourscore,CARDINAL
,6,12,Amminadib,ORG
,6,13,O Shulamite,PERSON
,6,13,Shulamite,PRODUCT
,6,13,two,CARDINAL
,7,1,daughter,PERSON
,7,2,wanteth,ORG
,7,3,two,CARDINAL
,7,3,two,CARDINAL
,7,4,Heshbon,PERSON
,7,4,Bathrabbim,NORP
,7,4,Lebanon,GPE
,7,4,Damascus,GPE
,7,5,Thine,ORG
,7,5,Carmel,ORG
,8,4,Jerusalem,GPE
,8,6,death,PERSON
,8,8,the day,DATE
,8,11,Solomon,PERSON
,8,11,Baalhamon,ORG
,8,11,thousand,CARDINAL
,8,12,Solomon,PERSON
,8,12,a thousand,CARDINAL
,8,12,two hundred,CARDINAL
,8,14,hart,PERSON
,1,1,Isaiah,PERSON
,1,1,Amoz,PERSON
,1,1,Judah,PERSON
,1,1,Jerusalem,GPE
,1,1,the days,DATE
,1,1,Uzziah,ORG
,1,1,Jotham,PERSON
,1,1,Ahaz,ORG
,1,1,Hezekiah,PERSON
,1,1,Judah,PERSON
,1,3,Israel,GPE
,1,4,Israel,GPE
,1,8,daughter,PERSON
,1,8,Zion,GPE
,1,9,Sodom,GPE
,1,9,Gomorrah,PERSON
,1,10,Sodom,GPE
,1,10,Gomorrah,GPE
,1,11,fed,ORG
,1,16,put,PERSON
,1,24,One,CARDINAL
,1,24,Israel,GPE
,1,26,first,ORDINAL
,2,1,Isaiah,PERSON
,2,1,Amoz,PERSON
,2,1,Judah,PERSON
,2,1,Jerusalem,GPE
,2,2,the last days,DATE
,2,3,Jacob,PERSON
,2,3,Zion,LOC
,2,3,Jerusalem,GPE
,2,5,Jacob,PERSON
,2,6,Jacob,PERSON
,2,6,Philistines,NORP
,2,11,that day,DATE
,2,12,the day,DATE
,2,13,Lebanon,GPE
,2,13,Bashan,GPE
,2,16,Tarshish,PERSON
,2,17,that day,DATE
,2,20,that day,DATE
,3,1,Jerusalem,GPE
,3,1,Judah,PERSON
,3,3,fifty,CARDINAL
,3,7,that day,DATE
,3,8,Jerusalem,GPE
,3,8,Judah,PERSON
,3,9,Sodom,GPE
,3,16,Zion,GPE
,3,17,Zion,GPE
,3,18,that day,DATE
,4,1,that day,DATE
,4,1,seven,CARDINAL
,4,1,one,CARDINAL
,4,2,that day,DATE
,4,2,Israel,GPE
,4,3,Zion,GPE
,4,3,Jerusalem,GPE
,4,3,Jerusalem,GPE
,4,4,Zion,GPE
,4,4,Jerusalem,GPE
,4,5,mount Zion,LOC
,4,5,day,DATE
,4,5,night,TIME
,5,3,Jerusalem,GPE
,5,3,Judah,PERSON
,5,7,Israel,GPE
,5,7,Judah,PERSON
,5,8,earth,LOC
,5,10,ten acres,QUANTITY
,5,10,one,CARDINAL
,5,10,ephah,PERSON
,5,11,early in the morning,TIME
,5,11,night,TIME
,5,19,Israel,GPE
,5,20,put,PERSON
,5,20,put,PERSON
,5,24,so,PERSON
,5,24,Israel,GPE
,5,30,that day,DATE
,6,1,the year,DATE
,6,1,Uzziah,PERSON
,6,2,six,CARDINAL
,6,3,one,CARDINAL
,6,7,Lo,PERSON
,6,13,so,PERSON
,7,1,the days,DATE
,7,1,Ahaz,PERSON
,7,1,Jotham,PERSON
,7,1,Uzziah,ORG
,7,1,Judah,PERSON
,7,1,Rezin,PERSON
,7,1,Syria,GPE
,7,1,Pekah,PERSON
,7,1,Remaliah,ORG
,7,1,Israel,GPE
,7,1,Jerusalem,GPE
,7,2,David,PERSON
,7,2,Syria,GPE
,7,2,Ephraim,PERSON
,7,3,Isaiah,PERSON
,7,3,Ahaz,PERSON
,7,3,Shearjashub,PERSON
,7,4,two,CARDINAL
,7,4,Rezin,GPE
,7,4,Syria,GPE
,7,4,Remaliah,ORG
,7,5,Syria,GPE
,7,5,Ephraim,PERSON
,7,5,Remaliah,ORG
,7,6,Judah,PERSON
,7,6,Tabeal,PERSON
,7,8,Syria,GPE
,7,8,Damascus,GPE
,7,8,Damascus,GPE
,7,8,Rezin,GPE
,7,8,threescore and five years,DATE
,7,8,Ephraim,PERSON
,7,9,Ephraim,GPE
,7,9,Samaria,GPE
,7,9,Samaria,GPE
,7,9,Remaliah,ORG
,7,10,Ahaz,PERSON
,7,12,Ahaz,ORG
,7,13,David,PERSON
,7,14,Immanuel,PERSON
,7,17,the day,DATE
,7,17,Ephraim,PERSON
,7,17,Judah,GPE
,7,17,Assyria,GPE
,7,18,that day,DATE
,7,18,Egypt,GPE
,7,18,Assyria,GPE
,7,20,the same day,DATE
,7,20,Assyria,GPE
,7,21,that day,DATE
,7,21,two,CARDINAL
,7,23,that day,DATE
,7,23,thousand,CARDINAL
,7,25,on,PERSON
,8,1,Mahershalalhashbaz,PERSON
,8,2,Uriah,PERSON
,8,2,Zechariah,PERSON
,8,2,Jeberechiah,GPE
,8,3,Mahershalalhashbaz,PERSON
,8,4,Damascus,GPE
,8,4,Samaria,GPE
,8,4,Assyria,GPE
,8,6,Forasmuch,ORG
,8,6,Rezin,GPE
,8,6,Remaliah,ORG
,8,7,Assyria,GPE
,8,8,Judah,GPE
,8,8,Immanuel,PERSON
,8,14,Israel,GPE
,8,14,Jerusalem,GPE
,8,17,Jacob,PERSON
,8,18,Israel,GPE
,8,18,mount Zion,GPE
,9,1,Zebulun,GPE
,9,1,Naphtali,GPE
,9,1,Jordan,GPE
,9,1,Galilee of the,LOC
,9,2,death,PERSON
,9,4,the day,DATE
,9,4,Midian,PERSON
,9,6,"Wonderful, Counsellor",ORG
,9,6,The Prince of Peace,PERSON
,9,7,David,PERSON
,9,8,Jacob,PERSON
,9,8,Israel,GPE
,9,9,Ephraim,PERSON
,9,9,Samaria,GPE
,9,11,Rezin,PERSON
,9,12,Syrians,NORP
,9,12,Philistines,NORP
,9,12,Israel,GPE
,9,14,Israel,GPE
,9,14,one day,DATE
,9,17,on,PERSON
,9,20,on,PERSON
,9,20,on,PERSON
,9,21,Manasseh,PERSON
,9,21,Ephraim,PERSON
,9,21,Ephraim,PERSON
,9,21,Manasseh,PERSON
,9,21,Judah,PERSON
,10,3,the day,DATE
,10,5,Assyrian,NORP
,10,7,so,PERSON
,10,7,so,PERSON
,10,9,Carchemish,PERSON
,10,9,Hamath,NORP
,10,9,Arpad,PERSON
,10,9,Samaria,GPE
,10,9,Damascus,GPE
,10,10,Jerusalem,GPE
,10,10,Samaria,GPE
,10,11,Samaria,GPE
,10,11,so,PERSON
,10,11,Jerusalem,GPE
,10,12,mount Zion,GPE
,10,12,on,PERSON
,10,12,Jerusalem,GPE
,10,12,Assyria,GPE
,10,13,put,PERSON
,10,14,one,CARDINAL
,10,17,Israel,GPE
,10,17,Holy One,PRODUCT
,10,17,one day,DATE
,10,20,that day,DATE
,10,20,Israel,GPE
,10,20,Jacob,PERSON
,10,20,Israel,GPE
,10,21,Jacob,PERSON
,10,22,Israel,GPE
,10,24,Zion,GPE
,10,24,Assyrian,NORP
,10,24,Egypt,GPE
,10,26,Midian,PERSON
,10,26,Oreb,GPE
,10,26,so,PERSON
,10,26,Egypt,GPE
,10,27,that day,DATE
,10,28,Aiath,PERSON
,10,28,Migron,ORG
,10,28,Michmash,PERSON
,10,29,Geba,GPE
,10,29,Ramah,GPE
,10,29,Gibeah of Saul,PERSON
,10,30,daughter,PERSON
,10,30,Gallim,NORP
,10,30,Laish,PERSON
,10,30,Anathoth,PERSON
,10,31,Gebim,CARDINAL
,10,32,Nob,PERSON
,10,32,daughter,PERSON
,10,32,Zion,GPE
,10,32,Jerusalem,GPE
,10,34,Lebanon,GPE
,11,1,Jesse,PERSON
,11,1,Branch,ORG
,11,8,on,PERSON
,11,8,put,PERSON
,11,8,on,PERSON
,11,10,that day,DATE
,11,10,Jesse,PERSON
,11,10,Gentiles,ORG
,11,11,that day,DATE
,11,11,second,ORDINAL
,11,11,Assyria,GPE
,11,11,Egypt,GPE
,11,11,Pathros,ORG
,11,11,Cush,PERSON
,11,11,Elam,ORG
,11,11,Shinar,ORG
,11,11,Hamath,NORP
,11,12,Israel,GPE
,11,12,Judah,PERSON
,11,12,four,CARDINAL
,11,13,Ephraim,PERSON
,11,13,Judah,PERSON
,11,13,Ephraim,PERSON
,11,13,Judah,PERSON
,11,13,Judah,PERSON
,11,13,Ephraim,PERSON
,11,14,Philistines,NORP
,11,14,Edom,ORG
,11,14,Moab,GPE
,11,14,Ammon,PERSON
,11,15,Egyptian,NORP
,11,15,seven,CARDINAL
,11,16,Assyria,GPE
,11,16,Israel,GPE
,11,16,the day,DATE
,11,16,Egypt,GPE
,12,1,that day,DATE
,12,2,JEHOVAH,PERSON
,12,4,that day,DATE
,12,6,Zion,GPE
,12,6,Israel,GPE
,13,1,Babylon,GPE
,13,1,Isaiah,PERSON
,13,1,Amoz,PERSON
,13,6,the day,DATE
,13,9,the day,DATE
,13,12,Ophir,GPE
,13,13,the day,DATE
,13,17,Medes,NORP
,13,18,on,PERSON
,13,19,Babylon,PERSON
,13,19,Chaldees,ORG
,13,19,Sodom,GPE
,13,19,Gomorrah,GPE
,13,20,Arabian,NORP
,14,1,on,PERSON
,14,1,Jacob,PERSON
,14,1,Israel,GPE
,14,1,Jacob,PERSON
,14,2,Israel,GPE
,14,3,the day,DATE
,14,4,Babylon,PERSON
,14,4,golden city,GPE
,14,8,Lebanon,GPE
,14,10,Art,PERSON
,14,22,Babylon,GPE
,14,24,so,PERSON
,14,24,so,PERSON
,14,25,Assyrian,NORP
,14,28,the year,DATE
,14,28,Ahaz,PERSON
,14,29,Palestina,ORG
,14,31,Palestina,GPE
,14,32,Zion,ORG
,15,1,Moab,GPE
,15,1,the night,TIME
,15,1,Moab,PERSON
,15,1,the night,TIME
,15,1,Moab,GPE
,15,2,Dibon,ORG
,15,2,Moab,LOC
,15,2,Nebo,ORG
,15,2,Medeba,NORP
,15,2,on,PERSON
,15,3,on,PERSON
,15,4,Heshbon,PERSON
,15,4,Elealeh,ORG
,15,4,Moab,LOC
,15,5,Moab,GPE
,15,5,Zoar,GPE
,15,5,three years old,DATE
,15,5,Luhith,ORG
,15,5,Horonaim,PERSON
,15,6,Nimrim,ORG
,15,8,Moab,GPE
,15,8,Eglaim,PERSON
,15,8,Beerelim,ORG
,15,9,Dimon,PERSON
,15,9,Dimon,PERSON
,15,9,Moab,GPE
,16,1,Sela,GPE
,16,1,daughter,PERSON
,16,1,Zion,GPE
,16,2,so,PERSON
,16,2,Moab,LOC
,16,2,Arnon,PERSON
,16,3,the night,TIME
,16,4,Moab,GPE
,16,4,ceaseth,PERSON
,16,5,David,PERSON
,16,6,Moab,GPE
,16,6,so,PERSON
,16,7,Moab,LOC
,16,7,Moab,LOC
,16,7,Kirhareseth,PERSON
,16,8,Heshbon,PERSON
,16,8,Sibmah,ORG
,16,8,Jazer,PERSON
,16,9,Jazer,PERSON
,16,11,Moab,GPE
,16,11,Kirharesh,PERSON
,16,12,Moab,LOC
,16,12,on,PERSON
,16,13,Moab,LOC
,16,14,three years,DATE
,16,14,the years,DATE
,16,14,Moab,LOC
,17,1,Damascus,GPE
,17,1,Damascus,GPE
,17,2,Aroer,GPE
,17,3,Ephraim,PERSON
,17,3,Damascus,GPE
,17,3,Syria,GPE
,17,3,Israel,GPE
,17,4,that day,DATE
,17,4,Jacob,PERSON
,17,6,two,CARDINAL
,17,6,three,CARDINAL
,17,6,four,CARDINAL
,17,6,five,CARDINAL
,17,6,Israel,GPE
,17,7,that day,DATE
,17,7,Israel,GPE
,17,9,that day,DATE
,17,9,Israel,GPE
,17,11,the day,DATE
,17,11,the day,DATE
,17,14,lot,PERSON
,18,1,Ethiopia,GPE
,18,3,on,PERSON
,18,3,on,PERSON
,18,4,so,PERSON
,18,6,summer,DATE
,18,6,winter,DATE
,18,7,the mount Zion,LOC
,19,1,Egypt,GPE
,19,1,Egypt,GPE
,19,1,Egypt,GPE
,19,1,Egypt,GPE
,19,2,Egyptians,NORP
,19,2,Egyptians,NORP
,19,3,Egypt,GPE
,19,4,Egyptians,NORP
,19,7,brooks,ORG
,19,7,brooks,ORG
,19,7,brooks,ORG
,19,11,Zoan,PERSON
,19,11,Pharaoh,PERSON
,19,11,Pharaoh,PERSON
,19,12,Egypt,GPE
,19,13,Zoan,PERSON
,19,13,Noph,PERSON
,19,13,Egypt,GPE
,19,14,Egypt,GPE
,19,15,Egypt,GPE
,19,16,that day,DATE
,19,16,Egypt,GPE
,19,17,Judah,PERSON
,19,17,Egypt,GPE
,19,18,that day,DATE
,19,18,five,CARDINAL
,19,18,Egypt,GPE
,19,18,Canaan,GPE
,19,18,one,CARDINAL
,19,19,that day,DATE
,19,19,Egypt,GPE
,19,20,Egypt,GPE
,19,21,Egypt,GPE
,19,21,Egyptians,NORP
,19,21,that day,DATE
,19,22,Egypt,GPE
,19,23,that day,DATE
,19,23,Egypt,GPE
,19,23,Assyria,GPE
,19,23,Assyrian,NORP
,19,23,Egypt,GPE
,19,23,Egyptian,NORP
,19,23,Assyria,GPE
,19,23,Egyptians,NORP
,19,23,Assyrians,NORP
,19,24,that day,DATE
,19,24,Israel,GPE
,19,24,third,ORDINAL
,19,24,Egypt,GPE
,19,24,Assyria,GPE
,19,25,Blessed,PERSON
,19,25,Egypt,GPE
,19,25,Assyria,GPE
,19,25,Israel,GPE
,20,1,the year,DATE
,20,1,Tartan,FAC
,20,1,Ashdod,ORG
,20,1,Sargon,PERSON
,20,1,Assyria,GPE
,20,1,Ashdod,ORG
,20,2,Isaiah,PERSON
,20,2,Amoz,PERSON
,20,2,put,PERSON
,20,2,so,PERSON
,20,3,Isaiah,PERSON
,20,3,three years,DATE
,20,3,Egypt,GPE
,20,3,Ethiopia,GPE
,20,4,So,PERSON
,20,4,Assyria,GPE
,20,4,Egyptians,NORP
,20,4,Ethiopians,NORP
,20,4,Egypt,GPE
,20,5,Ethiopia,GPE
,20,5,Egypt,GPE
,20,6,that day,DATE
,20,6,Behold,PERSON
,20,6,Assyria,GPE
,21,1,so,PERSON
,21,2,Elam,PERSON
,21,4,the night,TIME
,21,9,Babylon,PERSON
,21,10,Israel,GPE
,21,11,Dumah,PERSON
,21,11,"Seir, Watchman",WORK_OF_ART
,21,11,Watchman,PERSON
,21,13,Arabia,GPE
,21,13,Arabia,GPE
,21,13,Dedanim,ORG
,21,14,Tema,ORG
,21,16,a year,DATE
,21,16,the years,DATE
,21,16,Kedar,PERSON
,21,17,Kedar,PERSON
,21,17,Israel,GPE
,22,4,daughter,PERSON
,22,6,Elam,PERSON
,22,6,Kir,PERSON
,22,8,Judah,GPE
,22,8,that day,DATE
,22,9,Ye,PERSON
,22,9,David,GPE
,22,10,Jerusalem,GPE
,22,11,Ye,PERSON
,22,11,two,CARDINAL
,22,12,that day,DATE
,22,15,Shebna,ORG
,22,16,on,PERSON
,22,20,that day,DATE
,22,20,Eliakim,PERSON
,22,20,Hilkiah,PERSON
,22,21,Jerusalem,GPE
,22,21,Judah,PERSON
,22,22,David,PERSON
,22,22,so,PERSON
,22,25,that day,DATE
,23,1,Tarshish,PERSON
,23,1,so,PERSON
,23,1,Chittim,PERSON
,23,2,Zidon,GPE
,23,3,Sihor,ORG
,23,5,Egypt,GPE
,23,5,so,PERSON
,23,5,Tyre,ORG
,23,6,Tarshish,PERSON
,23,8,Tyre,ORG
,23,10,daughter,PERSON
,23,10,Tarshish,PERSON
,23,12,daughter,PERSON
,23,12,Zidon,PERSON
,23,12,Chittim,PERSON
,23,13,Chaldeans,NORP
,23,13,Assyrian,NORP
,23,14,Tarshish,PERSON
,23,15,that day,DATE
,23,15,seventy years,DATE
,23,15,the days,DATE
,23,15,one,CARDINAL
,23,15,the end of seventy years,DATE
,23,15,Tyre,PERSON
,23,17,the end of seventy years,DATE
,23,17,Tyre,ORG
,24,2,so,PERSON
,24,2,so,PERSON
,24,2,so,PERSON
,24,2,so,PERSON
,24,2,so,PERSON
,24,2,so,PERSON
,24,8,ceaseth,PRODUCT
,24,15,Israel,GPE
,24,18,on,PERSON
,24,19,earth,LOC
,24,21,that day,DATE
,24,21,on,PERSON
,24,22,many days,DATE
,24,23,mount Zion,GPE
,24,23,Jerusalem,GPE
,25,6,on,PERSON
,25,6,on,PERSON
,25,7,vail,GPE
,25,8,death,PERSON
,25,9,that day,DATE
,25,9,Lo,PERSON
,25,10,Moab,LOC
,26,1,that day,DATE
,26,1,Judah,GPE
,26,3,on,PERSON
,26,4,JEHOVAH,PERSON
,26,5,on,PERSON
,26,17,so,PERSON
,27,1,that day,DATE
,27,2,that day,DATE
,27,6,Jacob,PERSON
,27,6,Israel,GPE
,27,8,the day,DATE
,27,9,Jacob,PERSON
,27,11,on,PERSON
,27,11,on,PERSON
,27,12,that day,DATE
,27,12,Egypt,GPE
,27,12,one,CARDINAL
,27,12,one,CARDINAL
,27,12,Israel,GPE
,27,13,that day,DATE
,27,13,Assyria,GPE
,27,13,Egypt,GPE
,27,13,Jerusalem,GPE
,28,1,Ephraim,PERSON
,28,1,on,PERSON
,28,3,Ephraim,PERSON
,28,4,on,PERSON
,28,4,the summer,DATE
,28,5,that day,DATE
,28,8,so,PERSON
,28,14,Jerusalem,GPE
,28,15,death,PERSON
,28,16,Zion,GPE
,28,18,death,PERSON
,28,19,morning,TIME
,28,19,morning,TIME
,28,20,on,PERSON
,28,21,Perazim,ORG
,28,21,Gibeon,GPE
,28,24,all day,DATE
,29,1,Ariel,PERSON
,29,1,Ariel,PERSON
,29,1,David,PERSON
,29,2,Ariel,PERSON
,29,2,Ariel,PERSON
,29,7,Ariel,PERSON
,29,8,so,PERSON
,29,8,mount Zion,GPE
,29,13,Forasmuch,ORG
,29,17,Lebanon,GPE
,29,18,that day,DATE
,29,19,Israel,GPE
,29,22,Abraham,PERSON
,29,22,Jacob,PERSON
,29,22,Jacob,PERSON
,29,23,Jacob,PERSON
,29,23,Israel,GPE
,30,2,Egypt,GPE
,30,2,Pharaoh,PERSON
,30,2,Egypt,GPE
,30,3,Pharaoh,PERSON
,30,3,Egypt,GPE
,30,4,Zoan,PERSON
,30,4,Hanes,ORG
,30,7,Egyptians,NORP
,30,11,Israel,GPE
,30,12,Israel,GPE
,30,14,so,PERSON
,30,15,Israel,GPE
,30,17,One thousand,CARDINAL
,30,17,one,CARDINAL
,30,17,five,CARDINAL
,30,17,on,PERSON
,30,19,Zion,GPE
,30,19,Jerusalem,GPE
,30,23,that day,DATE
,30,25,the day,DATE
,30,26,seven days,DATE
,30,26,the day,DATE
,30,29,the night,TIME
,30,29,one,CARDINAL
,30,29,One,CARDINAL
,30,29,Israel,GPE
,30,31,Assyrian,NORP
,30,33,Tophet,ORG
,31,1,Egypt,GPE
,31,1,on,PERSON
,31,1,Israel,GPE
,31,3,Egyptians,NORP
,31,4,on,PERSON
,31,4,so,PERSON
,31,4,mount Zion,LOC
,31,5,so,PERSON
,31,5,Jerusalem,GPE
,31,6,Israel,GPE
,31,8,Assyrian,NORP
,31,9,Zion,GPE
,31,9,Jerusalem,GPE
,32,10,Many days,DATE
,32,10,years,DATE
,32,15,on,PERSON
,32,19,on,PERSON
,33,5,on,PERSON
,33,5,Zion,GPE
,33,9,Lebanon,GPE
,33,9,Sharon,PERSON
,33,9,Bashan,ORG
,33,9,Carmel,GPE
,33,14,Zion,GPE
,33,16,on,PERSON
,33,20,Jerusalem,GPE
,34,5,Idumea,ORG
,34,6,Bozrah,GPE
,34,6,Idumea,GPE
,34,8,the day,DATE
,34,8,Zion,GPE
,34,17,lot,PERSON
,35,2,Lebanon,GPE
,35,2,Carmel,GPE
,35,2,Sharon,PERSON
,35,6,hart,LAW
,35,10,Zion,GPE
,36,1,the fourteenth year,DATE
,36,1,Hezekiah,PERSON
,36,1,Sennacherib,NORP
,36,1,Assyria,GPE
,36,1,Judah,GPE
,36,2,Assyria,GPE
,36,2,Rabshakeh,PERSON
,36,2,Lachish,GPE
,36,2,Jerusalem,GPE
,36,2,Hezekiah,PERSON
,36,3,Eliakim,PERSON
,36,3,Hilkiah,ORG
,36,3,Shebna,ORG
,36,3,Joah,PERSON
,36,3,Asaph,PERSON
,36,4,Rabshakeh,ORG
,36,4,Hezekiah,PERSON
,36,4,Assyria,GPE
,36,5,on,PERSON
,36,6,Lo,PERSON
,36,6,on,PERSON
,36,6,Egypt,GPE
,36,6,so,PERSON
,36,6,Pharaoh,PERSON
,36,6,Egypt,GPE
,36,7,Hezekiah,PERSON
,36,7,Judah,PERSON
,36,7,Jerusalem,GPE
,36,7,Ye,PERSON
,36,8,Assyria,GPE
,36,8,two thousand,CARDINAL
,36,8,on,PERSON
,36,9,one,CARDINAL
,36,9,put,PERSON
,36,9,on,PERSON
,36,9,Egypt,GPE
,36,11,Eliakim,PERSON
,36,11,Joah,PERSON
,36,11,Rabshakeh,PERSON
,36,11,Syrian,NORP
,36,11,Jews,NORP
,36,11,on,PERSON
,36,12,Rabshakeh,ORG
,36,13,Rabshakeh,ORG
,36,13,Jews,NORP
,36,13,Assyria,GPE
,36,14,Hezekiah,PERSON
,36,15,Hezekiah,PERSON
,36,15,Assyria,GPE
,36,16,Hezekiah,PERSON
,36,16,Assyria,GPE
,36,18,Hezekiah,PERSON
,36,18,Assyria,GPE
,36,19,Hamath,NORP
,36,19,Arphad,PERSON
,36,19,Sepharvaim,PERSON
,36,19,Samaria,GPE
,36,20,Jerusalem,GPE
,36,22,Eliakim,PERSON
,36,22,Hilkiah,ORG
,36,22,Shebna,ORG
,36,22,Joah,PERSON
,36,22,Asaph,GPE
,36,22,Hezekiah,PERSON
,36,22,Rabshakeh,ORG
,37,1,Hezekiah,PERSON
,37,2,Eliakim,PERSON
,37,2,Shebna,ORG
,37,2,Isaiah,PERSON
,37,2,Amoz,PERSON
,37,3,Hezekiah,PERSON
,37,3,This day,DATE
,37,4,Rabshakeh,ORG
,37,4,Assyria,GPE
,37,5,So,PERSON
,37,5,Hezekiah,PERSON
,37,5,Isaiah,PERSON
,37,6,Isaiah,PERSON
,37,6,Assyria,GPE
,37,8,So,PERSON
,37,8,Rabshakeh,ORG
,37,8,Assyria,GPE
,37,8,Libnah,PERSON
,37,8,Lachish,GPE
,37,9,Tirhakah,PERSON
,37,9,Ethiopia,GPE
,37,9,Hezekiah,PERSON
,37,10,Hezekiah,PERSON
,37,10,Judah,PERSON
,37,10,Jerusalem,GPE
,37,10,Assyria,GPE
,37,11,Assyria,GPE
,37,12,Gozan,PERSON
,37,12,Haran,PERSON
,37,12,Rezeph,PERSON
,37,12,Eden,LOC
,37,12,Telassar,GPE
,37,13,Hamath,NORP
,37,13,Arphad,PERSON
,37,13,Sepharvaim,GPE
,37,13,Hena,GPE
,37,13,Ivah,PERSON
,37,14,Hezekiah,PERSON
,37,14,Hezekiah,PERSON
,37,15,Hezekiah,PERSON
,37,16,Israel,GPE
,37,17,Sennacherib,GPE
,37,18,Assyria,GPE
,37,21,Isaiah,PERSON
,37,21,Amoz,PERSON
,37,21,Hezekiah,PERSON
,37,21,Israel,GPE
,37,21,Sennacherib,NORP
,37,21,Assyria,LOC
,37,22,daughter,PERSON
,37,22,Zion,GPE
,37,22,daughter,PERSON
,37,22,Jerusalem,GPE
,37,23,on,PERSON
,37,23,Israel,GPE
,37,24,Lebanon,GPE
,37,24,Carmel,GPE
,37,27,on,PERSON
,37,29,put,PERSON
,37,30,Ye,PERSON
,37,30,this year,DATE
,37,30,the second year,DATE
,37,30,the third year,DATE
,37,31,Judah,PERSON
,37,32,Jerusalem,GPE
,37,32,mount Zion,LOC
,37,33,Assyria,GPE
,37,35,David,PERSON
,37,36,Assyrians,NORP
,37,36,a hundred and fourscore and five thousand,CARDINAL
,37,36,early in the morning,TIME
,37,37,So,PERSON
,37,37,Sennacherib,NORP
,37,37,Assyria,GPE
,37,37,Nineveh,GPE
,37,38,Nisroch,GPE
,37,38,Adrammelech,PERSON
,37,38,Sharezer,PERSON
,37,38,Armenia,GPE
,37,38,Esarhaddon,PERSON
,38,1,those days,DATE
,38,1,Hezekiah,PERSON
,38,1,death,PERSON
,38,1,Isaiah,PERSON
,38,1,Amoz,PERSON
,38,1,Set thine,PERSON
,38,2,Hezekiah,PERSON
,38,3,Hezekiah,PERSON
,38,4,Isaiah,PERSON
,38,5,Hezekiah,PERSON
,38,5,David,PERSON
,38,6,Assyria,GPE
,38,8,Ahaz,ORG
,38,8,ten degrees,QUANTITY
,38,8,So,PERSON
,38,8,ten degrees,QUANTITY
,38,9,Hezekiah,PERSON
,38,9,Judah,PERSON
,38,12,from day,DATE
,38,13,morning,TIME
,38,13,so,PERSON
,38,13,from day,DATE
,38,14,so,PERSON
,38,16,so,PERSON
,38,18,death,PERSON
,38,19,this day,DATE
,38,21,Isaiah,PERSON
,38,22,Hezekiah,PERSON
,39,1,Merodachbaladan,GPE
,39,1,Baladan,PERSON
,39,1,Babylon,GPE
,39,1,Hezekiah,PERSON
,39,2,Hezekiah,PERSON
,39,2,Hezekiah,PERSON
,39,3,Isaiah,PERSON
,39,3,Hezekiah,PERSON
,39,3,Hezekiah,PERSON
,39,3,Babylon,GPE
,39,4,thine house,ORG
,39,4,Hezekiah,PERSON
,39,5,Isaiah,PERSON
,39,5,Hezekiah,PERSON
,39,6,thine house,ORG
,39,6,this day,DATE
,39,6,Babylon,PERSON
,39,7,Babylon,GPE
,39,8,Hezekiah to Isaiah,PERSON
,39,8,my days,DATE
,40,2,Jerusalem,GPE
,40,9,O Zion,GPE
,40,9,O Jerusalem,GPE
,40,9,Judah,GPE
,40,16,Lebanon,GPE
,40,20,so,PERSON
,40,26,on,PERSON
,40,26,one,CARDINAL
,40,27,O Jacob,PERSON
,40,27,Israel,GPE
,41,4,first,ORDINAL
,41,7,So,PERSON
,41,8,Israel,GPE
,41,8,Jacob,PERSON
,41,8,Abraham,PERSON
,41,14,Jacob,PERSON
,41,14,Israel,GPE
,41,14,thy redeemer,PERSON
,41,14,Israel,GPE
,41,16,Israel,GPE
,41,17,Israel,GPE
,41,20,Israel,GPE
,41,21,Jacob,PERSON
,41,27,first,ORDINAL
,41,27,Zion,GPE
,41,27,Jerusalem,GPE
,42,1,put,PERSON
,42,1,Gentiles,PRODUCT
,42,6,Gentiles,ORG
,42,11,Kedar,PERSON
,42,17,Ye,PERSON
,42,24,Jacob,PERSON
,42,24,Israel,GPE
,42,25,on,PERSON
,43,1,O Jacob,PERSON
,43,3,Israel,GPE
,43,3,Egypt,GPE
,43,3,Ethiopia,GPE
,43,3,Seba,PERSON
,43,13,the day,DATE
,43,14,redeemer,GPE
,43,14,Israel,GPE
,43,14,Babylon,GPE
,43,14,Chaldeans,NORP
,43,15,Israel,GPE
,43,19,spring,DATE
,43,22,O Jacob,PERSON
,43,22,Israel,GPE
,43,26,Put,PERSON
,43,27,first,ORDINAL
,43,28,Jacob,PERSON
,43,28,Israel,GPE
,44,1,Jacob,PERSON
,44,1,Israel,GPE
,44,2,O Jacob,PERSON
,44,2,Jesurun,GPE
,44,5,One,CARDINAL
,44,5,Jacob,PERSON
,44,5,Israel,GPE
,44,6,the King,PERSON
,44,6,Israel,GPE
,44,6,first,ORDINAL
,44,14,cypress,FAC
,44,20,on,PERSON
,44,21,Jacob,PERSON
,44,21,Israel,GPE
,44,21,Israel,GPE
,44,23,Jacob,PERSON
,44,23,Israel,GPE
,44,24,thy redeemer,PERSON
,44,26,Jerusalem,GPE
,44,26,Judah,GPE
,44,26,Ye,PERSON
,44,28,Cyrus,PERSON
,44,28,Jerusalem,GPE
,45,1,Cyrus,PERSON
,45,1,two,CARDINAL
,45,3,Israel,GPE
,45,4,Jacob,PERSON
,45,4,Israel,GPE
,45,11,Israel,GPE
,45,14,Egypt,GPE
,45,14,Ethiopia,GPE
,45,14,Sabeans,NORP
,45,15,Israel,GPE
,45,17,Israel,GPE
,45,19,Jacob,PERSON
,45,25,Israel,GPE
,46,1,Bel,PERSON
,46,1,Nebo,ORG
,46,3,Jacob,PERSON
,46,3,Israel,GPE
,46,7,one,CARDINAL
,46,13,Zion,GPE
,46,13,Israel,GPE
,47,1,daughter,PERSON
,47,1,Babylon,PERSON
,47,1,on,PERSON
,47,1,daughter,PERSON
,47,1,Chaldeans,NORP
,47,4,redeemer,GPE
,47,4,Israel,GPE
,47,5,daughter,PERSON
,47,5,Chaldeans,NORP
,47,7,so,PERSON
,47,9,two,CARDINAL
,47,9,one day,DATE
,47,11,put,PERSON
,47,12,so,PERSON
,47,12,so,PERSON
,47,13,monthly,DATE
,48,1,Jacob,PERSON
,48,1,Israel,GPE
,48,1,Judah,GPE
,48,1,Israel,GPE
,48,2,Israel,GPE
,48,7,the day,DATE
,48,7,Behold,PERSON
,48,12,O Jacob,PERSON
,48,12,Israel,GPE
,48,12,first,ORDINAL
,48,14,on,PERSON
,48,14,Babylon,PERSON
,48,14,on,PERSON
,48,14,Chaldeans,NORP
,48,16,Spirit,ORG
,48,17,Redeemer,PERSON
,48,17,Israel,GPE
,48,20,Babylon,GPE
,48,20,Chaldeans,NORP
,48,20,Jacob,PERSON
,49,3,Israel,GPE
,49,5,Jacob,PERSON
,49,5,Israel,GPE
,49,6,Jacob,PERSON
,49,6,Israel,GPE
,49,6,Gentiles,ORG
,49,7,Redeemer,GPE
,49,7,Israel,GPE
,49,7,Holy One,PRODUCT
,49,7,Israel,GPE
,49,8,a day,DATE
,49,10,on,PERSON
,49,12,Sinim,PERSON
,49,14,Zion,ORG
,49,15,on,PERSON
,49,18,on,PERSON
,49,22,Gentiles,ORG
,49,26,thy Saviour,PERSON
,49,26,One,CARDINAL
,49,26,Jacob,PERSON
,50,1,put,PERSON
,50,1,put,PERSON
,50,4,morning,TIME
,50,9,lo,PERSON
,51,2,Abraham,PERSON
,51,2,Sarah,PERSON
,51,3,Eden,LOC
,51,3,thanksgiving,DATE
,51,5,on,PERSON
,51,9,put,PERSON
,51,9,on,PERSON
,51,9,the ancient days,DATE
,51,9,Rahab,PERSON
,51,11,Zion,GPE
,51,13,every day,DATE
,51,16,put,PERSON
,51,16,Zion,GPE
,51,17,O Jerusalem,GPE
,51,19,two,CARDINAL
,51,23,put,PERSON
,52,1,put,PERSON
,52,1,on,PERSON
,52,1,O Zion,GPE
,52,1,put,PERSON
,52,1,on,PERSON
,52,1,O Jerusalem,GPE
,52,2,Jerusalem,GPE
,52,2,daughter,PERSON
,52,2,Zion,GPE
,52,3,Ye,PERSON
,52,4,Egypt,GPE
,52,4,Assyrian,NORP
,52,5,every day,DATE
,52,6,that day,DATE
,52,6,I.,NORP
,52,8,Zion,GPE
,52,9,Jerusalem,GPE
,52,9,Jerusalem,GPE
,52,12,Israel,GPE
,52,14,so,PERSON
,52,15,So,PERSON
,53,6,on,PERSON
,53,7,so,PERSON
,53,9,death,PERSON
,53,10,put,PERSON
,53,10,his days,DATE
,53,12,death,PERSON
,54,3,on,PERSON
,54,3,on,PERSON
,54,3,Gentiles,ORG
,54,4,put,PERSON
,54,5,Israel,GPE
,54,8,on,PERSON
,54,8,Redeemer,PERSON
,54,9,Noah,PERSON
,54,9,Noah,PERSON
,54,9,so,PERSON
,54,10,on,PERSON
,55,1,Ho,PERSON
,55,3,David,PERSON
,55,5,Israel,GPE
,55,9,so,PERSON
,55,11,So,PERSON
,56,2,Blessed,PERSON
,56,2,on,PERSON
,56,3,Behold,PERSON
,56,8,Israel,GPE
,56,11,his quarter,DATE
,56,12,this day,DATE
,57,2,one,CARDINAL
,57,5,Enflaming,PERSON
,57,6,lot,PERSON
,57,17,on,PERSON
,58,1,Jacob,PERSON
,58,2,daily,DATE
,58,3,the day,DATE
,58,4,this day,DATE
,58,4,on,PERSON
,58,10,noon,TIME
,58,13,on,PERSON
,58,14,Jacob,PERSON
,59,10,noon,TIME
,59,17,put,PERSON
,59,17,on,PERSON
,59,17,put,PERSON
,59,17,on,PERSON
,59,19,So,PERSON
,59,19,Spirit,ORG
,59,20,Redeemer,ORG
,59,20,Zion,GPE
,59,20,Jacob,PERSON
,59,21,put,PERSON
,60,5,Gentiles,PRODUCT
,60,6,Midian,PERSON
,60,6,Ephah,GPE
,60,6,Sheba,PERSON
,60,7,Kedar,PERSON
,60,7,Nebaioth,ORG
,60,7,on,PERSON
,60,9,Tarshish,PERSON
,60,9,first,ORDINAL
,60,9,Israel,GPE
,60,10,on,PERSON
,60,11,day,DATE
,60,11,Gentiles,ORG
,60,13,Lebanon,GPE
,60,14,The Zion of the Holy One,GPE
,60,14,Israel,GPE
,60,15,so,PERSON
,60,16,Gentiles,ORG
,60,16,thy Saviour,PERSON
,60,16,One,CARDINAL
,60,16,Jacob,PERSON
,60,20,the days,DATE
,60,22,a thousand,CARDINAL
,61,2,the day,DATE
,61,3,Zion,GPE
,61,6,Gentiles,ORG
,61,9,Gentiles,ORG
,61,11,so,PERSON
,62,1,Zion,ORG
,62,1,Jerusalem,GPE
,62,4,Forsaken,PERSON
,62,4,Hephzibah,PERSON
,62,4,Beulah,PERSON
,62,5,so,PERSON
,62,5,so,PERSON
,62,6,O Jerusalem,GPE
,62,7,Jerusalem,GPE
,62,11,daughter,PERSON
,62,11,Zion,GPE
,63,1,Edom,ORG
,63,1,Bozrah,GPE
,63,4,the day,DATE
,63,4,the year,DATE
,63,7,on,PERSON
,63,7,Israel,GPE
,63,7,on,PERSON
,63,8,so,PERSON
,63,9,all the days of old,DATE
,63,11,the days of old,DATE
,63,11,Moses,PERSON
,63,11,put,PERSON
,63,11,Spirit,ORG
,63,12,Moses,PERSON
,63,14,Spirit,ORG
,63,14,so,PERSON
,63,16,Abraham,PERSON
,63,16,Israel,GPE
,63,16,redeemer,GPE
,64,10,Zion,GPE
,64,10,Jerusalem,GPE
,65,5,the day,DATE
,65,8,so,PERSON
,65,9,Jacob,PERSON
,65,9,Judah,PERSON
,65,10,Sharon,PERSON
,65,10,Achor,ORG
,65,18,Jerusalem,GPE
,65,19,Jerusalem,GPE
,65,20,an hundred years old,DATE
,65,20,an hundred years old,DATE
,66,8,one day,DATE
,66,8,Zion,GPE
,66,10,Jerusalem,GPE
,66,12,Behold,PERSON
,66,12,Gentiles,ORG
,66,13,so,PERSON
,66,13,Jerusalem,GPE
,66,17,one,CARDINAL
,66,19,Tarshish,PERSON
,66,19,Pul,PERSON
,66,19,Lud,PERSON
,66,19,Tubal,GPE
,66,19,Javan,PERSON
,66,19,Gentiles,PRODUCT
,66,20,Jerusalem,GPE
,66,20,Israel,GPE
,66,21,Levites,ORG
,66,22,so,PERSON
,66,23,one,CARDINAL
,66,23,one,CARDINAL
,1,1,Jeremiah,PERSON
,1,1,Hilkiah,ORG
,1,1,Anathoth,PERSON
,1,1,Benjamin,PERSON
,1,2,the days,DATE
,1,2,Josiah,PERSON
,1,2,Amon,PERSON
,1,2,Judah,PERSON
,1,2,the thirteenth year,DATE
,1,3,the days,DATE
,1,3,Jehoiakim,LOC
,1,3,Josiah,PERSON
,1,3,Judah,PERSON
,1,3,Zedekiah,GPE
,1,3,Josiah,PERSON
,1,3,Judah,PERSON
,1,3,Jerusalem,GPE
,1,3,the fifth month,DATE
,1,9,put,PERSON
,1,9,Behold,PERSON
,1,9,put,PERSON
,1,10,this day,DATE
,1,11,Jeremiah,PERSON
,1,12,Thou,PERSON
,1,13,second,ORDINAL
,1,15,Jerusalem,GPE
,1,15,Judah,GPE
,1,18,this day,DATE
,1,18,Judah,GPE
,2,2,Jerusalem,GPE
,2,3,Israel,GPE
,2,4,Jacob,PERSON
,2,4,Israel,GPE
,2,6,Egypt,GPE
,2,6,death,PERSON
,2,8,Baal,PERSON
,2,10,Chittim,PERSON
,2,10,Kedar,PERSON
,2,13,two,CARDINAL
,2,14,Israel,GPE
,2,16,Noph,PERSON
,2,16,Tahapanes,NORP
,2,18,Egypt,GPE
,2,18,Sihor,FAC
,2,18,Assyria,GPE
,2,19,Thine,ORG
,2,23,Baalim,ORG
,2,24,her month,DATE
,2,26,so,PERSON
,2,26,Israel,GPE
,2,28,O Judah,PERSON
,2,31,Israel,GPE
,2,36,so,PERSON
,2,36,Egypt,GPE
,2,36,Assyria,GPE
,3,1,put,PERSON
,3,2,Arabian,NORP
,3,6,the days,DATE
,3,6,Josiah,PERSON
,3,6,Israel,GPE
,3,7,Judah,PERSON
,3,8,Israel,GPE
,3,8,put,PERSON
,3,8,Judah,PERSON
,3,10,Judah,PERSON
,3,11,Israel,GPE
,3,11,Judah,PERSON
,3,12,Israel,GPE
,3,14,one,CARDINAL
,3,14,two,CARDINAL
,3,16,those days,DATE
,3,16,ark,PERSON
,3,17,Jerusalem,GPE
,3,17,Jerusalem,GPE
,3,18,those days,DATE
,3,18,Judah,PERSON
,3,18,Israel,GPE
,3,19,put,PERSON
,3,20,so,PERSON
,3,20,Israel,GPE
,3,21,Israel,GPE
,3,23,Israel,GPE
,3,25,this day,DATE
,4,1,Israel,GPE
,4,1,put,PERSON
,4,3,Judah,GPE
,4,3,Jerusalem,GPE
,4,3,Break,EVENT
,4,4,Judah,GPE
,4,4,Jerusalem,GPE
,4,5,Judah,GPE
,4,5,Jerusalem,GPE
,4,5,Blow,PERSON
,4,5,Assemble,PERSON
,4,6,Zion,LOC
,4,7,Gentiles,ORG
,4,7,on,PERSON
,4,9,that day,DATE
,4,10,Jerusalem,GPE
,4,10,Ye,PERSON
,4,11,Jerusalem,GPE
,4,11,daughter,PERSON
,4,14,O Jerusalem,GPE
,4,15,Dan,PERSON
,4,15,mount Ephraim,GPE
,4,16,Jerusalem,GPE
,4,16,Judah,GPE
,4,31,first,ORDINAL
,4,31,daughter,PERSON
,4,31,Zion,GPE
,4,31,Woe,PERSON
,5,1,Jerusalem,GPE
,5,7,fed,ORG
,5,8,fed,ORG
,5,9,on,PERSON
,5,11,Israel,GPE
,5,11,Judah,PERSON
,5,15,Lo,PERSON
,5,15,Israel,GPE
,5,18,those days,DATE
,5,19,so,PERSON
,5,20,Jacob,PERSON
,5,20,Judah,GPE
,5,24,weeks,DATE
,5,27,so,PERSON
,5,29,on,PERSON
,5,31,so,PERSON
,6,1,Benjamin,PERSON
,6,1,Jerusalem,GPE
,6,1,Tekoa,ORG
,6,1,Bethhaccerem,PERSON
,6,2,daughter,PERSON
,6,2,Zion,GPE
,6,4,noon,TIME
,6,4,the day,DATE
,6,5,night,TIME
,6,6,Hew,PERSON
,6,6,Jerusalem,GPE
,6,7,so,PERSON
,6,8,O Jerusalem,GPE
,6,9,Israel,GPE
,6,13,one,CARDINAL
,6,14,daughter,PERSON
,6,17,Hearken,PERSON
,6,20,Sheba,GPE
,6,21,Behold,PERSON
,6,23,on,PERSON
,6,23,daughter,PERSON
,6,23,Zion,GPE
,6,25,on,PERSON
,6,26,daughter,PERSON
,7,1,Jeremiah,PERSON
,7,2,Judah,PERSON
,7,3,Israel,GPE
,7,9,Baal,PERSON
,7,12,Shiloh,GPE
,7,12,first,ORDINAL
,7,12,Israel,GPE
,7,14,Shiloh,GPE
,7,15,Ephraim,PERSON
,7,17,Seest,ORG
,7,17,Judah,GPE
,7,17,Jerusalem,GPE
,7,21,Israel,GPE
,7,21,Put,PERSON
,7,22,the day,DATE
,7,22,Egypt,GPE
,7,25,the day,DATE
,7,25,Egypt,GPE
,7,25,this day,DATE
,7,29,O Jerusalem,GPE
,7,29,on,PERSON
,7,30,Judah,PERSON
,7,31,Tophet,ORG
,7,31,Hinnom,ORG
,7,32,Tophet,ORG
,7,32,Hinnom,ORG
,7,32,Tophet,GPE
,7,34,Judah,GPE
,7,34,Jerusalem,GPE
,8,1,Judah,PERSON
,8,1,Jerusalem,GPE
,8,3,death,PERSON
,8,5,Jerusalem,GPE
,8,8,Lo,PERSON
,8,10,one,CARDINAL
,8,11,daughter,PERSON
,8,13,on,PERSON
,8,13,on,PERSON
,8,14,put,PERSON
,8,16,Dan,PERSON
,8,19,daughter,PERSON
,8,19,Zion,GPE
,8,20,the summer,DATE
,8,21,daughter,PERSON
,8,21,on,PERSON
,8,22,Gilead,ORG
,8,22,daughter,PERSON
,9,1,day,DATE
,9,1,daughter,PERSON
,9,7,Behold,PERSON
,9,7,daughter,PERSON
,9,8,one,CARDINAL
,9,9,on,PERSON
,9,10,so,PERSON
,9,11,Jerusalem,GPE
,9,11,Judah,GPE
,9,14,Baalim,ORG
,9,15,Israel,GPE
,9,19,Zion,GPE
,9,21,death,PERSON
,9,26,Egypt,GPE
,9,26,Judah,PERSON
,9,26,Edom,ORG
,9,26,Ammon,PERSON
,9,26,Moab,GPE
,9,26,Israel,GPE
,10,1,Israel,GPE
,10,3,one,CARDINAL
,10,6,Forasmuch,ORG
,10,9,Tarshish,PERSON
,10,9,Uphaz,ORG
,10,16,Jacob,PERSON
,10,16,Israel,GPE
,10,18,Behold,PERSON
,10,18,so,PERSON
,10,22,Judah,GPE
,10,25,on,PERSON
,10,25,Jacob,PERSON
,11,1,Jeremiah,PERSON
,11,2,Judah,PERSON
,11,2,Jerusalem,GPE
,11,3,Israel,GPE
,11,4,the day,DATE
,11,4,Egypt,GPE
,11,4,so,PERSON
,11,5,this day,DATE
,11,5,So,PERSON
,11,6,Judah,GPE
,11,6,Jerusalem,GPE
,11,7,the day,DATE
,11,7,Egypt,GPE
,11,7,this day,DATE
,11,9,Judah,PERSON
,11,9,Jerusalem,GPE
,11,10,Israel,GPE
,11,10,Judah,PERSON
,11,11,Behold,PERSON
,11,12,Judah,GPE
,11,12,Jerusalem,GPE
,11,13,O Judah,PERSON
,11,13,Jerusalem,GPE
,11,13,Baal,PERSON
,11,15,thou rejoicest,GPE
,11,17,Israel,GPE
,11,17,Judah,GPE
,11,17,Baal,PERSON
,11,20,on,PERSON
,11,21,Anathoth,PERSON
,11,22,Behold,PERSON
,11,23,Anathoth,ORG
,11,23,the year,DATE
,12,3,the day,DATE
,12,5,Jordan,GPE
,12,12,one,CARDINAL
,12,13,put,PERSON
,12,14,Israel,GPE
,12,14,Judah,PERSON
,12,15,on,PERSON
,12,16,Baal,PERSON
,13,1,put,PERSON
,13,1,put,PERSON
,13,2,So,PERSON
,13,2,put,PERSON
,13,2,on,PERSON
,13,3,second,ORDINAL
,13,4,Euphrates,ORG
,13,5,So,PERSON
,13,5,Euphrates,ORG
,13,6,many days,DATE
,13,6,Euphrates,ORG
,13,7,Euphrates,ORG
,13,9,Judah,PERSON
,13,9,Jerusalem,GPE
,13,11,so,PERSON
,13,11,Israel,GPE
,13,11,Judah,GPE
,13,12,Israel,GPE
,13,13,Behold,PERSON
,13,13,David,PERSON
,13,13,Jerusalem,GPE
,13,14,one,CARDINAL
,13,16,death,PERSON
,13,18,Humble,PERSON
,13,19,Judah,PERSON
,13,23,Ethiopian,NORP
,13,25,lot,PERSON
,13,27,on,PERSON
,13,27,Jerusalem,GPE
,14,1,Jeremiah,PERSON
,14,2,Judah,PERSON
,14,2,Jerusalem,GPE
,14,8,Israel,GPE
,14,13,Ye,PERSON
,14,15,Sword,PERSON
,14,16,Jerusalem,GPE
,14,17,daughter,PERSON
,14,19,Judah,PERSON
,14,22,Gentiles,ORG
,15,1,Moses,PERSON
,15,1,Samuel,PERSON
,15,2,death,PERSON
,15,2,death,PERSON
,15,3,four,CARDINAL
,15,4,Manasseh,NORP
,15,4,Hezekiah,PERSON
,15,4,Judah,PERSON
,15,4,Jerusalem,GPE
,15,5,O Jerusalem,GPE
,15,9,seven,CARDINAL
,15,10,on,PERSON
,15,10,on,PERSON
,16,9,Israel,GPE
,16,14,Israel,GPE
,16,14,Egypt,GPE
,16,15,Israel,GPE
,16,18,first,ORDINAL
,16,19,the day,DATE
,16,19,Gentiles,ORG
,17,1,Judah,PERSON
,17,7,Blessed,PERSON
,17,8,the year,DATE
,17,11,partridge,PERSON
,17,11,on,PERSON
,17,11,so,PERSON
,17,13,Israel,GPE
,17,17,the day,DATE
,17,18,the day,DATE
,17,19,Judah,PERSON
,17,19,Jerusalem,GPE
,17,20,Judah,PERSON
,17,20,Judah,PERSON
,17,20,Jerusalem,GPE
,17,21,on,PERSON
,17,21,the sabbath day,DATE
,17,21,Jerusalem,GPE
,17,22,on,PERSON
,17,22,the sabbath day,DATE
,17,24,on,PERSON
,17,24,the sabbath day,DATE
,17,25,David,PERSON
,17,25,on,PERSON
,17,25,Judah,PERSON
,17,25,Jerusalem,GPE
,17,26,Judah,GPE
,17,26,Jerusalem,GPE
,17,26,Benjamin,PERSON
,17,27,Jerusalem,GPE
,17,27,on,PERSON
,17,27,the sabbath day,DATE
,17,27,Jerusalem,GPE
,18,1,Jeremiah,PERSON
,18,3,on,PERSON
,18,4,so,PERSON
,18,6,Israel,GPE
,18,6,so,PERSON
,18,6,Israel,GPE
,18,11,Judah,PERSON
,18,11,Jerusalem,GPE
,18,13,Israel,GPE
,18,14,Lebanon,GPE
,18,17,the day,DATE
,18,18,Jeremiah,PERSON
,18,21,put,PERSON
,18,21,death,PERSON
,19,2,Hinnom,ORG
,19,2,the east gate,LOC
,19,3,Judah,GPE
,19,3,Jerusalem,GPE
,19,3,Israel,GPE
,19,4,Judah,PERSON
,19,5,Baal,PERSON
,19,5,Baal,PERSON
,19,6,Tophet,ORG
,19,6,Hinnom,ORG
,19,7,Judah,GPE
,19,7,Jerusalem,GPE
,19,11,so,PERSON
,19,11,one,CARDINAL
,19,11,Tophet,EVENT
,19,12,Tophet,PERSON
,19,13,Jerusalem,GPE
,19,13,Judah,GPE
,19,13,Tophet,ORG
,19,14,Jeremiah,PERSON
,19,14,Tophet,EVENT
,19,15,Israel,GPE
,20,1,Pashur,GPE
,20,1,Immer,PERSON
,20,1,Jeremiah,PERSON
,20,2,Pashur,ORG
,20,2,Jeremiah,PERSON
,20,2,put,PERSON
,20,2,Benjamin,PERSON
,20,3,on,PERSON
,20,3,Pashur,ORG
,20,3,Jeremiah,PERSON
,20,3,Jeremiah,PERSON
,20,3,Pashur,ORG
,20,3,Magormissabib,PERSON
,20,4,Behold,PERSON
,20,4,Judah,PERSON
,20,4,Babylon,PERSON
,20,4,Babylon,GPE
,20,5,Judah,PERSON
,20,5,Babylon,GPE
,20,6,Pashur,GPE
,20,6,thine house,ORG
,20,6,Babylon,PERSON
,20,7,one,CARDINAL
,20,8,daily,DATE
,20,10,on,PERSON
,20,10,on,PERSON
,20,12,on,PERSON
,20,14,the day,DATE
,21,1,Jeremiah,PERSON
,21,1,Zedekiah,PERSON
,21,1,Pashur,GPE
,21,1,Melchiah,ORG
,21,1,Zephaniah,PERSON
,21,1,Maaseiah,PERSON
,21,2,Babylon maketh war,WORK_OF_ART
,21,2,so,PERSON
,21,3,Jeremiah,PERSON
,21,3,Zedekiah,ORG
,21,4,Israel,GPE
,21,4,Babylon,PERSON
,21,4,Chaldeans,NORP
,21,7,Zedekiah,ORG
,21,7,Judah,PERSON
,21,7,Nebuchadrezzar,GPE
,21,7,Babylon,GPE
,21,8,Behold,PERSON
,21,8,death,PERSON
,21,9,abideth,ORG
,21,9,Chaldeans,NORP
,21,10,Babylon,PERSON
,21,11,Judah,PERSON
,21,12,David,PERSON
,22,1,Judah,PERSON
,22,2,Judah,PERSON
,22,2,David,PERSON
,22,4,David,PERSON
,22,4,on,PERSON
,22,6,Judah,GPE
,22,6,Gilead,PERSON
,22,6,Lebanon,GPE
,22,11,Shallum,PERSON
,22,11,Josiah,PERSON
,22,11,Judah,PERSON
,22,11,Josiah,PERSON
,22,18,Jehoiakim,PERSON
,22,18,Josiah,PERSON
,22,18,Judah,PERSON
,22,19,Jerusalem,GPE
,22,20,Lebanon,GPE
,22,20,Bashan,GPE
,22,23,Lebanon,GPE
,22,24,Coniah,ORG
,22,24,Jehoiakim,PERSON
,22,24,Judah,PERSON
,22,25,Nebuchadrezzar,GPE
,22,25,Babylon,GPE
,22,25,Chaldeans,NORP
,22,28,Coniah,ORG
,22,30,his days,DATE
,22,30,David,PERSON
,22,30,Judah,GPE
,23,2,Israel,GPE
,23,2,Ye,PERSON
,23,5,David,PERSON
,23,5,Branch,ORG
,23,6,Judah,PERSON
,23,6,Israel,GPE
,23,7,Israel,GPE
,23,7,Egypt,GPE
,23,8,Israel,GPE
,23,12,on,PERSON
,23,12,the year,DATE
,23,13,Samaria,GPE
,23,13,Baal,PERSON
,23,13,Israel,GPE
,23,14,Jerusalem,GPE
,23,14,Sodom,GPE
,23,14,Gomorrah,GPE
,23,15,Jerusalem,GPE
,23,16,Hearken,PERSON
,23,17,Ye,PERSON
,23,20,the latter days,DATE
,23,27,Baal,PERSON
,23,38,Ye,PERSON
,24,1,two,CARDINAL
,24,1,Nebuchadrezzar,PERSON
,24,1,Babylon,PERSON
,24,1,Jehoiakim,PERSON
,24,1,Judah,PERSON
,24,1,Judah,PERSON
,24,1,Jerusalem,GPE
,24,1,Babylon,GPE
,24,2,One,CARDINAL
,24,2,first,ORDINAL
,24,2,so,PERSON
,24,3,Jeremiah,PERSON
,24,3,Figs,PERSON
,24,3,so,PERSON
,24,5,Israel,GPE
,24,5,so,PERSON
,24,5,Judah,PERSON
,24,5,Chaldeans,NORP
,24,8,so,PERSON
,24,8,So,PERSON
,24,8,Zedekiah,PERSON
,24,8,Judah,PERSON
,24,8,Jerusalem,GPE
,24,8,Egypt,GPE
,25,1,Jeremiah,PERSON
,25,1,Judah,PERSON
,25,1,the fourth year,DATE
,25,1,Jehoiakim,LOC
,25,1,Josiah,PERSON
,25,1,Judah,PERSON
,25,1,the first year,DATE
,25,1,Babylon,GPE
,25,2,Jeremiah,PERSON
,25,2,Judah,PERSON
,25,2,Jerusalem,GPE
,25,3,the thirteenth year,DATE
,25,3,Josiah,PERSON
,25,3,Amon,PERSON
,25,3,Judah,PERSON
,25,3,this day,DATE
,25,3,three and twentieth year,DATE
,25,9,Babylon,PERSON
,25,11,Babylon,GPE
,25,11,seventy years,DATE
,25,12,seventy years,DATE
,25,12,Babylon,PERSON
,25,12,Chaldeans,NORP
,25,13,Jeremiah,PERSON
,25,15,Israel,GPE
,25,18,Jerusalem,GPE
,25,18,Judah,GPE
,25,18,this day,DATE
,25,19,Pharaoh,PERSON
,25,19,Egypt,GPE
,25,20,Uz,PERSON
,25,20,Philistines,NORP
,25,20,Ashkelon,PERSON
,25,20,Azzah,ORG
,25,20,Ekron,ORG
,25,20,Ashdod,GPE
,25,21,Moab,GPE
,25,21,Ammon,PERSON
,25,22,Tyrus,PERSON
,25,22,Zidon,GPE
,25,23,Dedan,PERSON
,25,23,Tema,ORG
,25,23,Buz,ORG
,25,24,Arabia,GPE
,25,25,Zimri,PERSON
,25,25,Elam,ORG
,25,25,Medes,NORP
,25,26,Sheshach,PERSON
,25,27,Israel,GPE
,25,28,Ye,PERSON
,25,29,on,PERSON
,25,30,on,PERSON
,25,32,Behold,PERSON
,25,33,that day,DATE
,25,33,one,CARDINAL
,25,34,the days,DATE
,26,1,Jehoiakim,LOC
,26,1,Josiah,PERSON
,26,1,Judah,PERSON
,26,2,Judah,GPE
,26,3,so,PERSON
,26,6,Shiloh,GPE
,26,7,So,PERSON
,26,7,Jeremiah,PERSON
,26,8,Jeremiah,PERSON
,26,9,Shiloh,GPE
,26,9,Jeremiah,PERSON
,26,10,Judah,PERSON
,26,12,Jeremiah,PERSON
,26,15,put,PERSON
,26,15,death,PERSON
,26,18,Micah,PERSON
,26,18,Morasthite,ORG
,26,18,the days,DATE
,26,18,Hezekiah,PERSON
,26,18,Judah,PERSON
,26,18,Judah,PERSON
,26,18,Zion,LOC
,26,18,Jerusalem,GPE
,26,19,Hezekiah,PERSON
,26,19,Judah,PERSON
,26,19,Judah,PERSON
,26,19,put,PERSON
,26,19,death,PERSON
,26,20,Urijah,PERSON
,26,20,Shemaiah of Kirjathjearim,ORG
,26,20,Jeremiah,PERSON
,26,21,Jehoiakim,LOC
,26,21,put,PERSON
,26,21,death,PERSON
,26,21,Urijah,PERSON
,26,21,Egypt,GPE
,26,22,Jehoiakim,LOC
,26,22,Egypt,GPE
,26,22,Elnathan,PERSON
,26,22,Achbor,ORG
,26,22,Egypt,GPE
,26,23,Urijah,PERSON
,26,23,Egypt,GPE
,26,24,Ahikam,PERSON
,26,24,Shaphan,LOC
,26,24,Jeremiah,PERSON
,26,24,put,PERSON
,26,24,death,PERSON
,27,1,Jehoiakim,LOC
,27,1,Josiah,PERSON
,27,1,Judah,PERSON
,27,1,Jeremiah,PERSON
,27,2,put,PERSON
,27,3,Edom,GPE
,27,3,Moab,GPE
,27,3,Tyrus,PERSON
,27,3,Zidon,GPE
,27,3,Jerusalem,GPE
,27,3,Zedekiah,PERSON
,27,3,Judah,PERSON
,27,4,Israel,GPE
,27,6,Nebuchadnezzar,PERSON
,27,6,Babylon,PERSON
,27,8,Nebuchadnezzar,WORK_OF_ART
,27,8,Babylon,PERSON
,27,8,put,PERSON
,27,8,Babylon,GPE
,27,9,Ye,PERSON
,27,9,Babylon,PERSON
,27,11,Babylon,PERSON
,27,12,Zedekiah,ORG
,27,12,Judah,PERSON
,27,12,Babylon,PERSON
,27,13,Babylon,PERSON
,27,14,Ye,PERSON
,27,14,Babylon,PERSON
,27,16,Hearken,PERSON
,27,16,Babylon,PERSON
,27,17,Babylon,PERSON
,27,18,Judah,PERSON
,27,18,Jerusalem,GPE
,27,18,Babylon,GPE
,27,20,Nebuchadnezzar,PERSON
,27,20,Babylon,PERSON
,27,20,Jehoiakim,PERSON
,27,20,Judah,PERSON
,27,20,Jerusalem,GPE
,27,20,Babylon,GPE
,27,20,Judah,GPE
,27,20,Jerusalem,GPE
,27,21,Israel,GPE
,27,21,Judah,PERSON
,27,21,Jerusalem,GPE
,27,22,Babylon,PERSON
,27,22,the day,DATE
,28,1,the same year,DATE
,28,1,Zedekiah,GPE
,28,1,Judah,PERSON
,28,1,the fourth year,DATE
,28,1,the fifth month,DATE
,28,1,Hananiah,ORG
,28,1,Azur,NORP
,28,1,Gibeon,PERSON
,28,2,Israel,GPE
,28,2,Babylon,GPE
,28,3,two full years,DATE
,28,3,Nebuchadnezzar,PERSON
,28,3,Babylon,PERSON
,28,3,Babylon,PERSON
,28,4,Jehoiakim,PERSON
,28,4,Judah,PERSON
,28,4,Judah,PERSON
,28,4,Babylon,GPE
,28,4,Babylon,GPE
,28,5,Jeremiah,PERSON
,28,5,Hananiah,PERSON
,28,6,Jeremiah,PERSON
,28,6,so,PERSON
,28,6,Babylon,GPE
,28,10,Hananiah,PERSON
,28,10,Jeremiah,PERSON
,28,11,Hananiah,ORG
,28,11,so,PERSON
,28,11,Nebuchadnezzar,PERSON
,28,11,Babylon,PERSON
,28,11,two full years,DATE
,28,11,Jeremiah,PERSON
,28,12,Jeremiah,PERSON
,28,12,Hananiah,PERSON
,28,12,Jeremiah,PERSON
,28,13,Hananiah,ORG
,28,14,Israel,GPE
,28,14,put,PERSON
,28,14,Nebuchadnezzar,PERSON
,28,14,Babylon,GPE
,28,15,Jeremiah,PERSON
,28,15,Hananiah,PERSON
,28,15,Hananiah,ORG
,28,16,this year,DATE
,28,17,So,PERSON
,28,17,Hananiah,PERSON
,28,17,the same year,DATE
,28,17,the seventh month,DATE
,29,1,Jeremiah,PERSON
,29,1,Jerusalem,GPE
,29,1,Nebuchadnezzar,PERSON
,29,1,Jerusalem,GPE
,29,1,Babylon,GPE
,29,2,Judah,GPE
,29,2,Jerusalem,GPE
,29,2,Jerusalem,GPE
,29,3,Elasah,PERSON
,29,3,Shaphan,LOC
,29,3,Gemariah,PRODUCT
,29,3,Hilkiah,ORG
,29,3,Zedekiah,PERSON
,29,3,Judah,PERSON
,29,3,Babylon,PERSON
,29,3,Nebuchadnezzar,PERSON
,29,3,Babylon,GPE
,29,4,Israel,GPE
,29,4,Jerusalem,GPE
,29,4,Babylon,GPE
,29,8,Israel,GPE
,29,10,seventy years,DATE
,29,10,Babylon,PERSON
,29,15,Babylon,GPE
,29,16,David,PERSON
,29,17,so,PERSON
,29,20,Jerusalem,GPE
,29,20,Babylon,GPE
,29,21,Israel,GPE
,29,21,Ahab,PERSON
,29,21,Kolaiah,PERSON
,29,21,Zedekiah,ORG
,29,21,Maaseiah,ORG
,29,21,Nebuchadrezzar,GPE
,29,21,Babylon,GPE
,29,22,Judah,PERSON
,29,22,Babylon,GPE
,29,22,Zedekiah,PERSON
,29,22,Ahab,PERSON
,29,22,Babylon,PERSON
,29,23,Israel,GPE
,29,24,Shemaiah the Nehelamite,WORK_OF_ART
,29,25,Israel,GPE
,29,25,Jerusalem,GPE
,29,25,Zephaniah,PERSON
,29,25,Maaseiah,PERSON
,29,26,Jehoiada,ORG
,29,26,put,PERSON
,29,27,Jeremiah,PERSON
,29,27,Anathoth,PERSON
,29,28,Babylon,GPE
,29,29,Zephaniah,PERSON
,29,29,Jeremiah,PERSON
,29,30,Jeremiah,PERSON
,29,31,Shemaiah,PERSON
,29,31,Shemaiah,PERSON
,29,32,Shemaiah the Nehelamite,ORG
,30,1,Jeremiah,PERSON
,30,2,Israel,GPE
,30,3,Israel,GPE
,30,3,Judah,PERSON
,30,4,Israel,GPE
,30,4,Judah,PERSON
,30,6,on,PERSON
,30,7,that day,DATE
,30,7,so,PERSON
,30,7,Jacob,PERSON
,30,8,that day,DATE
,30,9,David,PERSON
,30,10,Jacob,PERSON
,30,10,Jacob,PERSON
,30,17,Zion,GPE
,30,18,Jacob,PERSON
,30,18,on,PERSON
,30,19,thanksgiving,DATE
,30,24,the latter days,DATE
,31,1,Israel,GPE
,31,2,Israel,GPE
,31,3,Yea,PERSON
,31,4,Israel,GPE
,31,5,Samaria,GPE
,31,6,a day,DATE
,31,6,Ephraim,PERSON
,31,6,Zion,GPE
,31,7,Jacob,PERSON
,31,7,Israel,GPE
,31,9,Israel,GPE
,31,9,Ephraim,PERSON
,31,10,Israel,GPE
,31,11,Jacob,PERSON
,31,12,Zion,GPE
,31,15,Ramah,GPE
,31,18,Ephraim,PERSON
,31,20,Ephraim,PERSON
,31,21,Israel,GPE
,31,22,daughter,PERSON
,31,23,Israel,GPE
,31,23,Judah,GPE
,31,24,Judah,GPE
,31,27,Israel,GPE
,31,27,Judah,PERSON
,31,28,so,PERSON
,31,29,those days,DATE
,31,29,on,PERSON
,31,30,on,PERSON
,31,31,Israel,GPE
,31,31,Judah,PERSON
,31,32,the day,DATE
,31,32,Egypt,GPE
,31,33,Israel,GPE
,31,33,those days,DATE
,31,33,put,PERSON
,31,35,day,DATE
,31,35,night,TIME
,31,36,Israel,GPE
,31,37,Israel,GPE
,31,38,Hananeel,WORK_OF_ART
,31,39,Gareb,PERSON
,31,39,Goath,PERSON
,31,40,the brook of,LOC
,31,40,Kidron,GPE
,32,1,Jeremiah,PERSON
,32,1,the tenth year,DATE
,32,1,Zedekiah,GPE
,32,1,Judah,PERSON
,32,1,the eighteenth year,DATE
,32,2,Babylon,PERSON
,32,2,Jerusalem,GPE
,32,2,Jeremiah,PERSON
,32,2,Judah,PERSON
,32,3,Zedekiah,GPE
,32,3,Judah,PERSON
,32,3,Behold,PERSON
,32,3,Babylon,PERSON
,32,4,Zedekiah,PERSON
,32,4,Judah,PERSON
,32,4,Chaldeans,NORP
,32,4,Babylon,GPE
,32,5,Zedekiah to Babylon,ORG
,32,5,Chaldeans,NORP
,32,6,Jeremiah,PERSON
,32,7,Hanameel,ORG
,32,7,Shallum,PRODUCT
,32,7,Anathoth,PERSON
,32,8,So,PERSON
,32,8,Hanameel,ORG
,32,8,Anathoth,ORG
,32,8,Benjamin,PERSON
,32,9,Hanameel,ORG
,32,9,Anathoth,PERSON
,32,9,seventeen shekels,QUANTITY
,32,11,So,PERSON
,32,12,Baruch,PERSON
,32,12,Neriah,ORG
,32,12,Maaseiah,ORG
,32,12,Hanameel,ORG
,32,12,Jews,NORP
,32,13,Baruch,PERSON
,32,14,Israel,GPE
,32,14,put,PERSON
,32,14,many days,DATE
,32,15,Israel,GPE
,32,15,Houses,ORG
,32,16,Baruch,PERSON
,32,16,Neriah,PERSON
,32,18,thousands,CARDINAL
,32,20,Egypt,GPE
,32,20,this day,DATE
,32,20,Israel,GPE
,32,20,this day,DATE
,32,21,Israel,GPE
,32,21,Egypt,GPE
,32,24,Chaldeans,NORP
,32,25,Chaldeans,NORP
,32,26,Jeremiah,PERSON
,32,28,Chaldeans,NORP
,32,28,Nebuchadrezzar,GPE
,32,28,Babylon,PERSON
,32,29,Chaldeans,NORP
,32,29,on,PERSON
,32,29,Baal,PERSON
,32,30,Israel,GPE
,32,30,Judah,PERSON
,32,30,Israel,GPE
,32,31,the day,DATE
,32,31,this day,DATE
,32,32,Israel,GPE
,32,32,Judah,PERSON
,32,32,Judah,PERSON
,32,32,Jerusalem,GPE
,32,35,Baal,PERSON
,32,35,Hinnom,ORG
,32,35,Molech,ORG
,32,35,Judah,PERSON
,32,36,Israel,GPE
,32,36,Babylon,PERSON
,32,39,one,CARDINAL
,32,39,one,CARDINAL
,32,40,put,PERSON
,32,42,so,PERSON
,32,43,Chaldeans,NORP
,32,44,Benjamin,PERSON
,32,44,Jerusalem,GPE
,32,44,Judah,GPE
,33,1,Jeremiah,PERSON
,33,1,second,ORDINAL
,33,4,Israel,GPE
,33,4,Judah,PERSON
,33,5,Chaldeans,NORP
,33,7,Judah,PERSON
,33,7,Israel,GPE
,33,7,first,ORDINAL
,33,10,Judah,GPE
,33,10,Jerusalem,GPE
,33,11,first,ORDINAL
,33,13,Benjamin,PERSON
,33,13,Jerusalem,GPE
,33,13,Judah,GPE
,33,14,Israel,GPE
,33,14,Judah,PERSON
,33,15,those days,DATE
,33,15,David,PERSON
,33,16,those days,DATE
,33,16,Judah,PERSON
,33,16,Jerusalem,GPE
,33,17,David,PERSON
,33,17,Israel,GPE
,33,18,Levites,ORG
,33,19,Jeremiah,PERSON
,33,20,the day,DATE
,33,21,David,PERSON
,33,21,Levites,ORG
,33,22,so,PERSON
,33,22,David,PERSON
,33,22,Levites,ORG
,33,23,Jeremiah,PERSON
,33,24,Considerest,ORG
,33,24,two,CARDINAL
,33,26,Jacob,PERSON
,33,26,David,PERSON
,33,26,so,PERSON
,33,26,Abraham,PERSON
,33,26,Isaac,PERSON
,33,26,Jacob,PERSON
,33,26,on,PERSON
,34,1,Jeremiah,PERSON
,34,1,Nebuchadnezzar,PERSON
,34,1,Babylon,PERSON
,34,1,Jerusalem,GPE
,34,2,Israel,GPE
,34,2,Zedekiah,GPE
,34,2,Judah,PERSON
,34,2,Babylon,PERSON
,34,3,Babylon,PERSON
,34,3,Babylon,GPE
,34,4,O Zedekiah,ORG
,34,4,Judah,PERSON
,34,5,so,PERSON
,34,6,Jeremiah,PERSON
,34,6,Zedekiah,PERSON
,34,6,Judah,GPE
,34,6,Jerusalem,GPE
,34,7,Babylon,PERSON
,34,7,Jerusalem,GPE
,34,7,Judah,GPE
,34,7,Lachish,PERSON
,34,7,Azekah,PERSON
,34,7,Judah,GPE
,34,8,Jeremiah,PERSON
,34,8,Zedekiah,PERSON
,34,8,Jerusalem,GPE
,34,9,Hebrew,LANGUAGE
,34,9,Hebrewess,ORG
,34,9,Jew,NORP
,34,12,Jeremiah,PERSON
,34,13,Israel,GPE
,34,13,the day,DATE
,34,13,Egypt,GPE
,34,14,the end of seven years,DATE
,34,14,Hebrew,LANGUAGE
,34,14,six years,DATE
,34,17,Ye,PERSON
,34,19,Judah,PERSON
,34,19,Jerusalem,GPE
,34,21,Zedekiah,PERSON
,34,21,Judah,PERSON
,34,21,Babylon,PERSON
,34,22,Judah,PERSON
,35,1,Jeremiah,PERSON
,35,1,the days,DATE
,35,1,Jehoiakim,LOC
,35,1,Josiah,PERSON
,35,1,Judah,PERSON
,35,2,Rechabites,LOC
,35,3,Jaazaniah,PERSON
,35,3,Jeremiah,PERSON
,35,3,Habaziniah,ORG
,35,3,Rechabites,NORP
,35,4,Hanan,PERSON
,35,4,Igdaliah,ORG
,35,4,Maaseiah,LOC
,35,4,Shallum,PERSON
,35,6,Jonadab,PERSON
,35,6,Rechab,PERSON
,35,7,days,DATE
,35,8,Jonadab,PERSON
,35,8,Rechab,PERSON
,35,10,Jonadab,PERSON
,35,11,Nebuchadrezzar,PERSON
,35,11,Babylon,GPE
,35,11,Jerusalem,GPE
,35,11,Chaldeans,NORP
,35,11,Syrians,NORP
,35,11,so,PERSON
,35,11,Jerusalem,GPE
,35,12,Jeremiah,PERSON
,35,13,Israel,GPE
,35,13,Judah,PERSON
,35,13,Jerusalem,GPE
,35,14,Jonadab,PERSON
,35,14,Rechab,PERSON
,35,14,this day,DATE
,35,16,Jonadab,PERSON
,35,16,Rechab,PERSON
,35,17,Israel,GPE
,35,17,Judah,PERSON
,35,17,Jerusalem,GPE
,35,18,Jeremiah,PERSON
,35,18,Israel,GPE
,35,18,Jonadab,PERSON
,35,19,Israel,GPE
,35,19,Jonadab,PERSON
,35,19,Rechab,PERSON
,36,1,the fourth year,DATE
,36,1,Jehoiakim,LOC
,36,1,Josiah,PERSON
,36,1,Judah,PERSON
,36,1,Jeremiah,PERSON
,36,2,Israel,GPE
,36,2,Judah,PERSON
,36,2,the day,DATE
,36,2,the days,DATE
,36,2,Josiah,PERSON
,36,2,this day,DATE
,36,3,Judah,ORG
,36,4,Jeremiah,PERSON
,36,4,Baruch,PERSON
,36,4,Neriah,PERSON
,36,4,Baruch,PERSON
,36,4,Jeremiah,PERSON
,36,5,Jeremiah,PERSON
,36,5,Baruch,PERSON
,36,6,the fasting day,DATE
,36,6,Judah,PERSON
,36,8,Baruch,PERSON
,36,8,Neriah,PERSON
,36,8,Jeremiah,PERSON
,36,9,the fifth year,DATE
,36,9,Jehoiakim,LOC
,36,9,Josiah,PERSON
,36,9,Judah,PERSON
,36,9,the ninth month,DATE
,36,9,Jerusalem,GPE
,36,9,Judah,GPE
,36,9,Jerusalem,GPE
,36,10,Baruch,PERSON
,36,10,Jeremiah,PERSON
,36,10,Gemariah,PERSON
,36,10,Shaphan,LOC
,36,11,Michaiah,PERSON
,36,11,Gemariah,ORG
,36,11,Shaphan,LOC
,36,12,Elishama,PERSON
,36,12,Delaiah,PERSON
,36,12,Shemaiah,GPE
,36,12,Elnathan,LOC
,36,12,Achbor,ORG
,36,12,Gemariah,PRODUCT
,36,12,Shaphan,LOC
,36,12,Zedekiah,ORG
,36,12,Hananiah,ORG
,36,13,Michaiah,PERSON
,36,13,Baruch,PERSON
,36,14,Jehudi,PERSON
,36,14,Nethaniah,ORG
,36,14,Shelemiah,GPE
,36,14,Cushi,ORG
,36,14,Baruch,PERSON
,36,14,So,PERSON
,36,14,Baruch,PERSON
,36,14,Neriah,PERSON
,36,15,So,PERSON
,36,15,Baruch,PERSON
,36,16,Baruch,PERSON
,36,17,Baruch,PERSON
,36,18,Baruch,PERSON
,36,19,Baruch,PERSON
,36,19,Jeremiah,PERSON
,36,20,Elishama,ORG
,36,21,So,PERSON
,36,21,Jehudi,PERSON
,36,21,Elishama,ORG
,36,21,Jehudi,PERSON
,36,22,the ninth month,DATE
,36,22,on,PERSON
,36,23,Jehudi,PERSON
,36,23,three,CARDINAL
,36,23,four,CARDINAL
,36,23,on,PERSON
,36,23,on,PERSON
,36,25,Elnathan,PERSON
,36,25,Delaiah and Gemariah,ORG
,36,26,Jerahmeel,PERSON
,36,26,Hammelech,ORG
,36,26,Seraiah,ORG
,36,26,Azriel,PERSON
,36,26,Shelemiah,PERSON
,36,26,Abdeel,GPE
,36,26,Baruch,PERSON
,36,26,Jeremiah,PERSON
,36,27,Jeremiah,PERSON
,36,27,Baruch,PERSON
,36,27,Jeremiah,PERSON
,36,28,first,ORDINAL
,36,28,Jehoiakim,LOC
,36,28,Judah,PERSON
,36,29,Jehoiakim,NORP
,36,29,Judah,PERSON
,36,29,Babylon,PERSON
,36,30,Jehoiakim,PERSON
,36,30,Judah,PERSON
,36,30,David,PERSON
,36,30,the day,DATE
,36,30,the night,TIME
,36,31,Jerusalem,GPE
,36,31,Judah,PERSON
,36,32,Jeremiah,PERSON
,36,32,Baruch,PERSON
,36,32,Neriah,ORG
,36,32,Jeremiah,PERSON
,36,32,Jehoiakim,PERSON
,36,32,Judah,PERSON
,37,1,Zedekiah,PERSON
,37,1,Josiah,PERSON
,37,1,Coniah,ORG
,37,1,Jehoiakim,PERSON
,37,1,Babylon,PERSON
,37,1,Judah,GPE
,37,2,Jeremiah,PERSON
,37,3,Zedekiah,PERSON
,37,3,Jehucal,PERSON
,37,3,Shelemiah,GPE
,37,3,Zephaniah,PERSON
,37,3,Maaseiah,PERSON
,37,3,Jeremiah,PERSON
,37,4,Jeremiah,PERSON
,37,4,put,PERSON
,37,5,Pharaoh,PERSON
,37,5,Egypt,GPE
,37,5,Chaldeans,NORP
,37,5,Jerusalem,GPE
,37,5,Jerusalem,GPE
,37,6,Jeremiah,PERSON
,37,7,Israel,GPE
,37,7,Judah,PERSON
,37,7,Behold,PERSON
,37,7,Pharaoh,PERSON
,37,7,Egypt,GPE
,37,8,Chaldeans,NORP
,37,9,Chaldeans,NORP
,37,10,Chaldeans,NORP
,37,11,Chaldeans,NORP
,37,11,Jerusalem,GPE
,37,11,Pharaoh,PERSON
,37,12,Jeremiah,PERSON
,37,12,Jerusalem,GPE
,37,12,Benjamin,PERSON
,37,13,Benjamin,PERSON
,37,13,Irijah,FAC
,37,13,Shelemiah,GPE
,37,13,Hananiah,ORG
,37,13,Jeremiah,PERSON
,37,13,Chaldeans,NORP
,37,14,Jeremiah,PERSON
,37,14,Chaldeans,NORP
,37,14,so,PERSON
,37,14,Irijah,PERSON
,37,14,Jeremiah,PERSON
,37,15,Jeremiah,PERSON
,37,15,put,PERSON
,37,15,Jonathan,PERSON
,37,16,Jeremiah,PERSON
,37,16,Jeremiah,PERSON
,37,16,many days,DATE
,37,17,Zedekiah,PERSON
,37,17,Jeremiah,PERSON
,37,17,Babylon,GPE
,37,18,Jeremiah,PERSON
,37,18,Zedekiah,PERSON
,37,18,put,PERSON
,37,19,Babylon,PERSON
,37,20,Jonathan,PERSON
,37,21,Zedekiah,PERSON
,37,21,Jeremiah,PERSON
,37,21,daily,DATE
,37,21,Jeremiah,PERSON
,38,1,Shephatiah,PERSON
,38,1,Mattan,ORG
,38,1,Gedaliah,PERSON
,38,1,Pashur,GPE
,38,1,Jucal,PERSON
,38,1,Shelemiah,GPE
,38,1,Pashur,GPE
,38,1,Malchiah,ORG
,38,1,Jeremiah,PERSON
,38,2,Chaldeans,NORP
,38,3,Babylon,PERSON
,38,4,put,PERSON
,38,4,death,PERSON
,38,5,Zedekiah,PERSON
,38,5,Behold,PERSON
,38,6,Jeremiah,PERSON
,38,6,Hammelech,ORG
,38,6,Jeremiah,PERSON
,38,6,so,PERSON
,38,6,Jeremiah,PERSON
,38,7,Ebedmelech,PERSON
,38,7,Ethiopian,NORP
,38,7,one,CARDINAL
,38,7,put,PERSON
,38,7,Jeremiah,PERSON
,38,7,Benjamin,PERSON
,38,8,Ebedmelech,PERSON
,38,9,Jeremiah,PERSON
,38,10,Ebedmelech,PERSON
,38,10,Ethiopian,NORP
,38,10,thirty,CARDINAL
,38,10,Jeremiah,PERSON
,38,11,So,PERSON
,38,11,Ebedmelech,PERSON
,38,11,Jeremiah,PERSON
,38,12,Ebedmelech,PERSON
,38,12,Ethiopian,NORP
,38,12,Jeremiah,PERSON
,38,12,Put,PERSON
,38,12,Jeremiah,PERSON
,38,12,so,PERSON
,38,13,So,PERSON
,38,13,Jeremiah,PERSON
,38,13,Jeremiah,PERSON
,38,14,Zedekiah,PERSON
,38,14,Jeremiah,PERSON
,38,14,third,ORDINAL
,38,14,Jeremiah,PERSON
,38,15,Jeremiah,PERSON
,38,15,Zedekiah,PERSON
,38,15,put,PERSON
,38,15,death,PERSON
,38,16,So,PERSON
,38,16,Zedekiah,PERSON
,38,16,Jeremiah,PERSON
,38,16,put,PERSON
,38,16,death,PERSON
,38,17,Jeremiah unto Zedekiah,PERSON
,38,17,Israel,GPE
,38,17,Babylon,PERSON
,38,17,thine house,ORG
,38,18,Babylon,PERSON
,38,18,Chaldeans,NORP
,38,19,Zedekiah,PERSON
,38,19,Jeremiah,PERSON
,38,19,Jews,NORP
,38,19,Chaldeans,NORP
,38,20,Jeremiah,PERSON
,38,20,so,PERSON
,38,22,Judah,PERSON
,38,22,Babylon,PERSON
,38,22,on,PERSON
,38,23,So,PERSON
,38,23,Chaldeans,NORP
,38,23,Babylon,PERSON
,38,24,Zedekiah,PERSON
,38,24,Jeremiah,PERSON
,38,25,put,PERSON
,38,25,death,PERSON
,38,26,Jonathan,PERSON
,38,27,Jeremiah,PERSON
,38,27,So,PERSON
,38,28,So,PERSON
,38,28,Jeremiah,PERSON
,38,28,the day,DATE
,38,28,Jerusalem,GPE
,38,28,Jerusalem,GPE
,39,1,the ninth year,DATE
,39,1,Zedekiah,GPE
,39,1,Judah,PERSON
,39,1,the tenth month,DATE
,39,1,Nebuchadrezzar,PERSON
,39,1,Babylon,PERSON
,39,1,Jerusalem,GPE
,39,2,the eleventh year,DATE
,39,2,Zedekiah,GPE
,39,2,the fourth month,DATE
,39,2,the ninth day of the month,DATE
,39,3,Babylon,GPE
,39,3,the middle gate,LOC
,39,3,Nergalsharezer,PERSON
,39,3,Samgarnebo,PERSON
,39,3,Sarsechim,PERSON
,39,3,Rabsaris,ORG
,39,3,Nergalsharezer,NORP
,39,3,Rabmag,LOC
,39,3,Babylon,GPE
,39,4,Zedekiah,PERSON
,39,4,Judah,PERSON
,39,4,two,CARDINAL
,39,5,Chaldeans,NORP
,39,5,Zedekiah,ORG
,39,5,Jericho,GPE
,39,5,Nebuchadnezzar,PERSON
,39,5,Babylon,PERSON
,39,5,Hamath,NORP
,39,6,Babylon,PERSON
,39,6,Zedekiah,ORG
,39,6,Riblah,ORG
,39,6,Babylon,PERSON
,39,6,Judah,PERSON
,39,7,put,PERSON
,39,7,Zedekiah,ORG
,39,7,Babylon,GPE
,39,8,Chaldeans,NORP
,39,8,Jerusalem,GPE
,39,9,Nebuzaradan,PERSON
,39,9,Babylon,GPE
,39,10,Nebuzaradan,PERSON
,39,10,Judah,GPE
,39,11,Babylon,PERSON
,39,11,Jeremiah,PERSON
,39,11,Nebuzaradan,PERSON
,39,13,So,PERSON
,39,13,Nebuzaradan,PERSON
,39,13,Nebushasban,ORG
,39,13,Rabsaris,ORG
,39,13,Nergalsharezer,NORP
,39,13,Rabmag,LOC
,39,13,Babylon,PERSON
,39,14,Jeremiah,PERSON
,39,14,Gedaliah,PERSON
,39,14,Ahikam,PERSON
,39,14,Shaphan,LOC
,39,14,so,PERSON
,39,15,Jeremiah,PERSON
,39,16,Ebedmelech,PERSON
,39,16,Ethiopian,NORP
,39,16,Israel,GPE
,39,16,that day,DATE
,39,17,that day,DATE
,39,18,put,PERSON
,40,1,Jeremiah,PERSON
,40,1,Nebuzaradan,PERSON
,40,1,Ramah,GPE
,40,1,Jerusalem,GPE
,40,1,Judah,PERSON
,40,1,Babylon,PERSON
,40,2,Jeremiah,PERSON
,40,4,this day,DATE
,40,4,Babylon,GPE
,40,4,Babylon,GPE
,40,5,Gedaliah,PERSON
,40,5,Ahikam,PERSON
,40,5,Shaphan,LOC
,40,5,Babylon,PERSON
,40,5,Judah,GPE
,40,5,So,PERSON
,40,6,Jeremiah,PERSON
,40,6,Gedaliah,PERSON
,40,6,Ahikam,PERSON
,40,7,Babylon,PERSON
,40,7,Gedaliah,PERSON
,40,7,Ahikam,PERSON
,40,7,Babylon,GPE
,40,8,Gedaliah to Mizpah,PERSON
,40,8,Ishmael,PERSON
,40,8,Nethaniah,ORG
,40,8,Johanan,GPE
,40,8,Jonathan,PERSON
,40,8,Kareah,ORG
,40,8,Seraiah,ORG
,40,8,Tanhumeth,PERSON
,40,8,Ephai the Netophathite,ORG
,40,8,Maachathite,NORP
,40,9,Gedaliah,PERSON
,40,9,Ahikam,PERSON
,40,9,Shaphan,LOC
,40,9,Chaldeans,NORP
,40,9,Babylon,PERSON
,40,10,Mizpah,PERSON
,40,10,Chaldeans,NORP
,40,10,put,PERSON
,40,11,Jews,NORP
,40,11,Moab,GPE
,40,11,Edom,GPE
,40,11,Babylon,PERSON
,40,11,Judah,GPE
,40,11,Gedaliah,PERSON
,40,11,Ahikam,PERSON
,40,11,Shaphan,LOC
,40,12,Jews,NORP
,40,12,Judah,GPE
,40,12,Gedaliah,PERSON
,40,12,Mizpah,PERSON
,40,13,Johanan,PERSON
,40,13,Kareah,ORG
,40,13,Gedaliah to Mizpah,PERSON
,40,14,Dost,PERSON
,40,14,Baalis,GPE
,40,14,Ammonites,ORG
,40,14,Ishmael,PERSON
,40,14,Nethaniah,ORG
,40,14,Gedaliah,PERSON
,40,14,Ahikam,PERSON
,40,15,Johanan,PERSON
,40,15,Kareah,PERSON
,40,15,Gedaliah in Mizpah,PERSON
,40,15,Ishmael,PERSON
,40,15,Nethaniah,ORG
,40,15,Jews,NORP
,40,15,Judah,GPE
,40,16,Gedaliah,PERSON
,40,16,Ahikam,PERSON
,40,16,Johanan,PERSON
,40,16,Kareah,PERSON
,40,16,Ishmael,PERSON
,41,1,the seventh month,DATE
,41,1,Ishmael,PERSON
,41,1,Nethaniah,ORG
,41,1,Elishama,PERSON
,41,1,ten,CARDINAL
,41,1,Gedaliah,PERSON
,41,1,Ahikam,PERSON
,41,1,Mizpah,PERSON
,41,2,Ishmael,PERSON
,41,2,Nethaniah,ORG
,41,2,ten,CARDINAL
,41,2,Gedaliah,PERSON
,41,2,Ahikam,PERSON
,41,2,Shaphan,LOC
,41,2,Babylon,PERSON
,41,3,Ishmael,PERSON
,41,3,Jews,NORP
,41,3,Gedaliah,PERSON
,41,3,Mizpah,PERSON
,41,3,Chaldeans,NORP
,41,4,the second day,DATE
,41,4,Gedaliah,PERSON
,41,5,Shechem,ORG
,41,5,Shiloh,GPE
,41,5,Samaria,GPE
,41,5,fourscore,CARDINAL
,41,6,Ishmael,PERSON
,41,6,Nethaniah,ORG
,41,6,Mizpah,PERSON
,41,6,Come to Gedaliah the son,WORK_OF_ART
,41,6,Ahikam,PERSON
,41,7,so,PERSON
,41,7,Ishmael,PERSON
,41,7,Nethaniah,ORG
,41,8,ten,CARDINAL
,41,8,Ishmael,PERSON
,41,8,So,PERSON
,41,9,Ishmael,PERSON
,41,9,Gedaliah,PERSON
,41,9,Asa,ORG
,41,9,Baasha,NORP
,41,9,Israel,GPE
,41,9,Ishmael,PERSON
,41,9,Nethaniah,ORG
,41,10,Ishmael,PERSON
,41,10,Mizpah,PERSON
,41,10,Mizpah,PERSON
,41,10,Nebuzaradan,PERSON
,41,10,Gedaliah,PERSON
,41,10,Ahikam,PERSON
,41,10,Ishmael,PERSON
,41,10,Nethaniah,ORG
,41,11,Johanan,PERSON
,41,11,Kareah,ORG
,41,11,Ishmael,PERSON
,41,11,Nethaniah,ORG
,41,12,Ishmael,PERSON
,41,12,Nethaniah,ORG
,41,12,Gibeon,PERSON
,41,13,Ishmael,PERSON
,41,13,Johanan,PERSON
,41,13,Kareah,ORG
,41,14,So,PERSON
,41,14,Ishmael,PERSON
,41,14,Mizpah,PERSON
,41,14,Johanan,PERSON
,41,14,Kareah,ORG
,41,15,Ishmael,PERSON
,41,15,Nethaniah,ORG
,41,15,Johanan,GPE
,41,15,eight,CARDINAL
,41,16,Johanan,PERSON
,41,16,Kareah,ORG
,41,16,Ishmael,PERSON
,41,16,Nethaniah,ORG
,41,16,Mizpah,PERSON
,41,16,Gedaliah,PERSON
,41,16,Ahikam,PERSON
,41,16,Gibeon,PERSON
,41,17,Chimham,GPE
,41,17,Bethlehem,ORG
,41,17,Egypt,GPE
,41,18,Chaldeans,NORP
,41,18,Ishmael,PERSON
,41,18,Nethaniah,ORG
,41,18,Gedaliah,PERSON
,41,18,Ahikam,PERSON
,41,18,Babylon,PERSON
,42,1,Johanan,GPE
,42,1,Kareah,PERSON
,42,1,Hoshaiah,GPE
,42,2,Jeremiah,PERSON
,42,4,Jeremiah,PERSON
,42,5,Jeremiah,PERSON
,42,7,ten days,DATE
,42,7,Jeremiah,PERSON
,42,8,Johanan,PERSON
,42,8,Kareah,ORG
,42,9,Israel,GPE
,42,11,Babylon,GPE
,42,14,Egypt,GPE
,42,15,Judah,GPE
,42,15,Israel,GPE
,42,15,Egypt,GPE
,42,16,Egypt,GPE
,42,16,Egypt,GPE
,42,17,So,PERSON
,42,17,Egypt,GPE
,42,18,Israel,GPE
,42,18,Jerusalem,GPE
,42,18,so,PERSON
,42,18,Egypt,GPE
,42,19,Judah,GPE
,42,19,Egypt,GPE
,42,19,this day,DATE
,42,20,so,PERSON
,42,21,this day,DATE
,43,1,Jeremiah,PERSON
,43,2,Azariah,ORG
,43,2,Hoshaiah,GPE
,43,2,Johanan,GPE
,43,2,Kareah,ORG
,43,2,Jeremiah,PERSON
,43,2,Egypt,GPE
,43,3,Baruch,PERSON
,43,3,Neriah,PERSON
,43,3,on,PERSON
,43,3,Chaldeans,NORP
,43,3,put,PERSON
,43,3,death,PERSON
,43,3,Babylon,GPE
,43,4,So,PERSON
,43,4,Johanan,PERSON
,43,4,Kareah,ORG
,43,4,Judah,GPE
,43,5,Johanan,GPE
,43,5,Kareah,ORG
,43,5,Judah,GPE
,43,5,Judah,GPE
,43,6,Nebuzaradan,PERSON
,43,6,Gedaliah,PERSON
,43,6,Ahikam,PERSON
,43,6,Shaphan,LOC
,43,6,Jeremiah,PERSON
,43,6,Baruch,PERSON
,43,6,Neriah,ORG
,43,7,So,PERSON
,43,7,Egypt,GPE
,43,7,Tahpanhes,ORG
,43,8,Jeremiah,PERSON
,43,8,Tahpanhes,PERSON
,43,9,Pharaoh,PERSON
,43,9,Tahpanhes,ORG
,43,9,Judah,GPE
,43,10,Israel,GPE
,43,10,Nebuchadrezzar,GPE
,43,10,Babylon,PERSON
,43,11,Egypt,GPE
,43,11,death,PERSON
,43,11,death,PERSON
,43,12,Egypt,GPE
,43,12,Egypt,GPE
,43,12,on,PERSON
,43,13,Bethshemesh,PERSON
,43,13,Egypt,GPE
,43,13,Egyptians,NORP
,44,1,Jeremiah,PERSON
,44,1,Jews,NORP
,44,1,Egypt,GPE
,44,1,Migdol,ORG
,44,1,Tahpanhes,ORG
,44,1,Noph,ORG
,44,1,Pathros,ORG
,44,2,Israel,GPE
,44,2,Ye,PERSON
,44,2,Jerusalem,GPE
,44,2,Judah,GPE
,44,2,this day,DATE
,44,6,Judah,GPE
,44,6,Jerusalem,GPE
,44,6,this day,DATE
,44,7,Israel,GPE
,44,7,Judah,GPE
,44,8,Egypt,GPE
,44,9,Judah,PERSON
,44,9,Judah,GPE
,44,9,Jerusalem,GPE
,44,10,this day,DATE
,44,11,Israel,GPE
,44,11,Judah,PERSON
,44,12,Judah,GPE
,44,12,Egypt,GPE
,44,12,Egypt,GPE
,44,13,Egypt,GPE
,44,13,Jerusalem,GPE
,44,14,So,PERSON
,44,14,Judah,GPE
,44,14,Egypt,GPE
,44,14,Judah,GPE
,44,15,Egypt,GPE
,44,15,Pathros,ORG
,44,15,Jeremiah,PERSON
,44,17,Judah,GPE
,44,17,Jerusalem,GPE
,44,20,Jeremiah,PERSON
,44,21,Judah,GPE
,44,21,Jerusalem,GPE
,44,22,So,PERSON
,44,22,this day,DATE
,44,23,this day,DATE
,44,24,Jeremiah,PERSON
,44,24,Judah,PERSON
,44,24,Egypt,GPE
,44,25,Israel,GPE
,44,25,Ye,PERSON
,44,26,Judah,PERSON
,44,26,Egypt,GPE
,44,26,Judah,PERSON
,44,26,Egypt,GPE
,44,27,Judah,PERSON
,44,27,Egypt,GPE
,44,28,Egypt,GPE
,44,28,Judah,GPE
,44,28,Judah,GPE
,44,28,Egypt,GPE
,44,30,Pharaohhophra,GPE
,44,30,Egypt,GPE
,44,30,Zedekiah,PERSON
,44,30,Judah,PERSON
,44,30,Nebuchadrezzar,GPE
,44,30,Babylon,PERSON
,45,1,Jeremiah,PERSON
,45,1,Baruch,PERSON
,45,1,Neriah,WORK_OF_ART
,45,1,Jeremiah,PERSON
,45,1,the fourth year,DATE
,45,1,Jehoiakim,LOC
,45,1,Josiah,PERSON
,45,1,Judah,PERSON
,45,2,Israel,GPE
,45,2,Baruch,PERSON
,45,3,Woe,PERSON
,45,4,Behold,PERSON
,46,1,Jeremiah,PERSON
,46,1,Gentiles,ORG
,46,2,Egypt,GPE
,46,2,Pharaohnecho,GPE
,46,2,Egypt,GPE
,46,2,Euphrates,LOC
,46,2,Carchemish,PERSON
,46,2,Nebuchadrezzar,ORG
,46,2,Babylon,PERSON
,46,2,the fourth year,DATE
,46,2,Jehoiakim,LOC
,46,2,Josiah,PERSON
,46,2,Judah,PERSON
,46,4,put,PERSON
,46,4,on,PERSON
,46,6,Euphrates,LOC
,46,8,Egypt,GPE
,46,9,Ethiopians,NORP
,46,9,Libyans,NORP
,46,9,Lydians,NORP
,46,10,the day,DATE
,46,10,Euphrates,LOC
,46,11,Gilead,ORG
,46,11,O virgin,ORG
,46,11,daughter,PERSON
,46,11,Egypt,GPE
,46,13,Jeremiah,PERSON
,46,13,Babylon,PERSON
,46,13,Egypt,GPE
,46,14,Egypt,GPE
,46,14,Migdol,GPE
,46,14,Noph,PERSON
,46,14,Tahpanhes,PERSON
,46,16,one,CARDINAL
,46,17,Pharaoh,PERSON
,46,17,Egypt,GPE
,46,18,Tabor,PERSON
,46,18,Carmel,ORG
,46,18,so,PERSON
,46,19,daughter,PERSON
,46,19,Egypt,GPE
,46,19,Noph,PERSON
,46,20,Egypt,GPE
,46,21,the day,DATE
,46,24,daughter,PERSON
,46,24,Egypt,GPE
,46,25,Israel,GPE
,46,25,Pharaoh,PERSON
,46,25,Egypt,GPE
,46,25,Pharaoh,PERSON
,46,26,Nebuchadrezzar,GPE
,46,26,Babylon,GPE
,46,26,the days of old,DATE
,46,27,Jacob,PERSON
,46,27,Jacob,PERSON
,46,28,Jacob,PERSON
,47,1,Jeremiah,PERSON
,47,1,Philistines,NORP
,47,1,Pharaoh,PERSON
,47,1,Gaza,GPE
,47,4,the day,DATE
,47,4,Philistines,NORP
,47,4,Tyrus,PERSON
,47,4,Zidon,PERSON
,47,4,Philistines,NORP
,47,4,Caphtor,PERSON
,47,5,Gaza,GPE
,47,5,Ashkelon,GPE
,47,6,put,PERSON
,47,7,Ashkelon,ORG
,48,1,Moab,LOC
,48,1,Israel,GPE
,48,1,Nebo,ORG
,48,1,Kiriathaim,GPE
,48,1,Misgab,LOC
,48,2,Moab,LOC
,48,2,Heshbon,PERSON
,48,3,Horonaim,PERSON
,48,4,Moab,GPE
,48,5,Luhith,ORG
,48,5,Horonaim,PERSON
,48,7,Chemosh,ORG
,48,9,Moab,GPE
,48,11,Moab,GPE
,48,11,on,PERSON
,48,13,Moab,LOC
,48,13,Chemosh,ORG
,48,13,Israel,GPE
,48,13,Bethel,GPE
,48,15,Moab,GPE
,48,16,Moab,GPE
,48,18,daughter,PERSON
,48,18,Dibon,GPE
,48,18,Moab,LOC
,48,19,Aroer,GPE
,48,20,Moab,GPE
,48,20,Arnon,PERSON
,48,20,Moab,GPE
,48,21,Holon,ORG
,48,21,Jahazah,PERSON
,48,21,Mephaath,PERSON
,48,22,Dibon,ORG
,48,22,Nebo,ORG
,48,22,Bethdiblathaim,ORG
,48,23,Kiriathaim,ORG
,48,23,Bethgamul,PERSON
,48,23,Bethmeon,ORG
,48,24,Kerioth,PERSON
,48,24,Bozrah,GPE
,48,24,Moab,GPE
,48,25,Moab,LOC
,48,26,Moab,GPE
,48,27,Israel,GPE
,48,28,Moab,GPE
,48,29,Moab,GPE
,48,30,so,PERSON
,48,30,so,PERSON
,48,31,Moab,LOC
,48,31,Moab,GPE
,48,31,Kirheres,PERSON
,48,32,Sibmah,GPE
,48,32,Jazer,PERSON
,48,32,Jazer,PERSON
,48,33,Moab,GPE
,48,34,Heshbon,PERSON
,48,34,Jahaz,PERSON
,48,34,Zoar,GPE
,48,34,Horonaim,PERSON
,48,34,three years old,DATE
,48,34,Nimrim,ORG
,48,35,Moab,GPE
,48,36,Moab,LOC
,48,36,Kirheres,PERSON
,48,38,Moab,GPE
,48,38,Moab,LOC
,48,39,Moab,GPE
,48,39,so,PERSON
,48,39,Moab,GPE
,48,40,Moab,GPE
,48,41,Kerioth,PERSON
,48,41,Moab,GPE
,48,41,that day,DATE
,48,42,Moab,LOC
,48,43,Moab,GPE
,48,44,Moab,LOC
,48,44,the year,DATE
,48,45,Heshbon,PERSON
,48,45,Heshbon,PERSON
,48,45,Sihon,ORG
,48,45,Moab,GPE
,48,46,Moab,PERSON
,48,46,Chemosh,ORG
,48,47,Moab,LOC
,48,47,the latter days,DATE
,48,47,Moab,GPE
,49,1,Israel,GPE
,49,1,Gad,PERSON
,49,2,Rabbah,PERSON
,49,2,Israel,GPE
,49,3,Rabbah,PERSON
,49,4,daughter,PERSON
,49,6,Ammon,PERSON
,49,7,Teman,GPE
,49,8,Dedan,GPE
,49,8,Esau,PERSON
,49,9,night,TIME
,49,10,Esau,PERSON
,49,13,Bozrah,PERSON
,49,14,Gather,PERSON
,49,18,Sodom,GPE
,49,18,Gomorrah,GPE
,49,19,Jordan,GPE
,49,20,Edom,ORG
,49,20,Teman,PERSON
,49,21,the Red sea,LOC
,49,22,Bozrah,PERSON
,49,22,that day,DATE
,49,22,Edom,ORG
,49,23,Damascus,GPE
,49,23,Hamath,NORP
,49,23,Arpad,PERSON
,49,23,on,PERSON
,49,24,Damascus,GPE
,49,24,on,PERSON
,49,26,that day,DATE
,49,27,Damascus,GPE
,49,27,Benhadad,GPE
,49,28,Kedar,PERSON
,49,28,Hazor,ORG
,49,28,Nebuchadrezzar,ORG
,49,28,Babylon,PERSON
,49,28,Kedar,PERSON
,49,29,Fear,ORG
,49,29,on,PERSON
,49,30,Hazor,ORG
,49,30,Babylon,PERSON
,49,33,Hazor,ORG
,49,34,Jeremiah,PERSON
,49,34,Elam,PERSON
,49,34,Zedekiah,GPE
,49,34,Judah,PERSON
,49,35,Elam,ORG
,49,36,Elam,ORG
,49,36,four,CARDINAL
,49,36,the four quarters,DATE
,49,36,Elam,ORG
,49,37,Elam,ORG
,49,38,Elam,ORG
,49,39,the latter days,DATE
,49,39,Elam,ORG
,50,1,Babylon,PERSON
,50,1,Chaldeans,NORP
,50,1,Jeremiah,PERSON
,50,2,Babylon,PERSON
,50,2,Bel,PERSON
,50,2,Merodach,GPE
,50,4,those days,DATE
,50,4,Israel,GPE
,50,4,Judah,PERSON
,50,5,Zion,GPE
,50,6,on,PERSON
,50,8,Babylon,GPE
,50,8,Chaldeans,NORP
,50,9,Babylon,GPE
,50,10,Chaldea,PERSON
,50,13,Babylon,PERSON
,50,14,Put,PERSON
,50,14,Babylon,PERSON
,50,16,Babylon,GPE
,50,17,Israel,GPE
,50,17,first,ORDINAL
,50,17,Assyria,GPE
,50,17,Nebuchadrezzar,GPE
,50,17,Babylon,PERSON
,50,18,Israel,GPE
,50,18,Babylon,PERSON
,50,18,Assyria,GPE
,50,19,Israel,GPE
,50,19,on,PERSON
,50,19,Carmel,GPE
,50,19,Bashan,ORG
,50,19,Ephraim,PERSON
,50,19,Gilead,ORG
,50,20,those days,DATE
,50,20,Israel,GPE
,50,20,Judah,PERSON
,50,21,Pekod,FAC
,50,23,Babylon,PERSON
,50,25,Chaldeans,NORP
,50,27,their day,DATE
,50,28,Babylon,GPE
,50,28,Zion,GPE
,50,29,Babylon,PERSON
,50,29,Israel,GPE
,50,30,that day,DATE
,50,33,Israel,GPE
,50,33,Judah,PERSON
,50,34,Redeemer,ORG
,50,34,Babylon,GPE
,50,35,Chaldeans,NORP
,50,35,Babylon,GPE
,50,40,Sodom,GPE
,50,40,Gomorrah,GPE
,50,40,so,PERSON
,50,42,put,PERSON
,50,42,daughter,PERSON
,50,42,Babylon,PERSON
,50,43,Babylon,PERSON
,50,44,Jordan,GPE
,50,45,Babylon,GPE
,50,45,Chaldeans,NORP
,50,46,Babylon,GPE
,51,1,Babylon,GPE
,51,2,Babylon,PERSON
,51,2,the day,DATE
,51,4,Chaldeans,NORP
,51,5,Israel,GPE
,51,5,Judah,PERSON
,51,5,Israel,GPE
,51,6,Babylon,GPE
,51,7,Babylon,PERSON
,51,8,Babylon,PERSON
,51,8,so,PERSON
,51,9,Babylon,PERSON
,51,10,Zion,GPE
,51,11,Babylon,GPE
,51,12,Babylon,GPE
,51,12,Babylon,GPE
,51,19,Jacob,PERSON
,51,19,Israel,GPE
,51,24,Babylon,PERSON
,51,24,Chaldea,PERSON
,51,24,Zion,GPE
,51,27,Ararat,GPE
,51,27,Minni,ORG
,51,27,Ashchenaz,PERSON
,51,28,Medes,NORP
,51,29,Babylon,GPE
,51,29,Babylon,GPE
,51,30,Babylon,GPE
,51,31,One,CARDINAL
,51,31,one,CARDINAL
,51,31,Babylon,PERSON
,51,31,one,CARDINAL
,51,33,Israel,GPE
,51,33,daughter,PERSON
,51,33,Babylon,PERSON
,51,34,Babylon,PERSON
,51,35,Babylon,GPE
,51,35,Zion,GPE
,51,35,Chaldea,GPE
,51,35,Jerusalem,GPE
,51,37,Babylon,PERSON
,51,41,Sheshach,PERSON
,51,41,Babylon,PERSON
,51,42,Babylon,PERSON
,51,44,Bel,PERSON
,51,44,Babylon,GPE
,51,44,Babylon,GPE
,51,46,one year,DATE
,51,46,another year,DATE
,51,47,Babylon,PERSON
,51,48,Babylon,PERSON
,51,49,Babylon,PERSON
,51,49,Israel,GPE
,51,49,so,PERSON
,51,49,Babylon,PERSON
,51,50,Ye,PERSON
,51,50,Jerusalem,GPE
,51,53,Babylon,PERSON
,51,54,Babylon,GPE
,51,54,Chaldeans,NORP
,51,55,Babylon,GPE
,51,56,Babylon,PERSON
,51,58,Babylon,GPE
,51,59,Jeremiah,PERSON
,51,59,Seraiah,PERSON
,51,59,Neriah,ORG
,51,59,Maaseiah,ORG
,51,59,Zedekiah,ORG
,51,59,Judah,PERSON
,51,59,Babylon,GPE
,51,59,the fourth year,DATE
,51,59,Seraiah,ORG
,51,60,So,PERSON
,51,60,Jeremiah,PERSON
,51,60,Babylon,PERSON
,51,60,Babylon,PERSON
,51,61,Jeremiah,PERSON
,51,61,Seraiah,ORG
,51,61,Babylon,GPE
,51,63,Euphrates,ORG
,51,64,Babylon,PERSON
,51,64,Jeremiah,PERSON
,52,1,Zedekiah,PERSON
,52,1,twenty years old,DATE
,52,1,eleven years,DATE
,52,1,Jerusalem,GPE
,52,1,Hamutal,PERSON
,52,1,daughter,PERSON
,52,1,Jeremiah,PERSON
,52,1,Libnah,PERSON
,52,2,Jehoiakim,LOC
,52,3,Jerusalem,GPE
,52,3,Judah,PERSON
,52,3,Zedekiah,ORG
,52,3,Babylon,GPE
,52,4,the ninth year,DATE
,52,4,the tenth month,DATE
,52,4,the tenth day of the month,DATE
,52,4,Nebuchadrezzar,ORG
,52,4,Babylon,GPE
,52,4,Jerusalem,GPE
,52,5,So,PERSON
,52,5,the eleventh year,DATE
,52,5,Zedekiah,PERSON
,52,6,the fourth month,DATE
,52,6,the ninth day of the month,DATE
,52,6,so,PERSON
,52,7,night,TIME
,52,7,two,CARDINAL
,52,7,Chaldeans,NORP
,52,8,Chaldeans,NORP
,52,8,Zedekiah,ORG
,52,8,Jericho,GPE
,52,9,Babylon,PERSON
,52,9,Hamath,NORP
,52,10,Babylon,PERSON
,52,10,Zedekiah,PERSON
,52,10,Judah,PERSON
,52,10,Riblah,ORG
,52,11,put,PERSON
,52,11,Zedekiah,GPE
,52,11,Babylon,PERSON
,52,11,Babylon,PERSON
,52,11,put,PERSON
,52,11,the day,DATE
,52,11,death,PERSON
,52,12,the fifth month,DATE
,52,12,the tenth day of the month,DATE
,52,12,the nineteenth year,DATE
,52,12,Nebuchadrezzar,GPE
,52,12,Babylon,GPE
,52,12,Nebuzaradan,PERSON
,52,12,Babylon,GPE
,52,12,Jerusalem,GPE
,52,13,Jerusalem,GPE
,52,14,Chaldeans,NORP
,52,14,Jerusalem,GPE
,52,15,Nebuzaradan,PERSON
,52,15,Babylon,PERSON
,52,16,Nebuzaradan,PERSON
,52,17,Chaldeans,NORP
,52,17,Babylon,GPE
,52,20,two,CARDINAL
,52,20,one,CARDINAL
,52,20,twelve,CARDINAL
,52,20,Solomon,PERSON
,52,21,one,CARDINAL
,52,21,eighteen cubits,QUANTITY
,52,21,twelve cubits,QUANTITY
,52,21,four,CARDINAL
,52,22,one,CARDINAL
,52,22,five cubits,QUANTITY
,52,22,second,ORDINAL
,52,23,ninety and six,CARDINAL
,52,23,on,PERSON
,52,23,hundred,CARDINAL
,52,24,Seraiah,ORG
,52,24,Zephaniah,PERSON
,52,24,second,ORDINAL
,52,24,three,CARDINAL
,52,25,seven,CARDINAL
,52,25,threescore,CARDINAL
,52,26,So,PERSON
,52,26,Nebuzaradan,PERSON
,52,26,Babylon,PERSON
,52,26,Riblah,ORG
,52,27,Babylon,PERSON
,52,27,put,PERSON
,52,27,death,PERSON
,52,27,Riblah,ORG
,52,27,Hamath,NORP
,52,27,Judah,PERSON
,52,28,the seventh year three thousand,DATE
,52,28,Jews,NORP
,52,28,three,CARDINAL
,52,28,twenty,CARDINAL
,52,29,the eighteenth year,DATE
,52,29,Jerusalem,GPE
,52,29,two,CARDINAL
,52,30,the three and twentieth year,DATE
,52,30,Nebuchadrezzar Nebuzaradan,ORG
,52,30,Jews,NORP
,52,30,seven hundred forty,DATE
,52,30,five,CARDINAL
,52,30,four thousand and six hundred,CARDINAL
,52,31,seven and thirtieth year,DATE
,52,31,Jehoiachin,PERSON
,52,31,Judah,PERSON
,52,31,the twelfth month,DATE
,52,31,the five and twentieth day of the month,DATE
,52,31,Evilmerodach,ORG
,52,31,Babylon,PERSON
,52,31,the first year,DATE
,52,31,Jehoiachin,PERSON
,52,31,Judah,PERSON
,52,32,Babylon,GPE
,52,34,Babylon,PERSON
,52,34,the day,DATE
,52,34,death,PERSON
,1,2,on,PERSON
,1,3,Judah,PERSON
,1,4,Zion,GPE
,1,6,daughter,PERSON
,1,6,Zion,GPE
,1,7,Jerusalem,GPE
,1,7,the days,DATE
,1,7,the days of old,DATE
,1,8,Jerusalem,GPE
,1,12,the day,DATE
,1,15,daughter,PERSON
,1,15,Judah,PERSON
,1,17,Zion,GPE
,1,17,Jacob,PERSON
,1,17,Jerusalem,GPE
,1,20,death,PERSON
,1,21,the day,DATE
,2,1,daughter,PERSON
,2,1,Zion,GPE
,2,1,Israel,GPE
,2,1,the day,DATE
,2,2,Jacob,PERSON
,2,2,daughter,PERSON
,2,2,Judah,PERSON
,2,3,Israel,GPE
,2,3,Jacob,PERSON
,2,4,daughter,PERSON
,2,5,Israel,GPE
,2,5,daughter,PERSON
,2,5,Judah,PERSON
,2,6,Zion,GPE
,2,7,the day,DATE
,2,8,daughter,PERSON
,2,10,daughter,PERSON
,2,10,Zion,GPE
,2,10,Jerusalem,GPE
,2,11,daughter,PERSON
,2,13,daughter,PERSON
,2,13,Jerusalem,GPE
,2,13,daughter,PERSON
,2,13,Zion,GPE
,2,15,daughter,PERSON
,2,15,Jerusalem,GPE
,2,16,the day,DATE
,2,17,the days of old,DATE
,2,18,daughter,PERSON
,2,18,Zion,GPE
,2,21,on,PERSON
,2,21,the day,DATE
,2,22,so,PERSON
,2,22,the day,DATE
,3,29,so,PERSON
,3,48,daughter,PERSON
,3,57,the day,DATE
,4,2,Zion,GPE
,4,3,daughter,PERSON
,4,6,daughter,PERSON
,4,6,Sodom,GPE
,4,6,on,PERSON
,4,10,daughter,PERSON
,4,11,Zion,GPE
,4,12,Jerusalem,GPE
,4,14,so,PERSON
,4,15,Depart,PERSON
,4,19,the eagles of the heaven:,ORG
,4,21,daughter,PERSON
,4,21,Edom,ORG
,4,21,Uz,GPE
,4,22,daughter,PERSON
,4,22,Zion,GPE
,4,22,daughter,PERSON
,4,22,Edom,ORG
,5,6,Egyptians,NORP
,5,6,Assyrians,NORP
,5,11,Zion,GPE
,5,11,Judah,GPE
,5,18,Zion,GPE
,5,20,so,PERSON
,5,21,our days,DATE
,1,1,the thirtieth year,DATE
,1,1,the fourth month,DATE
,1,1,the fifth day of the month,DATE
,1,1,Chebar,GPE
,1,2,the fifth day of the month,DATE
,1,2,the fifth year,DATE
,1,2,Jehoiachin,PERSON
,1,3,Ezekiel,PERSON
,1,3,Buzi,ORG
,1,3,Chaldeans,NORP
,1,5,four,CARDINAL
,1,6,four,CARDINAL
,1,6,four,CARDINAL
,1,8,on,PERSON
,1,8,four,CARDINAL
,1,8,four,CARDINAL
,1,10,four,CARDINAL
,1,10,on,PERSON
,1,10,four,CARDINAL
,1,10,on,PERSON
,1,10,four,CARDINAL
,1,11,two,CARDINAL
,1,11,two,CARDINAL
,1,15,one,CARDINAL
,1,15,four,CARDINAL
,1,16,four,CARDINAL
,1,16,one,CARDINAL
,1,17,four,CARDINAL
,1,18,so,PERSON
,1,18,four,CARDINAL
,1,23,one,CARDINAL
,1,23,two,CARDINAL
,1,23,on,PERSON
,1,23,two,CARDINAL
,1,23,on,PERSON
,1,28,the day,DATE
,1,28,so,PERSON
,2,1,Son,PERSON
,2,3,Son,PERSON
,2,3,Israel,GPE
,2,3,this very day,DATE
,3,1,Son,PERSON
,3,1,Israel,GPE
,3,2,So,PERSON
,3,3,Son,PERSON
,3,4,Son,PERSON
,3,4,Israel,GPE
,3,5,Israel,GPE
,3,7,Israel,GPE
,3,7,Israel,GPE
,3,10,Son,PERSON
,3,12,Blessed,PERSON
,3,14,So,PERSON
,3,15,Telabib,ORG
,3,15,Chebar,GPE
,3,15,seven days,DATE
,3,16,the end of seven days,DATE
,3,17,Israel,GPE
,3,23,Chebar,GPE
,3,23,on,PERSON
,3,24,thine house,ORG
,3,25,put,PERSON
,4,1,Jerusalem,GPE
,4,3,Israel,GPE
,4,4,Israel,GPE
,4,4,the days,DATE
,4,5,the years,DATE
,4,5,the days,DATE
,4,5,three hundred and ninety days,QUANTITY
,4,5,so,PERSON
,4,5,Israel,GPE
,4,6,on,PERSON
,4,6,Judah,PERSON
,4,6,forty days,DATE
,4,6,each day,DATE
,4,7,Jerusalem,GPE
,4,8,the days,DATE
,4,9,put,PERSON
,4,9,one,CARDINAL
,4,9,the days,DATE
,4,9,three hundred and ninety days,QUANTITY
,4,10,twenty shekels,QUANTITY
,4,11,sixth,ORDINAL
,4,13,Israel,GPE
,4,13,Gentiles,ORG
,4,15,Lo,PERSON
,4,16,Son,PERSON
,4,16,Jerusalem,GPE
,5,2,third,ORDINAL
,5,2,the days,DATE
,5,2,third,ORDINAL
,5,2,third,ORDINAL
,5,4,Israel,GPE
,5,5,Jerusalem,GPE
,5,12,third,ORDINAL
,5,12,third,ORDINAL
,5,12,third,ORDINAL
,5,15,So,PERSON
,5,17,So,PERSON
,6,2,Israel,GPE
,6,3,Israel,GPE
,6,5,Israel,GPE
,6,11,Israel,GPE
,6,14,So,PERSON
,6,14,Diblath,GPE
,7,2,Israel,GPE
,7,2,four,CARDINAL
,7,10,the day,DATE
,7,16,on,PERSON
,7,19,the day,DATE
,8,1,the sixth year,DATE
,8,1,the sixth month,DATE
,8,1,the fifth day of the month,DATE
,8,1,Judah,PERSON
,8,3,put,PERSON
,8,3,Jerusalem,GPE
,8,4,Israel,GPE
,8,5,Son,PERSON
,8,5,So,PERSON
,8,6,Son,PERSON
,8,6,Israel,GPE
,8,8,Son,PERSON
,8,10,So,PERSON
,8,10,Israel,GPE
,8,11,seventy,CARDINAL
,8,11,Israel,GPE
,8,11,Jaazaniah,ORG
,8,11,Shaphan,LOC
,8,12,Son,PERSON
,8,12,Israel,GPE
,8,12,seeth,PERSON
,8,14,Tammuz,PERSON
,8,16,about five,CARDINAL
,8,16,twenty,CARDINAL
,8,17,Judah,PERSON
,8,17,put,PERSON
,9,2,six,CARDINAL
,9,2,one,CARDINAL
,9,3,Israel,GPE
,9,4,Jerusalem,GPE
,9,8,Israel,GPE
,9,8,Jerusalem,GPE
,9,9,Israel,GPE
,9,9,Judah,PERSON
,9,9,seeth,PERSON
,10,3,on,PERSON
,10,7,one,CARDINAL
,10,7,put,PERSON
,10,9,four,CARDINAL
,10,9,one,CARDINAL
,10,9,one,CARDINAL
,10,10,four,CARDINAL
,10,10,one,CARDINAL
,10,11,four,CARDINAL
,10,12,four,CARDINAL
,10,14,four,CARDINAL
,10,14,first,ORDINAL
,10,14,second,ORDINAL
,10,14,third,ORDINAL
,10,14,fourth,ORDINAL
,10,15,Chebar,GPE
,10,19,the east gate,LOC
,10,19,Israel,GPE
,10,20,Israel,GPE
,10,20,Chebar,GPE
,10,21,four,CARDINAL
,10,21,four,CARDINAL
,10,22,Chebar,GPE
,11,1,five,CARDINAL
,11,1,twenty,CARDINAL
,11,1,Jaazaniah,PERSON
,11,1,Azur,ORG
,11,1,Pelatiah,ORG
,11,1,Benaiah,PERSON
,11,2,Son,PERSON
,11,5,Speak,NORP
,11,5,Israel,GPE
,11,6,Ye,PERSON
,11,8,Ye,PERSON
,11,10,Israel,GPE
,11,11,Israel,GPE
,11,13,Pelatiah,ORG
,11,13,Benaiah,PERSON
,11,13,Israel,GPE
,11,15,Israel,GPE
,11,15,Jerusalem,GPE
,11,17,Israel,GPE
,11,19,one,CARDINAL
,11,19,put,PERSON
,11,22,Israel,GPE
,11,23,on,PERSON
,11,24,Chaldea,PERSON
,11,24,So,PERSON
,12,6,Israel,GPE
,12,7,so,PERSON
,12,9,Israel,GPE
,12,10,Jerusalem,GPE
,12,10,Israel,GPE
,12,11,so,PERSON
,12,13,Babylon,PERSON
,12,13,Chaldeans,NORP
,12,19,Jerusalem,GPE
,12,19,Israel,GPE
,12,22,Israel,GPE
,12,22,The days,DATE
,12,23,Israel,GPE
,12,23,The days,DATE
,12,24,Israel,GPE
,12,27,Israel,GPE
,12,27,many days,DATE
,13,2,Israel,GPE
,13,4,Israel,GPE
,13,5,Ye,PERSON
,13,5,Israel,GPE
,13,5,the day,DATE
,13,9,Israel,GPE
,13,9,Israel,GPE
,13,10,Peace,ORG
,13,10,one,CARDINAL
,13,12,Lo,PERSON
,13,14,So,PERSON
,13,14,so,PERSON
,13,16,Israel,GPE
,13,16,Jerusalem,GPE
,14,1,Israel,GPE
,14,3,put,PERSON
,14,4,Israel,GPE
,14,5,Israel,GPE
,14,6,Israel,GPE
,14,7,Israel,GPE
,14,7,Israel,GPE
,14,9,Israel,GPE
,14,11,Israel,GPE
,14,14,three,CARDINAL
,14,14,Noah,PERSON
,14,14,Daniel,PERSON
,14,14,Job,PERSON
,14,15,so,PERSON
,14,16,three,CARDINAL
,14,17,Sword,PERSON
,14,17,so,PERSON
,14,18,three,CARDINAL
,14,20,Noah,PERSON
,14,20,Daniel,PERSON
,14,20,Job,PERSON
,14,20,daughter,PERSON
,14,21,four,CARDINAL
,14,21,Jerusalem,GPE
,14,22,Jerusalem,GPE
,15,6,so,PERSON
,15,6,Jerusalem,GPE
,15,7,one,CARDINAL
,16,2,Jerusalem,GPE
,16,3,Jerusalem,GPE
,16,3,Canaan,GPE
,16,3,Amorite,PERSON
,16,3,Hittite,NORP
,16,4,the day,DATE
,16,5,the day,DATE
,16,11,put,PERSON
,16,11,on,PERSON
,16,12,put,PERSON
,16,12,on,PERSON
,16,14,put,PERSON
,16,15,on,PERSON
,16,16,so,PERSON
,16,22,the days,DATE
,16,26,Egyptians,NORP
,16,27,Philistines,NORP
,16,28,Assyrians,NORP
,16,29,Canaan,GPE
,16,29,Chaldea,PERSON
,16,33,on,PERSON
,16,42,So,PERSON
,16,43,the days,DATE
,16,44,so,PERSON
,16,44,daughter,PERSON
,16,45,daughter,PERSON
,16,45,Hittite,NORP
,16,46,Samaria,GPE
,16,46,Sodom,GPE
,16,48,Sodom,PERSON
,16,49,Sodom,GPE
,16,51,Samaria,GPE
,16,51,half,CARDINAL
,16,53,Sodom,GPE
,16,53,Samaria,GPE
,16,55,Sodom,GPE
,16,55,Samaria,GPE
,16,56,Sodom,PERSON
,16,56,the day,DATE
,16,57,Syria,GPE
,16,57,Philistines,NORP
,16,60,the days,DATE
,17,2,put,PERSON
,17,2,Israel,GPE
,17,3,Lebanon,GPE
,17,6,so,PERSON
,17,12,Behold,PERSON
,17,12,Babylon,PERSON
,17,12,Jerusalem,GPE
,17,12,Babylon,GPE
,17,15,Egypt,GPE
,17,16,Babylon,PERSON
,17,17,Pharaoh,PERSON
,17,20,Babylon,PERSON
,17,23,Israel,GPE
,18,2,Israel,GPE
,18,2,on,PERSON
,18,3,Israel,GPE
,18,4,so,PERSON
,18,6,Israel,GPE
,18,15,Israel,GPE
,18,25,Israel,GPE
,18,29,Israel,GPE
,18,29,Israel,GPE
,18,30,Israel,GPE
,18,30,so,PERSON
,18,31,Israel,GPE
,18,32,death,PERSON
,19,1,Israel,GPE
,19,3,one,CARDINAL
,19,4,Egypt,GPE
,19,8,on,PERSON
,19,9,put,PERSON
,19,9,Babylon,PERSON
,19,9,Israel,GPE
,19,14,so,PERSON
,20,1,the seventh year,DATE
,20,1,the fifth month,DATE
,20,1,the tenth day of the month,DATE
,20,1,Israel,GPE
,20,3,Israel,GPE
,20,5,the day,DATE
,20,5,Israel,GPE
,20,5,Jacob,PERSON
,20,5,Egypt,GPE
,20,6,the day,DATE
,20,6,Egypt,GPE
,20,7,Egypt,GPE
,20,8,Egypt,GPE
,20,8,Egypt,GPE
,20,9,Egypt,GPE
,20,10,Egypt,GPE
,20,13,Israel,GPE
,20,27,Israel,GPE
,20,29,Bamah,PERSON
,20,29,this day,DATE
,20,30,Israel,GPE
,20,31,this day,DATE
,20,31,Israel,GPE
,20,36,Egypt,GPE
,20,36,so,PERSON
,20,38,Israel,GPE
,20,39,Israel,GPE
,20,40,Israel,GPE
,20,40,Israel,GPE
,20,42,Israel,GPE
,20,44,Israel,GPE
,20,49,Doth,PERSON
,21,2,Jerusalem,GPE
,21,2,Israel,GPE
,21,3,Israel,GPE
,21,12,Israel,GPE
,21,14,third,ORDINAL
,21,16,one,CARDINAL
,21,16,on,PERSON
,21,16,on,PERSON
,21,19,two,CARDINAL
,21,19,Babylon,GPE
,21,19,one,CARDINAL
,21,20,Rabbath of the Ammonites,ORG
,21,20,Judah,PERSON
,21,20,Jerusalem,GPE
,21,21,Babylon,PERSON
,21,21,two,CARDINAL
,21,22,Jerusalem,GPE
,21,22,fort,GPE
,21,24,so,PERSON
,21,25,Israel,GPE
,22,6,Israel,GPE
,22,11,one,CARDINAL
,22,11,daughter,PERSON
,22,11,daughter,PERSON
,22,14,the days,DATE
,22,18,Israel,GPE
,22,19,Jerusalem,GPE
,22,20,so,PERSON
,22,22,so,PERSON
,22,24,the day,DATE
,22,26,put,PERSON
,23,2,two,CARDINAL
,23,2,one,CARDINAL
,23,3,Egypt,GPE
,23,4,Aholah,ORG
,23,4,Aholibah,PERSON
,23,4,Samaria,GPE
,23,4,Aholah,ORG
,23,4,Jerusalem Aholibah,PERSON
,23,5,Aholah,ORG
,23,5,on,PERSON
,23,5,on,PERSON
,23,5,Assyrians,NORP
,23,7,Assyria,GPE
,23,7,on,PERSON
,23,8,Egypt,GPE
,23,9,Assyrians,NORP
,23,11,Aholibah,PERSON
,23,12,Assyrians,NORP
,23,13,one,CARDINAL
,23,14,Chaldeans,NORP
,23,15,Babylonians,NORP
,23,16,Chaldea,PERSON
,23,17,Babylonians,NORP
,23,18,So,PERSON
,23,19,the days,DATE
,23,19,Egypt,GPE
,23,21,Egyptians,NORP
,23,22,Aholibah,PERSON
,23,22,on,PERSON
,23,23,Babylonians,NORP
,23,23,Chaldeans,NORP
,23,23,Pekod,PERSON
,23,23,Shoa,PERSON
,23,23,Koa,GPE
,23,23,Assyrians,NORP
,23,27,Egypt,GPE
,23,27,so,PERSON
,23,27,Egypt,GPE
,23,33,Samaria,GPE
,23,36,Son,PERSON
,23,36,Aholah,PERSON
,23,36,Aholibah,PERSON
,23,38,the same day,DATE
,23,39,the same day,DATE
,23,42,Sabeans,NORP
,23,42,put,PERSON
,23,44,so,PERSON
,23,44,Aholah,PERSON
,23,44,Aholibah,PERSON
,24,1,the ninth year,DATE
,24,1,the tenth month,DATE
,24,1,the tenth day of the month,DATE
,24,2,the day,DATE
,24,2,this same day,DATE
,24,2,Babylon,GPE
,24,2,Jerusalem,GPE
,24,2,this same day,DATE
,24,3,on,PERSON
,24,3,on,PERSON
,24,6,lot,PERSON
,24,10,on,PERSON
,24,17,put,PERSON
,24,17,on,PERSON
,24,18,So,PERSON
,24,19,so,PERSON
,24,21,Israel,GPE
,24,23,one,CARDINAL
,24,24,Ezekiel,PERSON
,24,25,the day,DATE
,24,26,that day,DATE
,24,27,that day,DATE
,25,3,Israel,GPE
,25,3,Judah,GPE
,25,5,Rabbah,PERSON
,25,6,Israel,GPE
,25,8,Moab,GPE
,25,8,Seir,PERSON
,25,8,Behold,PERSON
,25,8,Judah,PERSON
,25,9,Moab,GPE
,25,9,on,PERSON
,25,9,Bethjeshimoth,PERSON
,25,9,Baalmeon,ORG
,25,9,Kiriathaim,GPE
,25,11,Moab,GPE
,25,12,Edom,PERSON
,25,12,Judah,PERSON
,25,13,Edom,ORG
,25,13,Teman,GPE
,25,13,Dedan,PERSON
,25,14,Israel,GPE
,25,14,Edom,ORG
,25,15,Philistines,NORP
,25,16,Philistines,NORP
,25,16,Cherethims,PERSON
,25,16,the sea coast,LOC
,26,1,the eleventh year,DATE
,26,1,the first day of the month,DATE
,26,2,Tyrus,PERSON
,26,2,Jerusalem,GPE
,26,3,Tyrus,PERSON
,26,4,Tyrus,PERSON
,26,7,Tyrus Nebuchadrezzar,PERSON
,26,7,Babylon,GPE
,26,15,Tyrus,PERSON
,26,16,put,PERSON
,26,17,on,PERSON
,26,18,the day of thy fall,DATE
,27,2,Tyrus,PERSON
,27,3,Tyrus,PERSON
,27,3,O Tyrus,PERSON
,27,5,Lebanon,GPE
,27,6,Bashan,GPE
,27,6,Ashurites,NORP
,27,6,Chittim,PERSON
,27,7,Egypt,GPE
,27,7,Elishah,GPE
,27,8,Zidon,GPE
,27,8,Arvad,PERSON
,27,8,Tyrus,PERSON
,27,9,Gebal,LOC
,27,10,Persia,GPE
,27,10,Lud,PERSON
,27,10,Phut,ORG
,27,10,thine army,ORG
,27,11,Arvad,PERSON
,27,11,Gammadims,PRODUCT
,27,12,Tarshish,PERSON
,27,13,Javan,PERSON
,27,13,Tubal,GPE
,27,13,Meshech,ORG
,27,14,Togarmah,ORG
,27,15,Dedan,PERSON
,27,16,Syria,GPE
,27,17,Judah,PERSON
,27,17,Israel,GPE
,27,17,Minnith,ORG
,27,17,Pannag,ORG
,27,18,Damascus,GPE
,27,18,Helbon,ORG
,27,19,Dan,PERSON
,27,19,Javan,PERSON
,27,20,Dedan,PERSON
,27,21,Arabia,GPE
,27,21,Kedar,PERSON
,27,22,Sheba,GPE
,27,22,Raamah,ORG
,27,23,Haran,PERSON
,27,23,Canneh,PERSON
,27,23,Eden,GPE
,27,23,Sheba,GPE
,27,23,Asshur,PERSON
,27,23,Chilmad,PERSON
,27,25,Tarshish,PERSON
,27,27,the day,DATE
,27,32,Tyrus,PERSON
,28,2,Tyrus,PERSON
,28,3,Daniel,PERSON
,28,12,Tyrus,PERSON
,28,13,Eden,LOC
,28,13,the day,DATE
,28,14,so,PERSON
,28,15,the day,DATE
,28,21,Zidon,EVENT
,28,23,on,PERSON
,28,24,Israel,GPE
,28,25,Israel,GPE
,28,25,Jacob,PERSON
,29,1,the tenth year,DATE
,29,1,the tenth month,DATE
,29,1,the twelfth day of the month,DATE
,29,2,Pharaoh,PERSON
,29,2,Egypt,GPE
,29,2,Egypt,GPE
,29,3,Pharaoh,PERSON
,29,3,Egypt,GPE
,29,4,put,PERSON
,29,6,Egypt,GPE
,29,6,Israel,GPE
,29,9,Egypt,GPE
,29,10,Egypt,GPE
,29,10,Syene,GPE
,29,10,Ethiopia,GPE
,29,11,forty years,DATE
,29,12,Egypt,GPE
,29,12,forty years,DATE
,29,12,Egyptians,NORP
,29,13,the end of forty years,DATE
,29,13,Egyptians,NORP
,29,14,Egypt,GPE
,29,14,Pathros,ORG
,29,16,Israel,GPE
,29,17,the seven and twentieth year,DATE
,29,17,the first month,DATE
,29,17,the first day of the month,DATE
,29,18,Nebuchadrezzar,PERSON
,29,18,Babylon,PERSON
,29,18,Tyrus,PERSON
,29,18,Tyrus,PERSON
,29,19,Egypt,GPE
,29,19,Babylon,GPE
,29,20,Egypt,GPE
,29,21,that day,DATE
,29,21,Israel,GPE
,30,3,the day,DATE
,30,3,the day,DATE
,30,4,Egypt,GPE
,30,4,Ethiopia,GPE
,30,4,Egypt,GPE
,30,5,Ethiopia,GPE
,30,5,Libya,GPE
,30,5,Lydia,PERSON
,30,5,Chub,PERSON
,30,6,Egypt,GPE
,30,6,Syene,PERSON
,30,8,Egypt,GPE
,30,9,that day,DATE
,30,9,Ethiopians,NORP
,30,9,the day,DATE
,30,9,Egypt,GPE
,30,10,Egypt,GPE
,30,10,Nebuchadrezzar,GPE
,30,10,Babylon,GPE
,30,11,Egypt,GPE
,30,13,Noph,ORG
,30,13,Egypt,GPE
,30,13,put,PERSON
,30,13,Egypt,GPE
,30,14,Pathros,ORG
,30,14,Zoan,PERSON
,30,15,Sin,ORG
,30,15,Egypt,GPE
,30,16,Egypt,GPE
,30,16,Noph,PERSON
,30,16,daily,DATE
,30,17,Aven,PRODUCT
,30,17,Pibeseth,NORP
,30,18,Tehaphnehes,PERSON
,30,18,Egypt,GPE
,30,19,Egypt,GPE
,30,20,the eleventh year,DATE
,30,20,the first month,DATE
,30,20,the seventh day of the month,DATE
,30,21,Pharaoh,PERSON
,30,21,Egypt,GPE
,30,21,put,PERSON
,30,22,Pharaoh,PERSON
,30,22,Egypt,GPE
,30,23,Egyptians,NORP
,30,24,Babylon,PERSON
,30,24,put,PERSON
,30,24,Pharaoh,PERSON
,30,25,Babylon,PERSON
,30,25,Pharaoh,PERSON
,30,25,put,PERSON
,30,25,Babylon,PERSON
,30,25,Egypt,GPE
,30,26,Egyptians,NORP
,31,1,the eleventh year,DATE
,31,1,the third month,DATE
,31,1,the first day of the month,DATE
,31,2,Pharaoh,PERSON
,31,2,Egypt,GPE
,31,3,Assyrian,NORP
,31,3,Lebanon,GPE
,31,4,on,PERSON
,31,9,so,PERSON
,31,9,Eden,LOC
,31,14,death,PERSON
,31,15,the day,DATE
,31,15,Lebanon,GPE
,31,16,Eden,GPE
,31,16,Lebanon,GPE
,31,18,Eden,LOC
,31,18,Eden,LOC
,31,18,Pharaoh,PERSON
,32,1,the twelfth year,DATE
,32,1,the twelfth month,DATE
,32,1,the first day of the month,DATE
,32,2,Pharaoh,PERSON
,32,2,Egypt,GPE
,32,7,put,PERSON
,32,10,the day of thy fall,DATE
,32,11,Babylon,PERSON
,32,12,Egypt,GPE
,32,15,Egypt,GPE
,32,16,Egypt,GPE
,32,17,the twelfth year,DATE
,32,17,the fifteenth day of the month,DATE
,32,18,Egypt,GPE
,32,22,Asshur,ORG
,32,24,Elam,PERSON
,32,25,put,PERSON
,32,26,Meshech,ORG
,32,26,Tubal,FAC
,32,29,Edom,ORG
,32,30,Zidonians,NORP
,32,31,Pharaoh,PERSON
,32,31,Pharaoh,PERSON
,32,32,Pharaoh,PERSON
,33,7,So,PERSON
,33,7,Israel,GPE
,33,10,Israel,GPE
,33,11,death,PERSON
,33,11,Israel,GPE
,33,12,the day,DATE
,33,12,the day,DATE
,33,12,the day,DATE
,33,20,Israel,GPE
,33,21,the twelfth year,DATE
,33,21,the tenth month,DATE
,33,21,the fifth day of the month,DATE
,33,21,Jerusalem,GPE
,33,24,Israel,GPE
,33,24,Abraham,PERSON
,33,25,Ye,PERSON
,33,26,Ye,PERSON
,33,28,Israel,GPE
,33,32,on,PERSON
,34,2,Israel,GPE
,34,2,Israel,GPE
,34,3,Ye,PERSON
,34,3,fed,ORG
,34,8,fed,ORG
,34,12,the day,DATE
,34,12,so,PERSON
,34,13,Israel,GPE
,34,14,Israel,GPE
,34,14,Israel,GPE
,34,18,Seemeth,PERSON
,34,23,one,CARDINAL
,34,23,David,PERSON
,34,24,David,PERSON
,34,26,his season,DATE
,34,30,Israel,GPE
,35,2,Seir,PERSON
,35,3,Seir,PERSON
,35,5,Israel,GPE
,35,7,Seir,PERSON
,35,10,two,CARDINAL
,35,10,two,CARDINAL
,35,12,Israel,GPE
,35,15,Israel,GPE
,35,15,so,PERSON
,35,15,Seir,PERSON
,35,15,Idumea,ORG
,36,1,Israel,GPE
,36,1,Ye mountains,GPE
,36,1,Israel,GPE
,36,3,on,PERSON
,36,4,Israel,GPE
,36,5,Idumea,ORG
,36,6,Israel,GPE
,36,8,Israel,GPE
,36,8,Israel,GPE
,36,10,Israel,GPE
,36,12,Israel,GPE
,36,17,Israel,GPE
,36,21,Israel,GPE
,36,22,Israel,GPE
,36,22,Israel,GPE
,36,26,put,PERSON
,36,27,put,PERSON
,36,32,Israel,GPE
,36,33,the day,DATE
,36,35,Eden,GPE
,36,37,Israel,GPE
,36,38,Jerusalem,GPE
,36,38,so,PERSON
,37,3,Son,PERSON
,37,6,put,PERSON
,37,7,So,PERSON
,37,9,four,CARDINAL
,37,10,So,PERSON
,37,11,Son,PERSON
,37,11,Israel,GPE
,37,12,Israel,GPE
,37,14,put,PERSON
,37,16,Judah,PERSON
,37,16,Israel,GPE
,37,16,Joseph,PERSON
,37,16,Ephraim,PERSON
,37,16,Israel,GPE
,37,17,one,CARDINAL
,37,19,Joseph,PERSON
,37,19,Ephraim,PERSON
,37,19,Israel,GPE
,37,19,put,PERSON
,37,19,Judah,ORG
,37,19,one,CARDINAL
,37,21,Israel,GPE
,37,21,on,PERSON
,37,22,one,CARDINAL
,37,22,Israel,GPE
,37,22,one,CARDINAL
,37,22,two,CARDINAL
,37,22,two,CARDINAL
,37,23,so,PERSON
,37,24,David,PERSON
,37,24,one,CARDINAL
,37,25,Jacob,PERSON
,37,25,David,PERSON
,37,28,Israel,GPE
,38,2,Gog,PERSON
,38,2,Magog,GPE
,38,2,Meshech,PERSON
,38,2,Tubal,FAC
,38,3,O Gog,PERSON
,38,3,Meshech,PERSON
,38,3,Tubal,LOC
,38,4,put,PERSON
,38,5,Persia,GPE
,38,5,Ethiopia,GPE
,38,5,Libya,GPE
,38,6,Gomer,PERSON
,38,6,Togarmah,GPE
,38,8,many days,DATE
,38,8,the latter years,DATE
,38,8,Israel,GPE
,38,13,Sheba,PERSON
,38,13,Dedan,PERSON
,38,13,Tarshish,PERSON
,38,14,Gog,PERSON
,38,14,that day,DATE
,38,14,Israel,GPE
,38,16,Israel,GPE
,38,16,the latter days,DATE
,38,16,O Gog,PERSON
,38,17,Israel,GPE
,38,17,those days many years,DATE
,38,18,Gog,PERSON
,38,18,Israel,GPE
,38,19,that day,DATE
,38,19,Israel,GPE
,38,20,So,PERSON
,39,1,Gog,PERSON
,39,1,O Gog,PERSON
,39,1,Meshech,PERSON
,39,1,Tubal,LOC
,39,2,sixth,ORDINAL
,39,2,Israel,GPE
,39,4,Israel,GPE
,39,6,on,PERSON
,39,6,Magog,GPE
,39,7,So,PERSON
,39,7,Israel,GPE
,39,7,Israel,GPE
,39,8,the day,DATE
,39,9,Israel,GPE
,39,9,on,PERSON
,39,9,seven years,DATE
,39,10,So,PERSON
,39,11,that day,DATE
,39,11,Gog,PERSON
,39,11,Israel,GPE
,39,11,on,PERSON
,39,11,Gog,PERSON
,39,11,Hamongog,NORP
,39,12,seven months,DATE
,39,12,Israel,GPE
,39,13,the day,DATE
,39,14,the end of seven months,DATE
,39,15,Hamongog,NORP
,39,16,Hamonah,PERSON
,39,17,Assemble,PERSON
,39,17,on,PERSON
,39,17,Israel,GPE
,39,18,Bashan,ORG
,39,22,So,PERSON
,39,22,Israel,GPE
,39,23,Israel,GPE
,39,23,so,PERSON
,39,25,Jacob,PERSON
,39,25,Israel,GPE
,39,29,Israel,GPE
,40,1,the five and twentieth year,DATE
,40,1,the beginning of the year,DATE
,40,1,the tenth day of the month,DATE
,40,1,the fourteenth year,DATE
,40,2,Israel,GPE
,40,2,on,PERSON
,40,4,Son,PERSON
,40,4,Israel,GPE
,40,5,on,PERSON
,40,5,six cubits,QUANTITY
,40,5,so,PERSON
,40,5,one,CARDINAL
,40,5,one,CARDINAL
,40,6,one,CARDINAL
,40,6,one,CARDINAL
,40,7,one,CARDINAL
,40,7,one,CARDINAL
,40,7,five cubits,QUANTITY
,40,7,one,CARDINAL
,40,8,one,CARDINAL
,40,9,eight cubits,QUANTITY
,40,9,two cubits,QUANTITY
,40,10,three,CARDINAL
,40,10,on,PERSON
,40,10,three,CARDINAL
,40,10,on,PERSON
,40,10,three,CARDINAL
,40,10,one,CARDINAL
,40,10,one,CARDINAL
,40,10,on,PERSON
,40,10,on,PERSON
,40,11,ten cubits,QUANTITY
,40,11,thirteen cubits,CARDINAL
,40,12,one cubit,QUANTITY
,40,12,on,PERSON
,40,12,one cubit,QUANTITY
,40,12,on,PERSON
,40,12,six cubits,QUANTITY
,40,12,on,PERSON
,40,12,six cubits,QUANTITY
,40,12,on,PERSON
,40,13,one,CARDINAL
,40,13,five and,QUANTITY
,40,14,threescore cubits,CARDINAL
,40,15,fifty cubits,CARDINAL
,40,17,thirty,CARDINAL
,40,19,an hundred cubits,CARDINAL
,40,21,three,CARDINAL
,40,21,on,PERSON
,40,21,three,CARDINAL
,40,21,on,PERSON
,40,21,first,ORDINAL
,40,21,fifty cubits,QUANTITY
,40,21,five,CARDINAL
,40,22,seven,CARDINAL
,40,23,an hundred cubits,QUANTITY
,40,25,fifty cubits,QUANTITY
,40,25,five,CARDINAL
,40,26,seven,CARDINAL
,40,26,on,PERSON
,40,26,on,PERSON
,40,28,the south gate,LOC
,40,29,fifty cubits,QUANTITY
,40,29,five,CARDINAL
,40,29,twenty cubits,QUANTITY
,40,30,five,CARDINAL
,40,30,five cubits,QUANTITY
,40,31,eight,CARDINAL
,40,33,fifty cubits,QUANTITY
,40,33,five,CARDINAL
,40,33,twenty cubits,QUANTITY
,40,34,on,PERSON
,40,34,on,PERSON
,40,34,eight,CARDINAL
,40,36,fifty cubits,QUANTITY
,40,36,five,CARDINAL
,40,37,on,PERSON
,40,37,on,PERSON
,40,37,eight,CARDINAL
,40,39,two,CARDINAL
,40,39,on,PERSON
,40,39,two,CARDINAL
,40,39,on,PERSON
,40,40,one,CARDINAL
,40,40,two,CARDINAL
,40,40,on,PERSON
,40,40,two,CARDINAL
,40,41,Four,CARDINAL
,40,41,on,PERSON
,40,41,four,CARDINAL
,40,41,on,PERSON
,40,41,eight,CARDINAL
,40,42,four,CARDINAL
,40,42,a cubit and an half,QUANTITY
,40,42,a cubit and an half,QUANTITY
,40,42,one cubit,QUANTITY
,40,44,the east gate,LOC
,40,46,Zadok,PRODUCT
,40,46,Levi,PERSON
,40,47,So,PERSON
,40,47,an hundred cubits,CARDINAL
,40,47,an hundred cubits,CARDINAL
,40,48,five cubits,QUANTITY
,40,48,on,PERSON
,40,48,five cubits,QUANTITY
,40,48,on,PERSON
,40,48,three cubits,QUANTITY
,40,48,on,PERSON
,40,48,three cubits,QUANTITY
,40,48,on,PERSON
,40,49,twenty cubits,QUANTITY
,40,49,eleven cubits,QUANTITY
,40,49,on,PERSON
,40,49,on,PERSON
,41,1,six cubits,QUANTITY
,41,1,on,PERSON
,41,1,six cubits,QUANTITY
,41,1,on,PERSON
,41,2,ten cubits,QUANTITY
,41,2,five cubits,QUANTITY
,41,2,on,PERSON
,41,2,five cubits,QUANTITY
,41,2,on,PERSON
,41,2,forty cubits,CARDINAL
,41,2,twenty cubits,QUANTITY
,41,3,two cubits,QUANTITY
,41,3,six cubits,QUANTITY
,41,3,seven cubits,QUANTITY
,41,4,So,PERSON
,41,4,twenty cubits,QUANTITY
,41,4,twenty cubits,QUANTITY
,41,5,six cubits,QUANTITY
,41,5,four cubits,CARDINAL
,41,5,on,PERSON
,41,6,three,CARDINAL
,41,6,thirty,CARDINAL
,41,7,so,PERSON
,41,8,six great cubits,QUANTITY
,41,9,five cubits,QUANTITY
,41,10,twenty cubits,CARDINAL
,41,10,on,PERSON
,41,11,one,CARDINAL
,41,11,five cubits,QUANTITY
,41,12,seventy cubits,QUANTITY
,41,12,five cubits,QUANTITY
,41,12,ninety cubits,CARDINAL
,41,13,So,PERSON
,41,13,an hundred cubits,CARDINAL
,41,13,an hundred cubits,CARDINAL
,41,15,on,PERSON
,41,15,on,PERSON
,41,15,an hundred cubits,CARDINAL
,41,16,on,PERSON
,41,16,three,CARDINAL
,41,18,so,PERSON
,41,18,two,CARDINAL
,41,19,So,PERSON
,41,19,on,PERSON
,41,19,on,PERSON
,41,20,on,PERSON
,41,22,three cubits,QUANTITY
,41,22,two cubits,QUANTITY
,41,23,two,CARDINAL
,41,24,two,CARDINAL
,41,24,two,CARDINAL
,41,24,two,CARDINAL
,41,24,one,CARDINAL
,41,24,two,CARDINAL
,41,25,on,PERSON
,41,25,on,PERSON
,41,26,on,PERSON
,41,26,on,PERSON
,41,26,on,PERSON
,42,2,an hundred cubits,CARDINAL
,42,2,fifty cubits,QUANTITY
,42,3,twenty cubits,QUANTITY
,42,3,three,CARDINAL
,42,4,ten cubits breadth,QUANTITY
,42,4,one cubit,QUANTITY
,42,6,three,CARDINAL
,42,7,on,PERSON
,42,7,fifty cubits,QUANTITY
,42,8,fifty cubits,CARDINAL
,42,9,on,PERSON
,42,12,one,CARDINAL
,42,14,put,PERSON
,42,14,on,PERSON
,42,16,five hundred,CARDINAL
,42,17,five hundred,CARDINAL
,42,18,five hundred,CARDINAL
,42,19,five hundred,CARDINAL
,42,20,four,CARDINAL
,42,20,five hundred,CARDINAL
,42,20,five hundred,CARDINAL
,43,2,Israel,GPE
,43,5,So,PERSON
,43,7,Son,PERSON
,43,7,Israel,GPE
,43,7,Israel,GPE
,43,9,put,PERSON
,43,10,Israel,GPE
,43,14,two cubits,QUANTITY
,43,14,one cubit,QUANTITY
,43,14,four cubits,QUANTITY
,43,14,one cubit,QUANTITY
,43,15,So,PERSON
,43,15,four cubits,CARDINAL
,43,15,four,CARDINAL
,43,16,twelve cubits,QUANTITY
,43,16,twelve,CARDINAL
,43,16,four,CARDINAL
,43,17,fourteen cubits long,QUANTITY
,43,17,fourteen,CARDINAL
,43,17,four,CARDINAL
,43,17,half a cubit,QUANTITY
,43,18,Son,PERSON
,43,18,the day,DATE
,43,19,Levites,ORG
,43,19,Zadok,PRODUCT
,43,20,put,PERSON
,43,20,on,PERSON
,43,20,four,CARDINAL
,43,20,on,PERSON
,43,20,four,CARDINAL
,43,22,on,PERSON
,43,22,the second day,DATE
,43,23,ram,PERSON
,43,25,Seven days,DATE
,43,25,ram,PERSON
,43,26,Seven days,DATE
,43,27,these days,DATE
,43,27,the eighth day,DATE
,43,27,so,PERSON
,44,2,Israel,GPE
,44,5,Son,PERSON
,44,6,Israel,GPE
,44,6,Israel,GPE
,44,9,Israel,GPE
,44,10,Levites,ORG
,44,10,Israel,GPE
,44,12,Israel,GPE
,44,15,Levites,ORG
,44,15,Zadok,PERSON
,44,15,Israel,GPE
,44,19,put,PERSON
,44,19,put,PERSON
,44,19,on,PERSON
,44,22,put,PERSON
,44,22,Israel,GPE
,44,25,daughter,PERSON
,44,26,seven days,DATE
,44,27,the day,DATE
,44,28,Israel,GPE
,44,29,Israel,GPE
,44,30,first,ORDINAL
,44,30,first,ORDINAL
,44,30,thine house,ORG
,45,1,lot,PERSON
,45,1,five and twenty thousand,CARDINAL
,45,1,ten thousand,CARDINAL
,45,2,five hundred,CARDINAL
,45,2,five hundred,CARDINAL
,45,2,fifty cubits,CARDINAL
,45,3,five and twenty thousand,CARDINAL
,45,3,ten thousand,CARDINAL
,45,5,five and twenty thousand,CARDINAL
,45,5,ten thousand,CARDINAL
,45,5,Levites,ORG
,45,5,twenty,CARDINAL
,45,6,five thousand,CARDINAL
,45,6,five and twenty thousand,CARDINAL
,45,6,Israel,GPE
,45,7,on,PERSON
,45,7,on,PERSON
,45,8,Israel,GPE
,45,8,Israel,GPE
,45,9,Israel,GPE
,45,10,ephah,PERSON
,45,11,ephah,PERSON
,45,11,one,CARDINAL
,45,11,tenth,ORDINAL
,45,11,ephah,PERSON
,45,11,tenth,ORDINAL
,45,12,twenty,CARDINAL
,45,12,twenty shekels,QUANTITY
,45,13,sixth,ORDINAL
,45,13,ephah,PERSON
,45,13,sixth,ORDINAL
,45,13,ephah,PERSON
,45,14,tenth,ORDINAL
,45,14,ten,CARDINAL
,45,14,ten,CARDINAL
,45,15,one,CARDINAL
,45,15,two hundred,CARDINAL
,45,15,Israel,GPE
,45,16,Israel,GPE
,45,17,Israel,GPE
,45,17,Israel,GPE
,45,18,the first month,DATE
,45,18,the first day of the month,DATE
,45,19,put,PERSON
,45,19,four,CARDINAL
,45,20,so,PERSON
,45,20,the seventh day of the month,DATE
,45,20,so,PERSON
,45,21,the first month,DATE
,45,21,the fourteenth day of the month,DATE
,45,21,seven days,DATE
,45,23,seven days,DATE
,45,23,seven,CARDINAL
,45,23,seven,CARDINAL
,45,23,the seven days,DATE
,45,24,ephah,PERSON
,45,24,ephah,PERSON
,45,24,ram,PERSON
,45,24,ephah,PERSON
,45,25,the seventh month,DATE
,45,25,the fifteenth day of the month,DATE
,45,25,the seven days,DATE
,46,1,the six working days,DATE
,46,1,on,PERSON
,46,1,the day,DATE
,46,2,the evening,TIME
,46,4,six,CARDINAL
,46,4,ram,PERSON
,46,5,ephah,PERSON
,46,5,ram,PERSON
,46,5,ephah,PERSON
,46,6,the day,DATE
,46,6,six,CARDINAL
,46,6,ram,PERSON
,46,7,ephah,PERSON
,46,7,ephah,PERSON
,46,7,ram,PERSON
,46,7,ephah,PERSON
,46,11,ephah,PERSON
,46,11,ephah,PERSON
,46,11,ram,PERSON
,46,11,ephah,PERSON
,46,12,one,CARDINAL
,46,12,on,PERSON
,46,12,the sabbath day,DATE
,46,12,one,CARDINAL
,46,13,daily,DATE
,46,13,the first year,DATE
,46,14,sixth,ORDINAL
,46,14,ephah,PERSON
,46,14,third,ORDINAL
,46,15,every morning,TIME
,46,17,one,CARDINAL
,46,17,the year,DATE
,46,19,on,PERSON
,46,19,two,CARDINAL
,46,21,four,CARDINAL
,46,22,four,CARDINAL
,46,22,forty cubits,QUANTITY
,46,22,thirty,CARDINAL
,46,22,four,CARDINAL
,46,22,one,CARDINAL
,46,23,four,CARDINAL
,47,1,the house eastward:,ORG
,47,2,on,PERSON
,47,3,a thousand cubits,CARDINAL
,47,4,a thousand,CARDINAL
,47,4,a thousand,CARDINAL
,47,5,a thousand,CARDINAL
,47,6,Son,PERSON
,47,7,on,PERSON
,47,7,on,PERSON
,47,10,Engedi,PERSON
,47,10,Eneglaim,PERSON
,47,12,on,PERSON
,47,12,on,PERSON
,47,12,months,DATE
,47,13,twelve,CARDINAL
,47,13,Israel,GPE
,47,13,Joseph,PERSON
,47,13,two,CARDINAL
,47,15,Hethlon,PRODUCT
,47,15,Zedad,PERSON
,47,16,Hamath,NORP
,47,16,Berothah,GPE
,47,16,Sibraim,PERSON
,47,16,Damascus,GPE
,47,16,Hamath,NORP
,47,16,Hazarhatticon,GPE
,47,16,Hauran,GPE
,47,17,Hazarenan,GPE
,47,17,Damascus,GPE
,47,17,Hamath,NORP
,47,18,Hauran,PERSON
,47,18,Damascus,GPE
,47,18,Gilead,ORG
,47,18,Israel,GPE
,47,18,Jordan,GPE
,47,18,the east sea,LOC
,47,19,Tamar,PERSON
,47,19,Kadesh,GPE
,47,20,Hamath,NORP
,47,21,So,PERSON
,47,21,Israel,GPE
,47,22,lot,PERSON
,47,22,Israel,GPE
,47,22,Israel,GPE
,48,1,Hethlon,PRODUCT
,48,1,Hamath,NORP
,48,1,Hazarenan,GPE
,48,1,Damascus,GPE
,48,1,Hamath,NORP
,48,1,Dan,PERSON
,48,2,Dan,PERSON
,48,2,Asher,ORG
,48,3,Asher,PERSON
,48,3,Naphtali,ORG
,48,4,Naphtali,GPE
,48,4,Manasseh,PRODUCT
,48,5,Manasseh,GPE
,48,5,Ephraim,PERSON
,48,6,Ephraim,GPE
,48,6,Reuben,PERSON
,48,7,Reuben,PERSON
,48,7,Judah,PERSON
,48,8,Judah,GPE
,48,8,five and twenty thousand,CARDINAL
,48,8,one,CARDINAL
,48,9,five and twenty thousand,CARDINAL
,48,9,ten thousand,CARDINAL
,48,10,twenty thousand,CARDINAL
,48,10,ten thousand,CARDINAL
,48,10,ten thousand,CARDINAL
,48,10,twenty thousand,CARDINAL
,48,11,Zadok,PRODUCT
,48,11,Israel,GPE
,48,11,Levites,ORG
,48,12,Levites,PRODUCT
,48,13,Levites,ORG
,48,13,five and twenty thousand,CARDINAL
,48,13,ten thousand,CARDINAL
,48,13,five and twenty thousand,CARDINAL
,48,13,ten thousand,CARDINAL
,48,15,five thousand,CARDINAL
,48,15,five and twenty thousand,CARDINAL
,48,16,four thousand and five hundred,CARDINAL
,48,16,four thousand and five hundred,CARDINAL
,48,16,on,PERSON
,48,16,four thousand and five hundred,CARDINAL
,48,16,four thousand and five hundred,CARDINAL
,48,17,two hundred and fifty,CARDINAL
,48,17,two hundred and fifty,CARDINAL
,48,17,two hundred and fifty,CARDINAL
,48,17,two hundred and fifty,CARDINAL
,48,18,ten thousand,CARDINAL
,48,18,ten thousand,CARDINAL
,48,19,Israel,GPE
,48,20,five and twenty thousand,CARDINAL
,48,20,five,CARDINAL
,48,20,twenty thousand,CARDINAL
,48,21,on,PERSON
,48,21,on,PERSON
,48,21,five and twenty thousand,CARDINAL
,48,21,five and twenty thousand,CARDINAL
,48,22,Levites,ORG
,48,22,Judah,GPE
,48,22,Benjamin,PERSON
,48,23,Benjamin,PERSON
,48,24,Benjamin,PERSON
,48,24,Simeon,PERSON
,48,25,Simeon,PERSON
,48,25,Issachar,WORK_OF_ART
,48,26,Issachar,WORK_OF_ART
,48,26,Zebulun,PERSON
,48,27,Zebulun,GPE
,48,27,Gad,PERSON
,48,28,Gad,GPE
,48,28,Tamar,PERSON
,48,28,Kadesh,GPE
,48,29,lot,PERSON
,48,29,Israel,GPE
,48,30,on,PERSON
,48,30,four thousand and five hundred,CARDINAL
,48,31,Israel,GPE
,48,31,three,CARDINAL
,48,31,one,CARDINAL
,48,31,Reuben,PERSON
,48,31,one,CARDINAL
,48,31,Judah,GPE
,48,31,one,CARDINAL
,48,31,Levi,PERSON
,48,32,four thousand and five hundred,CARDINAL
,48,32,three,CARDINAL
,48,32,one,CARDINAL
,48,32,Joseph,GPE
,48,32,one,CARDINAL
,48,32,Benjamin,PERSON
,48,32,one,CARDINAL
,48,32,Dan,PERSON
,48,33,four thousand and five hundred,CARDINAL
,48,33,three,CARDINAL
,48,33,one,CARDINAL
,48,33,Simeon,GPE
,48,33,one,CARDINAL
,48,33,Issachar,WORK_OF_ART
,48,33,one,CARDINAL
,48,33,Zebulun,GPE
,48,34,four thousand and five hundred,CARDINAL
,48,34,three,CARDINAL
,48,34,one,CARDINAL
,48,34,Gad,GPE
,48,34,one,CARDINAL
,48,34,Asher,ORG
,48,34,one,CARDINAL
,48,34,Naphtali,GPE
,48,35,about eighteen thousand,CARDINAL
,48,35,that day,DATE
,1,1,the third year,DATE
,1,1,Jehoiakim,NORP
,1,1,Judah,PERSON
,1,1,Nebuchadnezzar,PERSON
,1,1,Babylon,GPE
,1,1,Jerusalem,GPE
,1,2,Jehoiakim,PERSON
,1,2,Judah,PERSON
,1,2,Shinar,ORG
,1,3,Ashpenaz,PERSON
,1,3,Israel,GPE
,1,4,Chaldeans,NORP
,1,5,daily,DATE
,1,5,so,PERSON
,1,5,three years,DATE
,1,6,Judah,PERSON
,1,6,"Daniel, Hananiah",ORG
,1,6,Mishael,PERSON
,1,6,Azariah,ORG
,1,7,Daniel,PERSON
,1,7,Belteshazzar,GPE
,1,7,Hananiah,ORG
,1,7,Shadrach,FAC
,1,7,Mishael,PERSON
,1,7,Meshach,GPE
,1,7,Azariah,ORG
,1,7,Abednego,ORG
,1,8,Daniel,PERSON
,1,9,God,PERSON
,1,9,Daniel,PERSON
,1,10,Daniel,PERSON
,1,11,Daniel to Melzar,PERSON
,1,11,"Daniel, Hananiah",ORG
,1,11,Mishael,PERSON
,1,11,Azariah,ORG
,1,12,ten days,DATE
,1,14,So,PERSON
,1,14,ten days,DATE
,1,15,the end of ten days,DATE
,1,16,Melzar,PERSON
,1,17,four,CARDINAL
,1,17,Daniel,PERSON
,1,18,the end of the days,DATE
,1,18,Nebuchadnezzar,WORK_OF_ART
,1,19,"Daniel, Hananiah",ORG
,1,19,Mishael,PERSON
,1,19,Azariah,ORG
,1,20,ten,CARDINAL
,1,21,Daniel,PERSON
,1,21,the first year,DATE
,1,21,Cyrus,PERSON
,2,1,the second year,DATE
,2,1,Nebuchadnezzar Nebuchadnezzar,PERSON
,2,2,Chaldeans,NORP
,2,2,So,PERSON
,2,4,Chaldeans,NORP
,2,4,Syriack,PERSON
,2,5,Chaldeans,NORP
,2,10,Chaldeans,NORP
,2,10,Chaldean,NORP
,2,12,Babylon,GPE
,2,13,Daniel,PERSON
,2,14,Daniel,PERSON
,2,14,Arioch,PERSON
,2,14,Babylon,PERSON
,2,15,Arioch,PERSON
,2,15,so,PERSON
,2,15,Arioch,PERSON
,2,15,Daniel,PERSON
,2,16,Daniel,PERSON
,2,17,Daniel,PERSON
,2,17,Hananiah,ORG
,2,17,Mishael,PERSON
,2,17,Azariah,ORG
,2,18,Daniel,PERSON
,2,18,Babylon,GPE
,2,19,Daniel,PERSON
,2,19,Daniel,PERSON
,2,20,Daniel,PERSON
,2,20,Blessed,PERSON
,2,24,Daniel,PERSON
,2,24,Arioch,PERSON
,2,24,Babylon,PERSON
,2,24,Babylon,PERSON
,2,25,Arioch,PERSON
,2,25,Daniel,PERSON
,2,25,Judah,PERSON
,2,26,Daniel,PERSON
,2,26,Belteshazzar,PERSON
,2,27,Daniel,PERSON
,2,28,Nebuchadnezzar,PERSON
,2,28,the latter days,DATE
,2,35,summer,DATE
,2,37,kingdom,GPE
,2,39,third,ORDINAL
,2,40,fourth,ORDINAL
,2,42,so,PERSON
,2,44,the days,DATE
,2,45,Forasmuch,ORG
,2,46,Nebuchadnezzar,PERSON
,2,46,Daniel,PERSON
,2,47,Daniel,PERSON
,2,48,Daniel,PERSON
,2,48,Babylon,GPE
,2,48,Babylon,GPE
,2,49,Daniel,PERSON
,2,49,Shadrach,PERSON
,2,49,Meshach,GPE
,2,49,Abednego,ORG
,2,49,Babylon,GPE
,2,49,Daniel,PERSON
,3,1,Nebuchadnezzar,PERSON
,3,1,threescore cubits,EVENT
,3,1,six cubits,QUANTITY
,3,1,Dura,ORG
,3,1,Babylon,GPE
,3,2,Nebuchadnezzar,PERSON
,3,2,Nebuchadnezzar,WORK_OF_ART
,3,3,Nebuchadnezzar,PERSON
,3,3,Nebuchadnezzar,PERSON
,3,5,Nebuchadnezzar,PERSON
,3,6,the same hour,TIME
,3,7,Nebuchadnezzar,PERSON
,3,8,Chaldeans,NORP
,3,8,Jews,NORP
,3,9,Nebuchadnezzar,PERSON
,3,12,Jews,NORP
,3,12,Babylon,GPE
,3,12,Shadrach,PERSON
,3,12,Meshach,GPE
,3,12,Abednego,ORG
,3,13,Nebuchadnezzar,PERSON
,3,13,Shadrach,PERSON
,3,13,Meshach,GPE
,3,13,Abednego,PERSON
,3,14,Nebuchadnezzar,PERSON
,3,14,Meshach,GPE
,3,14,Abednego,ORG
,3,15,the same hour,TIME
,3,16,Shadrach,PERSON
,3,16,Meshach,GPE
,3,16,Abednego,PERSON
,3,16,O Nebuchadnezzar,PERSON
,3,17,so,PERSON
,3,19,Nebuchadnezzar,PERSON
,3,19,Shadrach,PERSON
,3,19,Meshach,GPE
,3,19,Abednego,PERSON
,3,19,one,CARDINAL
,3,19,seven,CARDINAL
,3,20,Shadrach,PERSON
,3,20,Meshach,GPE
,3,20,Abednego,ORG
,3,22,"Shadrach, Meshach",LOC
,3,22,Abednego,ORG
,3,23,three,CARDINAL
,3,23,Shadrach,PERSON
,3,23,Meshach,GPE
,3,23,Abednego,ORG
,3,24,Nebuchadnezzar,PERSON
,3,24,three,CARDINAL
,3,25,Lo,PERSON
,3,25,four,CARDINAL
,3,25,fourth,ORDINAL
,3,26,Nebuchadnezzar,PERSON
,3,26,Shadrach,PERSON
,3,26,Meshach,GPE
,3,26,Abednego,PERSON
,3,26,Shadrach,PERSON
,3,26,Meshach,GPE
,3,26,Abednego,PERSON
,3,27,on,PERSON
,3,28,Nebuchadnezzar,PERSON
,3,28,Blessed,PERSON
,3,28,Shadrach,PERSON
,3,28,Meshach,GPE
,3,28,Abednego,PERSON
,3,29,Shadrach,PERSON
,3,29,Meshach,GPE
,3,29,Abednego,ORG
,3,30,Shadrach,PERSON
,3,30,Meshach,GPE
,3,30,Abednego,ORG
,3,30,Babylon,GPE
,4,1,Nebuchadnezzar,PERSON
,4,4,Nebuchadnezzar,PERSON
,4,6,Babylon,PERSON
,4,7,Chaldeans,NORP
,4,8,Daniel,PERSON
,4,8,Belteshazzar,PERSON
,4,14,Hew,PERSON
,4,16,seven,CARDINAL
,4,18,Nebuchadnezzar,PERSON
,4,19,Daniel,PERSON
,4,19,Belteshazzar,PERSON
,4,19,one hour,TIME
,4,19,Belteshazzar,PERSON
,4,19,Belteshazzar,PERSON
,4,23,Hew,PERSON
,4,23,seven,CARDINAL
,4,25,seven,CARDINAL
,4,28,Nebuchadnezzar,PERSON
,4,29,the end of twelve months,DATE
,4,29,Babylon,GPE
,4,30,Babylon,PERSON
,4,31,Nebuchadnezzar,PERSON
,4,32,seven,CARDINAL
,4,33,The same hour,TIME
,4,33,Nebuchadnezzar,WORK_OF_ART
,4,34,the end of the days,DATE
,4,34,Nebuchadnezzar,PERSON
,4,37,Nebuchadnezzar,PERSON
,4,37,the King of heaven,PERSON
,5,1,Belshazzar,PERSON
,5,1,a thousand,CARDINAL
,5,1,thousand,CARDINAL
,5,2,Belshazzar,PERSON
,5,2,Nebuchadnezzar,PERSON
,5,2,Jerusalem,GPE
,5,3,Jerusalem,GPE
,5,5,the same hour,TIME
,5,6,so,PERSON
,5,7,Chaldeans,NORP
,5,7,Babylon,PERSON
,5,7,third,ORDINAL
,5,9,Belshazzar,GPE
,5,11,the days,DATE
,5,11,Nebuchadnezzar,PERSON
,5,11,Chaldeans,NORP
,5,12,Forasmuch,ORG
,5,12,Daniel,PERSON
,5,12,Belteshazzar,PERSON
,5,12,Daniel,PERSON
,5,13,Daniel,PERSON
,5,13,Daniel,PERSON
,5,13,Art,PERSON
,5,13,Daniel,PERSON
,5,13,Judah,PERSON
,5,13,Jewry,GPE
,5,16,third,ORDINAL
,5,17,Daniel,PERSON
,5,18,Nebuchadnezzar,PERSON
,5,19,put,PERSON
,5,21,fed,ORG
,5,22,O Belshazzar,PERSON
,5,25,MENE,PERSON
,5,25,MENE,PERSON
,5,25,TEKEL,ORG
,5,25,UPHARSIN,ORG
,5,26,MENE,PERSON
,5,27,TEKEL,ORG
,5,28,PERES,PERSON
,5,28,Thy kingdom,GPE
,5,28,Medes,NORP
,5,28,Persians,NORP
,5,29,Belshazzar,ORG
,5,29,Daniel,PERSON
,5,29,put,PERSON
,5,29,third,ORDINAL
,5,30,that night,TIME
,5,30,Belshazzar,GPE
,5,30,Chaldeans,NORP
,5,31,Darius,PERSON
,5,31,Median,ORG
,5,31,about threescore and,CARDINAL
,6,1,Darius,ORG
,6,1,an hundred and twenty,CARDINAL
,6,2,three,CARDINAL
,6,2,Daniel,PERSON
,6,2,first,ORDINAL
,6,3,Daniel,PERSON
,6,4,Daniel,PERSON
,6,5,Daniel,PERSON
,6,6,Darius,PERSON
,6,7,thirty days,DATE
,6,8,Medes,NORP
,6,8,Persians,NORP
,6,9,Darius,PERSON
,6,10,Daniel,PERSON
,6,10,Jerusalem,GPE
,6,10,three,CARDINAL
,6,11,Daniel,PERSON
,6,12,thirty days,DATE
,6,12,Medes,NORP
,6,12,Persians,NORP
,6,13,Daniel,PERSON
,6,13,Judah,GPE
,6,13,three,CARDINAL
,6,14,on,PERSON
,6,14,Daniel,PERSON
,6,15,Medes,NORP
,6,15,Persians,NORP
,6,16,Daniel,PERSON
,6,16,Daniel,PERSON
,6,17,Daniel,PERSON
,6,19,early in the morning,TIME
,6,20,Daniel,PERSON
,6,20,"Daniel, O Daniel",PERSON
,6,21,Daniel,PERSON
,6,23,Daniel,PERSON
,6,23,So,PERSON
,6,23,Daniel,PERSON
,6,24,Daniel,PERSON
,6,25,Darius,PERSON
,6,26,Daniel,PERSON
,6,27,Daniel,PERSON
,6,28,So,PERSON
,6,28,Daniel,PERSON
,6,28,Darius,ORG
,6,28,Cyrus,PERSON
,6,28,Persian,NORP
,7,1,the first year,DATE
,7,1,Belshazzar,NORP
,7,1,Babylon Daniel,PERSON
,7,2,Daniel,PERSON
,7,2,night,TIME
,7,2,four,CARDINAL
,7,3,four,CARDINAL
,7,4,first,ORDINAL
,7,5,second,ORDINAL
,7,5,on,PERSON
,7,5,three,CARDINAL
,7,6,four,CARDINAL
,7,6,four,CARDINAL
,7,7,fourth,ORDINAL
,7,7,ten,CARDINAL
,7,8,three,CARDINAL
,7,8,first,ORDINAL
,7,10,thousand,CARDINAL
,7,10,ten thousand,CARDINAL
,7,10,ten thousand,CARDINAL
,7,12,a season,DATE
,7,13,one,CARDINAL
,7,13,Son,PERSON
,7,13,the Ancient of days,LOC
,7,15,Daniel,PERSON
,7,16,one,CARDINAL
,7,16,So,PERSON
,7,17,four,CARDINAL
,7,17,four,CARDINAL
,7,19,fourth,ORDINAL
,7,20,ten,CARDINAL
,7,20,three,CARDINAL
,7,23,fourth,ORDINAL
,7,23,fourth,ORDINAL
,7,24,ten,CARDINAL
,7,24,ten,CARDINAL
,7,24,first,ORDINAL
,7,24,three,CARDINAL
,7,28,Daniel,PERSON
,8,1,the third year,DATE
,8,1,Belshazzar,PRODUCT
,8,1,Daniel,PERSON
,8,1,first,ORDINAL
,8,2,Shushan,GPE
,8,2,Elam,ORG
,8,2,Ulai,GPE
,8,3,ram,PERSON
,8,3,two,CARDINAL
,8,3,two,CARDINAL
,8,3,one,CARDINAL
,8,4,ram,PERSON
,8,4,so,PERSON
,8,5,on,PERSON
,8,6,ram,PERSON
,8,6,two,CARDINAL
,8,7,ram,PERSON
,8,7,ram,PERSON
,8,7,two,CARDINAL
,8,7,ram,PERSON
,8,7,ram,PERSON
,8,8,four,CARDINAL
,8,8,four,CARDINAL
,8,9,one,CARDINAL
,8,14,two thousand and three hundred days,CARDINAL
,8,15,Daniel,PERSON
,8,16,Ulai,ORG
,8,16,Gabriel,PERSON
,8,17,So,PERSON
,8,18,on,PERSON
,8,19,Behold,PERSON
,8,20,ram,PERSON
,8,20,two,CARDINAL
,8,20,Persia,GPE
,8,21,Grecia,PERSON
,8,21,first,ORDINAL
,8,22,four,CARDINAL
,8,22,four,CARDINAL
,8,26,many days,DATE
,8,27,Daniel,PERSON
,9,1,the first year,DATE
,9,1,Darius,PERSON
,9,1,Ahasuerus,GPE
,9,1,Medes,NORP
,9,1,Chaldeans,NORP
,9,2,the first year,DATE
,9,2,Daniel,PERSON
,9,2,the years,DATE
,9,2,Jeremiah,PERSON
,9,2,seventy years,DATE
,9,2,Jerusalem,GPE
,9,7,this day,DATE
,9,7,Judah,PERSON
,9,7,Jerusalem,GPE
,9,7,Israel,GPE
,9,11,Israel,GPE
,9,11,Moses,PERSON
,9,12,Jerusalem,GPE
,9,13,Moses,PERSON
,9,15,Egypt,GPE
,9,15,this day,DATE
,9,16,Jerusalem,GPE
,9,16,Jerusalem,GPE
,9,20,Israel,GPE
,9,21,Gabriel,PERSON
,9,21,evening,TIME
,9,22,Daniel,PERSON
,9,24,Seventy weeks,DATE
,9,25,Jerusalem,GPE
,9,25,seven weeks,DATE
,9,25,threescore and two weeks,DATE
,9,26,threescore and two weeks,DATE
,9,27,one week,DATE
,9,27,the week,DATE
,10,1,the third year,DATE
,10,1,Cyrus,PERSON
,10,1,Persia,PERSON
,10,1,Daniel,PERSON
,10,1,Belteshazzar,PERSON
,10,2,those days,DATE
,10,2,Daniel,PERSON
,10,2,three full weeks,DATE
,10,3,three whole weeks,DATE
,10,4,the four and twentieth day,DATE
,10,4,the first month,DATE
,10,4,Hiddekel,PERSON
,10,7,Daniel,PERSON
,10,7,so,PERSON
,10,9,on,PERSON
,10,11,Daniel,PERSON
,10,12,Daniel,PERSON
,10,12,the first day,DATE
,10,13,Persia,GPE
,10,13,one,CARDINAL
,10,13,twenty days,DATE
,10,13,Michael,PERSON
,10,13,Persia,GPE
,10,14,the latter days,DATE
,10,14,many days,DATE
,10,16,one,CARDINAL
,10,18,one,CARDINAL
,10,20,Knowest,PERSON
,10,20,Persia,PERSON
,10,20,Grecia,PERSON
,10,21,Michael,PERSON
,11,1,the first year,DATE
,11,1,Darius the Mede,ORG
,11,2,three,CARDINAL
,11,2,Persia,GPE
,11,2,fourth,ORDINAL
,11,2,Grecia,GPE
,11,4,four,CARDINAL
,11,6,the end of years,DATE
,11,6,daughter,PERSON
,11,8,Egypt,GPE
,11,8,years,DATE
,11,9,So,PERSON
,11,10,one,CARDINAL
,11,12,ten thousands,CARDINAL
,11,15,So,PERSON
,11,17,daughter,PERSON
,11,17,on,PERSON
,11,20,few days,DATE
,11,30,Chittim,PERSON
,11,30,so,PERSON
,11,31,on,PERSON
,11,33,many days,DATE
,11,41,Edom,ORG
,11,41,Moab,GPE
,11,41,Ammon,PERSON
,11,42,Egypt,GPE
,11,43,Egypt,GPE
,11,43,Libyans,NORP
,11,43,Ethiopians,NORP
,12,1,Michael,PERSON
,12,4,Daniel,PERSON
,12,5,Daniel,PERSON
,12,5,two,CARDINAL
,12,5,on,PERSON
,12,5,on,PERSON
,12,7,an half,CARDINAL
,12,9,Daniel,PERSON
,12,11,daily,DATE
,12,11,a thousand two hundred and ninety days,CARDINAL
,12,12,Blessed,PERSON
,12,12,the thousand three hundred and five and thirty days,DATE
,12,13,lot,PERSON
,12,13,the end of the days,DATE
,1,1,Hosea,PERSON
,1,1,Beeri,PERSON
,1,1,the days,DATE
,1,1,Uzziah,ORG
,1,1,Jotham,PERSON
,1,1,Ahaz,ORG
,1,1,Hezekiah,PERSON
,1,1,Judah,PERSON
,1,1,the days,DATE
,1,1,Jeroboam,PERSON
,1,1,Joash,PERSON
,1,1,Israel,GPE
,1,2,Hosea,PERSON
,1,2,"Hosea, Go",PERSON
,1,3,So,PERSON
,1,3,Gomer,PERSON
,1,3,daughter,PERSON
,1,3,Diblaim,PERSON
,1,4,Jezreel,PERSON
,1,4,Jezreel,PERSON
,1,4,Jehu,PERSON
,1,4,Israel,GPE
,1,5,that day,DATE
,1,5,Israel,GPE
,1,5,Jezreel,LOC
,1,6,daughter,PERSON
,1,6,God,PERSON
,1,6,Loruhamah,ORG
,1,6,Israel,GPE
,1,7,Judah,GPE
,1,8,Loruhamah,ORG
,1,10,Israel,GPE
,1,10,Ye,PERSON
,1,10,Ye,PERSON
,1,11,Judah,PERSON
,1,11,Israel,GPE
,1,11,the day,DATE
,1,11,Jezreel,PERSON
,2,1,Ammi,PERSON
,2,1,Ruhamah,PERSON
,2,2,put,PERSON
,2,3,the day,DATE
,2,7,first,ORDINAL
,2,8,Baal,PERSON
,2,13,Baalim,ORG
,2,15,Achor,ORG
,2,15,the days,DATE
,2,15,the day,DATE
,2,15,Egypt,GPE
,2,16,that day,DATE
,2,16,Ishi,PERSON
,2,16,Baali,PERSON
,2,17,Baalim,ORG
,2,18,that day,DATE
,2,21,that day,DATE
,2,22,Jezreel,PERSON
,3,1,Israel,GPE
,3,2,So,PERSON
,3,2,fifteen,CARDINAL
,3,2,half,CARDINAL
,3,3,so,PERSON
,3,4,Israel,GPE
,3,4,ephod,PERSON
,3,5,Israel,GPE
,3,5,David,PERSON
,3,5,the latter days,DATE
,4,1,Israel,GPE
,4,5,the day,DATE
,4,7,so,PERSON
,4,8,on,PERSON
,4,15,Israel,GPE
,4,15,Judah,PERSON
,4,15,Gilgal,PERSON
,4,15,Bethaven,GPE
,4,16,Israel,GPE
,4,17,Ephraim,PERSON
,5,1,Israel,GPE
,5,1,on,PERSON
,5,1,Mizpah,PERSON
,5,1,Tabor,PERSON
,5,3,Ephraim,PERSON
,5,3,Israel,GPE
,5,3,Ephraim,PERSON
,5,3,Israel,GPE
,5,5,Israel,GPE
,5,5,Israel,GPE
,5,5,Ephraim,PERSON
,5,5,Judah,PERSON
,5,7,a month,DATE
,5,8,Gibeah,GPE
,5,8,Ramah,GPE
,5,8,Bethaven,GPE
,5,8,O Benjamin,PERSON
,5,9,Ephraim,PERSON
,5,9,the day,DATE
,5,9,Israel,GPE
,5,10,Judah,PERSON
,5,11,Ephraim,PERSON
,5,12,Ephraim,PERSON
,5,12,Judah,PERSON
,5,13,Ephraim,PERSON
,5,13,Judah,PERSON
,5,13,Ephraim,PERSON
,5,13,Assyrian,NORP
,5,13,Jareb,PERSON
,5,14,Ephraim,PERSON
,5,14,Judah,PERSON
,6,2,two days,DATE
,6,2,the third day,DATE
,6,3,on,PERSON
,6,4,Ephraim,PERSON
,6,4,O Judah,PERSON
,6,8,Gilead,ORG
,6,9,so,PERSON
,6,10,Israel,GPE
,6,10,Ephraim,GPE
,6,10,Israel,GPE
,6,11,O Judah,PERSON
,7,1,Israel,GPE
,7,1,Ephraim,PERSON
,7,1,Samaria,GPE
,7,4,baker,PERSON
,7,5,the day,DATE
,7,6,baker,PERSON
,7,8,Ephraim,PERSON
,7,8,Ephraim,PERSON
,7,10,Israel,GPE
,7,11,Ephraim,PERSON
,7,11,Egypt,GPE
,7,11,Assyria,GPE
,7,16,Egypt,GPE
,8,2,Israel,GPE
,8,3,Israel,GPE
,8,5,Samaria,GPE
,8,6,Israel,GPE
,8,6,Samaria,GPE
,8,7,so,PERSON
,8,8,Israel,GPE
,8,8,Gentiles,ORG
,8,9,Assyria,GPE
,8,9,Ephraim,PERSON
,8,11,Ephraim,PERSON
,8,13,Egypt,GPE
,8,14,Israel,GPE
,8,14,Judah,PERSON
,9,1,Israel,GPE
,9,3,Ephraim,PERSON
,9,3,Egypt,GPE
,9,3,Assyria,GPE
,9,5,the solemn day,DATE
,9,5,the day,DATE
,9,6,Egypt,GPE
,9,6,Memphis,GPE
,9,7,The days,DATE
,9,7,Israel,GPE
,9,8,Ephraim,PERSON
,9,9,the days,DATE
,9,10,Israel,GPE
,9,10,first,ORDINAL
,9,10,Baalpeor,ORG
,9,11,Ephraim,PERSON
,9,13,Ephraim,PERSON
,9,13,Tyrus,PERSON
,9,13,Ephraim,PERSON
,9,16,Ephraim,PERSON
,10,1,Israel,GPE
,10,5,Samaria,GPE
,10,5,on,PERSON
,10,6,Assyria,GPE
,10,6,Jareb,PERSON
,10,6,Ephraim,PERSON
,10,6,Israel,GPE
,10,7,Samaria,GPE
,10,8,Aven,ORG
,10,8,Israel,GPE
,10,8,on,PERSON
,10,8,on,PERSON
,10,9,Israel,GPE
,10,9,the days,DATE
,10,9,Gibeah,GPE
,10,10,two,CARDINAL
,10,11,Ephraim,PERSON
,10,11,Ephraim,PERSON
,10,11,Judah,PERSON
,10,11,Jacob,PERSON
,10,13,Ye,PERSON
,10,14,Betharbel,WORK_OF_ART
,10,14,the day,DATE
,10,15,So,PERSON
,10,15,Bethel,PERSON
,10,15,Israel,GPE
,11,1,Israel,GPE
,11,1,Egypt,GPE
,11,2,so,PERSON
,11,2,Baalim,ORG
,11,3,Ephraim,PERSON
,11,4,on,PERSON
,11,5,Egypt,GPE
,11,5,Assyrian,NORP
,11,6,on,PERSON
,11,8,Ephraim,PERSON
,11,8,Israel,GPE
,11,8,Admah,GPE
,11,8,Zeboim,PERSON
,11,9,Ephraim,PERSON
,11,9,the Holy One in,WORK_OF_ART
,11,11,Egypt,GPE
,11,11,Assyria,LOC
,11,12,Ephraim,PERSON
,11,12,Israel,GPE
,11,12,Judah,PERSON
,12,1,Ephraim,PERSON
,12,1,on,PERSON
,12,1,daily,DATE
,12,1,increaseth,PERSON
,12,1,Assyrians,NORP
,12,1,Egypt,GPE
,12,2,Judah,PERSON
,12,2,Jacob,PERSON
,12,4,Bethel,GPE
,12,6,on,PERSON
,12,8,Ephraim,PERSON
,12,9,Egypt,GPE
,12,9,the days,DATE
,12,10,the ministry of the prophets,ORG
,12,11,Gilead,GPE
,12,11,Gilgal,GPE
,12,12,Jacob,PERSON
,12,12,Syria,GPE
,12,12,Israel,GPE
,12,13,Israel,GPE
,12,13,Egypt,GPE
,12,14,Ephraim,PERSON
,13,1,Ephraim,PERSON
,13,1,Israel,GPE
,13,1,Baal,PERSON
,13,4,Egypt,GPE
,13,6,so,PERSON
,13,9,Israel,GPE
,13,12,Ephraim,PERSON
,13,14,death,PERSON
,13,14,death,PERSON
,13,16,Samaria,GPE
,14,1,Israel,GPE
,14,2,so,PERSON
,14,3,Asshur,ORG
,14,3,Ye,PERSON
,14,5,Israel,GPE
,14,5,Lebanon,GPE
,14,6,Lebanon,GPE
,14,7,Lebanon,GPE
,14,8,Ephraim,PERSON
,1,1,Joel,PERSON
,1,1,Pethuel,ORG
,1,2,the days,DATE
,1,15,the day,DATE
,2,1,Zion,GPE
,2,1,the day,DATE
,2,2,A day,DATE
,2,2,the years,DATE
,2,3,Eden,LOC
,2,4,so,PERSON
,2,5,on,PERSON
,2,7,on,PERSON
,2,8,one,CARDINAL
,2,11,the day,DATE
,2,15,Zion,GPE
,2,17,Spare,PERSON
,2,20,the east sea,LOC
,2,23,Zion,GPE
,2,23,the first month,DATE
,2,25,the years,DATE
,2,27,Israel,GPE
,2,29,those days,DATE
,2,32,on,PERSON
,2,32,mount Zion,GPE
,2,32,Jerusalem,GPE
,3,1,those days,DATE
,3,1,Judah,GPE
,3,1,Jerusalem,GPE
,3,2,Jehoshaphat,PERSON
,3,2,Israel,GPE
,3,4,Zidon,EVENT
,3,4,Palestine,GPE
,3,6,Judah,PERSON
,3,6,Jerusalem,GPE
,3,6,Grecians,NORP
,3,8,Judah,PERSON
,3,8,Sabeans,NORP
,3,9,Gentiles,PRODUCT
,3,12,Jehoshaphat,PERSON
,3,13,Put,PERSON
,3,14,the day,DATE
,3,16,Zion,GPE
,3,16,Jerusalem,GPE
,3,16,Israel,GPE
,3,17,So,PERSON
,3,17,Zion,GPE
,3,17,Jerusalem,GPE
,3,18,that day,DATE
,3,18,Judah,GPE
,3,18,Shittim,GPE
,3,19,Egypt,GPE
,3,19,Judah,PERSON
,3,20,Judah,PERSON
,3,20,Jerusalem,GPE
,3,21,Zion,GPE
,1,1,Amos,PERSON
,1,1,Tekoa,ORG
,1,1,Israel,GPE
,1,1,the days,DATE
,1,1,Uzziah,PERSON
,1,1,Judah,PERSON
,1,1,the days,DATE
,1,1,Jeroboam,PERSON
,1,1,Joash,PERSON
,1,1,Israel,GPE
,1,1,two years,DATE
,1,2,Zion,GPE
,1,2,Jerusalem,GPE
,1,2,Carmel,ORG
,1,3,three,CARDINAL
,1,3,Damascus,GPE
,1,3,four,CARDINAL
,1,3,Gilead,ORG
,1,4,Hazael,GPE
,1,4,Benhadad,GPE
,1,5,Damascus,GPE
,1,5,Aven,PRODUCT
,1,5,Eden,LOC
,1,5,Syria,GPE
,1,5,Kir,PERSON
,1,6,three,CARDINAL
,1,6,Gaza,GPE
,1,6,four,CARDINAL
,1,7,on,PERSON
,1,7,Gaza,GPE
,1,8,Ashdod,ORG
,1,8,Ashkelon,GPE
,1,8,Ekron,ORG
,1,8,Philistines,PRODUCT
,1,9,three,CARDINAL
,1,9,Tyrus,PERSON
,1,9,four,CARDINAL
,1,9,Edom,ORG
,1,10,on,PERSON
,1,10,Tyrus,PERSON
,1,11,three,CARDINAL
,1,11,Edom,ORG
,1,11,four,CARDINAL
,1,12,Teman,PERSON
,1,12,Bozrah,GPE
,1,13,three,CARDINAL
,1,13,Ammon,PERSON
,1,13,four,CARDINAL
,1,13,Gilead,ORG
,1,14,Rabbah,PERSON
,1,14,the day,DATE
,1,14,the day,DATE
,2,1,three,CARDINAL
,2,1,Moab,GPE
,2,1,four,CARDINAL
,2,1,Edom,GPE
,2,2,Moab,LOC
,2,2,Kirioth,GPE
,2,2,Moab,LOC
,2,4,three,CARDINAL
,2,4,Judah,PERSON
,2,4,four,CARDINAL
,2,5,Judah,PERSON
,2,5,Jerusalem,GPE
,2,6,three,CARDINAL
,2,6,Israel,GPE
,2,6,four,CARDINAL
,2,7,on,PERSON
,2,10,Egypt,GPE
,2,10,forty years,DATE
,2,10,Amorite,LOC
,2,11,Nazarites,PERSON
,2,11,Israel,GPE
,2,16,that day,DATE
,3,1,Israel,GPE
,3,1,Egypt,GPE
,3,3,two,CARDINAL
,3,5,one,CARDINAL
,3,9,Ashdod,ORG
,3,9,Egypt,GPE
,3,9,Assemble,PERSON
,3,9,Samaria,GPE
,3,12,two,CARDINAL
,3,12,so,PERSON
,3,12,Israel,GPE
,3,12,Samaria,GPE
,3,12,Damascus,GPE
,3,13,Jacob,PERSON
,3,14,the day,DATE
,3,14,Israel,GPE
,3,14,Bethel,GPE
,3,15,winter,DATE
,3,15,summer,DATE
,4,1,Bashan,GPE
,4,1,Samaria,GPE
,4,4,three years,DATE
,4,5,thanksgiving,DATE
,4,5,Israel,GPE
,4,7,three months,DATE
,4,7,one,CARDINAL
,4,7,one,CARDINAL
,4,8,So,PERSON
,4,8,two,CARDINAL
,4,8,three,CARDINAL
,4,8,one,CARDINAL
,4,10,Egypt,GPE
,4,11,Sodom,GPE
,4,11,Gomorrah,GPE
,4,12,Israel,GPE
,4,13,morning,TIME
,5,1,Israel,GPE
,5,2,Israel,GPE
,5,3,a thousand,CARDINAL
,5,3,an hundred,CARDINAL
,5,3,an hundred,CARDINAL
,5,3,ten,CARDINAL
,5,3,Israel,GPE
,5,4,Israel,GPE
,5,5,Bethel,GPE
,5,5,Gilgal,PERSON
,5,5,Beersheba,PERSON
,5,5,Bethel,GPE
,5,6,Joseph,PERSON
,5,6,Bethel,GPE
,5,7,Ye,PERSON
,5,8,seven,CARDINAL
,5,8,Orion,ORG
,5,8,death,PERSON
,5,8,the morning,TIME
,5,9,so,PERSON
,5,11,Forasmuch,ORG
,5,14,so,PERSON
,5,15,Joseph,PERSON
,5,18,the day,DATE
,5,19,on,PERSON
,5,20,the day,DATE
,5,25,forty years,DATE
,5,25,Israel,GPE
,5,26,Chiun,ORG
,5,27,Damascus,GPE
,6,1,Zion,GPE
,6,1,Samaria,GPE
,6,1,Israel,GPE
,6,2,Calneh,PERSON
,6,2,Hamath,NORP
,6,2,Gath,PERSON
,6,2,Philistines,NORP
,6,3,put,PERSON
,6,5,David,PERSON
,6,6,Joseph,PERSON
,6,7,first,ORDINAL
,6,8,Jacob,PERSON
,6,9,ten,CARDINAL
,6,9,one,CARDINAL
,6,12,one,CARDINAL
,6,13,Ye,PERSON
,6,14,Israel,GPE
,6,14,Hemath,PERSON
,7,2,Jacob,PERSON
,7,5,Jacob,PERSON
,7,8,Amos,PERSON
,7,8,Behold,PERSON
,7,8,Israel,GPE
,7,9,Isaac,PERSON
,7,9,Israel,GPE
,7,9,Jeroboam,PERSON
,7,10,Amaziah,ORG
,7,10,Bethel,ORG
,7,10,Jeroboam,PERSON
,7,10,Israel,GPE
,7,10,Amos,PERSON
,7,10,Israel,GPE
,7,11,Amos,PERSON
,7,11,Jeroboam,PERSON
,7,11,Israel,GPE
,7,12,Amaziah,ORG
,7,12,Amos,PERSON
,7,12,Judah,GPE
,7,13,Bethel,GPE
,7,14,Amos,PERSON
,7,14,Amaziah,ORG
,7,15,Israel,GPE
,7,16,Israel,GPE
,7,16,Isaac,GPE
,7,17,Israel,GPE
,8,2,Amos,PERSON
,8,2,Israel,GPE
,8,3,that day,DATE
,8,5,ephah,PERSON
,8,7,Jacob,PERSON
,8,8,Egypt,GPE
,8,9,that day,DATE
,8,9,noon,TIME
,8,9,the clear day,DATE
,8,13,that day,DATE
,8,14,Samaria,GPE
,8,14,O Dan,PERSON
,8,14,Beersheba,PERSON
,9,3,Carmel,GPE
,9,5,Egypt,GPE
,9,7,Ethiopians,NORP
,9,7,Israel,GPE
,9,7,Israel,GPE
,9,7,Egypt,GPE
,9,7,Philistines,NORP
,9,7,Caphtor,ORG
,9,7,Syrians,NORP
,9,7,Kir,PERSON
,9,8,Jacob,PERSON
,9,9,Israel,GPE
,9,11,that day,DATE
,9,11,the tabernacle of David,ORG
,9,11,the days of old,DATE
,9,12,Edom,GPE
,9,14,Israel,GPE
,1,1,Obadiah,PERSON
,1,1,Edom,PERSON
,1,5,night,TIME
,1,6,Esau,PERSON
,1,8,that day,DATE
,1,8,Edom,ORG
,1,8,Esau,PERSON
,1,9,Teman,PERSON
,1,9,Esau,PERSON
,1,10,Jacob,PERSON
,1,11,the day,DATE
,1,11,on,PERSON
,1,11,the day,DATE
,1,11,Jerusalem,GPE
,1,11,one,CARDINAL
,1,12,on,PERSON
,1,12,the day,DATE
,1,12,the day,DATE
,1,12,Judah,PERSON
,1,12,the day,DATE
,1,12,the day,DATE
,1,13,the day,DATE
,1,13,on,PERSON
,1,13,the day,DATE
,1,13,on,PERSON
,1,13,the day,DATE
,1,14,the day,DATE
,1,15,the day,DATE
,1,16,so,PERSON
,1,17,mount Zion,LOC
,1,17,Jacob,PERSON
,1,18,Jacob,PERSON
,1,18,Joseph,PERSON
,1,18,Esau,PERSON
,1,18,Esau,PERSON
,1,19,Esau,PERSON
,1,19,Philistines,NORP
,1,19,Ephraim,PERSON
,1,19,Samaria,GPE
,1,19,Benjamin,PERSON
,1,19,Gilead,ORG
,1,20,Israel,GPE
,1,20,Canaanites,NORP
,1,20,Zarephath,GPE
,1,20,Jerusalem,GPE
,1,20,Sepharad,GPE
,1,21,on,PERSON
,1,21,mount Zion,LOC
,1,21,Esau,PERSON
,1,1,Jonah,PERSON
,1,1,Amittai,PERSON
,1,2,Nineveh,GPE
,1,3,Jonah,PERSON
,1,3,Tarshish,PERSON
,1,3,Joppa,GPE
,1,3,Tarshish,PERSON
,1,3,so,PERSON
,1,3,Tarshish,PERSON
,1,4,so,PERSON
,1,5,Jonah,PERSON
,1,6,So,PERSON
,1,6,so,PERSON
,1,7,So,PERSON
,1,7,lot,PERSON
,1,7,Jonah,PERSON
,1,9,Hebrew,LANGUAGE
,1,12,so,PERSON
,1,15,So,PERSON
,1,15,Jonah,PERSON
,1,17,Jonah,PERSON
,1,17,Jonah,PERSON
,1,17,three days,DATE
,1,17,three nights,DATE
,2,1,Jonah,PERSON
,2,9,thanksgiving,DATE
,2,10,Jonah,PERSON
,3,1,Jonah,PERSON
,3,1,second,ORDINAL
,3,2,Nineveh,PERSON
,3,3,So,PERSON
,3,3,Jonah,PERSON
,3,3,Nineveh,PERSON
,3,3,Nineveh,PERSON
,3,3,three days',DATE
,3,4,Jonah,PERSON
,3,4,day,DATE
,3,4,forty days,DATE
,3,4,Nineveh,GPE
,3,5,So,PERSON
,3,5,Nineveh,GPE
,3,5,put,PERSON
,3,5,on,PERSON
,3,6,Nineveh,GPE
,3,7,Nineveh,GPE
,4,1,Jonah,PERSON
,4,2,Tarshish,PERSON
,4,5,So,PERSON
,4,5,Jonah,PERSON
,4,5,on,PERSON
,4,6,Jonah,PERSON
,4,6,So,PERSON
,4,6,Jonah,PERSON
,4,7,the next day,DATE
,4,8,Jonah,PERSON
,4,9,Jonah,PERSON
,4,9,death,PERSON
,4,10,Thou,PERSON
,4,10,on,PERSON
,4,11,Nineveh,GPE
,4,11,thousand,CARDINAL
,1,1,Micah the Morasthite,PERSON
,1,1,the days,DATE
,1,1,Jotham,PERSON
,1,1,Ahaz,ORG
,1,1,Hezekiah,PERSON
,1,1,Judah,PERSON
,1,1,Samaria,GPE
,1,1,Jerusalem,GPE
,1,5,Jacob,PERSON
,1,5,Israel,GPE
,1,5,Jacob,PERSON
,1,5,Samaria,GPE
,1,5,Judah,PERSON
,1,5,Jerusalem,GPE
,1,6,Samaria,GPE
,1,9,Judah,PERSON
,1,9,Jerusalem,GPE
,1,10,Gath,PERSON
,1,10,Aphrah,PERSON
,1,11,Saphir,LOC
,1,11,Zaanan,GPE
,1,12,Maroth,PERSON
,1,12,Jerusalem,GPE
,1,13,Lachish,LANGUAGE
,1,13,daughter,PERSON
,1,13,Israel,GPE
,1,14,Moreshethgath,PERSON
,1,14,Achzib,LOC
,1,14,Israel,GPE
,1,15,Mareshah,PERSON
,1,15,Adullam,PERSON
,1,15,Israel,GPE
,2,2,so,PERSON
,2,4,that day,DATE
,2,4,one,CARDINAL
,2,5,lot,PERSON
,2,7,Jacob,PERSON
,2,12,Jacob,PERSON
,2,12,Israel,GPE
,2,12,put,PERSON
,2,12,Bozrah,GPE
,2,13,on,PERSON
,3,1,Jacob,PERSON
,3,1,Israel,GPE
,3,8,Jacob,PERSON
,3,8,Israel,GPE
,3,9,Jacob,PERSON
,3,9,Israel,GPE
,3,10,Zion,LOC
,3,10,Jerusalem,GPE
,3,12,Jerusalem,GPE
,4,1,the last days,DATE
,4,2,Jacob,PERSON
,4,2,Zion,GPE
,4,2,Jerusalem,GPE
,4,6,that day,DATE
,4,7,mount Zion,GPE
,4,8,daughter,PERSON
,4,8,Zion,GPE
,4,8,first,ORDINAL
,4,8,daughter,PERSON
,4,8,Jerusalem,GPE
,4,10,daughter,PERSON
,4,10,Zion,GPE
,4,10,Babylon,PERSON
,4,11,Zion,GPE
,4,13,daughter,PERSON
,5,1,daughter,PERSON
,5,1,Israel,GPE
,5,2,Bethlehem Ephratah,ORG
,5,2,thousands,CARDINAL
,5,2,Judah,PERSON
,5,2,Israel,GPE
,5,3,Israel,GPE
,5,5,Assyrian,NORP
,5,5,seven,CARDINAL
,5,5,eight,CARDINAL
,5,6,Assyria,GPE
,5,6,Nimrod,NORP
,5,6,Assyrian,NORP
,5,7,Jacob,PERSON
,5,8,Jacob,PERSON
,5,8,Gentiles,ORG
,5,10,that day,DATE
,5,14,so,PERSON
,6,2,Israel,GPE
,6,4,Egypt,GPE
,6,4,Moses,PERSON
,6,4,Aaron,PERSON
,6,4,Miriam,PERSON
,6,5,Balak,PERSON
,6,5,Moab,GPE
,6,5,Balaam,PERSON
,6,5,Beor,PERSON
,6,5,Shittim,ORG
,6,6,a year old,DATE
,6,7,thousands,CARDINAL
,6,7,ten thousands,CARDINAL
,6,14,deliverest,ORG
,6,16,Omri,PERSON
,6,16,Ahab,PERSON
,7,3,so,PERSON
,7,4,the day,DATE
,7,5,put,PERSON
,7,6,daughter,PERSON
,7,6,daughter,PERSON
,7,11,the day,DATE
,7,11,that day,DATE
,7,12,that day,DATE
,7,12,Assyria,GPE
,7,14,Carmel,ORG
,7,14,Bashan,GPE
,7,14,Gilead,ORG
,7,14,the days of old,DATE
,7,15,the days,DATE
,7,15,Egypt,GPE
,7,20,Jacob,PERSON
,7,20,Abraham,PERSON
,7,20,the days of old,DATE
,1,1,Nineveh,GPE
,1,1,Nahum,PERSON
,1,2,revengeth,PERSON
,1,2,revengeth,PERSON
,1,2,on,PERSON
,1,4,Bashan,PERSON
,1,4,Carmel,ORG
,1,4,Lebanon,GPE
,1,7,the day,DATE
,1,9,second,ORDINAL
,1,11,one,CARDINAL
,1,15,O Judah,PERSON
,2,2,Jacob,PERSON
,2,2,Israel,GPE
,2,3,the day,DATE
,2,7,Huzzab,PERSON
,2,8,Nineveh,GPE
,3,7,Nineveh,GPE
,3,9,Ethiopia,GPE
,3,9,Egypt,GPE
,3,9,Put,PERSON
,3,9,Lubim,GPE
,3,17,the cold day,DATE
,3,18,Assyria,PERSON
,1,1,Habakkuk,PERSON
,1,6,Chaldeans,NORP
,1,12,Holy One,PRODUCT
,1,13,on,PERSON
,2,5,death,PERSON
,2,9,on,PERSON
,2,15,on,PERSON
,2,16,on,PERSON
,2,17,Lebanon,GPE
,2,19,Awake,PERSON
,3,1,Habakkuk,PERSON
,3,1,Shigionoth,PERSON
,3,2,the years,DATE
,3,2,the years,DATE
,3,3,Teman,GPE
,3,3,One,CARDINAL
,3,3,Paran,GPE
,3,3,Selah,ORG
,3,7,Cushan,GPE
,3,7,Midian,LOC
,3,9,Selah,PERSON
,3,10,on,PERSON
,3,13,Selah,ORG
,3,16,the day,DATE
,3,19,on,PERSON
,1,1,Zephaniah,PERSON
,1,1,Cushi,ORG
,1,1,Gedaliah,PERSON
,1,1,Amariah,ORG
,1,1,Hizkiah,ORG
,1,1,the days,DATE
,1,1,Josiah,PERSON
,1,1,Amon,PERSON
,1,1,Judah,PERSON
,1,4,Judah,PERSON
,1,4,Jerusalem,GPE
,1,4,Baal,PERSON
,1,4,Chemarims,ORG
,1,5,Malcham,PERSON
,1,7,the day,DATE
,1,8,the day,DATE
,1,9,the same day,DATE
,1,9,on,PERSON
,1,10,that day,DATE
,1,10,second,ORDINAL
,1,11,Maktesh,GPE
,1,12,Jerusalem,GPE
,1,12,on,PERSON
,1,15,That day,DATE
,1,16,A day,DATE
,1,18,the day,DATE
,2,2,the day,DATE
,2,2,the day,DATE
,2,3,the day,DATE
,2,4,Gaza,GPE
,2,4,Ashkelon,PERSON
,2,4,Ashdod,FAC
,2,4,noon,TIME
,2,4,Ekron,ORG
,2,5,the sea coast,LOC
,2,5,Cherethites,PRODUCT
,2,5,O Canaan,GPE
,2,5,Philistines,NORP
,2,7,Judah,GPE
,2,7,Ashkelon,GPE
,2,8,Moab,GPE
,2,8,Ammon,PERSON
,2,9,Israel,GPE
,2,9,Moab,LOC
,2,9,Sodom,GPE
,2,9,Ammon,PERSON
,2,9,Gomorrah,GPE
,2,12,Ye Ethiopians,PERSON
,2,13,Assyria,GPE
,2,13,Nineveh,GPE
,3,3,morrow,DATE
,3,5,every morning,TIME
,3,6,so,PERSON
,3,7,so,PERSON
,3,8,the day,DATE
,3,9,one,CARDINAL
,3,10,Ethiopia,GPE
,3,10,daughter,PERSON
,3,11,that day,DATE
,3,13,Israel,GPE
,3,14,daughter,PERSON
,3,14,Zion,GPE
,3,14,Israel,GPE
,3,14,daughter,PERSON
,3,14,Jerusalem,GPE
,3,15,Israel,GPE
,3,16,that day,DATE
,3,16,Jerusalem,GPE
,3,16,Zion,GPE
,3,19,put,PERSON
,1,1,the second year,DATE
,1,1,Darius,PERSON
,1,1,the sixth month,DATE
,1,1,the first day of the month,DATE
,1,1,Haggai,PERSON
,1,1,Zerubbabel,PERSON
,1,1,Shealtiel,GPE
,1,1,Judah,PERSON
,1,1,Joshua,PERSON
,1,1,Josedech,PERSON
,1,3,Haggai the prophet,PERSON
,1,6,put,PERSON
,1,9,Ye,PERSON
,1,12,Zerubbabel,PERSON
,1,12,Shealtiel,PERSON
,1,12,Joshua,PERSON
,1,12,Josedech,PERSON
,1,12,Haggai,PERSON
,1,13,Haggai,PERSON
,1,14,Zerubbabel,PERSON
,1,14,Shealtiel,GPE
,1,14,Judah,PERSON
,1,14,Joshua,PERSON
,1,14,Josedech,PERSON
,1,15,the four and twentieth day,DATE
,1,15,the sixth month,DATE
,1,15,the second year,DATE
,1,15,Darius,PERSON
,2,1,the seventh month,DATE
,2,1,twentieth day,DATE
,2,1,Haggai,PERSON
,2,2,Zerubbabel,PERSON
,2,2,Shealtiel,GPE
,2,2,Judah,PERSON
,2,2,Joshua,PERSON
,2,2,Josedech,PERSON
,2,3,first,ORDINAL
,2,4,Zerubbabel,PERSON
,2,4,O Joshua,PERSON
,2,4,Josedech,PERSON
,2,5,Egypt,GPE
,2,5,so,PERSON
,2,10,the four and twentieth day of the ninth month,DATE
,2,10,the second year,DATE
,2,10,Darius,ORG
,2,10,Haggai the prophet,PERSON
,2,12,one,CARDINAL
,2,13,Haggai,PERSON
,2,14,Haggai,PERSON
,2,14,So,PERSON
,2,14,so,PERSON
,2,14,so,PERSON
,2,15,this day,DATE
,2,16,those days,DATE
,2,16,one,CARDINAL
,2,16,twenty,CARDINAL
,2,16,ten,CARDINAL
,2,16,one,CARDINAL
,2,16,fifty,CARDINAL
,2,16,twenty,CARDINAL
,2,18,this day,DATE
,2,18,the four and twentieth day of the ninth month,DATE
,2,18,the day,DATE
,2,19,this day,DATE
,2,20,Haggai,PERSON
,2,20,the four and twentieth day of the month,DATE
,2,21,Zerubbabel,PERSON
,2,21,Judah,PERSON
,2,23,that day,DATE
,2,23,O Zerubbabel,PERSON
,2,23,Shealtiel,PERSON
,1,1,the eighth month,DATE
,1,1,the second year,DATE
,1,1,Darius,ORG
,1,1,Zechariah,PERSON
,1,1,Berechiah,ORG
,1,1,Iddo,PERSON
,1,6,so,PERSON
,1,7,four and twentieth day,DATE
,1,7,Sebat,LOC
,1,7,the second year,DATE
,1,7,Darius,ORG
,1,7,Zechariah,PERSON
,1,7,Berechiah,ORG
,1,7,Iddo,PERSON
,1,8,night,TIME
,1,12,on,PERSON
,1,12,Jerusalem,GPE
,1,12,on,PERSON
,1,12,Judah,GPE
,1,14,So,PERSON
,1,14,Jerusalem,GPE
,1,14,Zion,GPE
,1,16,Jerusalem,GPE
,1,16,Jerusalem,GPE
,1,17,Zion,GPE
,1,17,Jerusalem,GPE
,1,18,four,CARDINAL
,1,19,Judah,GPE
,1,19,Israel,GPE
,1,19,Jerusalem,GPE
,1,20,four,CARDINAL
,1,21,Judah,PERSON
,1,21,so,PERSON
,1,21,Gentiles,ORG
,1,21,Judah,GPE
,2,2,Jerusalem,GPE
,2,4,Jerusalem,GPE
,2,6,Ho,PERSON
,2,6,ho,PERSON
,2,6,four,CARDINAL
,2,7,O Zion,GPE
,2,7,daughter,PERSON
,2,7,Babylon,PERSON
,2,10,daughter,PERSON
,2,11,that day,DATE
,2,12,Judah,PERSON
,2,12,Jerusalem,GPE
,3,1,Joshua,PERSON
,3,1,Satan,PERSON
,3,2,Satan,PERSON
,3,2,Satan,PERSON
,3,2,Jerusalem,GPE
,3,3,Joshua,PERSON
,3,4,Behold,PERSON
,3,5,So,PERSON
,3,6,Joshua,PERSON
,3,8,O Joshua,PERSON
,3,8,BRANCH,ORG
,3,9,Joshua,PERSON
,3,9,one,CARDINAL
,3,9,seven,CARDINAL
,3,9,one day,DATE
,3,10,that day,DATE
,4,2,seven,CARDINAL
,4,2,seven,CARDINAL
,4,2,seven,CARDINAL
,4,3,two,CARDINAL
,4,4,So,PERSON
,4,5,Knowest,PERSON
,4,6,Zerubbabel,PERSON
,4,7,Zerubbabel,PERSON
,4,7,Grace,PERSON
,4,9,Zerubbabel,PERSON
,4,10,the day,DATE
,4,10,Zerubbabel,PERSON
,4,10,seven,CARDINAL
,4,11,two,CARDINAL
,4,12,two,CARDINAL
,4,12,two,CARDINAL
,4,13,Knowest,PERSON
,4,14,two,CARDINAL
,5,2,twenty cubits,QUANTITY
,5,2,ten cubits,QUANTITY
,5,3,on,PERSON
,5,3,on,PERSON
,5,5,Lift,PERSON
,5,6,ephah,PERSON
,5,7,ephah,PERSON
,5,8,ephah,PERSON
,5,9,two,CARDINAL
,5,9,ephah,PERSON
,5,10,ephah,PERSON
,5,11,Shinar,ORG
,6,1,four,CARDINAL
,6,1,between two,CARDINAL
,6,2,first,ORDINAL
,6,2,second,ORDINAL
,6,3,third,ORDINAL
,6,3,fourth,ORDINAL
,6,5,four,CARDINAL
,6,7,So,PERSON
,6,8,Behold,PERSON
,6,10,Heldai,GPE
,6,10,Tobijah,PERSON
,6,10,Jedaiah,ORG
,6,10,Babylon,GPE
,6,10,the same day,DATE
,6,10,Josiah,PERSON
,6,10,Zephaniah,PERSON
,6,11,Joshua,PERSON
,6,11,Josedech,PERSON
,6,12,BRANCH,ORG
,6,14,Helem,GPE
,6,14,Tobijah,PERSON
,6,14,Jedaiah,ORG
,6,14,Zephaniah,PERSON
,7,1,the fourth year,DATE
,7,1,Darius,PERSON
,7,1,Zechariah,PERSON
,7,1,the fourth day of the ninth month,DATE
,7,1,Chisleu,ORG
,7,2,Sherezer,PERSON
,7,2,Regemmelech,PERSON
,7,3,the fifth month,DATE
,7,3,so,PERSON
,7,5,the fifth and seventh month,DATE
,7,5,those seventy years,DATE
,7,7,Jerusalem,GPE
,7,8,Zechariah,PERSON
,7,13,so,PERSON
,8,2,Zion,GPE
,8,3,Jerusalem,GPE
,8,3,Jerusalem,GPE
,8,4,Jerusalem,GPE
,8,6,these days,DATE
,8,8,Jerusalem,GPE
,8,9,these days,DATE
,8,9,the day,DATE
,8,11,the former days,DATE
,8,13,Judah,GPE
,8,13,Israel,GPE
,8,13,so,PERSON
,8,15,So,PERSON
,8,15,these days,DATE
,8,15,Jerusalem,GPE
,8,15,Judah,PERSON
,8,19,the fourth month,DATE
,8,19,fifth,ORDINAL
,8,19,seventh,ORDINAL
,8,19,Judah,PERSON
,8,21,one,CARDINAL
,8,22,Jerusalem,GPE
,8,23,those days,DATE
,8,23,ten,CARDINAL
,8,23,Jew,NORP
,9,1,Hadrach,GPE
,9,1,Damascus,GPE
,9,1,Israel,GPE
,9,2,Hamath,ORG
,9,2,Tyrus,PERSON
,9,2,Zidon,PERSON
,9,3,Tyrus,PERSON
,9,5,Gaza,GPE
,9,5,Ekron,ORG
,9,5,Gaza,GPE
,9,5,Ashkelon,PERSON
,9,6,Ashdod,GPE
,9,6,Philistines,PRODUCT
,9,7,Judah,GPE
,9,7,Ekron,ORG
,9,9,daughter,PERSON
,9,9,Zion,GPE
,9,9,daughter,PERSON
,9,9,Jerusalem,GPE
,9,10,Ephraim,PERSON
,9,10,Jerusalem,GPE
,9,13,Judah,PERSON
,9,13,Ephraim,PERSON
,9,13,O Zion,GPE
,9,13,Greece,GPE
,9,16,that day,DATE
,10,1,so,PERSON
,10,1,one,CARDINAL
,10,3,Judah,GPE
,10,5,on,PERSON
,10,6,Judah,PERSON
,10,6,Joseph,PERSON
,10,7,Ephraim,PERSON
,10,10,Egypt,GPE
,10,10,Assyria,GPE
,10,10,Gilead,GPE
,10,10,Lebanon,GPE
,10,11,Assyria,LOC
,10,11,Egypt,GPE
,11,1,Lebanon,GPE
,11,2,Bashan,GPE
,11,3,Jordan,GPE
,11,5,Blessed,PERSON
,11,7,two,CARDINAL
,11,7,"Beauty,",WORK_OF_ART
,11,8,Three,CARDINAL
,11,8,one month,DATE
,11,10,"Beauty,",WORK_OF_ART
,11,11,that day,DATE
,11,11,so,PERSON
,11,12,So,PERSON
,11,12,thirty,CARDINAL
,11,13,thirty,CARDINAL
,11,14,Judah,GPE
,11,14,Israel,GPE
,11,17,leaveth,PERSON
,12,1,Israel,GPE
,12,2,Jerusalem,GPE
,12,2,Judah,PERSON
,12,2,Jerusalem,GPE
,12,3,that day,DATE
,12,3,Jerusalem,GPE
,12,4,that day,DATE
,12,4,Judah,GPE
,12,5,Judah,PERSON
,12,5,Jerusalem,GPE
,12,6,that day,DATE
,12,6,Judah,GPE
,12,6,on,PERSON
,12,6,on,PERSON
,12,6,Jerusalem,GPE
,12,6,Jerusalem,GPE
,12,7,Judah,GPE
,12,7,first,ORDINAL
,12,7,David,PERSON
,12,7,Jerusalem,GPE
,12,7,Judah,PERSON
,12,8,that day,DATE
,12,8,Jerusalem,GPE
,12,8,that day,DATE
,12,8,David,PERSON
,12,8,David,PERSON
,12,9,that day,DATE
,12,9,Jerusalem,GPE
,12,10,David,PERSON
,12,10,Jerusalem,GPE
,12,10,one,CARDINAL
,12,11,that day,DATE
,12,11,Jerusalem,GPE
,12,11,Hadadrimmon,PERSON
,12,11,Megiddon,GPE
,12,12,David,PERSON
,12,12,Nathan,ORG
,12,13,Levi,PERSON
,12,13,Shimei,ORG
,13,1,that day,DATE
,13,1,David,PERSON
,13,1,Jerusalem,GPE
,13,2,that day,DATE
,13,4,that day,DATE
,13,6,one,CARDINAL
,13,8,two,CARDINAL
,13,8,third,ORDINAL
,13,9,third,ORDINAL
,13,9,on,PERSON
,14,1,the day,DATE
,14,2,Jerusalem,GPE
,14,2,half,CARDINAL
,14,3,the day,DATE
,14,4,that day,DATE
,14,4,Jerusalem,GPE
,14,4,on,PERSON
,14,4,half,CARDINAL
,14,4,half,CARDINAL
,14,5,Azal,PERSON
,14,5,the days,DATE
,14,5,Uzziah,PERSON
,14,5,Judah,PERSON
,14,6,that day,DATE
,14,7,one day,DATE
,14,7,evening,TIME
,14,8,that day,DATE
,14,8,Jerusalem,GPE
,14,8,half,CARDINAL
,14,8,half,CARDINAL
,14,8,summer,DATE
,14,8,winter,DATE
,14,9,that day,DATE
,14,9,one,CARDINAL
,14,10,Geba,GPE
,14,10,Rimmon,PERSON
,14,10,Jerusalem,GPE
,14,10,Benjamin,PERSON
,14,10,first,ORDINAL
,14,10,Hananeel,PERSON
,14,11,Jerusalem,GPE
,14,12,Jerusalem,GPE
,14,13,that day,DATE
,14,13,on,PERSON
,14,14,Judah,PERSON
,14,14,Jerusalem,GPE
,14,15,so,PERSON
,14,16,Jerusalem,GPE
,14,16,year,DATE
,14,17,Jerusalem,GPE
,14,18,Egypt,GPE
,14,19,Egypt,GPE
,14,20,that day,DATE
,14,21,Jerusalem,GPE
,14,21,Judah,GPE
,14,21,that day,DATE
,14,21,Canaanite,NORP
,1,1,Israel,GPE
,1,1,Malachi,PERSON
,1,2,Esau Jacob's,PERSON
,1,2,Jacob,PERSON
,1,3,Esau,PERSON
,1,5,Israel,GPE
,1,10,on,PERSON
,1,11,Gentiles,ORG
,1,13,Ye,PERSON
,1,13,Behold,PERSON
,2,3,one,CARDINAL
,2,4,Levi,PERSON
,2,8,Levi,PERSON
,2,11,Judah,PERSON
,2,11,Israel,GPE
,2,11,Jerusalem,GPE
,2,11,Judah,PERSON
,2,11,daughter,PERSON
,2,12,Jacob,PERSON
,2,16,Israel,GPE
,2,16,one,CARDINAL
,2,17,Ye,PERSON
,3,2,the day,DATE
,3,3,Levi,PERSON
,3,4,Judah,GPE
,3,4,Jerusalem,GPE
,3,4,the days of old,DATE
,3,6,Jacob,PERSON
,3,7,the days,DATE
,3,13,so,PERSON
,3,14,Ye,PERSON
,3,17,that day,DATE
,3,17,serveth,PERSON
,4,1,the day,DATE
,4,1,the day,DATE
,4,3,the day,DATE
,4,4,Moses,PERSON
,4,4,Horeb,GPE
,4,4,Israel,GPE
,4,5,Elijah,PERSON
,1,1,Jesus Christ,PERSON
,1,1,David,PERSON
,1,1,Abraham,PERSON
,1,2,Abraham,PERSON
,1,2,Isaac,PERSON
,1,2,Isaac,PERSON
,1,2,Jacob,PERSON
,1,2,Jacob,PERSON
,1,2,Judas,PERSON
,1,3,Judas,PERSON
,1,3,Phares,NORP
,1,3,Zara of Thamar,ORG
,1,3,Phares,LOC
,1,3,begat Aram,PERSON
,1,4,Aram,PERSON
,1,4,Aminadab,PERSON
,1,4,Aminadab,ORG
,1,4,Naasson,ORG
,1,4,Naasson,ORG
,1,4,Salmon,PRODUCT
,1,5,Salmon begat Booz of Rachab,PRODUCT
,1,5,Booz begat Obed,ORG
,1,5,Ruth,PERSON
,1,5,Obed,PERSON
,1,5,Jesse,PERSON
,1,6,Jesse,PERSON
,1,6,David,PERSON
,1,6,David,PERSON
,1,6,Solomon,PERSON
,1,6,Urias,ORG
,1,7,Solomon,PERSON
,1,7,Roboam,PERSON
,1,7,Roboam begat Abia,PERSON
,1,7,Abia,ORG
,1,7,Asa,PERSON
,1,8,Asa,PERSON
,1,8,Josaphat,ORG
,1,8,Joram,ORG
,1,8,Joram begat Ozias,ORG
,1,9,Ozias begat Joatham,ORG
,1,9,Joatham,ORG
,1,9,Achaz,ORG
,1,9,Achaz begat Ezekias,PRODUCT
,1,10,Ezekias,PERSON
,1,10,Manasses,PERSON
,1,10,Amon,PERSON
,1,10,Amon begat Josias,PERSON
,1,11,Josias,PERSON
,1,11,Jechonias,PERSON
,1,11,Babylon,PERSON
,1,12,Babylon,GPE
,1,12,Jechonias,PERSON
,1,12,Zorobabel,GPE
,1,13,Zorobabel,GPE
,1,13,Abiud,PRODUCT
,1,13,Abiud begat Eliakim,PRODUCT
,1,13,Eliakim,PERSON
,1,13,Azor,PERSON
,1,14,Azor,PERSON
,1,14,Sadoc,ORG
,1,14,Sadoc,ORG
,1,14,Achim,ORG
,1,14,Achim,PERSON
,1,14,Eliud,ORG
,1,15,Eliud,ORG
,1,15,Eleazar,PERSON
,1,15,Eleazar,PERSON
,1,15,Matthan,GPE
,1,15,Matthan,GPE
,1,15,Jacob,PERSON
,1,16,Jacob,PERSON
,1,16,Joseph,PERSON
,1,16,Mary,PERSON
,1,16,Jesus,PERSON
,1,16,Christ,ORG
,1,17,So,PERSON
,1,17,Abraham,PERSON
,1,17,David,PERSON
,1,17,fourteen,CARDINAL
,1,17,David,PERSON
,1,17,Babylon,GPE
,1,17,fourteen,CARDINAL
,1,17,Babylon,GPE
,1,17,fourteen,CARDINAL
,1,18,Jesus Christ,PERSON
,1,18,on,PERSON
,1,18,Mary,PERSON
,1,18,Joseph,PERSON
,1,18,the Holy Ghost,WORK_OF_ART
,1,19,Joseph,PERSON
,1,19,put,PERSON
,1,20,on,PERSON
,1,20,Joseph,PERSON
,1,20,David,PERSON
,1,20,Mary,PERSON
,1,20,the Holy Ghost,FAC
,1,21,JESUS,PERSON
,1,23,Emmanuel,PERSON
,1,24,Joseph,PERSON
,1,25,JESUS,PERSON
,2,1,Jesus,PERSON
,2,1,Bethlehem,GPE
,2,1,Judaea,ORG
,2,1,the days,DATE
,2,1,Herod,PERSON
,2,1,Jerusalem,GPE
,2,2,Jews,NORP
,2,3,Herod,PERSON
,2,3,Jerusalem,GPE
,2,5,Bethlehem,GPE
,2,5,Judaea,ORG
,2,6,Bethlehem,ORG
,2,6,Juda,PERSON
,2,6,Juda,PERSON
,2,6,Israel,GPE
,2,7,Herod,PERSON
,2,8,Bethlehem,ORG
,2,11,Mary,PERSON
,2,12,Herod,PERSON
,2,13,Joseph,PERSON
,2,13,Egypt,GPE
,2,13,Herod,PERSON
,2,14,night,TIME
,2,14,Egypt,GPE
,2,15,death,PERSON
,2,15,Herod,PERSON
,2,15,Egypt,GPE
,2,16,Herod,PERSON
,2,16,Bethlehem,GPE
,2,16,two years old,DATE
,2,17,Jeremy the prophet,PERSON
,2,18,Rama,PERSON
,2,18,Rachel,PERSON
,2,19,Herod,PERSON
,2,19,Joseph,PERSON
,2,19,Egypt,GPE
,2,20,Israel,GPE
,2,21,Israel,GPE
,2,22,Archelaus,PERSON
,2,22,Judaea,ORG
,2,22,Herod,PERSON
,2,22,Galilee,LOC
,2,23,Nazareth,PERSON
,2,23,Nazarene,GPE
,3,1,those days,DATE
,3,1,John,PERSON
,3,1,Baptist,GPE
,3,1,Judaea,ORG
,3,3,Esaias,PERSON
,3,3,one,CARDINAL
,3,4,John,PERSON
,3,5,Jerusalem,GPE
,3,5,Judaea,ORG
,3,5,Jordan,GPE
,3,6,Jordan,GPE
,3,9,Abraham,PERSON
,3,9,Abraham,PERSON
,3,11,the Holy Ghost,WORK_OF_ART
,3,13,Jesus,PERSON
,3,13,Galilee,GPE
,3,13,Jordan,GPE
,3,13,John,PERSON
,3,14,John,PERSON
,3,15,Jesus,PERSON
,3,15,so,PERSON
,3,16,Jesus,PERSON
,3,17,Son,PERSON
,4,1,Jesus,PERSON
,4,1,Spirit,ORG
,4,2,forty days,DATE
,4,2,forty nights,DATE
,4,5,on,PERSON
,4,7,Jesus,PERSON
,4,10,Jesus,PERSON
,4,10,Satan,PERSON
,4,11,leaveth,PERSON
,4,12,Jesus,PERSON
,4,12,John,PERSON
,4,12,Galilee,GPE
,4,13,Nazareth,PERSON
,4,13,Capernaum,GPE
,4,13,the sea coast,LOC
,4,13,Zabulon and Nephthalim,FAC
,4,14,Esaias,PERSON
,4,15,Zabulon,ORG
,4,15,Nephthalim,ORG
,4,15,Jordan,GPE
,4,15,Gentiles,ORG
,4,16,death,PERSON
,4,17,Jesus,PERSON
,4,18,Jesus,PERSON
,4,18,Galilee,GPE
,4,18,two,CARDINAL
,4,18,Simon,PERSON
,4,18,Peter,PERSON
,4,18,Andrew,PERSON
,4,21,on,PERSON
,4,21,two,CARDINAL
,4,21,James,PERSON
,4,21,Zebedee,PERSON
,4,21,John,PERSON
,4,21,Zebedee,PERSON
,4,23,Jesus,PERSON
,4,23,Galilee,GPE
,4,24,Syria,GPE
,4,25,Galilee,GPE
,4,25,Decapolis,ORG
,4,25,Jerusalem,GPE
,4,25,Judaea,ORG
,4,25,Jordan,GPE
,5,12,so,PERSON
,5,14,on,PERSON
,5,15,put,PERSON
,5,15,on,PERSON
,5,16,so,PERSON
,5,18,one,CARDINAL
,5,18,one,CARDINAL
,5,19,one,CARDINAL
,5,19,so,PERSON
,5,21,Ye,PERSON
,5,22,Raca,PERSON
,5,24,first,ORDINAL
,5,27,Ye,PERSON
,5,28,on,PERSON
,5,31,put,PERSON
,5,32,put,PERSON
,5,35,Jerusalem,GPE
,5,37,Yea,PERSON
,5,37,Nay,PERSON
,5,38,Ye,PERSON
,5,39,on,PERSON
,5,41,a mile,QUANTITY
,5,43,Ye,PERSON
,5,44,Love,WORK_OF_ART
,5,45,on,PERSON
,5,45,on,PERSON
,5,45,on,PERSON
,5,45,on,PERSON
,5,47,so,PERSON
,6,4,seeth,PERSON
,6,6,seeth,PERSON
,6,9,Hallowed,PERSON
,6,11,this day,DATE
,6,11,daily,DATE
,6,24,two,CARDINAL
,6,24,Ye,PERSON
,6,25,put,PERSON
,6,25,on,PERSON
,6,27,one cubit,QUANTITY
,6,29,Solomon,PERSON
,6,30,so,PERSON
,6,31,Wherewithal,ORG
,6,32,Gentiles,ORG
,6,34,morrow,DATE
,6,34,the day,DATE
,7,3,considerest,PERSON
,7,5,first,ORDINAL
,7,12,so,PERSON
,7,13,the strait gate,FAC
,7,17,so,PERSON
,7,22,that day,DATE
,7,28,Jesus,PERSON
,8,3,Jesus,PERSON
,8,3,put,PERSON
,8,4,Jesus,PERSON
,8,4,Moses,PERSON
,8,5,Jesus,PERSON
,8,5,Capernaum,ORG
,8,7,Jesus,PERSON
,8,10,Jesus,PERSON
,8,10,so,PERSON
,8,10,Israel,GPE
,8,11,Abraham,PERSON
,8,11,Isaac,PERSON
,8,11,Jacob,PERSON
,8,13,Jesus,PERSON
,8,13,so,PERSON
,8,13,the selfsame hour,TIME
,8,14,Jesus,PERSON
,8,14,Peter,PERSON
,8,17,Esaias,PERSON
,8,18,Jesus,PERSON
,8,20,Jesus,PERSON
,8,20,Son,PERSON
,8,21,first,ORDINAL
,8,22,Jesus,PERSON
,8,28,Gergesenes,PRODUCT
,8,28,two,CARDINAL
,8,28,so,PERSON
,8,29,Jesus,PERSON
,8,29,Son,PERSON
,8,31,So,PERSON
,8,34,Jesus,PERSON
,9,2,on,PERSON
,9,2,Jesus,PERSON
,9,2,Son,PERSON
,9,4,Jesus,PERSON
,9,6,Son,PERSON
,9,6,on,PERSON
,9,6,thine house,ORG
,9,9,Jesus,PERSON
,9,9,Matthew,PERSON
,9,10,Jesus,PERSON
,9,12,Jesus,PERSON
,9,14,John,PERSON
,9,15,Jesus,PERSON
,9,15,the days,DATE
,9,16,put,PERSON
,9,17,put,PERSON
,9,17,put,PERSON
,9,18,daughter,PERSON
,9,19,Jesus,PERSON
,9,19,so,PERSON
,9,20,twelve years,DATE
,9,22,Jesus,PERSON
,9,22,Daughter,PERSON
,9,22,that hour,TIME
,9,23,Jesus,PERSON
,9,25,put,PERSON
,9,27,Jesus,PERSON
,9,27,two,CARDINAL
,9,27,David,PERSON
,9,27,on,PERSON
,9,28,Jesus,PERSON
,9,28,Yea,PERSON
,9,30,Jesus,PERSON
,9,33,so,PERSON
,9,33,Israel,GPE
,9,35,Jesus,PERSON
,9,36,on,PERSON
,10,1,twelve,CARDINAL
,10,2,twelve,CARDINAL
,10,2,first,ORDINAL
,10,2,Simon,PERSON
,10,2,Peter,PERSON
,10,2,Andrew,PERSON
,10,2,James,PERSON
,10,2,Zebedee,PERSON
,10,2,John,PERSON
,10,3,Philip,PERSON
,10,3,Bartholomew,PERSON
,10,3,Thomas,PERSON
,10,3,Matthew,PERSON
,10,3,James,PERSON
,10,3,Alphaeus,ORG
,10,3,Lebbaeus,GPE
,10,3,Thaddaeus,GPE
,10,4,Simon,PERSON
,10,4,Canaanite,NORP
,10,4,Judas Iscariot,PERSON
,10,5,twelve,CARDINAL
,10,5,Jesus,PERSON
,10,5,Gentiles,ORG
,10,6,Israel,GPE
,10,10,two,CARDINAL
,10,15,Sodom,GPE
,10,15,Gomorrha,PERSON
,10,15,the day,DATE
,10,18,Gentiles,PRODUCT
,10,21,death,PERSON
,10,21,put,PERSON
,10,21,death,PERSON
,10,23,Ye,PERSON
,10,23,Israel,GPE
,10,23,Son,PERSON
,10,25,Beelzebub,PERSON
,10,29,two,CARDINAL
,10,29,one,CARDINAL
,10,29,on,PERSON
,10,34,on,PERSON
,10,35,daughter,PERSON
,10,35,daughter,PERSON
,10,37,daughter,PERSON
,10,42,one,CARDINAL
,11,1,Jesus,PERSON
,11,1,twelve,CARDINAL
,11,2,John,PERSON
,11,2,two,CARDINAL
,11,4,Jesus,PERSON
,11,4,John,PERSON
,11,7,Jesus,PERSON
,11,7,John,PERSON
,11,10,Behold,PERSON
,11,11,John,PERSON
,11,11,Baptist,GPE
,11,12,the days,DATE
,11,12,John,PERSON
,11,12,Baptist,GPE
,11,13,John,PERSON
,11,14,Elias,PERSON
,11,18,John,PERSON
,11,21,Chorazin,PERSON
,11,21,Bethsaida,PERSON
,11,21,Tyre,GPE
,11,21,Sidon,GPE
,11,22,Tyre,PERSON
,11,22,Sidon,GPE
,11,22,the day,DATE
,11,23,Capernaum,PERSON
,11,23,Sodom,GPE
,11,23,this day,DATE
,11,24,Sodom,GPE
,11,24,the day,DATE
,11,25,Jesus,PERSON
,11,26,so,PERSON
,11,26,so,PERSON
,11,27,Son,PERSON
,11,27,Son,PERSON
,11,27,Son,PERSON
,12,1,Jesus,PERSON
,12,1,on,PERSON
,12,3,David,PERSON
,12,5,on,PERSON
,12,5,the sabbath days,DATE
,12,6,one,CARDINAL
,12,8,the sabbath day,DATE
,12,10,on,PERSON
,12,10,the sabbath days,DATE
,12,11,one,CARDINAL
,12,11,on,PERSON
,12,11,the sabbath day,DATE
,12,11,on,PERSON
,12,12,on,PERSON
,12,12,the sabbath days,DATE
,12,15,Jesus,PERSON
,12,17,Esaias,PERSON
,12,18,put,PERSON
,12,18,Gentiles,PRODUCT
,12,21,Gentiles,ORG
,12,23,David,PERSON
,12,24,Beelzebub,PERSON
,12,25,Jesus,PERSON
,12,26,Satan,PERSON
,12,26,Satan,PERSON
,12,27,Beelzebub,PERSON
,12,29,one,CARDINAL
,12,29,first,ORDINAL
,12,31,the Holy Ghost,FAC
,12,32,Son,PERSON
,12,32,the Holy Ghost,FAC
,12,36,the day,DATE
,12,39,Jonas,PERSON
,12,40,Jonas,PERSON
,12,40,three days,DATE
,12,40,three nights,TIME
,12,40,so,PERSON
,12,40,three days,DATE
,12,40,three nights,TIME
,12,41,Nineveh,GPE
,12,41,Jonas,PERSON
,12,41,Jonas,PERSON
,12,42,Solomon,PERSON
,12,42,Solomon,PERSON
,12,45,seven,CARDINAL
,12,45,first,ORDINAL
,12,45,so,PERSON
,13,1,The same day,DATE
,13,1,Jesus,PERSON
,13,2,so,PERSON
,13,2,on,PERSON
,13,3,Behold,PERSON
,13,14,Esaias,PERSON
,13,19,one,CARDINAL
,13,23,some sixty,CARDINAL
,13,24,put,PERSON
,13,27,So,PERSON
,13,29,Nay,PERSON
,13,30,Gather,PERSON
,13,30,first,ORDINAL
,13,31,put,PERSON
,13,32,so,PERSON
,13,33,three,CARDINAL
,13,34,Jesus,PERSON
,13,36,Jesus,PERSON
,13,37,Son,PERSON
,13,40,so,PERSON
,13,46,one,CARDINAL
,13,49,So,PERSON
,13,51,Jesus,PERSON
,13,51,Yea,PERSON
,13,53,Jesus,PERSON
,13,55,Mary,PERSON
,13,55,James,PERSON
,13,55,Joses,PERSON
,13,55,Simon,PERSON
,13,55,Judas,PERSON
,13,57,Jesus,PERSON
,14,1,Herod,PERSON
,14,1,Jesus,PERSON
,14,2,John,PERSON
,14,2,Baptist,GPE
,14,3,Herod,PERSON
,14,3,on,PERSON
,14,3,John,PERSON
,14,3,put,PERSON
,14,3,Herodias,PERSON
,14,3,Philip,PERSON
,14,4,John,PERSON
,14,5,put,PERSON
,14,5,death,PERSON
,14,6,Herod,PERSON
,14,6,daughter,PERSON
,14,6,Herodias,PERSON
,14,6,Herod,PERSON
,14,7,Whereupon,ORG
,14,8,John Baptist's,PERSON
,14,10,John,PERSON
,14,12,Jesus,PERSON
,14,13,Jesus,PERSON
,14,13,on,PERSON
,14,14,Jesus,PERSON
,14,15,evening,TIME
,14,16,Jesus,PERSON
,14,17,five,CARDINAL
,14,17,two,CARDINAL
,14,19,on,PERSON
,14,19,five,CARDINAL
,14,19,two,CARDINAL
,14,20,twelve,CARDINAL
,14,21,about five thousand,CARDINAL
,14,22,Jesus,PERSON
,14,25,fourth,ORDINAL
,14,25,Jesus,PERSON
,14,25,on,PERSON
,14,26,on,PERSON
,14,27,Jesus,PERSON
,14,28,Peter,PERSON
,14,28,on,PERSON
,14,29,Peter,PERSON
,14,29,on,PERSON
,14,29,Jesus,PERSON
,14,31,Jesus,PERSON
,14,34,Gennesaret,PERSON
,15,1,Jesus,PERSON
,15,1,Jerusalem,GPE
,15,4,death,PERSON
,15,7,Esaias,PERSON
,15,12,Knowest,PERSON
,15,15,Peter,PERSON
,15,16,Jesus,PERSON
,15,21,Jesus,PERSON
,15,21,Tyre,GPE
,15,21,Sidon,GPE
,15,22,Canaan,GPE
,15,22,on,PERSON
,15,22,David,PERSON
,15,22,daughter,PERSON
,15,24,Israel,GPE
,15,28,Jesus,PERSON
,15,28,daughter,PERSON
,15,28,that very hour,TIME
,15,29,Jesus,PERSON
,15,29,Galilee,GPE
,15,30,Jesus,PERSON
,15,31,Israel,GPE
,15,32,Jesus,PERSON
,15,32,on,PERSON
,15,32,three days,DATE
,15,33,so,PERSON
,15,33,so,PERSON
,15,34,Jesus,PERSON
,15,34,Seven,CARDINAL
,15,35,on,PERSON
,15,36,seven,CARDINAL
,15,37,seven,CARDINAL
,15,38,four thousand,CARDINAL
,15,39,Magdala,ORG
,16,1,Sadducees,ORG
,16,2,evening,TIME
,16,4,Jonas,PERSON
,16,6,Jesus,PERSON
,16,6,Sadducees,ORG
,16,8,Jesus,PERSON
,16,9,five,CARDINAL
,16,9,five thousand,CARDINAL
,16,10,seven,CARDINAL
,16,10,four thousand,CARDINAL
,16,11,Sadducees,ORG
,16,12,Sadducees,ORG
,16,13,Jesus,PERSON
,16,13,Caesarea Philippi,PERSON
,16,14,John,PERSON
,16,14,Baptist,NORP
,16,14,Elias,PERSON
,16,14,Jeremias,PERSON
,16,16,Simon Peter,PERSON
,16,17,Jesus,PERSON
,16,17,Blessed,PERSON
,16,17,Simon Barjona,PERSON
,16,18,Peter,PERSON
,16,19,on,PERSON
,16,19,on,PERSON
,16,20,Jesus,PERSON
,16,21,Jesus,PERSON
,16,21,Jerusalem,GPE
,16,21,the third day,DATE
,16,22,Peter,PERSON
,16,23,Peter,PERSON
,16,23,Satan,PERSON
,16,24,Jesus,PERSON
,16,28,death,PERSON
,17,1,six days,DATE
,17,1,Jesus taketh Peter,PERSON
,17,1,James,PERSON
,17,1,John,PERSON
,17,3,Moses,PERSON
,17,3,Elias,PERSON
,17,4,Peter,PERSON
,17,4,Jesus,PERSON
,17,4,three,CARDINAL
,17,4,one,CARDINAL
,17,4,Moses,PERSON
,17,4,Elias,PERSON
,17,5,Son,PERSON
,17,6,on,PERSON
,17,7,Jesus,PERSON
,17,8,Jesus,PERSON
,17,9,Jesus,PERSON
,17,9,Son,PERSON
,17,10,Elias,PERSON
,17,10,first,ORDINAL
,17,11,Jesus,PERSON
,17,11,Elias,PERSON
,17,11,first,ORDINAL
,17,12,Elias,PERSON
,17,12,Son,PERSON
,17,13,John,PERSON
,17,13,Baptist,GPE
,17,15,on,PERSON
,17,17,Jesus,PERSON
,17,18,Jesus,PERSON
,17,18,that very hour,TIME
,17,19,Jesus,PERSON
,17,20,Jesus,PERSON
,17,22,Galilee,GPE
,17,22,Jesus,PERSON
,17,23,the third day,DATE
,17,24,Capernaum,PRODUCT
,17,24,Peter,PERSON
,17,25,Jesus,PERSON
,17,25,Simon,PERSON
,17,26,Peter,PERSON
,17,26,Jesus,PERSON
,17,27,first,ORDINAL
,18,1,Jesus,PERSON
,18,2,Jesus,PERSON
,18,5,one,CARDINAL
,18,8,two,CARDINAL
,18,8,two feet,QUANTITY
,18,9,one,CARDINAL
,18,9,two,CARDINAL
,18,12,hundred,CARDINAL
,18,12,one,CARDINAL
,18,12,the ninety and nine,CARDINAL
,18,13,so,PERSON
,18,14,so,PERSON
,18,16,one,CARDINAL
,18,16,two,CARDINAL
,18,16,two,CARDINAL
,18,16,three,CARDINAL
,18,18,on,PERSON
,18,18,on,PERSON
,18,19,two,CARDINAL
,18,19,on,PERSON
,18,20,two,CARDINAL
,18,20,three,CARDINAL
,18,21,Peter,PERSON
,18,21,seven,CARDINAL
,18,22,Jesus,PERSON
,18,22,seven,CARDINAL
,18,22,seventy times,DATE
,18,22,seven,CARDINAL
,18,24,ten thousand,CARDINAL
,18,28,an hundred pence,MONEY
,18,28,on,PERSON
,18,31,So,PERSON
,18,33,Shouldest,PERSON
,18,33,on,PERSON
,18,33,on,PERSON
,18,35,So,PERSON
,19,1,Jesus,PERSON
,19,1,Galilee,GPE
,19,1,Judaea,ORG
,19,1,Jordan,GPE
,19,3,put,PERSON
,19,6,one,CARDINAL
,19,6,put,PERSON
,19,7,Moses,PERSON
,19,7,put,PERSON
,19,8,Moses,PERSON
,19,8,put,PERSON
,19,8,so,PERSON
,19,9,put,PERSON
,19,9,put,PERSON
,19,10,so,PERSON
,19,12,so,PERSON
,19,12,the kingdom of heaven's,GPE
,19,13,put,PERSON
,19,13,on,PERSON
,19,14,Jesus,PERSON
,19,15,on,PERSON
,19,16,one,CARDINAL
,19,18,Jesus,PERSON
,19,21,Jesus,PERSON
,19,23,Jesus,PERSON
,19,26,Jesus,PERSON
,19,27,Peter,PERSON
,19,28,Jesus,PERSON
,19,28,Son,PERSON
,19,28,twelve,CARDINAL
,19,28,twelve,CARDINAL
,19,28,Israel,GPE
,19,30,first,ORDINAL
,19,30,first,ORDINAL
,20,1,early in the morning,TIME
,20,2,a penny,MONEY
,20,3,the third hour,TIME
,20,5,sixth,ORDINAL
,20,8,So,PERSON
,20,8,first,ORDINAL
,20,9,a penny,MONEY
,20,10,first,ORDINAL
,20,10,a penny,MONEY
,20,11,goodman,ORG
,20,12,one hour,TIME
,20,12,the day,DATE
,20,13,one,CARDINAL
,20,13,Friend,PERSON
,20,13,a penny,MONEY
,20,16,So,PERSON
,20,16,first,ORDINAL
,20,16,first,ORDINAL
,20,17,Jesus,PERSON
,20,17,Jerusalem,GPE
,20,17,twelve,CARDINAL
,20,18,Jerusalem,GPE
,20,18,Son,PERSON
,20,18,death,PERSON
,20,19,Gentiles,ORG
,20,19,the third day,DATE
,20,20,Zebedee,PERSON
,20,21,Grant,PERSON
,20,21,two,CARDINAL
,20,21,on,PERSON
,20,21,on,PERSON
,20,22,Jesus,PERSON
,20,22,Ye,PERSON
,20,23,on,PERSON
,20,23,on,PERSON
,20,24,ten,CARDINAL
,20,24,two,CARDINAL
,20,25,Jesus,PERSON
,20,25,Ye,PERSON
,20,25,Gentiles,ORG
,20,26,so,PERSON
,20,28,Son,PERSON
,20,29,Jericho,GPE
,20,30,two,CARDINAL
,20,30,Jesus,PERSON
,20,30,on,PERSON
,20,30,David,PERSON
,20,31,on,PERSON
,20,31,David,PERSON
,20,32,Jesus,PERSON
,20,34,So,PERSON
,20,34,Jesus,PERSON
,20,34,on,PERSON
,21,1,Jerusalem,GPE
,21,1,Bethphage,ORG
,21,1,Jesus,PERSON
,21,1,two,CARDINAL
,21,5,daughter,PERSON
,21,5,Sion,PERSON
,21,6,Jesus,PERSON
,21,7,put,PERSON
,21,7,on,PERSON
,21,9,Hosanna,PERSON
,21,9,David: Blessed,PERSON
,21,9,Hosanna,PERSON
,21,10,Jerusalem,GPE
,21,11,Jesus,PERSON
,21,11,Nazareth of Galilee,LOC
,21,12,Jesus,PERSON
,21,13,the house of prayer,ORG
,21,15,Hosanna,PERSON
,21,15,David,PERSON
,21,16,Hearest,ORG
,21,16,Jesus,PERSON
,21,16,Yea,PERSON
,21,17,Bethany,GPE
,21,19,on,PERSON
,21,21,Jesus,PERSON
,21,24,Jesus,PERSON
,21,24,one,CARDINAL
,21,25,John,PERSON
,21,26,John,PERSON
,21,27,Jesus,PERSON
,21,28,two,CARDINAL
,21,28,first,ORDINAL
,21,28,Son,PERSON
,21,30,second,ORDINAL
,21,31,first,ORDINAL
,21,31,Jesus,PERSON
,21,32,John,PERSON
,21,36,first,ORDINAL
,21,38,on,PERSON
,21,41,their seasons,DATE
,21,42,Jesus,PERSON
,21,44,on,PERSON
,21,44,on,PERSON
,21,46,on,PERSON
,22,1,Jesus,PERSON
,22,10,So,PERSON
,22,11,on,PERSON
,22,12,Friend,PERSON
,22,16,Herodians,NORP
,22,17,Caesar,PERSON
,22,18,Jesus,PERSON
,22,19,a penny,MONEY
,22,21,Caesar,PERSON
,22,21,Caesar,PERSON
,22,21,Caesar,PERSON
,22,23,The same day,DATE
,22,23,Sadducees,ORG
,22,24,Moses,PERSON
,22,25,seven,CARDINAL
,22,25,first,ORDINAL
,22,26,second,ORDINAL
,22,26,third,ORDINAL
,22,26,seventh,ORDINAL
,22,28,seven,CARDINAL
,22,29,Jesus,PERSON
,22,29,Ye,PERSON
,22,32,Abraham,PERSON
,22,32,Isaac,PERSON
,22,32,Jacob,PERSON
,22,34,put,PERSON
,22,34,Sadducees,ORG
,22,35,one,CARDINAL
,22,37,Jesus,PERSON
,22,38,first,ORDINAL
,22,39,second,ORDINAL
,22,40,On,PERSON
,22,40,two,CARDINAL
,22,41,Jesus,PERSON
,22,42,Christ,GPE
,22,42,David,PERSON
,22,43,David,PERSON
,22,44,on,PERSON
,22,45,David,PERSON
,22,46,that day,DATE
,23,1,Jesus,PERSON
,23,2,Moses,PERSON
,23,4,on,PERSON
,23,4,one,CARDINAL
,23,15,one,CARDINAL
,23,26,first,ORDINAL
,23,28,so,PERSON
,23,30,the days,DATE
,23,35,Abel,PERSON
,23,35,Zacharias,PERSON
,23,35,Barachias,PERSON
,23,37,O Jerusalem,GPE
,23,37,Jerusalem,GPE
,23,39,Ye,PERSON
,23,39,Blessed,PERSON
,24,1,Jesus,PERSON
,24,2,Jesus,PERSON
,24,2,one,CARDINAL
,24,4,Jesus,PERSON
,24,15,Daniel the prophet,PERSON
,24,16,Judaea,ORG
,24,17,on,PERSON
,24,19,those days,DATE
,24,20,the winter,DATE
,24,20,on,PERSON
,24,20,the sabbath day,DATE
,24,22,those days,DATE
,24,23,Lo,PERSON
,24,24,Christs,ORG
,24,27,so,PERSON
,24,31,four,CARDINAL
,24,31,one,CARDINAL
,24,33,So,PERSON
,24,36,that day,DATE
,24,37,the days,DATE
,24,37,Noe,PERSON
,24,37,so,PERSON
,24,38,the days,DATE
,24,38,the day,DATE
,24,38,Noe,PERSON
,24,38,ark,PERSON
,24,39,so,PERSON
,24,40,two,CARDINAL
,24,40,one,CARDINAL
,24,41,Two,CARDINAL
,24,41,one,CARDINAL
,24,43,goodman,ORG
,24,44,such an hour,TIME
,24,45,season,DATE
,24,46,Blessed,PERSON
,24,46,so,PERSON
,24,50,an hour,TIME
,25,1,ten,CARDINAL
,25,2,five,CARDINAL
,25,2,five,CARDINAL
,25,6,midnight,TIME
,25,6,Behold,PERSON
,25,9,so,PERSON
,25,13,the day,DATE
,25,13,Son,PERSON
,25,15,five,CARDINAL
,25,15,two,CARDINAL
,25,16,five,CARDINAL
,25,16,five,CARDINAL
,25,17,two,CARDINAL
,25,17,two,CARDINAL
,25,20,so,PERSON
,25,20,five,CARDINAL
,25,20,five,CARDINAL
,25,20,five,CARDINAL
,25,20,five,CARDINAL
,25,22,two,CARDINAL
,25,22,two,CARDINAL
,25,22,two,CARDINAL
,25,24,one,CARDINAL
,25,27,put,PERSON
,25,28,ten,CARDINAL
,25,32,one,CARDINAL
,25,33,on,PERSON
,25,33,on,PERSON
,25,34,on,PERSON
,25,36,Naked,PERSON
,25,40,one,CARDINAL
,25,41,on,PERSON
,25,41,Depart,PERSON
,25,45,one,CARDINAL
,26,1,Jesus,PERSON
,26,2,two days,DATE
,26,2,Son,PERSON
,26,3,Caiaphas,PERSON
,26,4,Jesus,PERSON
,26,4,subtilty,PERSON
,26,5,on,PERSON
,26,5,the feast day,DATE
,26,6,Jesus,PERSON
,26,6,Bethany,LOC
,26,6,Simon,PERSON
,26,7,on,PERSON
,26,10,Jesus,PERSON
,26,12,on,PERSON
,26,14,one,CARDINAL
,26,14,twelve,CARDINAL
,26,14,Judas Iscariot,PERSON
,26,15,thirty,CARDINAL
,26,17,the first day,DATE
,26,17,Jesus,PERSON
,26,19,Jesus,PERSON
,26,20,twelve,CARDINAL
,26,25,Judas,PERSON
,26,26,Jesus,PERSON
,26,29,that day,DATE
,26,31,Jesus,PERSON
,26,31,this night,TIME
,26,32,Galilee,GPE
,26,33,Peter,PERSON
,26,34,Jesus,PERSON
,26,34,this night,TIME
,26,35,Peter,PERSON
,26,36,Jesus,PERSON
,26,36,Gethsemane,ORG
,26,37,Peter,PERSON
,26,37,two,CARDINAL
,26,37,Zebedee,PERSON
,26,38,death,PERSON
,26,39,on,PERSON
,26,40,Peter,PERSON
,26,40,one hour,TIME
,26,42,second,ORDINAL
,26,44,third,ORDINAL
,26,45,on,PERSON
,26,45,the hour,TIME
,26,45,Son,PERSON
,26,47,Judas,PERSON
,26,47,one,CARDINAL
,26,47,twelve,CARDINAL
,26,49,Jesus,PERSON
,26,49,Hail,PERSON
,26,50,Jesus,PERSON
,26,50,Friend,PERSON
,26,50,on,PERSON
,26,50,Jesus,PERSON
,26,51,one,CARDINAL
,26,51,Jesus,PERSON
,26,52,Jesus,PERSON
,26,52,Put,PERSON
,26,53,Thinkest,ORG
,26,53,more than twelve,CARDINAL
,26,55,that same hour,TIME
,26,55,Jesus,PERSON
,26,55,on,PERSON
,26,57,on,PERSON
,26,57,Jesus,PERSON
,26,57,Caiaphas,GPE
,26,58,Peter,PERSON
,26,59,Jesus,PERSON
,26,59,put,PERSON
,26,59,death,PERSON
,26,60,two,CARDINAL
,26,61,three days,DATE
,26,62,Answerest,ORG
,26,63,Jesus,PERSON
,26,64,Jesus,PERSON
,26,64,on,PERSON
,26,66,death,PERSON
,26,68,Christ,GPE
,26,69,Peter,PERSON
,26,69,Thou,PERSON
,26,69,Jesus,PERSON
,26,69,Galilee,GPE
,26,71,Jesus,PERSON
,26,71,Nazareth,PERSON
,26,73,Peter,PERSON
,26,73,one,CARDINAL
,26,75,Peter,PERSON
,26,75,Jesus,PERSON
,27,1,the morning,TIME
,27,1,Jesus,PERSON
,27,1,put,PERSON
,27,1,death,PERSON
,27,2,Pontius Pilate,PERSON
,27,3,Judas,PERSON
,27,3,thirty,CARDINAL
,27,6,put,PERSON
,27,8,this day,DATE
,27,9,Jeremy the prophet,PERSON
,27,9,thirty,CARDINAL
,27,9,Israel,GPE
,27,11,Jesus,PERSON
,27,11,the King of the Jews,PERSON
,27,11,Jesus,PERSON
,27,13,Pilate,PERSON
,27,13,Hearest,ORG
,27,16,Barabbas,GPE
,27,17,Pilate,PERSON
,27,17,Barabbas,PERSON
,27,17,Jesus,PERSON
,27,17,Christ,ORG
,27,19,on,PERSON
,27,19,this day,DATE
,27,20,Barabbas,PERSON
,27,20,Jesus,PERSON
,27,21,Barabbas,PERSON
,27,22,Pilate,PERSON
,27,22,Jesus,PERSON
,27,22,Christ,ORG
,27,24,Pilate,PERSON
,27,25,on,PERSON
,27,25,on,PERSON
,27,26,Barabbas,PERSON
,27,26,Jesus,PERSON
,27,27,Jesus,PERSON
,27,28,put,PERSON
,27,28,on,PERSON
,27,29,put,PERSON
,27,29,"Hail, King",PERSON
,27,29,Jews,NORP
,27,30,on,PERSON
,27,31,put,PERSON
,27,31,on,PERSON
,27,32,Cyrene,PERSON
,27,32,Simon,PERSON
,27,33,Golgotha,PERSON
,27,37,JESUS,PERSON
,27,37,JEWS,NORP
,27,38,two,CARDINAL
,27,38,on,PERSON
,27,38,on,PERSON
,27,40,three days,DATE
,27,42,the King of Israel,PERSON
,27,45,the sixth hour,TIME
,27,45,the ninth hour,TIME
,27,46,ninth,ORDINAL
,27,46,Jesus,PERSON
,27,46,Eli,ORG
,27,46,Eli,ORG
,27,47,Elias,PERSON
,27,48,one,CARDINAL
,27,48,put,PERSON
,27,48,on,PERSON
,27,49,Elias,PERSON
,27,50,Jesus,PERSON
,27,54,Jesus,PERSON
,27,55,Jesus,PERSON
,27,55,Galilee,GPE
,27,56,Mary Magdalene,PERSON
,27,56,Mary,PERSON
,27,56,James,PERSON
,27,56,Joses,PERSON
,27,56,Zebedee,PERSON
,27,57,Arimathaea,GPE
,27,57,Joseph,PERSON
,27,57,Jesus,PERSON
,27,58,Pilate,PERSON
,27,58,Jesus,PERSON
,27,58,Pilate,PERSON
,27,59,Joseph,PERSON
,27,61,Mary Magdalene,PERSON
,27,61,Mary,PERSON
,27,62,the next day,DATE
,27,62,the day,DATE
,27,62,Pilate,PERSON
,27,63,three days,DATE
,27,64,the third day,DATE
,27,64,so,PERSON
,27,64,first,ORDINAL
,27,65,Pilate,PERSON
,27,65,Ye,PERSON
,27,66,So,PERSON
,28,1,the first day of the week,DATE
,28,1,Mary Magdalene,PERSON
,28,1,Mary,PERSON
,28,5,Jesus,PERSON
,28,7,Galilee,GPE
,28,9,Jesus,PERSON
,28,10,Jesus,PERSON
,28,10,Galilee,GPE
,28,13,night,TIME
,28,15,So,PERSON
,28,15,Jews,NORP
,28,15,this day,DATE
,28,16,eleven,CARDINAL
,28,16,Galilee,GPE
,28,16,Jesus,PERSON
,28,18,Jesus,PERSON
,28,19,Son,PERSON
,28,19,the Holy Ghost:,WORK_OF_ART
,1,1,Jesus Christ,PERSON
,1,3,one,CARDINAL
,1,4,John,PERSON
,1,5,Judaea,ORG
,1,5,Jerusalem,GPE
,1,5,Jordan,GPE
,1,6,John,PERSON
,1,7,one,CARDINAL
,1,8,the Holy Ghost,WORK_OF_ART
,1,9,those days,DATE
,1,9,Jesus,PERSON
,1,9,Nazareth of Galilee,LOC
,1,9,John,PERSON
,1,9,Jordan,GPE
,1,10,Spirit,ORG
,1,11,Son,PERSON
,1,12,Spirit,ORG
,1,13,forty days,DATE
,1,13,Satan,ORG
,1,14,John,PERSON
,1,14,put,PERSON
,1,14,Jesus,PERSON
,1,14,Galilee,GPE
,1,16,Galilee,GPE
,1,16,Simon,PERSON
,1,16,Andrew,PERSON
,1,17,Jesus,PERSON
,1,19,James,PERSON
,1,19,Zebedee,PERSON
,1,19,John,PERSON
,1,20,Zebedee,PERSON
,1,21,Capernaum,ORG
,1,21,on,PERSON
,1,24,Jesus,PERSON
,1,24,Nazareth,PERSON
,1,25,Jesus,PERSON
,1,28,Galilee,GPE
,1,29,Simon,PERSON
,1,29,Andrew,PERSON
,1,29,James,PERSON
,1,29,John,PERSON
,1,30,Simon,PERSON
,1,36,Simon,PERSON
,1,39,Galilee,GPE
,1,41,Jesus,PERSON
,1,41,put,PERSON
,1,44,Moses,PERSON
,1,45,Jesus,PERSON
,1,45,every quarter,DATE
,2,1,Capernaum,ORG
,2,1,some days,DATE
,2,2,so,PERSON
,2,3,one,CARDINAL
,2,3,four,CARDINAL
,2,5,Jesus,PERSON
,2,5,Son,PERSON
,2,8,Jesus,PERSON
,2,8,so,PERSON
,2,10,Son,PERSON
,2,10,on,PERSON
,2,11,thine house,ORG
,2,12,on,PERSON
,2,14,Levi,PERSON
,2,14,Alphaeus,ORG
,2,15,Jesus,PERSON
,2,15,Jesus,PERSON
,2,17,Jesus,PERSON
,2,18,John,PERSON
,2,18,John,PERSON
,2,19,Jesus,PERSON
,2,20,the days,DATE
,2,20,those days,DATE
,2,21,on,PERSON
,2,22,put,PERSON
,2,23,on,PERSON
,2,23,the sabbath day,DATE
,2,24,on,PERSON
,2,24,the sabbath day,DATE
,2,25,David,PERSON
,2,26,Abiathar,PERSON
,3,2,on,PERSON
,3,2,the sabbath day,DATE
,3,4,on,PERSON
,3,4,the sabbath days,DATE
,3,5,on,PERSON
,3,6,Herodians,NORP
,3,7,Jesus,PERSON
,3,7,Galilee,LOC
,3,7,Judaea,ORG
,3,8,Jerusalem,GPE
,3,8,Idumaea,ORG
,3,8,Jordan,GPE
,3,8,Tyre,PERSON
,3,8,Sidon,GPE
,3,9,on,PERSON
,3,14,twelve,CARDINAL
,3,16,Simon,PERSON
,3,16,Peter,PERSON
,3,17,James,PERSON
,3,17,Zebedee,PERSON
,3,17,John,PERSON
,3,17,James,PERSON
,3,17,Boanerges,ORG
,3,18,Andrew,PERSON
,3,18,Philip,PERSON
,3,18,Bartholomew,PERSON
,3,18,Matthew,PERSON
,3,18,Thomas,PERSON
,3,18,James,PERSON
,3,18,Alphaeus,ORG
,3,18,Thaddaeus,GPE
,3,18,Simon,PERSON
,3,18,Canaanite,NORP
,3,19,Judas Iscariot,PERSON
,3,20,so,PERSON
,3,20,so,PERSON
,3,21,on,PERSON
,3,22,Jerusalem,GPE
,3,22,Beelzebub,PERSON
,3,23,Satan,PERSON
,3,23,Satan,PERSON
,3,26,Satan,PERSON
,3,27,first,ORDINAL
,3,29,the Holy Ghost,FAC
,3,34,on,PERSON
,4,1,so,PERSON
,4,1,on,PERSON
,4,5,on,PERSON
,4,8,on,PERSON
,4,8,some thirty,CARDINAL
,4,8,some sixty,CARDINAL
,4,8,some an hundred,CARDINAL
,4,10,twelve,CARDINAL
,4,15,Satan,PERSON
,4,16,on,PERSON
,4,17,so,PERSON
,4,20,on,PERSON
,4,20,some an hundred,CARDINAL
,4,21,put,PERSON
,4,21,on,PERSON
,4,26,So,PERSON
,4,28,first,ORDINAL
,4,30,Whereunto,PERSON
,4,32,so,PERSON
,4,35,the same day,DATE
,4,37,so,PERSON
,4,38,on,PERSON
,4,39,Peace,GPE
,4,40,so,PERSON
,4,41,one,CARDINAL
,5,1,Gadarenes,ORG
,5,6,Jesus,PERSON
,5,7,Jesus,PERSON
,5,7,Son,PERSON
,5,9,Legion,PERSON
,5,13,Jesus,PERSON
,5,13,about two thousand,CARDINAL
,5,15,Jesus,PERSON
,5,15,legion,PERSON
,5,19,Howbeit Jesus,PERSON
,5,19,on,PERSON
,5,20,Decapolis,ORG
,5,20,Jesus,PERSON
,5,21,Jesus,PERSON
,5,22,Jairus,PERSON
,5,23,daughter,PERSON
,5,23,death,PERSON
,5,23,on,PERSON
,5,24,Jesus,PERSON
,5,25,twelve years,DATE
,5,27,Jesus,PERSON
,5,30,Jesus,PERSON
,5,34,Daughter,PERSON
,5,35,daughter,PERSON
,5,36,Jesus,PERSON
,5,37,Peter,PERSON
,5,37,James,PERSON
,5,37,John,PERSON
,5,37,James,PERSON
,5,40,put,PERSON
,5,41,Talitha cumi,PERSON
,5,42,the age of twelve years,DATE
,6,3,Mary,PERSON
,6,3,James,PERSON
,6,3,Joses,PERSON
,6,3,Juda,PERSON
,6,3,Simon,PERSON
,6,4,Jesus,PERSON
,6,7,twelve,CARDINAL
,6,7,two,CARDINAL
,6,7,two,CARDINAL
,6,9,put,PERSON
,6,9,on,PERSON
,6,9,two,CARDINAL
,6,11,Sodom,GPE
,6,11,the day,DATE
,6,14,Herod,PERSON
,6,14,John,PERSON
,6,14,Baptist,GPE
,6,15,Elias,PERSON
,6,16,Herod,PERSON
,6,16,John,PERSON
,6,17,Herod,PERSON
,6,17,John,PERSON
,6,17,Herodias,PERSON
,6,17,Philip,PERSON
,6,18,John,PERSON
,6,18,Herod,PERSON
,6,19,Herodias,PERSON
,6,20,Herod,PERSON
,6,20,John,PERSON
,6,21,Herod,PERSON
,6,21,on,PERSON
,6,21,Galilee,GPE
,6,22,daughter,PERSON
,6,22,Herodias,PERSON
,6,22,Herod,PERSON
,6,23,half,CARDINAL
,6,24,John,PERSON
,6,24,Baptist,GPE
,6,25,John,PERSON
,6,25,Baptist,GPE
,6,30,Jesus,PERSON
,6,31,so,PERSON
,6,34,Jesus,PERSON
,6,35,the day,DATE
,6,37,two hundred,CARDINAL
,6,38,Five,CARDINAL
,6,38,two,CARDINAL
,6,40,hundreds,CARDINAL
,6,40,fifties,DATE
,6,41,five,CARDINAL
,6,41,two,CARDINAL
,6,41,two,CARDINAL
,6,43,twelve,CARDINAL
,6,44,about five thousand,CARDINAL
,6,45,Bethsaida,PERSON
,6,47,on,PERSON
,6,48,fourth,ORDINAL
,6,48,the night,TIME
,6,53,Gennesaret,PERSON
,7,1,Jerusalem,GPE
,7,3,Jews,NORP
,7,6,Esaias,PERSON
,7,10,Moses,PERSON
,7,10,death,PERSON
,7,11,Corban,ORG
,7,18,so,PERSON
,7,24,Tyre,GPE
,7,24,Sidon,GPE
,7,25,daughter,PERSON
,7,26,Greek,NORP
,7,26,Syrophenician,NORP
,7,26,daughter,PERSON
,7,27,Jesus,PERSON
,7,27,first,ORDINAL
,7,29,daughter,PERSON
,7,30,daughter,PERSON
,7,31,Tyre,GPE
,7,31,Sidon,GPE
,7,31,Galilee,GPE
,7,31,Decapolis,GPE
,7,32,put,PERSON
,7,33,put,PERSON
,7,34,Ephphatha,PERSON
,7,36,so,PERSON
,8,1,those days,DATE
,8,1,Jesus,PERSON
,8,2,on,PERSON
,8,2,three days,DATE
,8,5,Seven,CARDINAL
,8,6,on,PERSON
,8,6,seven,CARDINAL
,8,8,So,PERSON
,8,8,seven,CARDINAL
,8,9,about four thousand,CARDINAL
,8,10,Dalmanutha,LOC
,8,14,more than one,CARDINAL
,8,15,Herod,PERSON
,8,17,Jesus,PERSON
,8,19,five,CARDINAL
,8,19,five thousand,CARDINAL
,8,19,Twelve,CARDINAL
,8,20,seven,CARDINAL
,8,20,four thousand,CARDINAL
,8,20,Seven,CARDINAL
,8,22,Bethsaida,ORG
,8,23,on,PERSON
,8,23,put,PERSON
,8,25,put,PERSON
,8,27,Jesus,PERSON
,8,27,Caesarea Philippi,GPE
,8,28,John,PERSON
,8,28,Baptist,NORP
,8,28,Elias,PERSON
,8,28,One,CARDINAL
,8,29,Peter,PERSON
,8,31,Son,PERSON
,8,31,three days,DATE
,8,32,Peter,PERSON
,8,33,on,PERSON
,8,33,Peter,PERSON
,8,33,Satan,PERSON
,8,38,Son,PERSON
,9,1,death,PERSON
,9,2,six days,DATE
,9,2,Jesus,PERSON
,9,2,Peter,PERSON
,9,2,James,PERSON
,9,2,John,PERSON
,9,3,so,PERSON
,9,3,on,PERSON
,9,4,Elias,PERSON
,9,4,Moses,PERSON
,9,4,Jesus,PERSON
,9,5,Peter,PERSON
,9,5,Jesus,PERSON
,9,5,three,CARDINAL
,9,5,one,CARDINAL
,9,5,Moses,PERSON
,9,5,Elias,PERSON
,9,7,Son,PERSON
,9,8,Jesus,PERSON
,9,9,Son,PERSON
,9,11,Elias,PERSON
,9,11,first,ORDINAL
,9,12,Elias,PERSON
,9,12,first,ORDINAL
,9,12,Son,PERSON
,9,13,Elias,PERSON
,9,17,one,CARDINAL
,9,20,on,PERSON
,9,22,on,PERSON
,9,23,Jesus,PERSON
,9,25,Jesus,PERSON
,9,26,one,CARDINAL
,9,27,Jesus,PERSON
,9,30,Galilee,GPE
,9,31,the third day,DATE
,9,35,twelve,CARDINAL
,9,35,first,ORDINAL
,9,37,one,CARDINAL
,9,38,John,PERSON
,9,38,one,CARDINAL
,9,39,Jesus,PERSON
,9,40,on,PERSON
,9,41,Christ,GPE
,9,43,two,CARDINAL
,9,45,two feet,QUANTITY
,9,47,one,CARDINAL
,9,47,two,CARDINAL
,10,1,Judaea,ORG
,10,1,Jordan,GPE
,10,2,put,PERSON
,10,3,Moses,PERSON
,10,4,Moses,PERSON
,10,4,put,PERSON
,10,5,Jesus,PERSON
,10,8,one,CARDINAL
,10,8,so,PERSON
,10,8,one,CARDINAL
,10,9,put,PERSON
,10,11,put,PERSON
,10,12,put,PERSON
,10,14,Jesus,PERSON
,10,16,put,PERSON
,10,18,Jesus,PERSON
,10,21,Jesus,PERSON
,10,21,One,CARDINAL
,10,23,Jesus,PERSON
,10,24,Jesus,PERSON
,10,27,Jesus,PERSON
,10,28,Peter,PERSON
,10,28,Lo,PERSON
,10,29,Jesus,PERSON
,10,31,first,ORDINAL
,10,31,the last first,DATE
,10,32,Jerusalem,GPE
,10,32,Jesus,PERSON
,10,32,twelve,CARDINAL
,10,33,Jerusalem,GPE
,10,33,Son,PERSON
,10,33,death,PERSON
,10,34,the third day,DATE
,10,35,James,PERSON
,10,35,John,PERSON
,10,35,Zebedee,PERSON
,10,37,Grant,PERSON
,10,37,on,PERSON
,10,37,on,PERSON
,10,38,Jesus,PERSON
,10,38,Ye,PERSON
,10,39,Jesus,PERSON
,10,40,on,PERSON
,10,40,on,PERSON
,10,41,ten,CARDINAL
,10,41,James,PERSON
,10,41,John,PERSON
,10,42,Jesus,PERSON
,10,42,Ye,PERSON
,10,42,Gentiles,ORG
,10,43,so,PERSON
,10,46,Jericho,GPE
,10,46,Jericho,GPE
,10,46,Bartimaeus,PERSON
,10,46,Timaeus,PERSON
,10,47,Jesus,PERSON
,10,47,Nazareth,PERSON
,10,47,Jesus,PERSON
,10,47,David,PERSON
,10,47,on,PERSON
,10,48,David,PERSON
,10,48,on,PERSON
,10,49,Jesus,PERSON
,10,50,Jesus,PERSON
,10,51,Jesus,PERSON
,10,52,Jesus,PERSON
,10,52,Jesus,PERSON
,11,1,Jerusalem,GPE
,11,1,Bethphage,ORG
,11,1,Bethany,GPE
,11,1,two,CARDINAL
,11,4,two,CARDINAL
,11,6,Jesus,PERSON
,11,7,Jesus,PERSON
,11,7,on,PERSON
,11,9,Hosanna,PERSON
,11,9,Blessed,PERSON
,11,10,David,PERSON
,11,10,Hosanna,PERSON
,11,11,Jesus,PERSON
,11,11,Jerusalem,GPE
,11,11,Bethany,LOC
,11,11,twelve,CARDINAL
,11,12,on,PERSON
,11,12,Bethany,LOC
,11,14,Jesus,PERSON
,11,15,Jerusalem,GPE
,11,15,Jesus,PERSON
,11,21,Peter,PERSON
,11,22,Jesus,PERSON
,11,27,Jerusalem,GPE
,11,29,Jesus,PERSON
,11,29,one,CARDINAL
,11,30,John,PERSON
,11,32,John,PERSON
,11,33,Jesus,PERSON
,11,33,Jesus,PERSON
,12,6,one,CARDINAL
,12,12,on,PERSON
,12,13,Herodians,NORP
,12,14,Caesar,PERSON
,12,15,a penny,MONEY
,12,16,Caesar,PERSON
,12,17,Jesus,PERSON
,12,17,Caesar,PERSON
,12,17,Caesar,PERSON
,12,18,Sadducees,ORG
,12,19,Moses,PERSON
,12,20,seven,CARDINAL
,12,20,first,ORDINAL
,12,21,second,ORDINAL
,12,21,third,ORDINAL
,12,22,seven,CARDINAL
,12,23,seven,CARDINAL
,12,24,Jesus,PERSON
,12,26,Moses,PERSON
,12,26,Abraham,PERSON
,12,26,Isaac,PERSON
,12,26,Jacob,PERSON
,12,28,one,CARDINAL
,12,28,first,ORDINAL
,12,29,Jesus,PERSON
,12,29,first,ORDINAL
,12,29,Israel,GPE
,12,30,first,ORDINAL
,12,31,second,ORDINAL
,12,34,Jesus,PERSON
,12,35,Jesus,PERSON
,12,35,Christ,GPE
,12,35,David,PERSON
,12,36,David,PERSON
,12,36,the Holy Ghost,WORK_OF_ART
,12,36,on,PERSON
,12,37,David,PERSON
,12,41,Jesus,PERSON
,12,42,two,CARDINAL
,13,1,one,CARDINAL
,13,2,Jesus,PERSON
,13,2,Seest,ORG
,13,2,one,CARDINAL
,13,3,Peter,PERSON
,13,3,James,PERSON
,13,3,John,PERSON
,13,3,Andrew,PERSON
,13,5,Jesus,PERSON
,13,11,that hour,TIME
,13,11,the Holy Ghost,WORK_OF_ART
,13,12,death,PERSON
,13,12,put,PERSON
,13,12,death,PERSON
,13,14,Daniel the prophet,PERSON
,13,14,Judaea,ORG
,13,15,on,PERSON
,13,17,those days,DATE
,13,18,the winter,DATE
,13,19,those days,DATE
,13,20,those days,DATE
,13,20,the days,DATE
,13,21,Lo,PERSON
,13,21,Christ,GPE
,13,22,Christs,ORG
,13,24,those days,DATE
,13,27,four,CARDINAL
,13,29,So,PERSON
,13,32,that day,DATE
,13,32,that hour,TIME
,13,32,Son,PERSON
,13,35,midnight,TIME
,14,1,two days,DATE
,14,1,put,PERSON
,14,1,death,PERSON
,14,2,on,PERSON
,14,2,the feast day,DATE
,14,3,Bethany,LOC
,14,3,Simon,PERSON
,14,3,on,PERSON
,14,5,more than three hundred pence,CARDINAL
,14,6,Jesus,PERSON
,14,6,on,PERSON
,14,10,Judas Iscariot,PERSON
,14,10,one,CARDINAL
,14,10,twelve,CARDINAL
,14,12,the first day,DATE
,14,13,two,CARDINAL
,14,14,goodman,ORG
,14,14,"The Master saith, Where",WORK_OF_ART
,14,17,twelve,CARDINAL
,14,18,Jesus,PERSON
,14,18,One,CARDINAL
,14,19,one,CARDINAL
,14,20,one,CARDINAL
,14,20,twelve,CARDINAL
,14,22,Jesus,PERSON
,14,25,that day,DATE
,14,27,Jesus,PERSON
,14,27,this night,TIME
,14,28,Galilee,GPE
,14,29,Peter,PERSON
,14,29,I.,PRODUCT
,14,30,Jesus,PERSON
,14,30,this day,DATE
,14,30,this night,TIME
,14,32,Gethsemane,PERSON
,14,33,Peter,PERSON
,14,33,James,PERSON
,14,33,John,PERSON
,14,34,death,PERSON
,14,35,on,PERSON
,14,35,the hour,TIME
,14,36,Abba,PERSON
,14,37,Peter,PERSON
,14,37,Simon,PERSON
,14,37,couldest,PERSON
,14,37,one hour,TIME
,14,41,third,ORDINAL
,14,41,on,PERSON
,14,41,the hour,TIME
,14,41,Son,PERSON
,14,43,Judas,PERSON
,14,43,one,CARDINAL
,14,43,twelve,CARDINAL
,14,46,on,PERSON
,14,47,one,CARDINAL
,14,48,Jesus,PERSON
,14,49,daily,DATE
,14,51,on,PERSON
,14,53,Jesus,PERSON
,14,54,Peter,PERSON
,14,55,Jesus,PERSON
,14,55,put,PERSON
,14,55,death,PERSON
,14,58,three days,DATE
,14,59,so,PERSON
,14,60,Jesus,PERSON
,14,60,Answerest,ORG
,14,61,Blessed,PERSON
,14,62,Jesus,PERSON
,14,62,on,PERSON
,14,64,Ye,PERSON
,14,64,death,PERSON
,14,65,on,PERSON
,14,66,Peter,PERSON
,14,67,Peter,PERSON
,14,67,Jesus,PERSON
,14,67,Nazareth,PERSON
,14,69,one,CARDINAL
,14,70,Peter,PERSON
,14,70,one,CARDINAL
,14,70,Galilaean,ORG
,14,72,second,ORDINAL
,14,72,Peter,PERSON
,14,72,Jesus,PERSON
,15,1,Jesus,PERSON
,15,1,Pilate,PERSON
,15,2,Pilate,PERSON
,15,2,the King of the Jews,PERSON
,15,4,Pilate,PERSON
,15,4,Answerest,ORG
,15,5,Jesus,PERSON
,15,5,so,PERSON
,15,5,Pilate,PERSON
,15,6,one,CARDINAL
,15,7,Barabbas,PERSON
,15,9,Pilate,PERSON
,15,9,the King of the,PERSON
,15,9,Jews,NORP
,15,11,Barabbas,PERSON
,15,12,Pilate,PERSON
,15,12,the King of the,PERSON
,15,12,Jews,NORP
,15,14,Pilate,PERSON
,15,15,so,PERSON
,15,15,Pilate,PERSON
,15,15,Barabbas,PERSON
,15,15,Jesus,PERSON
,15,16,Praetorium,ORG
,15,17,put,PERSON
,15,18,"Hail, King",PERSON
,15,18,Jews,NORP
,15,19,on,PERSON
,15,20,put,PERSON
,15,20,on,PERSON
,15,21,Simon,PERSON
,15,21,Cyrenian,NORP
,15,21,Alexander,PERSON
,15,21,Rufus,PERSON
,15,22,Golgotha,PERSON
,15,25,the third hour,TIME
,15,26,JEWS,NORP
,15,27,two,CARDINAL
,15,27,on,PERSON
,15,27,on,PERSON
,15,29,on,PERSON
,15,29,three days,DATE
,15,32,Israel,GPE
,15,33,the sixth hour,TIME
,15,33,the ninth hour,TIME
,15,34,ninth,ORDINAL
,15,34,Jesus,PERSON
,15,34,Eloi,PERSON
,15,34,Eloi,PERSON
,15,35,Behold,PERSON
,15,35,Elias,PERSON
,15,36,put,PERSON
,15,36,on,PERSON
,15,36,Elias,PERSON
,15,37,Jesus,PERSON
,15,39,so,PERSON
,15,40,on,PERSON
,15,40,Mary Magdalene,PERSON
,15,40,Mary,PERSON
,15,40,James,PERSON
,15,40,Joses,PERSON
,15,40,Salome,PERSON
,15,41,Galilee,GPE
,15,41,Jerusalem,GPE
,15,42,the day,DATE
,15,43,Joseph,PERSON
,15,43,Arimathaea,GPE
,15,43,Pilate,PERSON
,15,43,Jesus,PERSON
,15,44,Pilate,PERSON
,15,45,Joseph,PERSON
,15,47,Mary Magdalene,PERSON
,15,47,Mary,PERSON
,15,47,Joses,PERSON
,16,1,Mary Magdalene,PERSON
,16,1,Mary,PERSON
,16,1,James,PERSON
,16,1,Salome,PERSON
,16,2,early in the morning,TIME
,16,2,the first day of the week,DATE
,16,5,on,PERSON
,16,6,Jesus,PERSON
,16,6,Nazareth,ORG
,16,7,Peter,PERSON
,16,7,Galilee,PERSON
,16,9,Jesus,PERSON
,16,9,early the first day of the week,DATE
,16,9,first,ORDINAL
,16,9,Mary Magdalene,PERSON
,16,9,seven,CARDINAL
,16,12,two,CARDINAL
,16,14,eleven,CARDINAL
,16,18,on,PERSON
,16,19,So,PERSON
,16,19,on,PERSON
,1,1,Forasmuch,ORG
,1,3,first,ORDINAL
,1,3,Theophilus,PERSON
,1,5,the days,DATE
,1,5,Herod,PERSON
,1,5,Judaea,ORG
,1,5,Zacharias,PERSON
,1,5,Abia,ORG
,1,5,Aaron,PERSON
,1,5,Elisabeth,PERSON
,1,7,Elisabeth,PERSON
,1,7,years,DATE
,1,9,lot,PERSON
,1,11,on,PERSON
,1,12,Zacharias,PERSON
,1,13,Zacharias,PERSON
,1,13,Elisabeth,PERSON
,1,13,John,PERSON
,1,15,the Holy Ghost,FAC
,1,16,Israel,GPE
,1,17,Elias,PERSON
,1,18,Zacharias,PERSON
,1,18,years,DATE
,1,19,Gabriel,PERSON
,1,20,the day,DATE
,1,20,their season,DATE
,1,21,Zacharias,PERSON
,1,21,so,PERSON
,1,23,the days,DATE
,1,24,Elisabeth,PERSON
,1,24,five months,DATE
,1,25,the days,DATE
,1,25,on,PERSON
,1,26,the sixth month,DATE
,1,26,Gabriel,PERSON
,1,26,Galilee,GPE
,1,26,Nazareth,PERSON
,1,27,Joseph,PERSON
,1,27,David,PERSON
,1,27,Mary,PERSON
,1,28,Hail,PERSON
,1,30,Mary,PERSON
,1,31,JESUS,PERSON
,1,32,David,PERSON
,1,33,Jacob,PERSON
,1,34,Mary,PERSON
,1,35,The Holy Ghost,WORK_OF_ART
,1,36,Elisabeth,PERSON
,1,36,the sixth month,DATE
,1,38,Mary,PERSON
,1,39,Mary,PERSON
,1,39,those days,DATE
,1,39,Juda,ORG
,1,40,Zacharias,PERSON
,1,40,Elisabeth,PERSON
,1,41,Elisabeth,PERSON
,1,41,Mary,PERSON
,1,41,Elisabeth,PERSON
,1,41,the Holy Ghost:,WORK_OF_ART
,1,42,Blessed,PERSON
,1,46,Mary,PERSON
,1,50,on,PERSON
,1,52,put,PERSON
,1,54,Israel,GPE
,1,55,Abraham,PERSON
,1,56,Mary,PERSON
,1,56,about three months,DATE
,1,57,Elisabeth,PERSON
,1,59,on,PERSON
,1,59,the eighth day,DATE
,1,59,Zacharias,PERSON
,1,60,so,PERSON
,1,60,John,PERSON
,1,63,John,PERSON
,1,65,on,PERSON
,1,65,Judaea,ORG
,1,67,Zacharias,PERSON
,1,67,the Holy Ghost,FAC
,1,68,Israel,GPE
,1,69,David,PERSON
,1,73,Abraham,PERSON
,1,78,on,PERSON
,1,79,death,PERSON
,1,80,the day,DATE
,1,80,Israel,GPE
,2,1,those days,DATE
,2,1,Caesar Augustus,PERSON
,2,2,first,ORDINAL
,2,2,Cyrenius,PERSON
,2,2,Syria,GPE
,2,4,Joseph,PERSON
,2,4,Galilee,GPE
,2,4,Nazareth,GPE
,2,4,Judaea,ORG
,2,4,David,PERSON
,2,4,Bethlehem,ORG
,2,4,David,PERSON
,2,5,Mary,PERSON
,2,6,so,PERSON
,2,6,the days,DATE
,2,7,inn,GPE
,2,8,night,TIME
,2,11,this day,DATE
,2,11,David a Saviour,PERSON
,2,14,on,PERSON
,2,15,one,CARDINAL
,2,15,Bethlehem,ORG
,2,16,Mary,PERSON
,2,16,Joseph,PERSON
,2,19,Mary,PERSON
,2,21,eight days,DATE
,2,21,JESUS,PERSON
,2,21,so,PERSON
,2,22,the days,DATE
,2,22,Moses,PERSON
,2,22,Jerusalem,GPE
,2,24,two,CARDINAL
,2,25,Jerusalem,GPE
,2,25,Simeon,PERSON
,2,25,Israel,GPE
,2,25,the Holy Ghost,FAC
,2,26,the Holy Ghost,WORK_OF_ART
,2,26,death,PERSON
,2,27,Spirit,ORG
,2,27,Jesus,PERSON
,2,32,Gentiles,ORG
,2,32,Israel,GPE
,2,33,Joseph,PERSON
,2,34,Simeon,PERSON
,2,34,Mary,PERSON
,2,34,Behold,PERSON
,2,34,Israel,GPE
,2,36,Anna,PERSON
,2,36,daughter,PERSON
,2,36,Phanuel,PERSON
,2,36,Aser,PERSON
,2,36,seven years,DATE
,2,37,about fourscore and,CARDINAL
,2,38,Jerusalem,GPE
,2,39,Galilee,GPE
,2,39,Nazareth,ORG
,2,41,Jerusalem,GPE
,2,41,every year,DATE
,2,42,twelve years old,DATE
,2,42,Jerusalem,GPE
,2,43,the days,DATE
,2,43,Jesus,PERSON
,2,43,Jerusalem,GPE
,2,43,Joseph,PERSON
,2,44,day,DATE
,2,45,Jerusalem,GPE
,2,46,three days,DATE
,2,48,Son,PERSON
,2,49,wist,PERSON
,2,51,Nazareth,PERSON
,2,52,Jesus,PERSON
,3,1,the fifteenth year,DATE
,3,1,Tiberius Caesar,PERSON
,3,1,Pontius Pilate,PERSON
,3,1,Judaea,ORG
,3,1,Herod,PERSON
,3,1,Galilee,GPE
,3,1,Philip,PERSON
,3,1,Ituraea,GPE
,3,1,Trachonitis,PERSON
,3,1,Lysanias,PERSON
,3,1,Abilene,GPE
,3,2,Annas,PERSON
,3,2,Caiaphas,PERSON
,3,2,John,PERSON
,3,2,Zacharias,PERSON
,3,3,Jordan,GPE
,3,4,Esaias,PERSON
,3,4,one,CARDINAL
,3,8,Abraham,PERSON
,3,8,Abraham,PERSON
,3,11,two,CARDINAL
,3,15,John,PERSON
,3,15,Christ,ORG
,3,16,John,PERSON
,3,16,one,CARDINAL
,3,16,the Holy Ghost,WORK_OF_ART
,3,19,Herod,PERSON
,3,19,Herodias,PERSON
,3,19,Philip,PERSON
,3,19,Herod,PERSON
,3,20,John,PERSON
,3,21,Jesus,PERSON
,3,22,the Holy Ghost,WORK_OF_ART
,3,22,Son,PERSON
,3,23,Jesus,PERSON
,3,23,about thirty years of age,DATE
,3,23,Joseph,PERSON
,3,23,Heli,GPE
,3,24,Matthat,PERSON
,3,24,Levi,PERSON
,3,24,Melchi,PERSON
,3,24,Janna,PERSON
,3,24,Joseph,PERSON
,3,25,Mattathias,PERSON
,3,25,Amos,PERSON
,3,25,Naum,ORG
,3,25,Esli,ORG
,3,25,Nagge,GPE
,3,26,Maath,ORG
,3,26,Mattathias,PERSON
,3,26,Semei,GPE
,3,26,Joseph,PERSON
,3,26,Juda,PERSON
,3,27,Joanna,PERSON
,3,27,Rhesa,ORG
,3,27,Zorobabel,GPE
,3,27,Salathiel,ORG
,3,27,Neri,PERSON
,3,28,Melchi,PERSON
,3,28,Addi,ORG
,3,28,Cosam,ORG
,3,28,Elmodam,ORG
,3,28,Er,PERSON
,3,29,Jose,PERSON
,3,29,Eliezer,PERSON
,3,29,Jorim,PERSON
,3,29,Matthat,PERSON
,3,29,Levi,PERSON
,3,30,Simeon,PERSON
,3,30,Juda,PERSON
,3,30,Joseph,PERSON
,3,30,Jonan,PERSON
,3,30,Eliakim,PERSON
,3,31,Melea,PERSON
,3,31,Menan,PERSON
,3,31,Mattatha,PERSON
,3,31,Nathan,ORG
,3,31,David,PERSON
,3,32,Jesse,PERSON
,3,32,Obed,PERSON
,3,32,Booz,ORG
,3,32,Salmon,ORG
,3,32,Naasson,PERSON
,3,33,Aminadab,ORG
,3,33,Aram,PERSON
,3,33,Phares,ORG
,3,33,Juda,PERSON
,3,34,Jacob,PERSON
,3,34,Isaac,PERSON
,3,34,Abraham,PERSON
,3,34,Thara,PERSON
,3,34,Nachor,LOC
,3,35,Saruch,PERSON
,3,35,Ragau,PERSON
,3,35,Phalec,GPE
,3,35,Heber,GPE
,3,35,Sala,GPE
,3,36,Cainan,PERSON
,3,36,Arphaxad,ORG
,3,36,Sem,GPE
,3,36,Noe,PERSON
,3,36,Lamech,ORG
,3,37,Mathusala,GPE
,3,37,Enoch,PERSON
,3,37,Jared,PERSON
,3,37,Maleleel,ORG
,3,37,Cainan,PERSON
,3,38,Enos,PERSON
,3,38,Seth,PERSON
,3,38,Adam,PERSON
,4,1,Jesus,PERSON
,4,1,the Holy Ghost,WORK_OF_ART
,4,1,Jordan,GPE
,4,1,Spirit,ORG
,4,2,forty days,DATE
,4,2,those days,DATE
,4,4,Jesus,PERSON
,4,8,Jesus,PERSON
,4,8,Satan,PERSON
,4,9,Jerusalem,GPE
,4,9,on,PERSON
,4,12,Jesus,PERSON
,4,14,Jesus,PERSON
,4,14,Spirit,ORG
,4,16,Nazareth,GPE
,4,16,on,PERSON
,4,17,Esaias,PERSON
,4,20,on,PERSON
,4,21,This day,DATE
,4,22,Joseph,PERSON
,4,23,Ye,PERSON
,4,23,Capernaum,ORG
,4,25,Israel,GPE
,4,25,the days,DATE
,4,25,Elias,PERSON
,4,25,three years and six months,DATE
,4,26,Elias,PERSON
,4,26,Sarepta,PERSON
,4,26,Sidon,GPE
,4,27,Israel,GPE
,4,27,Eliseus,PERSON
,4,27,Naaman,ORG
,4,27,Syrian,NORP
,4,31,Capernaum,ORG
,4,31,Galilee,GPE
,4,31,on,PERSON
,4,31,the sabbath days,DATE
,4,34,Jesus,PERSON
,4,34,Nazareth,PERSON
,4,35,Jesus,PERSON
,4,38,Simon,PERSON
,4,38,Simon,PERSON
,4,40,on,PERSON
,4,44,Galilee,GPE
,5,1,Gennesaret,PERSON
,5,2,two,CARDINAL
,5,3,Simon,PERSON
,5,4,Simon,PERSON
,5,5,Simon,PERSON
,5,7,so,PERSON
,5,8,Simon Peter,PERSON
,5,8,Jesus,PERSON
,5,8,Depart,PERSON
,5,10,so,PERSON
,5,10,James,PERSON
,5,10,John,PERSON
,5,10,Zebedee,PERSON
,5,10,Simon,PERSON
,5,10,Jesus,PERSON
,5,10,Simon,PERSON
,5,12,Jesus,PERSON
,5,12,on,PERSON
,5,13,put,PERSON
,5,14,Moses,PERSON
,5,15,so,PERSON
,5,17,on,PERSON
,5,17,a certain day,DATE
,5,17,Galilee,GPE
,5,17,Judaea,ORG
,5,17,Jerusalem,GPE
,5,19,Jesus,PERSON
,5,22,Jesus,PERSON
,5,24,Son,PERSON
,5,24,thine house,ORG
,5,27,Levi,PERSON
,5,29,Levi,PERSON
,5,31,Jesus,PERSON
,5,33,John,PERSON
,5,35,the days,DATE
,5,35,those days,DATE
,5,38,put,PERSON
,6,1,on,PERSON
,6,1,second,ORDINAL
,6,1,first,ORDINAL
,6,2,on,PERSON
,6,2,the sabbath days,DATE
,6,3,Jesus,PERSON
,6,3,so,PERSON
,6,3,David,PERSON
,6,6,on,PERSON
,6,7,on,PERSON
,6,7,the sabbath day,DATE
,6,9,Jesus,PERSON
,6,9,one,CARDINAL
,6,9,on,PERSON
,6,9,the sabbath days,DATE
,6,10,so,PERSON
,6,11,Jesus,PERSON
,6,12,those days,DATE
,6,12,all night,TIME
,6,13,twelve,CARDINAL
,6,14,Simon,PERSON
,6,14,Peter,PERSON
,6,14,Andrew,PERSON
,6,14,James,PERSON
,6,14,John,PERSON
,6,14,Philip,PERSON
,6,14,Bartholomew,PERSON
,6,15,Matthew,PERSON
,6,15,Thomas,PERSON
,6,15,James,PERSON
,6,15,Alphaeus,ORG
,6,15,Simon,PERSON
,6,15,Zelotes,GPE
,6,16,Judas,PERSON
,6,16,James,PERSON
,6,16,Judas Iscariot,PERSON
,6,17,Judaea,ORG
,6,17,Jerusalem,GPE
,6,17,the sea coast,LOC
,6,17,Tyre,GPE
,6,17,Sidon,GPE
,6,20,on,PERSON
,6,20,Blessed,PERSON
,6,22,Son,PERSON
,6,26,so,PERSON
,6,27,Love,WORK_OF_ART
,6,29,on,PERSON
,6,29,one,CARDINAL
,6,42,first,ORDINAL
,6,48,on,PERSON
,7,1,Capernaum,ORG
,7,3,Jesus,PERSON
,7,3,Jews,NORP
,7,4,Jesus,PERSON
,7,6,Jesus,PERSON
,7,8,one,CARDINAL
,7,9,Jesus,PERSON
,7,9,so,PERSON
,7,9,Israel,GPE
,7,11,the day,DATE
,7,11,Nain,GPE
,7,13,on,PERSON
,7,13,Weep,PERSON
,7,14,Young,PERSON
,7,16,on,PERSON
,7,17,Judaea,ORG
,7,18,John,PERSON
,7,19,John,PERSON
,7,19,two,CARDINAL
,7,19,Jesus,PERSON
,7,20,John Baptist,PERSON
,7,21,that same hour,TIME
,7,22,Jesus,PERSON
,7,22,John,PERSON
,7,24,John,PERSON
,7,24,John,PERSON
,7,27,Behold,PERSON
,7,28,John,PERSON
,7,28,Baptist,NORP
,7,29,John,PERSON
,7,31,Whereunto,PERSON
,7,33,John,PERSON
,7,33,Baptist,GPE
,7,36,one,CARDINAL
,7,36,Pharisee,NORP
,7,37,Jesus,PERSON
,7,37,Pharisee,NORP
,7,39,Pharisee,NORP
,7,40,Jesus,PERSON
,7,40,Simon,PERSON
,7,40,on,PERSON
,7,41,two,CARDINAL
,7,41,one,CARDINAL
,7,41,five hundred pence,MONEY
,7,41,fifty,CARDINAL
,7,43,Simon,PERSON
,7,44,Simon,PERSON
,7,44,Seest,ORG
,7,44,thine house,ORG
,8,1,twelve,CARDINAL
,8,2,Mary,PERSON
,8,2,Magdalene,PERSON
,8,2,seven,CARDINAL
,8,3,Joanna,PERSON
,8,3,Chuza Herod's,PERSON
,8,3,Susanna,PERSON
,8,8,on,PERSON
,8,13,on,PERSON
,8,15,on,PERSON
,8,16,on,PERSON
,8,22,on,PERSON
,8,22,a certain day,DATE
,8,23,on,PERSON
,8,26,Gadarenes,ORG
,8,26,Galilee,GPE
,8,28,Jesus,PERSON
,8,28,Jesus,PERSON
,8,28,Son,PERSON
,8,30,Jesus,PERSON
,8,30,Legion:,ORG
,8,32,on,PERSON
,8,34,fed,ORG
,8,35,Jesus,PERSON
,8,35,Jesus,PERSON
,8,37,Gadarenes,ORG
,8,38,Jesus,PERSON
,8,39,Jesus,PERSON
,8,40,Jesus,PERSON
,8,41,Jairus,PERSON
,8,41,Jesus,PERSON
,8,42,one,CARDINAL
,8,42,daughter,PERSON
,8,42,about twelve years of age,DATE
,8,43,twelve years,DATE
,8,45,Jesus,PERSON
,8,45,Peter,PERSON
,8,46,Jesus,PERSON
,8,48,Daughter,PERSON
,8,49,daughter,PERSON
,8,50,Jesus,PERSON
,8,51,Peter,PERSON
,8,51,James,PERSON
,8,51,John,PERSON
,8,52,Weep,PERSON
,8,54,put,PERSON
,8,54,Maid,PERSON
,9,1,twelve,CARDINAL
,9,3,two,CARDINAL
,9,7,Herod,PERSON
,9,7,John,PERSON
,9,8,Elias,PERSON
,9,9,Herod,PERSON
,9,9,John,PERSON
,9,10,Bethsaida,ORG
,9,12,the day,DATE
,9,12,twelve,CARDINAL
,9,13,five,CARDINAL
,9,13,two,CARDINAL
,9,14,about five thousand,CARDINAL
,9,14,fifties,DATE
,9,15,so,PERSON
,9,16,five,CARDINAL
,9,16,two,CARDINAL
,9,17,twelve,CARDINAL
,9,19,John,PERSON
,9,19,Baptist,GPE
,9,19,Elias,PERSON
,9,19,one,CARDINAL
,9,20,Peter,PERSON
,9,20,The Christ of God,ORG
,9,22,the third day,DATE
,9,23,daily,DATE
,9,27,death,PERSON
,9,28,about an eight days,DATE
,9,28,Peter,PERSON
,9,28,John,PERSON
,9,28,James,PERSON
,9,30,two,CARDINAL
,9,30,Moses,PERSON
,9,30,Elias,PERSON
,9,31,Jerusalem,GPE
,9,32,Peter,PERSON
,9,32,two,CARDINAL
,9,33,Peter,PERSON
,9,33,Jesus,PERSON
,9,33,three,CARDINAL
,9,33,one,CARDINAL
,9,33,Moses,PERSON
,9,33,Elias,PERSON
,9,35,Son,PERSON
,9,36,Jesus,PERSON
,9,36,those days,DATE
,9,37,on,PERSON
,9,37,the next day,DATE
,9,41,Jesus,PERSON
,9,42,Jesus,PERSON
,9,43,Jesus,PERSON
,9,44,Son,PERSON
,9,47,Jesus,PERSON
,9,49,John,PERSON
,9,49,one,CARDINAL
,9,50,Jesus,PERSON
,9,51,Jerusalem,GPE
,9,53,Jerusalem,GPE
,9,54,James,PERSON
,9,54,John,PERSON
,9,54,Elias,PERSON
,9,55,Ye,PERSON
,9,58,Jesus,PERSON
,9,58,Son,PERSON
,9,59,first,ORDINAL
,9,60,Jesus,PERSON
,9,61,first,ORDINAL
,9,62,Jesus,PERSON
,9,62,put,PERSON
,10,1,two,CARDINAL
,10,1,two,CARDINAL
,10,5,first,ORDINAL
,10,11,on,PERSON
,10,12,that day,DATE
,10,12,Sodom,GPE
,10,13,Chorazin,PERSON
,10,13,Bethsaida,PERSON
,10,13,Tyre,GPE
,10,13,Sidon,GPE
,10,14,Tyre,PERSON
,10,14,Sidon,GPE
,10,15,Capernaum,PERSON
,10,18,Satan,PERSON
,10,19,on,PERSON
,10,21,that hour,TIME
,10,21,Jesus,PERSON
,10,21,so,PERSON
,10,21,so,PERSON
,10,22,Son,PERSON
,10,22,Son,PERSON
,10,23,Blessed,PERSON
,10,29,Jesus,PERSON
,10,30,Jesus,PERSON
,10,30,Jerusalem,GPE
,10,30,Jericho,GPE
,10,30,half,CARDINAL
,10,31,on,PERSON
,10,32,Levite,ORG
,10,32,on,PERSON
,10,32,on,PERSON
,10,33,Samaritan,GPE
,10,33,on,PERSON
,10,34,on,PERSON
,10,35,on,PERSON
,10,35,two pence,MONEY
,10,36,three,CARDINAL
,10,37,on,PERSON
,10,37,Jesus,PERSON
,10,38,Martha,PERSON
,10,39,Mary,PERSON
,10,39,Jesus,PERSON
,10,40,Martha,PERSON
,10,41,Jesus,PERSON
,10,41,Martha,PERSON
,10,41,Martha,PERSON
,10,42,one,CARDINAL
,10,42,Mary,PERSON
,11,1,one,CARDINAL
,11,1,John,PERSON
,11,2,Hallowed,PERSON
,11,2,so,PERSON
,11,3,day,DATE
,11,3,daily,DATE
,11,5,midnight,TIME
,11,5,Friend,PERSON
,11,5,three,CARDINAL
,11,15,Beelzebub,PERSON
,11,18,Satan,PERSON
,11,18,Beelzebub,PERSON
,11,19,Beelzebub,PERSON
,11,26,seven,CARDINAL
,11,26,first,ORDINAL
,11,27,Blessed,PERSON
,11,28,Yea,PERSON
,11,29,Jonas,PERSON
,11,30,Jonas,PERSON
,11,30,Ninevites,GPE
,11,30,so,PERSON
,11,30,Son,PERSON
,11,31,Solomon,PERSON
,11,31,Solomon,PERSON
,11,32,Nineve,LOC
,11,32,Jonas,PERSON
,11,32,Jonas,PERSON
,11,33,on,PERSON
,11,38,first,ORDINAL
,11,45,one,CARDINAL
,11,46,one,CARDINAL
,11,51,Abel,PERSON
,11,51,Zacharias,PERSON
,12,1,first,ORDINAL
,12,6,five,CARDINAL
,12,6,two,CARDINAL
,12,10,Son,PERSON
,12,10,the Holy Ghost,FAC
,12,12,the Holy Ghost,WORK_OF_ART
,12,12,the same hour,TIME
,12,13,one,CARDINAL
,12,19,many years,DATE
,12,20,this night,TIME
,12,21,So,PERSON
,12,22,put,PERSON
,12,22,on,PERSON
,12,27,Solomon,PERSON
,12,28,so,PERSON
,12,38,second,ORDINAL
,12,38,third,ORDINAL
,12,38,so,PERSON
,12,39,goodman,ORG
,12,40,Son,PERSON
,12,40,an hour,TIME
,12,41,Peter,PERSON
,12,42,season,DATE
,12,43,Blessed,PERSON
,12,43,so,PERSON
,12,46,a day,DATE
,12,46,an hour,TIME
,12,49,on,PERSON
,12,51,on,PERSON
,12,51,Nay,PERSON
,12,52,five,CARDINAL
,12,52,one,CARDINAL
,12,52,three,CARDINAL
,12,52,two,CARDINAL
,12,52,two,CARDINAL
,12,52,three,CARDINAL
,12,53,daughter,PERSON
,12,53,daughter,PERSON
,12,53,daughter,PERSON
,12,53,daughter,PERSON
,12,54,so,PERSON
,13,1,Galilaeans,ORG
,13,1,Pilate,PERSON
,13,2,Jesus,PERSON
,13,2,Galilaeans,NORP
,13,2,Galilaeans,ORG
,13,4,eighteen,CARDINAL
,13,4,Siloam,GPE
,13,4,Jerusalem,GPE
,13,7,Behold,PERSON
,13,7,on,PERSON
,13,8,this year,DATE
,13,10,on,PERSON
,13,11,eighteen years,DATE
,13,12,Jesus,PERSON
,13,13,on,PERSON
,13,14,Jesus,PERSON
,13,14,on,PERSON
,13,14,six days,DATE
,13,14,on,PERSON
,13,14,the sabbath day,DATE
,13,15,Thou,PERSON
,13,15,on,PERSON
,13,16,daughter,PERSON
,13,16,Abraham,PERSON
,13,16,Satan,PERSON
,13,16,these eighteen years,DATE
,13,16,on,PERSON
,13,16,the sabbath day,DATE
,13,20,Whereunto,PERSON
,13,21,three,CARDINAL
,13,22,Jerusalem,GPE
,13,23,one,CARDINAL
,13,24,the strait gate,FAC
,13,28,Abraham,PERSON
,13,28,Isaac,PERSON
,13,28,Jacob,PERSON
,13,30,first,ORDINAL
,13,30,first,ORDINAL
,13,31,The same day,DATE
,13,31,Herod,PERSON
,13,32,the third day,DATE
,13,33,the day,DATE
,13,33,Jerusalem,GPE
,13,34,O Jerusalem,GPE
,13,34,Jerusalem,GPE
,13,35,Ye,PERSON
,13,35,Blessed,PERSON
,14,1,one,CARDINAL
,14,1,on,PERSON
,14,1,the sabbath day,DATE
,14,3,Jesus,PERSON
,14,3,on,PERSON
,14,3,the sabbath day,DATE
,14,5,on,PERSON
,14,5,the sabbath day,DATE
,14,7,put,PERSON
,14,10,Friend,PERSON
,14,15,one,CARDINAL
,14,15,Blessed,PERSON
,14,18,one,CARDINAL
,14,18,first,ORDINAL
,14,19,five,CARDINAL
,14,21,So,PERSON
,14,28,first,ORDINAL
,14,31,first,ORDINAL
,14,31,ten thousand,CARDINAL
,14,31,twenty thousand,CARDINAL
,14,33,So,PERSON
,15,4,hundred,CARDINAL
,15,4,one,CARDINAL
,15,4,the ninety and nine,CARDINAL
,15,5,on,PERSON
,15,7,more than over ninety and nine,CARDINAL
,15,8,ten,CARDINAL
,15,8,one,CARDINAL
,15,11,two,CARDINAL
,15,20,on,PERSON
,15,22,put,PERSON
,15,22,on,PERSON
,15,22,put,PERSON
,15,22,on,PERSON
,15,22,on,PERSON
,15,29,Lo,PERSON
,15,31,Son,PERSON
,16,4,put,PERSON
,16,5,So,PERSON
,16,5,first,ORDINAL
,16,6,An hundred,CARDINAL
,16,6,fifty,CARDINAL
,16,7,An hundred,CARDINAL
,16,13,two,CARDINAL
,16,13,Ye,PERSON
,16,15,Ye,PERSON
,16,16,John,PERSON
,16,18,put,PERSON
,16,19,every day,DATE
,16,20,Lazarus,PERSON
,16,22,Abraham,PERSON
,16,23,seeth Abraham,PERSON
,16,23,Lazarus,PERSON
,16,24,Abraham,PERSON
,16,24,on,PERSON
,16,24,Lazarus,PERSON
,16,25,Abraham,PERSON
,16,25,Son,PERSON
,16,25,Lazarus,PERSON
,16,26,so,PERSON
,16,28,five,CARDINAL
,16,29,Abraham,PERSON
,16,29,Moses,PERSON
,16,30,Nay,PERSON
,16,30,Abraham,PERSON
,16,31,Moses,PERSON
,17,4,seven,CARDINAL
,17,4,a day,DATE
,17,4,seven,CARDINAL
,17,4,a day,DATE
,17,10,So,PERSON
,17,11,Jerusalem,GPE
,17,11,Samaria,GPE
,17,11,Galilee,GPE
,17,12,ten,CARDINAL
,17,13,Jesus,PERSON
,17,13,on,PERSON
,17,15,one,CARDINAL
,17,16,on,PERSON
,17,16,Samaritan,GPE
,17,17,Jesus,PERSON
,17,17,ten,CARDINAL
,17,17,nine,CARDINAL
,17,21,Lo,PERSON
,17,24,one,CARDINAL
,17,24,so,PERSON
,17,24,Son,PERSON
,17,24,his day,DATE
,17,25,first,ORDINAL
,17,26,the days,DATE
,17,26,Noe,PERSON
,17,26,so,PERSON
,17,26,the days,DATE
,17,27,the day,DATE
,17,27,Noe,PERSON
,17,27,ark,PERSON
,17,28,the days,DATE
,17,28,Lot,PERSON
,17,29,the same day,DATE
,17,29,Lot,PERSON
,17,29,Sodom,GPE
,17,30,the day,DATE
,17,31,that day,DATE
,17,32,Lot,PERSON
,17,34,two,CARDINAL
,17,34,one,CARDINAL
,17,34,one,CARDINAL
,17,35,Two,CARDINAL
,17,35,one,CARDINAL
,17,36,Two,CARDINAL
,17,36,one,CARDINAL
,18,8,on,PERSON
,18,10,Two,CARDINAL
,18,10,Pharisee,NORP
,18,11,Pharisee,NORP
,18,12,the week,DATE
,18,13,so,PERSON
,18,16,Jesus,PERSON
,18,19,Jesus,PERSON
,18,19,one,CARDINAL
,18,22,Jesus,PERSON
,18,22,one,CARDINAL
,18,24,Jesus,PERSON
,18,28,Peter,PERSON
,18,28,Lo,PERSON
,18,31,twelve,CARDINAL
,18,31,Behold,PERSON
,18,31,Jerusalem,GPE
,18,32,Gentiles,ORG
,18,32,on,PERSON
,18,33,put,PERSON
,18,33,death,PERSON
,18,33,the third day,DATE
,18,35,Jericho,GPE
,18,37,Jesus,PERSON
,18,37,Nazareth,PERSON
,18,38,Jesus,PERSON
,18,38,David,PERSON
,18,38,on,PERSON
,18,39,so,PERSON
,18,39,David,PERSON
,18,39,on,PERSON
,18,40,Jesus,PERSON
,18,42,Jesus,PERSON
,19,1,Jesus,PERSON
,19,1,Jericho,GPE
,19,2,Zacchaeus,PERSON
,19,3,Jesus,PERSON
,19,5,Jesus,PERSON
,19,5,Zacchaeus,PERSON
,19,8,Zacchaeus,PERSON
,19,8,half,CARDINAL
,19,9,Jesus,PERSON
,19,9,This day,DATE
,19,9,Abraham,PERSON
,19,11,Jerusalem,GPE
,19,13,ten,CARDINAL
,19,13,ten pounds,QUANTITY
,19,16,first,ORDINAL
,19,16,ten pounds,QUANTITY
,19,17,ten,CARDINAL
,19,18,second,ORDINAL
,19,18,five pounds,MONEY
,19,19,five,CARDINAL
,19,24,ten pounds,QUANTITY
,19,25,ten pounds,QUANTITY
,19,28,Jerusalem,GPE
,19,29,Bethphage,ORG
,19,29,Bethany,GPE
,19,29,two,CARDINAL
,19,35,Jesus,PERSON
,19,35,Jesus,PERSON
,19,38,Blessed,PERSON
,19,42,this thy day,DATE
,19,43,the days,DATE
,19,43,on,PERSON
,19,44,one,CARDINAL
,19,46,the house of prayer,ORG
,20,1,on,PERSON
,20,1,one,CARDINAL
,20,3,one,CARDINAL
,20,4,John,PERSON
,20,6,John,PERSON
,20,8,Jesus,PERSON
,20,12,third,ORDINAL
,20,15,So,PERSON
,20,18,on,PERSON
,20,19,the same hour,TIME
,20,19,on,PERSON
,20,20,so,PERSON
,20,22,Caesar,PERSON
,20,24,a penny,MONEY
,20,24,Caesar,PERSON
,20,25,Caesar,PERSON
,20,25,Caesar,PERSON
,20,27,Sadducees,ORG
,20,28,Moses,PERSON
,20,29,seven,CARDINAL
,20,29,first,ORDINAL
,20,30,second,ORDINAL
,20,31,third,ORDINAL
,20,31,seven,CARDINAL
,20,33,seven,CARDINAL
,20,34,Jesus,PERSON
,20,37,Moses,PERSON
,20,37,bush,PERSON
,20,37,Abraham,PERSON
,20,37,Isaac,PERSON
,20,37,Jacob,PERSON
,20,41,Christ,GPE
,20,41,David,PERSON
,20,42,David,PERSON
,20,42,Psalms,WORK_OF_ART
,20,42,on,PERSON
,20,44,David,PERSON
,21,2,two,CARDINAL
,21,6,the days,DATE
,21,6,one,CARDINAL
,21,9,first,ORDINAL
,21,12,on,PERSON
,21,16,put,PERSON
,21,16,death,PERSON
,21,20,Jerusalem,GPE
,21,21,Judaea,ORG
,21,22,the days,DATE
,21,24,Jerusalem,GPE
,21,24,Gentiles,ORG
,21,24,Gentiles,ORG
,21,26,Men's,ORG
,21,26,on,PERSON
,21,31,So,PERSON
,21,34,so,PERSON
,21,35,on,PERSON
,21,35,on,PERSON
,21,36,Son,PERSON
,21,38,early in the morning,TIME
,22,3,Satan,PERSON
,22,3,Judas,PERSON
,22,3,Iscariot,PERSON
,22,3,twelve,CARDINAL
,22,7,the day,DATE
,22,8,Peter,PERSON
,22,8,John,PERSON
,22,10,Behold,PERSON
,22,11,The Master saith unto thee,WORK_OF_ART
,22,14,the hour,TIME
,22,14,twelve,CARDINAL
,22,21,on,PERSON
,22,22,Son,PERSON
,22,25,Gentiles,ORG
,22,26,so,PERSON
,22,30,on,PERSON
,22,30,twelve,CARDINAL
,22,30,Israel,GPE
,22,31,Simon,PERSON
,22,31,Simon,PERSON
,22,31,Satan,PERSON
,22,33,death,PERSON
,22,34,Peter,PERSON
,22,34,this day,DATE
,22,38,two,CARDINAL
,22,47,Judas,PERSON
,22,47,one,CARDINAL
,22,47,twelve,CARDINAL
,22,47,Jesus,PERSON
,22,48,Jesus,PERSON
,22,48,Judas,PERSON
,22,48,Son,PERSON
,22,50,one,CARDINAL
,22,51,Jesus,PERSON
,22,52,Jesus,PERSON
,22,54,Peter,PERSON
,22,55,Peter,PERSON
,22,58,Peter,PERSON
,22,59,one hour,TIME
,22,59,Galilaean,ORG
,22,60,Peter,PERSON
,22,61,Peter,PERSON
,22,61,Peter,PERSON
,22,62,Peter,PERSON
,22,63,Jesus,PERSON
,22,64,on,PERSON
,22,69,Son,PERSON
,22,69,on,PERSON
,22,70,Ye,PERSON
,23,1,Pilate,PERSON
,23,2,Caesar,PERSON
,23,2,Christ a King,WORK_OF_ART
,23,3,Pilate,PERSON
,23,3,the King of the Jews,PERSON
,23,4,Pilate,PERSON
,23,5,Jewry,GPE
,23,5,Galilee,GPE
,23,6,Pilate,PERSON
,23,6,Galilee,GPE
,23,6,Galilaean,ORG
,23,7,Herod,PERSON
,23,7,Herod,PERSON
,23,7,Jerusalem,GPE
,23,8,Herod,PERSON
,23,8,Jesus,PERSON
,23,8,a long season,DATE
,23,11,Herod,PERSON
,23,11,Pilate,PERSON
,23,12,Pilate,PERSON
,23,12,Herod,PERSON
,23,13,Pilate,PERSON
,23,14,Ye,PERSON
,23,15,Herod,PERSON
,23,15,death,PERSON
,23,17,one,CARDINAL
,23,18,Barabbas,PERSON
,23,20,Pilate,PERSON
,23,20,Jesus,PERSON
,23,22,third,ORDINAL
,23,22,death,PERSON
,23,24,Pilate,PERSON
,23,25,Jesus,PERSON
,23,26,one,CARDINAL
,23,26,Simon,PERSON
,23,26,Cyrenian,NORP
,23,26,on,PERSON
,23,26,Jesus,PERSON
,23,28,Jesus,PERSON
,23,28,Jerusalem,GPE
,23,29,the days,DATE
,23,29,Blessed,PERSON
,23,30,on,PERSON
,23,32,two,CARDINAL
,23,32,put,PERSON
,23,32,death,PERSON
,23,33,Calvary,FAC
,23,33,one,CARDINAL
,23,33,on,PERSON
,23,33,on,PERSON
,23,34,Jesus,PERSON
,23,35,Christ,ORG
,23,37,Jews,NORP
,23,38,Greek,NORP
,23,38,Latin,LANGUAGE
,23,38,Hebrew,LANGUAGE
,23,38,JEWS,NORP
,23,39,one,CARDINAL
,23,39,on,PERSON
,23,39,Christ,GPE
,23,40,Dost,PERSON
,23,42,Jesus,PERSON
,23,43,Jesus,PERSON
,23,44,the sixth hour,TIME
,23,44,the ninth hour,TIME
,23,46,Jesus,PERSON
,23,49,Galilee,GPE
,23,50,Joseph,PERSON
,23,51,Arimathaea,GPE
,23,51,Jews,NORP
,23,52,Pilate,PERSON
,23,52,Jesus,PERSON
,23,54,that day,DATE
,23,54,on,PERSON
,23,55,Galilee,GPE
,24,1,the first day of the week,DATE
,24,3,Jesus,PERSON
,24,4,two,CARDINAL
,24,6,Galilee,GPE
,24,7,third,ORDINAL
,24,10,Mary Magdalene,PERSON
,24,10,Joanna,PERSON
,24,10,Mary,PERSON
,24,10,James,PERSON
,24,12,Peter,PERSON
,24,13,two,CARDINAL
,24,13,Emmaus,ORG
,24,13,Jerusalem,GPE
,24,13,about threescore furlongs,TIME
,24,15,Jesus,PERSON
,24,18,one,CARDINAL
,24,18,Cleopas,ORG
,24,18,Jerusalem,GPE
,24,18,these days,DATE
,24,19,Jesus,PERSON
,24,19,Nazareth,ORG
,24,20,death,PERSON
,24,21,Israel,GPE
,24,21,the third day,DATE
,24,24,so,PERSON
,24,27,Moses,PERSON
,24,29,evening,TIME
,24,29,the day,DATE
,24,32,one,CARDINAL
,24,33,the same hour,TIME
,24,33,Jerusalem,GPE
,24,33,eleven,CARDINAL
,24,34,Simon,PERSON
,24,36,Jesus,PERSON
,24,44,Moses,PERSON
,24,46,the third day,DATE
,24,47,Jerusalem,GPE
,24,49,Jerusalem,GPE
,24,49,on,PERSON
,24,50,Bethany,LOC
,24,52,Jerusalem,GPE
,1,6,John,PERSON
,1,8,Light,PRODUCT
,1,9,Light,PRODUCT
,1,12,on,PERSON
,1,15,John,PERSON
,1,17,Moses,PERSON
,1,17,Jesus Christ,PERSON
,1,18,Son,PERSON
,1,19,John,PERSON
,1,19,Jews,NORP
,1,19,Levites,ORG
,1,19,Jerusalem,GPE
,1,21,Elias,PERSON
,1,23,one,CARDINAL
,1,23,Esaias,PERSON
,1,25,Christ,ORG
,1,25,Elias,PERSON
,1,26,John,PERSON
,1,28,Bethabara,GPE
,1,28,Jordan,GPE
,1,28,John,PERSON
,1,29,The next day,DATE
,1,29,John seeth Jesus,PERSON
,1,31,Israel,GPE
,1,32,John,PERSON
,1,32,Spirit,ORG
,1,33,Spirit,ORG
,1,33,on,PERSON
,1,33,the Holy Ghost,FAC
,1,35,the next day,DATE
,1,35,John,PERSON
,1,35,two,CARDINAL
,1,36,Jesus,PERSON
,1,37,two,CARDINAL
,1,37,Jesus,PERSON
,1,38,Jesus,PERSON
,1,38,Rabbi,PERSON
,1,39,the tenth hour,TIME
,1,40,One,CARDINAL
,1,40,two,CARDINAL
,1,40,John,PERSON
,1,40,Andrew,PERSON
,1,40,Simon Peter's,PERSON
,1,41,first,ORDINAL
,1,41,Simon,PERSON
,1,41,Messias,PERSON
,1,42,Jesus,PERSON
,1,42,Jesus,PERSON
,1,42,Simon,PERSON
,1,42,Jona,PERSON
,1,42,Cephas,PERSON
,1,43,The day,DATE
,1,43,Jesus,PERSON
,1,43,Galilee,GPE
,1,43,Philip,PERSON
,1,44,Philip,PERSON
,1,44,Bethsaida,ORG
,1,44,Andrew,PERSON
,1,44,Peter,PERSON
,1,45,Philip findeth Nathanael,PERSON
,1,45,Moses,PERSON
,1,45,Jesus,PERSON
,1,45,Nazareth,PERSON
,1,45,Joseph,PERSON
,1,46,Nathanael,PERSON
,1,46,Nazareth,PERSON
,1,46,Philip,PERSON
,1,47,Jesus,PERSON
,1,47,Nathanael,PERSON
,1,47,Israelite,NORP
,1,48,Nathanael,PERSON
,1,48,Jesus,PERSON
,1,48,Philip,PERSON
,1,49,Nathanael,PERSON
,1,49,Rabbi,PERSON
,1,49,the King of Israel,PERSON
,1,50,Jesus,PERSON
,1,51,Verily,ORG
,1,51,Son,PERSON
,2,1,the third day,DATE
,2,1,Cana of Galilee,LOC
,2,1,Jesus,PERSON
,2,2,Jesus,PERSON
,2,3,Jesus,PERSON
,2,4,Jesus,PERSON
,2,6,six,CARDINAL
,2,6,Jews,NORP
,2,6,two,CARDINAL
,2,6,three,CARDINAL
,2,7,Jesus,PERSON
,2,11,Jesus,PERSON
,2,11,Cana of Galilee,LOC
,2,11,on,PERSON
,2,12,Capernaum,ORG
,2,13,Jews,NORP
,2,13,Jesus,PERSON
,2,13,Jerusalem,GPE
,2,17,thine house,ORG
,2,18,Jews,NORP
,2,19,Jesus,PERSON
,2,19,three days,DATE
,2,20,Jews,NORP
,2,20,Forty,DATE
,2,20,six years,DATE
,2,20,three days,DATE
,2,22,Jesus,PERSON
,2,23,Jerusalem,GPE
,2,23,the feast day,DATE
,2,24,Jesus,PERSON
,3,1,Nicodemus,PERSON
,3,1,Jews,NORP
,3,2,Jesus,PERSON
,3,2,night,TIME
,3,2,Rabbi,PERSON
,3,3,Jesus,PERSON
,3,3,Verily,ORG
,3,4,Nicodemus,PERSON
,3,4,second,ORDINAL
,3,5,Jesus,PERSON
,3,5,Verily,ORG
,3,5,Spirit,ORG
,3,6,Spirit,ORG
,3,7,Ye,PERSON
,3,8,so,PERSON
,3,8,Spirit,PRODUCT
,3,9,Nicodemus,PERSON
,3,10,Jesus,PERSON
,3,10,Israel,GPE
,3,14,Moses,PERSON
,3,14,so,PERSON
,3,16,so,PERSON
,3,16,Son,PERSON
,3,17,Son,PERSON
,3,18,on,PERSON
,3,22,Jesus,PERSON
,3,22,Judaea,ORG
,3,23,John,PERSON
,3,23,Aenon,GPE
,3,23,Salim,PERSON
,3,24,John,PERSON
,3,25,John,PERSON
,3,25,Jews,NORP
,3,26,John,PERSON
,3,26,Rabbi,PERSON
,3,26,Jordan,GPE
,3,27,John,PERSON
,3,34,Spirit,ORG
,3,36,on,PERSON
,3,36,Son,PERSON
,3,36,on,PERSON
,4,1,Jesus,PERSON
,4,1,John,PERSON
,4,2,Jesus,PERSON
,4,3,Judaea,ORG
,4,3,Galilee,GPE
,4,4,Samaria,GPE
,4,5,Samaria,GPE
,4,5,Sychar,ORG
,4,5,Jacob,PERSON
,4,5,Joseph,PERSON
,4,6,Jacob,PERSON
,4,6,Jesus,PERSON
,4,6,on,PERSON
,4,6,the sixth hour,TIME
,4,7,Samaria,GPE
,4,7,Jesus,PERSON
,4,9,Samaria,GPE
,4,9,Jew,NORP
,4,9,Samaria,GPE
,4,9,Jews,NORP
,4,10,Jesus,PERSON
,4,12,Jacob,PERSON
,4,13,Jesus,PERSON
,4,16,Jesus,PERSON
,4,17,Jesus,PERSON
,4,17,Thou,PERSON
,4,18,five,CARDINAL
,4,20,Jerusalem,GPE
,4,21,Jesus,PERSON
,4,21,the hour,TIME
,4,21,Jerusalem,GPE
,4,22,Jews,NORP
,4,23,the hour,TIME
,4,25,Messias,PERSON
,4,26,Jesus,PERSON
,4,34,Jesus,PERSON
,4,35,four months,DATE
,4,35,on,PERSON
,4,37,One,CARDINAL
,4,39,on,PERSON
,4,40,So,PERSON
,4,40,two days,DATE
,4,43,two days,DATE
,4,43,Galilee,GPE
,4,44,Jesus,PERSON
,4,45,Galilee,GPE
,4,45,Galilaeans,ORG
,4,45,Jerusalem,GPE
,4,46,So,PERSON
,4,46,Jesus,PERSON
,4,46,Cana of Galilee,LOC
,4,46,Capernaum,ORG
,4,47,Jesus,PERSON
,4,47,Judaea,ORG
,4,47,Galilee,GPE
,4,47,death,PERSON
,4,48,Jesus,PERSON
,4,50,Jesus,PERSON
,4,50,Jesus,PERSON
,4,52,the hour,TIME
,4,52,Yesterday,DATE
,4,52,the seventh hour,TIME
,4,53,So,PERSON
,4,53,the same hour,TIME
,4,53,Jesus,PERSON
,4,54,second,ORDINAL
,4,54,Jesus,PERSON
,4,54,Judaea,ORG
,4,54,Galilee,GPE
,5,1,Jews,NORP
,5,1,Jesus,PERSON
,5,1,Jerusalem,GPE
,5,2,Jerusalem,GPE
,5,2,Hebrew,LANGUAGE
,5,2,Bethesda,GPE
,5,2,five,CARDINAL
,5,4,first,ORDINAL
,5,5,thirty and eight years,DATE
,5,6,Jesus,PERSON
,5,7,put,PERSON
,5,8,Jesus,PERSON
,5,8,Rise,ORG
,5,9,on,PERSON
,5,9,the same day,DATE
,5,10,Jews,NORP
,5,13,Jesus,PERSON
,5,14,Jesus,PERSON
,5,15,Jews,NORP
,5,15,Jesus,PERSON
,5,16,Jews,NORP
,5,16,Jesus,PERSON
,5,16,on,PERSON
,5,17,Jesus,PERSON
,5,18,Jews,NORP
,5,19,Jesus,PERSON
,5,19,Verily,ORG
,5,19,Son,PERSON
,5,20,Son,PERSON
,5,21,so,PERSON
,5,21,Son,PERSON
,5,23,Son,PERSON
,5,24,on,PERSON
,5,24,death,PERSON
,5,26,so,PERSON
,5,26,Son,PERSON
,5,27,Son,PERSON
,5,28,the hour,TIME
,5,33,Ye,PERSON
,5,33,John,PERSON
,5,35,a season,DATE
,5,36,John,PERSON
,5,37,Ye,PERSON
,5,45,Moses,PERSON
,5,46,Moses,PERSON
,6,1,Jesus,PERSON
,6,1,Galilee,GPE
,6,1,Tiberias,GPE
,6,2,on,PERSON
,6,3,Jesus,PERSON
,6,4,Jews,NORP
,6,5,Jesus,PERSON
,6,5,Philip,PERSON
,6,7,Philip,PERSON
,6,7,Two hundred,CARDINAL
,6,8,One,CARDINAL
,6,8,Andrew,PERSON
,6,8,Simon Peter's,PERSON
,6,9,five,CARDINAL
,6,9,two,CARDINAL
,6,9,so,PERSON
,6,10,Jesus,PERSON
,6,10,So,PERSON
,6,10,about five thousand,CARDINAL
,6,11,Jesus,PERSON
,6,12,Gather,PERSON
,6,13,twelve,CARDINAL
,6,13,five,CARDINAL
,6,14,Jesus,PERSON
,6,15,Jesus,PERSON
,6,17,Capernaum,PRODUCT
,6,17,Jesus,PERSON
,6,19,So,PERSON
,6,19,about five and twenty,CARDINAL
,6,19,Jesus,PERSON
,6,19,on,PERSON
,6,22,The day,DATE
,6,22,on,PERSON
,6,22,one,CARDINAL
,6,22,Jesus,PERSON
,6,23,Tiberias,GPE
,6,24,Jesus,PERSON
,6,24,Capernaum,ORG
,6,24,Jesus,PERSON
,6,25,on,PERSON
,6,25,Rabbi,PERSON
,6,26,Jesus,PERSON
,6,26,Verily,ORG
,6,26,Ye,PERSON
,6,27,Son,PERSON
,6,29,Jesus,PERSON
,6,29,on,PERSON
,6,32,Jesus,PERSON
,6,32,Verily,ORG
,6,32,Moses,PERSON
,6,35,Jesus,PERSON
,6,35,on,PERSON
,6,39,the last day,DATE
,6,40,Son,PERSON
,6,40,on,PERSON
,6,40,the last day,DATE
,6,41,Jews,NORP
,6,42,Jesus,PERSON
,6,42,Joseph,PERSON
,6,43,Jesus,PERSON
,6,44,the last day,DATE
,6,47,on,PERSON
,6,52,Jews,NORP
,6,53,Jesus,PERSON
,6,53,Verily,ORG
,6,53,Son,PERSON
,6,54,the last day,DATE
,6,57,so,PERSON
,6,59,Capernaum,LOC
,6,61,Jesus,PERSON
,6,61,Doth,PERSON
,6,64,Jesus,PERSON
,6,67,Jesus,PERSON
,6,68,Simon Peter,PERSON
,6,70,Jesus,PERSON
,6,70,twelve,CARDINAL
,6,71,Judas Iscariot,PERSON
,6,71,Simon,PERSON
,6,71,one,CARDINAL
,6,71,twelve,CARDINAL
,7,1,Jesus,PERSON
,7,1,Galilee,GPE
,7,1,Jewry,GPE
,7,1,Jews,NORP
,7,2,Jews,NORP
,7,3,Depart,PERSON
,7,3,Judaea,ORG
,7,6,Jesus,PERSON
,7,9,Galilee,GPE
,7,11,Jews,NORP
,7,12,Nay,PERSON
,7,13,Jews,NORP
,7,14,Jesus,PERSON
,7,15,Jews,NORP
,7,16,Jesus,PERSON
,7,19,Moses,PERSON
,7,21,Jesus,PERSON
,7,22,Moses,PERSON
,7,22,Moses,PERSON
,7,22,on,PERSON
,7,23,on,PERSON
,7,23,Moses,PERSON
,7,23,on,PERSON
,7,25,Jerusalem,GPE
,7,28,Jesus,PERSON
,7,28,Ye,PERSON
,7,30,on,PERSON
,7,31,on,PERSON
,7,33,Jesus,PERSON
,7,35,Jews,NORP
,7,35,Gentiles,ORG
,7,35,Gentiles,PRODUCT
,7,36,Ye,PERSON
,7,37,the last day,DATE
,7,37,Jesus,PERSON
,7,38,on,PERSON
,7,39,Spirit,ORG
,7,39,on,PERSON
,7,39,the Holy Ghost,FAC
,7,39,Jesus,PERSON
,7,41,Galilee,GPE
,7,42,David,PERSON
,7,42,Bethlehem,GPE
,7,42,David,PERSON
,7,43,So,PERSON
,7,44,on,PERSON
,7,48,on,PERSON
,7,50,Nicodemus,PERSON
,7,50,Jesus,PERSON
,7,50,night,TIME
,7,50,one,CARDINAL
,7,52,Galilee,GPE
,7,52,Galilee,LOC
,8,1,Jesus,PERSON
,8,2,early in the morning,TIME
,8,5,Moses,PERSON
,8,6,Jesus,PERSON
,8,6,on,PERSON
,8,7,So,PERSON
,8,7,first,ORDINAL
,8,8,on,PERSON
,8,9,one,CARDINAL
,8,9,Jesus,PERSON
,8,10,Jesus,PERSON
,8,11,Jesus,PERSON
,8,12,Jesus,PERSON
,8,14,Jesus,PERSON
,8,15,Ye,PERSON
,8,17,two,CARDINAL
,8,19,Jesus,PERSON
,8,19,Ye,PERSON
,8,20,Jesus,PERSON
,8,20,on,PERSON
,8,20,his hour,TIME
,8,21,Jesus,PERSON
,8,22,Jews,NORP
,8,23,Ye,PERSON
,8,25,Jesus,PERSON
,8,28,Jesus,PERSON
,8,28,Son,PERSON
,8,30,on,PERSON
,8,31,Jesus,PERSON
,8,31,Jews,NORP
,8,31,on,PERSON
,8,33,Abraham,PERSON
,8,33,Ye,PERSON
,8,34,Jesus,PERSON
,8,34,Verily,ORG
,8,35,Son,PERSON
,8,36,Son,PERSON
,8,37,Abraham,PERSON
,8,39,Abraham,PERSON
,8,39,Jesus,PERSON
,8,39,Abraham,PERSON
,8,39,Abraham,PERSON
,8,40,Abraham,PERSON
,8,42,Jesus,PERSON
,8,48,Jews,NORP
,8,48,Samaritan,GPE
,8,49,Jesus,PERSON
,8,51,death,PERSON
,8,52,Jews,NORP
,8,52,Abraham,PERSON
,8,52,death,PERSON
,8,53,Abraham,PERSON
,8,54,Jesus,PERSON
,8,56,Abraham,PERSON
,8,57,Jews,NORP
,8,57,fifty years old,DATE
,8,57,Abraham,PERSON
,8,58,Jesus,PERSON
,8,58,Verily,ORG
,8,58,Abraham,PERSON
,8,59,Jesus,PERSON
,8,59,so,PERSON
,9,1,Jesus,PERSON
,9,3,Jesus,PERSON
,9,6,on,PERSON
,9,7,Siloam,GPE
,9,11,Jesus,PERSON
,9,11,Siloam,GPE
,9,14,Jesus,PERSON
,9,15,put,PERSON
,9,18,Jews,NORP
,9,21,seeth,PERSON
,9,22,Jews,NORP
,9,22,Jews,NORP
,9,22,put,PERSON
,9,25,one,CARDINAL
,9,28,Moses,PERSON
,9,29,Moses,PERSON
,9,35,Jesus,PERSON
,9,35,Dost,PERSON
,9,35,on,PERSON
,9,36,on,PERSON
,9,37,Jesus,PERSON
,9,39,Jesus,PERSON
,9,41,Jesus,PERSON
,10,6,Jesus,PERSON
,10,7,Jesus,PERSON
,10,12,wolf,PERSON
,10,12,wolf,PERSON
,10,15,so,PERSON
,10,16,one fold,CARDINAL
,10,16,one,CARDINAL
,10,19,Jews,NORP
,10,22,Jerusalem,GPE
,10,22,winter,DATE
,10,23,Jesus,PERSON
,10,23,Solomon,PERSON
,10,24,Jews,NORP
,10,25,Jesus,PERSON
,10,31,Jews,NORP
,10,32,Jesus,PERSON
,10,33,Jews,NORP
,10,34,Jesus,PERSON
,10,34,Ye,PERSON
,10,36,Thou blasphemest,PERSON
,10,40,Jordan,GPE
,10,40,John,PERSON
,10,40,first,ORDINAL
,10,41,John,PERSON
,10,41,John,PERSON
,10,42,on,PERSON
,11,1,Lazarus,PERSON
,11,1,Bethany,GPE
,11,1,Mary,PERSON
,11,1,Martha,PERSON
,11,2,Mary,PERSON
,11,2,Lazarus,PERSON
,11,4,Jesus,PERSON
,11,4,death,PERSON
,11,5,Jesus,PERSON
,11,5,Martha,PERSON
,11,5,Lazarus,PERSON
,11,6,two days,DATE
,11,7,Judaea,ORG
,11,8,Jews,NORP
,11,9,Jesus,PERSON
,11,9,twelve hours,TIME
,11,9,the day,DATE
,11,11,Lazarus,PERSON
,11,13,Jesus,PERSON
,11,13,death,PERSON
,11,14,Jesus,PERSON
,11,14,Lazarus,PERSON
,11,16,Thomas,PERSON
,11,16,Didymus,PERSON
,11,17,Jesus,PERSON
,11,17,four days,DATE
,11,18,Bethany,LOC
,11,18,Jerusalem,GPE
,11,18,about fifteen furlongs,TIME
,11,19,Jews,NORP
,11,19,Martha,PERSON
,11,19,Mary,PERSON
,11,20,Martha,PERSON
,11,20,Jesus,PERSON
,11,20,Mary,PERSON
,11,21,Martha unto Jesus,PERSON
,11,23,Jesus,PERSON
,11,24,Martha,PERSON
,11,24,the last day,DATE
,11,25,Jesus,PERSON
,11,27,Yea,PERSON
,11,28,so,PERSON
,11,28,Mary,PERSON
,11,30,Jesus,PERSON
,11,30,Martha,PERSON
,11,31,Jews,NORP
,11,31,Mary,PERSON
,11,32,Mary,PERSON
,11,32,Jesus,PERSON
,11,33,Jesus,PERSON
,11,33,Jews,NORP
,11,35,Jesus,PERSON
,11,36,Jews,NORP
,11,38,Jesus,PERSON
,11,39,Jesus,PERSON
,11,39,Martha,PERSON
,11,39,four days,DATE
,11,40,Jesus,PERSON
,11,40,Said,PERSON
,11,41,Jesus,PERSON
,11,43,Lazarus,PERSON
,11,44,Jesus,PERSON
,11,45,Jews,NORP
,11,45,Mary,PERSON
,11,45,Jesus,PERSON
,11,45,on,PERSON
,11,46,Jesus,PERSON
,11,48,on,PERSON
,11,48,Romans,NORP
,11,49,one,CARDINAL
,11,49,Caiaphas,PERSON
,11,49,Ye,PERSON
,11,50,one,CARDINAL
,11,51,that year,DATE
,11,51,Jesus,PERSON
,11,52,one,CARDINAL
,11,53,that day,DATE
,11,53,put,PERSON
,11,53,death,PERSON
,11,54,Jesus,PERSON
,11,54,Jews,NORP
,11,54,Ephraim,PERSON
,11,55,Jews,NORP
,11,55,Jerusalem,GPE
,11,56,Jesus,PERSON
,12,1,Jesus,PERSON
,12,1,six days,DATE
,12,1,Bethany,GPE
,12,1,Lazarus,PERSON
,12,2,Martha,PERSON
,12,2,Lazarus,PERSON
,12,2,one,CARDINAL
,12,3,Mary,PERSON
,12,3,Jesus,PERSON
,12,4,one,CARDINAL
,12,4,Judas Iscariot,PERSON
,12,4,Simon,PERSON
,12,5,three hundred pence,MONEY
,12,6,put,PERSON
,12,7,Jesus,PERSON
,12,7,the day,DATE
,12,9,Jews,NORP
,12,9,Jesus,PERSON
,12,9,Lazarus,PERSON
,12,10,put,PERSON
,12,10,Lazarus,PERSON
,12,10,death,PERSON
,12,11,Jews,NORP
,12,11,on,PERSON
,12,11,Jesus,PERSON
,12,12,On,PERSON
,12,12,the next day,DATE
,12,12,Jesus,PERSON
,12,12,Jerusalem,GPE
,12,13,Hosanna,PERSON
,12,13,Blessed,PERSON
,12,13,Israel,GPE
,12,14,Jesus,PERSON
,12,15,daughter,PERSON
,12,15,Sion,PERSON
,12,15,on,PERSON
,12,16,first,ORDINAL
,12,16,Jesus,PERSON
,12,17,Lazarus,PERSON
,12,20,Greeks,NORP
,12,21,Philip,PERSON
,12,21,Bethsaida of Galilee,ORG
,12,21,Jesus,PERSON
,12,22,Philip,PERSON
,12,22,Andrew,PERSON
,12,22,Andrew,PERSON
,12,22,Philip,PERSON
,12,22,Jesus,PERSON
,12,23,Jesus,PERSON
,12,23,The hour,TIME
,12,23,Son,PERSON
,12,27,this hour,TIME
,12,27,this hour,TIME
,12,30,Jesus,PERSON
,12,33,death,PERSON
,12,34,Christ,ORG
,12,35,Jesus,PERSON
,12,36,Jesus,PERSON
,12,37,so,PERSON
,12,37,on,PERSON
,12,38,Esaias,PERSON
,12,39,Esaias,PERSON
,12,41,Esaias,PERSON
,12,42,on,PERSON
,12,42,put,PERSON
,12,44,Jesus,PERSON
,12,44,on,PERSON
,12,44,on,PERSON
,12,44,on,PERSON
,12,45,seeth,PERSON
,12,45,seeth,PERSON
,12,46,on,PERSON
,12,48,the last day,DATE
,12,50,so,PERSON
,13,1,Jesus,PERSON
,13,2,put,PERSON
,13,2,Judas Iscariot,PERSON
,13,2,Simon,PERSON
,13,3,Jesus,PERSON
,13,6,Simon Peter,PERSON
,13,6,Peter,PERSON
,13,7,Jesus,PERSON
,13,8,Peter,PERSON
,13,8,Jesus,PERSON
,13,9,Simon Peter,PERSON
,13,10,Jesus,PERSON
,13,11,Ye,PERSON
,13,12,So,PERSON
,13,13,so,PERSON
,13,21,Jesus,PERSON
,13,21,Verily,ORG
,13,22,on,PERSON
,13,23,on,PERSON
,13,23,Jesus,PERSON
,13,23,one,CARDINAL
,13,23,Jesus,PERSON
,13,24,Simon Peter,PERSON
,13,25,on,PERSON
,13,25,Jesus,PERSON
,13,26,Jesus,PERSON
,13,26,Judas Iscariot,PERSON
,13,26,Simon,PERSON
,13,27,Satan,PERSON
,13,27,Jesus,PERSON
,13,29,Judas,PERSON
,13,29,Jesus,PERSON
,13,31,Jesus,PERSON
,13,31,Son,PERSON
,13,33,Jews,NORP
,13,33,so,PERSON
,13,36,Simon Peter,PERSON
,13,36,Jesus,PERSON
,13,37,Peter,PERSON
,13,38,Jesus,PERSON
,14,2,so,PERSON
,14,5,Thomas,PERSON
,14,6,Jesus,PERSON
,14,8,Philip,PERSON
,14,9,Jesus,PERSON
,14,9,so,PERSON
,14,9,Philip,PERSON
,14,12,on,PERSON
,14,16,Comforter,PERSON
,14,22,Judas,PERSON
,14,22,Iscariot,PERSON
,14,23,Jesus,PERSON
,14,26,Comforter,ORG
,14,26,the Holy Ghost,WORK_OF_ART
,14,28,Ye,PERSON
,14,31,so,PERSON
,15,2,beareth fruit,ORG
,15,5,abideth,ORG
,15,8,so,PERSON
,15,9,so,PERSON
,15,14,Ye,PERSON
,15,16,Ye,PERSON
,15,26,Comforter,PERSON
,16,2,put,PERSON
,16,7,Comforter,ORG
,16,9,on,PERSON
,16,19,Jesus,PERSON
,16,29,Lo,PERSON
,16,31,Jesus,PERSON
,16,32,the hour,TIME
,17,1,Jesus,PERSON
,17,1,the hour,TIME
,17,1,Son,PERSON
,17,1,Son,PERSON
,17,3,Jesus Christ,PERSON
,17,4,on,PERSON
,17,18,so,PERSON
,17,20,on,PERSON
,17,22,one,CARDINAL
,17,23,one,CARDINAL
,18,1,Jesus,PERSON
,18,1,the brook Cedron,ORG
,18,2,Judas,PERSON
,18,2,Jesus,PERSON
,18,3,Judas,PERSON
,18,4,Jesus,PERSON
,18,5,Jesus,PERSON
,18,5,Nazareth,PERSON
,18,5,Jesus,PERSON
,18,5,Judas,PERSON
,18,7,Jesus,PERSON
,18,7,Nazareth,PERSON
,18,8,Jesus,PERSON
,18,10,Simon Peter,PERSON
,18,10,Malchus,PERSON
,18,11,Jesus,PERSON
,18,11,Peter,PERSON
,18,11,Put,PERSON
,18,12,Jews,NORP
,18,12,Jesus,PERSON
,18,13,Annas,PERSON
,18,13,first,ORDINAL
,18,13,Caiaphas,PERSON
,18,14,Caiaphas,PERSON
,18,14,Jews,NORP
,18,14,one,CARDINAL
,18,15,Simon Peter,PERSON
,18,15,Jesus,PERSON
,18,15,so,PERSON
,18,15,Jesus,PERSON
,18,16,Peter,PERSON
,18,16,Peter,PERSON
,18,17,Peter,PERSON
,18,17,one,CARDINAL
,18,18,Peter,PERSON
,18,19,Jesus,PERSON
,18,20,Jesus,PERSON
,18,20,Jews,NORP
,18,22,Jesus,PERSON
,18,22,Answerest,ORG
,18,22,so,PERSON
,18,23,Jesus,PERSON
,18,24,Annas,PERSON
,18,24,Caiaphas,PERSON
,18,25,Simon Peter,PERSON
,18,25,one,CARDINAL
,18,26,One,CARDINAL
,18,26,Peter,PERSON
,18,27,Peter,PERSON
,18,28,Jesus,PERSON
,18,28,Caiaphas,PERSON
,18,29,Pilate,PERSON
,18,31,Pilate,PERSON
,18,31,Jews,NORP
,18,31,put,PERSON
,18,31,death,PERSON
,18,32,Jesus,PERSON
,18,32,death,PERSON
,18,33,Pilate,PERSON
,18,33,Jesus,PERSON
,18,33,the King of the,PERSON
,18,33,Jews,NORP
,18,34,Jesus,PERSON
,18,34,Sayest,PERSON
,18,35,Pilate,PERSON
,18,35,Jew,NORP
,18,35,Thine,PERSON
,18,36,Jesus,PERSON
,18,36,Jews,NORP
,18,37,Pilate,PERSON
,18,37,Jesus,PERSON
,18,38,Pilate,PERSON
,18,38,Jews,NORP
,18,39,the King of the,PERSON
,18,39,Jews,NORP
,18,40,Barabbas,PERSON
,18,40,Barabbas,PERSON
,19,1,Pilate,PERSON
,19,1,Jesus,PERSON
,19,2,put,PERSON
,19,2,on,PERSON
,19,2,put,PERSON
,19,2,on,PERSON
,19,3,"Hail, King",PERSON
,19,3,Jews,NORP
,19,4,Pilate,PERSON
,19,5,Jesus,PERSON
,19,5,Pilate,PERSON
,19,6,Pilate,PERSON
,19,7,Jews,NORP
,19,8,Pilate,PERSON
,19,9,Jesus,PERSON
,19,9,Jesus,PERSON
,19,10,Pilate,PERSON
,19,10,Speakest,LOC
,19,11,Jesus,PERSON
,19,11,Thou couldest,PERSON
,19,12,Pilate,PERSON
,19,12,Jews,NORP
,19,12,Caesar,PERSON
,19,12,Caesar,PERSON
,19,13,Pilate,PERSON
,19,13,Jesus,PERSON
,19,13,Hebrew,LANGUAGE
,19,13,Gabbatha,GPE
,19,14,the sixth hour,TIME
,19,14,Jews,NORP
,19,15,Pilate,PERSON
,19,15,Caesar,PERSON
,19,16,Jesus,PERSON
,19,17,Golgotha,PERSON
,19,18,two,CARDINAL
,19,18,on,PERSON
,19,18,Jesus,PERSON
,19,19,Pilate,PERSON
,19,19,put,PERSON
,19,19,on,PERSON
,19,19,JESUS,PERSON
,19,19,JEWS,NORP
,19,20,Jews,NORP
,19,20,Jesus,PERSON
,19,20,Hebrew,LANGUAGE
,19,20,Greek,NORP
,19,20,Latin,LANGUAGE
,19,21,Jews,NORP
,19,21,Pilate,PERSON
,19,21,The King of the,WORK_OF_ART
,19,21,Jews,NORP
,19,21,Jews,NORP
,19,22,Pilate,PERSON
,19,23,Jesus,PERSON
,19,23,four,CARDINAL
,19,25,Jesus,PERSON
,19,25,Mary,PERSON
,19,25,Cleophas,GPE
,19,25,Mary Magdalene,PERSON
,19,26,Jesus,PERSON
,19,27,that hour,TIME
,19,28,Jesus,PERSON
,19,29,put,PERSON
,19,29,put,PERSON
,19,30,Jesus,PERSON
,19,31,Jews,NORP
,19,31,on,PERSON
,19,31,the sabbath day,DATE
,19,31,an high day,DATE
,19,31,Pilate,PERSON
,19,32,first,ORDINAL
,19,33,Jesus,PERSON
,19,34,one,CARDINAL
,19,37,on,PERSON
,19,38,Joseph,PERSON
,19,38,Arimathaea,GPE
,19,38,Jesus,PERSON
,19,38,Jews,NORP
,19,38,Pilate,PERSON
,19,38,Jesus,PERSON
,19,38,Pilate,PERSON
,19,38,Jesus,PERSON
,19,39,Nicodemus,PERSON
,19,39,first,ORDINAL
,19,39,Jesus,PERSON
,19,39,night,TIME
,19,40,Jesus,PERSON
,19,40,Jews,NORP
,19,42,Jesus,PERSON
,19,42,Jews,NORP
,19,42,' preparation day,DATE
,20,1,The first day of the week,DATE
,20,1,Mary Magdalene,PERSON
,20,2,Simon Peter,PERSON
,20,2,Jesus,PERSON
,20,3,Peter,PERSON
,20,4,So,PERSON
,20,4,Peter,PERSON
,20,4,first,ORDINAL
,20,6,Simon Peter,PERSON
,20,8,first,ORDINAL
,20,11,Mary,PERSON
,20,12,two,CARDINAL
,20,12,Jesus,PERSON
,20,14,Jesus,PERSON
,20,14,Jesus,PERSON
,20,15,Jesus,PERSON
,20,16,Jesus,PERSON
,20,16,Mary,PERSON
,20,16,Rabboni,PERSON
,20,17,Jesus,PERSON
,20,18,Mary Magdalene,PERSON
,20,19,the same day,DATE
,20,19,evening,TIME
,20,19,the first day of the week,DATE
,20,19,Jews,NORP
,20,19,Jesus,PERSON
,20,20,so,PERSON
,20,21,Jesus,PERSON
,20,21,so,PERSON
,20,22,on,PERSON
,20,24,Thomas,PERSON
,20,24,one,CARDINAL
,20,24,twelve,CARDINAL
,20,24,Didymus,PERSON
,20,24,Jesus,PERSON
,20,25,put,PERSON
,20,26,eight days,DATE
,20,26,Thomas,PERSON
,20,26,Jesus,PERSON
,20,27,Thomas,PERSON
,20,28,Thomas,PERSON
,20,29,Jesus,PERSON
,20,29,Thomas,PERSON
,20,30,Jesus,PERSON
,20,31,Jesus,PERSON
,21,1,Jesus,PERSON
,21,1,Tiberias,GPE
,21,1,on,PERSON
,21,2,Simon Peter,PERSON
,21,2,Thomas,PERSON
,21,2,Didymus,PERSON
,21,2,Nathanael,PERSON
,21,2,Cana,LOC
,21,2,Galilee,GPE
,21,2,Zebedee,PERSON
,21,2,two,CARDINAL
,21,3,Simon Peter,PERSON
,21,4,the morning,TIME
,21,4,Jesus,PERSON
,21,4,on,PERSON
,21,4,Jesus,PERSON
,21,5,Jesus,PERSON
,21,6,on,PERSON
,21,7,Jesus,PERSON
,21,7,Peter,PERSON
,21,7,Simon Peter,PERSON
,21,7,fisher,PERSON
,21,8,two hundred cubits,CARDINAL
,21,10,Jesus,PERSON
,21,11,Simon Peter,PERSON
,21,11,an hundred and fifty and three,CARDINAL
,21,11,so,PERSON
,21,12,Jesus,PERSON
,21,13,Jesus,PERSON
,21,14,third,ORDINAL
,21,14,Jesus,PERSON
,21,15,So,PERSON
,21,15,Jesus,PERSON
,21,15,Simon Peter,PERSON
,21,15,Simon,PERSON
,21,15,Jonas,PERSON
,21,15,Yea,PERSON
,21,16,second,ORDINAL
,21,16,Simon,PERSON
,21,16,Jonas,PERSON
,21,16,Yea,PERSON
,21,17,third,ORDINAL
,21,17,Simon,PERSON
,21,17,Jonas,PERSON
,21,17,Peter,PERSON
,21,17,third,ORDINAL
,21,17,Lovest,ORG
,21,17,Jesus,PERSON
,21,19,death,PERSON
,21,20,Peter,PERSON
,21,20,Jesus,PERSON
,21,20,on,PERSON
,21,21,Peter,PERSON
,21,21,Jesus,PERSON
,21,22,Jesus,PERSON
,21,23,Jesus,PERSON
,21,25,Jesus,PERSON
,1,1,O Theophilus,PERSON
,1,1,Jesus,PERSON
,1,2,the day,DATE
,1,2,the Holy Ghost,FAC
,1,3,forty days,DATE
,1,4,Jerusalem,GPE
,1,5,John,PERSON
,1,5,the Holy Ghost,WORK_OF_ART
,1,6,Israel,GPE
,1,7,put,PERSON
,1,8,the Holy Ghost,WORK_OF_ART
,1,8,Jerusalem,GPE
,1,8,Judaea,ORG
,1,8,Samaria,GPE
,1,10,two,CARDINAL
,1,11,Galilee,GPE
,1,11,Jesus,PERSON
,1,11,so,PERSON
,1,12,Jerusalem,GPE
,1,12,Olivet,GPE
,1,12,Jerusalem,GPE
,1,13,Peter,PERSON
,1,13,James,PERSON
,1,13,John,PERSON
,1,13,"Andrew, Philip",PERSON
,1,13,Thomas,PERSON
,1,13,Bartholomew,PERSON
,1,13,"Matthew,",PERSON
,1,13,James,PERSON
,1,13,Alphaeus,ORG
,1,13,Simon Zelotes,PERSON
,1,13,Judas,PERSON
,1,13,James,PERSON
,1,14,one,CARDINAL
,1,14,Mary,PERSON
,1,14,Jesus,PERSON
,1,15,Peter,PERSON
,1,15,about an hundred and twenty,CARDINAL
,1,16,the Holy Ghost,WORK_OF_ART
,1,16,David,PERSON
,1,16,Judas,PERSON
,1,16,Jesus,PERSON
,1,19,Jerusalem,GPE
,1,19,Aceldama,ORG
,1,20,Psalms,WORK_OF_ART
,1,21,Jesus,PERSON
,1,22,John,PERSON
,1,23,two,CARDINAL
,1,23,Joseph,PERSON
,1,23,Barsabas,PERSON
,1,23,Justus,PERSON
,1,23,Matthias,PERSON
,1,24,two,CARDINAL
,1,25,Judas,PERSON
,1,26,lot,PERSON
,1,26,Matthias,PERSON
,1,26,eleven,CARDINAL
,2,1,the day,DATE
,2,1,Pentecost,PERSON
,2,1,one,CARDINAL
,2,1,one,CARDINAL
,2,4,the Holy Ghost,FAC
,2,4,Spirit,ORG
,2,5,Jerusalem,GPE
,2,5,Jews,NORP
,2,7,Galilaeans,ORG
,2,9,Parthians,NORP
,2,9,Medes,PERSON
,2,9,Elamites,PRODUCT
,2,9,Mesopotamia,LOC
,2,9,Judaea,ORG
,2,9,Cappadocia,GPE
,2,9,Pontus,NORP
,2,9,Asia,LOC
,2,10,Phrygia,ORG
,2,10,Egypt,GPE
,2,10,Libya,GPE
,2,10,Cyrene,PERSON
,2,10,Rome,GPE
,2,10,Jews,NORP
,2,11,Cretes,ORG
,2,11,Arabians,NORP
,2,14,Peter,PERSON
,2,14,eleven,CARDINAL
,2,14,Judaea,ORG
,2,14,Jerusalem,GPE
,2,15,the third hour of the day,TIME
,2,16,Joel,PERSON
,2,17,the last days,DATE
,2,17,Spirit,ORG
,2,18,on,PERSON
,2,18,on,PERSON
,2,18,those days,DATE
,2,18,Spirit,ORG
,2,21,on,PERSON
,2,22,Israel,GPE
,2,22,Jesus,PERSON
,2,22,Nazareth,ORG
,2,24,death,PERSON
,2,25,David,PERSON
,2,25,on,PERSON
,2,27,Holy One,PRODUCT
,2,29,David,PERSON
,2,29,this day,DATE
,2,30,Christ,ORG
,2,30,on,PERSON
,2,31,Christ,GPE
,2,32,Jesus,PERSON
,2,33,the Holy Ghost,WORK_OF_ART
,2,34,David,PERSON
,2,34,on,PERSON
,2,36,Israel,GPE
,2,36,Jesus,PERSON
,2,37,Peter,PERSON
,2,38,Peter,PERSON
,2,38,Jesus Christ,PERSON
,2,38,the Holy Ghost,FAC
,2,41,the same day,DATE
,2,41,about three thousand,CARDINAL
,2,46,one,CARDINAL
,2,46,house,ORG
,2,47,daily,DATE
,3,1,Peter,PERSON
,3,1,John,PERSON
,3,1,the hour,TIME
,3,1,the ninth hour,TIME
,3,2,daily,DATE
,3,3,Peter,PERSON
,3,3,John,PERSON
,3,4,Peter,PERSON
,3,4,John,PERSON
,3,4,on,PERSON
,3,6,Peter,PERSON
,3,6,Jesus Christ,PERSON
,3,6,Nazareth,ORG
,3,10,the Beautiful gate,FAC
,3,11,Peter,PERSON
,3,11,John,PERSON
,3,11,Solomon,PERSON
,3,12,Peter,PERSON
,3,12,Israel,GPE
,3,12,so,PERSON
,3,12,on,PERSON
,3,13,Abraham,PERSON
,3,13,Isaac,PERSON
,3,13,Jacob,PERSON
,3,13,Son Jesus,PERSON
,3,13,Pilate,PERSON
,3,14,the Holy One,WORK_OF_ART
,3,18,Christ,ORG
,3,18,so,PERSON
,3,20,Jesus Christ,PERSON
,3,22,Moses,PERSON
,3,24,Samuel,PERSON
,3,24,these days,DATE
,3,25,Abraham,PERSON
,3,26,first,ORDINAL
,3,26,Son Jesus,PERSON
,4,1,Sadducees,ORG
,4,2,Jesus,PERSON
,4,3,on,PERSON
,4,3,put,PERSON
,4,3,the next day,DATE
,4,4,about five thousand,CARDINAL
,4,5,on,PERSON
,4,6,Annas,PERSON
,4,6,Caiaphas,PERSON
,4,6,John,PERSON
,4,6,Alexander,PERSON
,4,6,Jerusalem,GPE
,4,8,Peter,PERSON
,4,8,the Holy Ghost,FAC
,4,8,Ye,PERSON
,4,8,Israel,GPE
,4,9,this day,DATE
,4,10,Israel,GPE
,4,10,Jesus Christ,PERSON
,4,10,Nazareth,PERSON
,4,13,Peter,PERSON
,4,13,John,PERSON
,4,13,Jesus,PERSON
,4,16,Jerusalem,GPE
,4,18,Jesus,PERSON
,4,19,Peter,PERSON
,4,19,John,PERSON
,4,21,So,PERSON
,4,22,forty years old,DATE
,4,22,on,PERSON
,4,24,one,CARDINAL
,4,25,David,PERSON
,4,26,Christ,GPE
,4,27,Jesus,PERSON
,4,27,Herod,PERSON
,4,27,Pontius Pilate,PERSON
,4,27,Gentiles,ORG
,4,27,Israel,GPE
,4,30,Jesus,PERSON
,4,31,the Holy Ghost,FAC
,4,32,one,CARDINAL
,4,32,one,CARDINAL
,4,33,Jesus,PERSON
,4,36,Joses,PERSON
,4,36,Barnabas,PERSON
,4,36,Levite,ORG
,4,36,Cyprus,GPE
,5,1,Ananias,PERSON
,5,1,Sapphira,PERSON
,5,3,Peter,PERSON
,5,3,Ananias,PERSON
,5,3,Satan,PERSON
,5,3,the Holy Ghost,WORK_OF_ART
,5,5,Ananias,PERSON
,5,5,on,PERSON
,5,7,three hours,TIME
,5,8,Peter,PERSON
,5,8,so,PERSON
,5,8,Yea,PERSON
,5,8,so,PERSON
,5,9,Peter,PERSON
,5,12,one,CARDINAL
,5,12,Solomon,GPE
,5,15,on,PERSON
,5,15,Peter,PERSON
,5,16,Jerusalem,GPE
,5,17,Sadducees,ORG
,5,18,on,PERSON
,5,18,put,PERSON
,5,21,early in the morning,TIME
,5,21,senate,ORG
,5,21,Israel,GPE
,5,25,Behold,PERSON
,5,25,put,PERSON
,5,28,Jerusalem,GPE
,5,29,Peter,PERSON
,5,30,Jesus,PERSON
,5,30,on,PERSON
,5,31,Israel,GPE
,5,32,so,PERSON
,5,32,the Holy Ghost,WORK_OF_ART
,5,34,one,CARDINAL
,5,34,Pharisee,NORP
,5,34,Gamaliel,PERSON
,5,34,put,PERSON
,5,35,Israel,GPE
,5,36,these days,DATE
,5,36,Theudas,GPE
,5,36,about four hundred,CARDINAL
,5,37,Judas,PERSON
,5,37,Galilee,GPE
,5,37,the days,DATE
,5,40,Jesus,PERSON
,5,42,daily,DATE
,5,42,Jesus Christ,PERSON
,6,1,those days,DATE
,6,1,Grecians,NORP
,6,1,Hebrews,LOC
,6,1,daily,DATE
,6,2,twelve,CARDINAL
,6,3,seven,CARDINAL
,6,3,the Holy Ghost,WORK_OF_ART
,6,4,the ministry of the,ORG
,6,5,Stephen,PERSON
,6,5,the Holy Ghost,FAC
,6,5,Philip,PERSON
,6,5,Prochorus,PERSON
,6,5,Nicanor,ORG
,6,5,Timon,ORG
,6,5,Parmenas,PERSON
,6,5,Nicolas,PERSON
,6,5,Antioch,GPE
,6,6,on,PERSON
,6,7,Jerusalem,GPE
,6,8,Stephen,PERSON
,6,9,Libertines,PRODUCT
,6,9,Cyrenians,NORP
,6,9,Alexandrians,GPE
,6,9,Cilicia,PRODUCT
,6,9,Asia,LOC
,6,9,Stephen,PERSON
,6,11,Moses,PERSON
,6,14,Jesus,PERSON
,6,14,Nazareth,PERSON
,6,14,Moses,PERSON
,6,15,on,PERSON
,7,1,so,PERSON
,7,2,Abraham,PERSON
,7,2,Mesopotamia,LOC
,7,2,Charran,GPE
,7,4,Chaldaeans,NORP
,7,4,Charran,ORG
,7,5,so,PERSON
,7,5,on,PERSON
,7,6,on,PERSON
,7,6,four hundred years,DATE
,7,8,so,PERSON
,7,8,Abraham,PERSON
,7,8,Isaac,PERSON
,7,8,the eighth day,DATE
,7,8,Isaac,PERSON
,7,8,Jacob,PERSON
,7,8,Jacob,PERSON
,7,8,twelve,CARDINAL
,7,9,Joseph,PERSON
,7,9,Egypt,GPE
,7,10,Pharaoh,PERSON
,7,10,Egypt,GPE
,7,10,Egypt,GPE
,7,11,Egypt,GPE
,7,11,Chanaan,GPE
,7,12,Jacob,PERSON
,7,12,Egypt,GPE
,7,12,first,ORDINAL
,7,13,second,ORDINAL
,7,13,Joseph,PERSON
,7,13,Joseph,PERSON
,7,13,Pharaoh,PERSON
,7,14,Joseph,PERSON
,7,14,Jacob,PERSON
,7,14,threescore and fifteen,CARDINAL
,7,15,So,PERSON
,7,15,Jacob,PERSON
,7,15,Egypt,GPE
,7,16,Sychem,PERSON
,7,16,Abraham,PERSON
,7,16,Emmor,PERSON
,7,16,Sychem,PERSON
,7,17,Abraham,PERSON
,7,17,Egypt,GPE
,7,18,Joseph,PERSON
,7,19,so,PERSON
,7,20,Moses,PERSON
,7,20,three months,DATE
,7,21,Pharaoh,PERSON
,7,21,daughter,PERSON
,7,22,Moses,PERSON
,7,22,Egyptians,NORP
,7,23,forty years old,DATE
,7,23,Israel,GPE
,7,24,one,CARDINAL
,7,24,Egyptian,NORP
,7,26,the next day,DATE
,7,28,Egyptian,NORP
,7,28,yesterday,DATE
,7,29,Moses,PERSON
,7,29,Madian,NORP
,7,29,two,CARDINAL
,7,30,forty years,DATE
,7,30,mount Sina,LOC
,7,30,bush,PERSON
,7,31,Moses,PERSON
,7,32,Abraham,PERSON
,7,32,Isaac,PERSON
,7,32,Jacob,PERSON
,7,32,Moses,PERSON
,7,33,Put,PERSON
,7,34,Egypt,GPE
,7,34,Egypt,GPE
,7,35,Moses,PERSON
,7,35,bush,PERSON
,7,36,Egypt,GPE
,7,36,the Red sea,LOC
,7,36,forty years,DATE
,7,37,Moses,PERSON
,7,37,Israel,GPE
,7,39,Egypt,GPE
,7,40,Aaron,PERSON
,7,40,Moses,PERSON
,7,40,Egypt,GPE
,7,41,those days,DATE
,7,42,Israel,GPE
,7,42,forty years,DATE
,7,43,the tabernacle of Moloch,ORG
,7,43,Remphan,PERSON
,7,43,Babylon,PERSON
,7,44,Moses,PERSON
,7,45,Jesus,PERSON
,7,45,Gentiles,ORG
,7,45,David,PERSON
,7,46,Jacob,PERSON
,7,47,Solomon,PERSON
,7,51,the Holy Ghost,WORK_OF_ART
,7,51,so,PERSON
,7,54,on,PERSON
,7,55,the Holy Ghost,WORK_OF_ART
,7,55,Jesus,PERSON
,7,55,on,PERSON
,7,56,Behold,PERSON
,7,56,Son,PERSON
,7,56,on,PERSON
,7,57,one,CARDINAL
,7,58,Saul,PERSON
,7,59,Stephen,PERSON
,7,59,Jesus,PERSON
,8,1,Saul,PERSON
,8,1,death,PERSON
,8,1,Jerusalem,GPE
,8,1,Judaea,GPE
,8,1,Samaria,GPE
,8,2,Stephen,PERSON
,8,3,Saul,PERSON
,8,5,Philip,PERSON
,8,5,Samaria,GPE
,8,6,one,CARDINAL
,8,6,Philip,PERSON
,8,9,Simon,PERSON
,8,9,Samaria,GPE
,8,12,Philip,PERSON
,8,12,Jesus Christ,PERSON
,8,13,Simon,PERSON
,8,13,Philip,PERSON
,8,14,Jerusalem,GPE
,8,14,Samaria,GPE
,8,14,Peter,PERSON
,8,14,John,PERSON
,8,15,the Holy Ghost:,WORK_OF_ART
,8,16,Jesus,PERSON
,8,17,on,PERSON
,8,17,the Holy Ghost,WORK_OF_ART
,8,18,Simon,PERSON
,8,18,on,PERSON
,8,18,the Holy Ghost,WORK_OF_ART
,8,19,on,PERSON
,8,19,the Holy Ghost,EVENT
,8,20,Peter,PERSON
,8,21,lot,PERSON
,8,24,Simon,PERSON
,8,25,Jerusalem,GPE
,8,26,Philip,PERSON
,8,26,Jerusalem,GPE
,8,26,Gaza,GPE
,8,27,Ethiopia,GPE
,8,27,Candace,PERSON
,8,27,Ethiopians,NORP
,8,27,Jerusalem,GPE
,8,28,Esaias,PERSON
,8,29,Spirit,ORG
,8,29,Philip,PERSON
,8,30,Philip,PERSON
,8,30,Esaias,PERSON
,8,30,Understandest,PERSON
,8,31,Philip,PERSON
,8,32,so,PERSON
,8,34,Philip,PERSON
,8,35,Philip,PERSON
,8,35,Jesus,PERSON
,8,36,on,PERSON
,8,37,Philip,PERSON
,8,37,Jesus Christ,PERSON
,8,38,Philip,PERSON
,8,39,Spirit,ORG
,8,39,Philip,PERSON
,8,39,on,PERSON
,8,40,Philip,PERSON
,8,40,Azotus,ORG
,8,40,Caesarea,PERSON
,9,1,Saul,PERSON
,9,2,Damascus,GPE
,9,2,Jerusalem,GPE
,9,3,Damascus,GPE
,9,4,Saul,PERSON
,9,4,Saul,PERSON
,9,5,Jesus,PERSON
,9,8,Saul,PERSON
,9,8,Damascus,GPE
,9,9,three days,DATE
,9,10,Damascus,GPE
,9,10,Ananias,PERSON
,9,10,Ananias,PERSON
,9,10,Behold,PERSON
,9,11,Judas,PERSON
,9,11,Saul,PERSON
,9,11,Tarsus,PERSON
,9,12,Ananias,PERSON
,9,12,on,PERSON
,9,13,Ananias,PERSON
,9,13,Jerusalem,GPE
,9,14,on,PERSON
,9,15,Gentiles,ORG
,9,15,Israel,GPE
,9,17,Ananias,PERSON
,9,17,on,PERSON
,9,17,Saul,PERSON
,9,17,Jesus,PERSON
,9,17,the Holy Ghost,FAC
,9,19,Saul,PERSON
,9,19,Damascus,GPE
,9,21,on,PERSON
,9,21,Jerusalem,GPE
,9,22,Saul,PERSON
,9,22,Jews,NORP
,9,22,Damascus,GPE
,9,22,Christ,GPE
,9,23,Jews,NORP
,9,24,Saul,PERSON
,9,25,night,TIME
,9,26,Saul,PERSON
,9,26,Jerusalem,GPE
,9,27,Barnabas,PERSON
,9,27,Damascus,GPE
,9,27,Jesus,PERSON
,9,28,Jerusalem,GPE
,9,29,Jesus,PERSON
,9,29,Grecians,NORP
,9,30,Caesarea,PERSON
,9,30,Tarsus,PERSON
,9,31,Judaea,ORG
,9,31,Galilee,GPE
,9,31,Samaria,GPE
,9,31,the Holy Ghost,FAC
,9,32,Peter,PERSON
,9,32,all quarters,DATE
,9,32,Lydda,PRODUCT
,9,33,Aeneas,PERSON
,9,33,eight years,DATE
,9,34,Peter,PERSON
,9,34,Aeneas,PERSON
,9,34,Jesus,PERSON
,9,35,Lydda,PRODUCT
,9,35,Saron,PERSON
,9,36,Joppa,GPE
,9,36,Tabitha,PERSON
,9,36,Dorcas,PERSON
,9,37,those days,DATE
,9,38,Lydda,PRODUCT
,9,38,Joppa,GPE
,9,38,Peter,PERSON
,9,38,two,CARDINAL
,9,39,Peter,PERSON
,9,39,Dorcas,ORG
,9,40,Peter,PERSON
,9,40,put,PERSON
,9,40,Tabitha,PERSON
,9,40,Peter,PERSON
,9,42,Joppa,GPE
,9,43,Joppa,GPE
,9,43,one,CARDINAL
,9,43,Simon,PERSON
,10,1,Caesarea,PERSON
,10,1,Cornelius,PERSON
,10,1,Italian,NORP
,10,3,Cornelius,PERSON
,10,4,on,PERSON
,10,5,Joppa,GPE
,10,5,one,CARDINAL
,10,5,Simon,PERSON
,10,5,Peter,PERSON
,10,6,Simon,PERSON
,10,7,Cornelius,PERSON
,10,7,two,CARDINAL
,10,7,on,PERSON
,10,8,Joppa,GPE
,10,9,On,PERSON
,10,9,on,PERSON
,10,9,Peter,PERSON
,10,9,the sixth hour,TIME
,10,11,four,CARDINAL
,10,13,Rise,PERSON
,10,13,Peter,PERSON
,10,14,Peter,PERSON
,10,14,so,PERSON
,10,15,second,ORDINAL
,10,17,Peter,PERSON
,10,17,Cornelius,ORG
,10,17,Simon,PERSON
,10,18,Simon,PERSON
,10,18,Peter,PERSON
,10,19,Peter,PERSON
,10,19,on,PERSON
,10,19,Spirit,ORG
,10,19,three,CARDINAL
,10,21,Peter,PERSON
,10,21,Cornelius,PERSON
,10,21,Behold,PERSON
,10,22,Cornelius,PERSON
,10,22,Jews,NORP
,10,23,on,PERSON
,10,23,Peter,PERSON
,10,23,Joppa,GPE
,10,24,Caesarea,PERSON
,10,24,Cornelius,PERSON
,10,25,Peter,PERSON
,10,25,Cornelius,PERSON
,10,26,Peter,PERSON
,10,28,Ye,PERSON
,10,28,Jew,NORP
,10,30,Cornelius,PERSON
,10,30,Four days ago,DATE
,10,30,this hour,TIME
,10,30,the ninth hour,TIME
,10,31,Cornelius,PERSON
,10,32,Joppa,GPE
,10,32,Simon,PERSON
,10,32,Peter,PERSON
,10,32,one,CARDINAL
,10,32,Simon,PERSON
,10,34,Peter,PERSON
,10,36,Israel,GPE
,10,36,Jesus Christ,PERSON
,10,37,Judaea,ORG
,10,37,Galilee,GPE
,10,37,John,PERSON
,10,38,Jesus,PERSON
,10,38,Nazareth,PERSON
,10,38,the Holy Ghost,FAC
,10,39,Jews,NORP
,10,39,Jerusalem,GPE
,10,39,on,PERSON
,10,40,the third day,DATE
,10,44,Peter,PERSON
,10,44,the Holy Ghost,WORK_OF_ART
,10,44,on,PERSON
,10,45,Peter,PERSON
,10,45,on,PERSON
,10,45,Gentiles,ORG
,10,45,the Holy Ghost,FAC
,10,46,Peter,PERSON
,10,47,the Holy Ghost,WORK_OF_ART
,11,1,Judaea,ORG
,11,1,Gentiles,ORG
,11,2,Peter,PERSON
,11,2,Jerusalem,GPE
,11,4,Peter,PERSON
,11,5,Joppa,GPE
,11,5,four,CARDINAL
,11,7,Peter,PERSON
,11,8,so,PERSON
,11,10,three,CARDINAL
,11,11,three,CARDINAL
,11,11,Caesarea,PERSON
,11,12,Spirit,ORG
,11,12,six,CARDINAL
,11,13,Joppa,GPE
,11,13,Simon,PERSON
,11,13,Peter,PERSON
,11,15,the Holy Ghost,WORK_OF_ART
,11,15,on,PERSON
,11,15,on,PERSON
,11,16,John,PERSON
,11,16,the Holy Ghost,WORK_OF_ART
,11,17,Forasmuch,ORG
,11,17,on,PERSON
,11,17,Jesus Christ,PERSON
,11,18,Gentiles,ORG
,11,19,Stephen,PERSON
,11,19,Phenice,ORG
,11,19,Cyprus,GPE
,11,19,Antioch,GPE
,11,19,Jews,NORP
,11,20,Cyprus,GPE
,11,20,Cyrene,PERSON
,11,20,Antioch,GPE
,11,20,Grecians,NORP
,11,20,Jesus,PERSON
,11,22,Jerusalem,GPE
,11,22,Barnabas,PERSON
,11,22,Antioch,GPE
,11,24,the Holy Ghost,WORK_OF_ART
,11,25,Barnabas,PERSON
,11,25,Tarsus,PERSON
,11,25,Saul,PERSON
,11,26,Antioch,GPE
,11,26,Christians,NORP
,11,26,first,ORDINAL
,11,26,Antioch,GPE
,11,27,these days,DATE
,11,27,Jerusalem,GPE
,11,27,Antioch,GPE
,11,28,one,CARDINAL
,11,28,Agabus,ORG
,11,28,Spirit,ORG
,11,28,the days,DATE
,11,28,Claudius Caesar,PERSON
,11,29,Judaea,ORG
,11,30,Barnabas,PERSON
,11,30,Saul,PERSON
,12,1,Herod,PERSON
,12,2,James,PERSON
,12,2,John,PERSON
,12,3,Jews,NORP
,12,3,Peter,PERSON
,12,3,the days,DATE
,12,4,put,PERSON
,12,4,four,CARDINAL
,12,4,Easter,ORG
,12,5,Peter,PERSON
,12,6,Herod,PERSON
,12,6,Peter,PERSON
,12,6,two,CARDINAL
,12,6,two,CARDINAL
,12,7,Peter,PERSON
,12,7,on,PERSON
,12,8,on,PERSON
,12,8,so,PERSON
,12,10,first,ORDINAL
,12,10,second,ORDINAL
,12,10,on,PERSON
,12,10,one,CARDINAL
,12,11,Peter,PERSON
,12,11,Herod,PERSON
,12,11,Jews,NORP
,12,12,Mary,PERSON
,12,12,John,PERSON
,12,12,Mark,PERSON
,12,13,Peter,PERSON
,12,13,Rhoda,PERSON
,12,14,Peter,PERSON
,12,14,Peter,PERSON
,12,15,so,PERSON
,12,16,Peter,PERSON
,12,17,James,PERSON
,12,18,Peter,PERSON
,12,19,Herod,PERSON
,12,19,put,PERSON
,12,19,death,PERSON
,12,19,Judaea,ORG
,12,19,Caesarea,PERSON
,12,20,Herod,PERSON
,12,20,Tyre,PERSON
,12,20,Sidon,GPE
,12,20,one,CARDINAL
,12,20,Blastus,PERSON
,12,21,Herod,PERSON
,12,25,Barnabas,PERSON
,12,25,Saul,PERSON
,12,25,Jerusalem,GPE
,12,25,John,PERSON
,12,25,Mark,PERSON
,13,1,Antioch,GPE
,13,1,Barnabas,PERSON
,13,1,Simeon,PERSON
,13,1,Niger,NORP
,13,1,Lucius,PERSON
,13,1,Cyrene,PERSON
,13,1,Manaen,PERSON
,13,1,Herod,PERSON
,13,1,Saul,PERSON
,13,2,the Holy Ghost,WORK_OF_ART
,13,2,Separate,ORG
,13,2,Barnabas,PERSON
,13,2,Saul,PERSON
,13,3,on,PERSON
,13,4,So,PERSON
,13,4,the Holy Ghost,WORK_OF_ART
,13,4,Seleucia,PERSON
,13,4,Cyprus,GPE
,13,5,Salamis,ORG
,13,5,Jews,NORP
,13,5,John,PERSON
,13,6,Paphos,GPE
,13,6,Jew,NORP
,13,6,Barjesus,PERSON
,13,7,Sergius Paulus,PERSON
,13,7,Barnabas,PERSON
,13,7,Saul,PERSON
,13,8,so,PERSON
,13,9,Saul,PERSON
,13,9,Paul,PERSON
,13,9,the Holy Ghost,FAC
,13,9,on,PERSON
,13,11,on,PERSON
,13,13,Paul,PERSON
,13,13,Paphos,GPE
,13,13,Perga,ORG
,13,13,John,PERSON
,13,13,Jerusalem,GPE
,13,14,Perga,ORG
,13,14,Antioch,GPE
,13,14,Pisidia,GPE
,13,14,on,PERSON
,13,15,Ye,PERSON
,13,15,on,PERSON
,13,16,Paul,PERSON
,13,16,Men of Israel,ORG
,13,17,Israel,GPE
,13,17,Egypt,GPE
,13,18,forty years,DATE
,13,19,seven,CARDINAL
,13,19,Chanaan,GPE
,13,19,lot,PERSON
,13,20,four hundred and fifty years,CARDINAL
,13,20,Samuel,PERSON
,13,21,Saul,PERSON
,13,21,Cis,ORG
,13,21,Benjamin,PERSON
,13,21,forty years,DATE
,13,22,David,PERSON
,13,22,David,PERSON
,13,22,Jesse,PERSON
,13,23,Israel,GPE
,13,23,Jesus,PERSON
,13,24,John,PERSON
,13,24,first,ORDINAL
,13,24,Israel,GPE
,13,25,John,PERSON
,13,26,Abraham,PERSON
,13,27,Jerusalem,GPE
,13,28,death,PERSON
,13,28,Pilate,PERSON
,13,31,Galilee,GPE
,13,31,Jerusalem,GPE
,13,33,Jesus,PERSON
,13,33,second,ORDINAL
,13,33,Son,PERSON
,13,33,this day,DATE
,13,34,on,PERSON
,13,34,David,PERSON
,13,35,Holy One,PRODUCT
,13,36,David,PERSON
,13,36,on,PERSON
,13,39,Moses,PERSON
,13,42,Jews,NORP
,13,42,Gentiles,ORG
,13,43,Jews,NORP
,13,43,Paul,PERSON
,13,43,Barnabas,PERSON
,13,44,the next sabbath day,DATE
,13,45,Jews,NORP
,13,45,Paul,PERSON
,13,46,Paul,PERSON
,13,46,Barnabas,PERSON
,13,46,first,ORDINAL
,13,46,put,PERSON
,13,46,Gentiles,PRODUCT
,13,47,so,PERSON
,13,47,Gentiles,ORG
,13,48,Gentiles,ORG
,13,50,Jews,NORP
,13,50,Paul,PERSON
,13,50,Barnabas,PERSON
,13,51,Iconium,PERSON
,13,52,the Holy Ghost,FAC
,14,1,Iconium,GPE
,14,1,Jews,NORP
,14,1,so,PERSON
,14,1,Jews,NORP
,14,1,Greeks,NORP
,14,2,Jews,NORP
,14,2,Gentiles,ORG
,14,4,Jews,NORP
,14,5,Gentiles,ORG
,14,5,Jews,NORP
,14,6,Lystra,PERSON
,14,6,Lycaonia,GPE
,14,8,Lystra,PERSON
,14,9,Paul,PERSON
,14,10,on,PERSON
,14,11,Paul,PERSON
,14,12,Barnabas,PERSON
,14,12,Jupiter,LOC
,14,12,Paul,PERSON
,14,12,Mercurius,PERSON
,14,13,Jupiter,LOC
,14,14,Barnabas,PERSON
,14,14,Paul,PERSON
,14,19,Jews,NORP
,14,19,Antioch,GPE
,14,19,Iconium,GPE
,14,19,Paul,PERSON
,14,20,the next day,DATE
,14,20,Barnabas,PERSON
,14,20,Derbe,PERSON
,14,21,Lystra,PERSON
,14,21,Iconium,ORG
,14,21,Antioch,GPE
,14,23,on,PERSON
,14,24,Pisidia,ORG
,14,25,Perga,ORG
,14,25,Attalia,GPE
,14,26,Antioch,GPE
,15,1,Judaea,ORG
,15,1,Moses,PERSON
,15,2,Paul,PERSON
,15,2,Barnabas,PERSON
,15,2,Paul,PERSON
,15,2,Barnabas,PERSON
,15,2,Jerusalem,GPE
,15,3,on,PERSON
,15,3,Phenice,ORG
,15,3,Samaria,GPE
,15,4,Jerusalem,GPE
,15,5,Moses,PERSON
,15,7,Peter,PERSON
,15,7,Gentiles,ORG
,15,8,the Holy Ghost,WORK_OF_ART
,15,9,put,PERSON
,15,10,put,PERSON
,15,11,Jesus Christ,PERSON
,15,12,Barnabas,PERSON
,15,12,Paul,PERSON
,15,12,Gentiles,ORG
,15,13,James,PERSON
,15,14,Simeon,PERSON
,15,14,first,ORDINAL
,15,14,Gentiles,ORG
,15,16,David,PERSON
,15,17,Gentiles,ORG
,15,19,Gentiles,ORG
,15,21,Moses,PERSON
,15,21,every sabbath day,DATE
,15,22,Antioch,GPE
,15,22,Paul,PERSON
,15,22,Barnabas,PERSON
,15,22,Judas,PERSON
,15,22,Barsabas,PERSON
,15,22,Silas,PERSON
,15,23,Gentiles,ORG
,15,23,Antioch,GPE
,15,23,Syria,GPE
,15,23,Cilicia,PERSON
,15,24,Forasmuch,ORG
,15,24,Ye,PERSON
,15,25,one,CARDINAL
,15,25,Barnabas,PERSON
,15,25,Paul,PERSON
,15,26,Jesus Christ,PERSON
,15,27,Judas,PERSON
,15,27,Silas,PERSON
,15,28,the Holy Ghost,WORK_OF_ART
,15,30,So,PERSON
,15,30,Antioch,GPE
,15,32,Judas,PERSON
,15,32,Silas,PERSON
,15,34,Silas,PERSON
,15,35,Paul,PERSON
,15,35,Barnabas,PERSON
,15,35,Antioch,GPE
,15,36,some days,DATE
,15,36,Paul,PERSON
,15,36,Barnabas,PERSON
,15,37,Barnabas,PERSON
,15,37,John,PERSON
,15,37,Mark,PERSON
,15,38,Paul,PERSON
,15,39,so,PERSON
,15,39,so,PERSON
,15,39,Barnabas,PERSON
,15,39,Mark,PERSON
,15,39,Cyprus,GPE
,15,40,Paul,PERSON
,15,40,Silas,PERSON
,15,41,Syria,GPE
,15,41,Cilicia,ORG
,16,1,Derbe,PERSON
,16,1,Lystra,PERSON
,16,1,Timotheus,GPE
,16,1,Jewess,ORG
,16,1,Greek,NORP
,16,2,Lystra and Iconium,FAC
,16,3,Paul,PERSON
,16,3,Jews,NORP
,16,3,Greek,NORP
,16,4,Jerusalem,GPE
,16,5,so,PERSON
,16,5,daily,DATE
,16,6,Phrygia,ORG
,16,6,Galatia,GPE
,16,6,the Holy Ghost,FAC
,16,6,Asia,LOC
,16,7,Mysia,ORG
,16,7,Bithynia,PERSON
,16,7,Spirit,ORG
,16,8,Mysia,ORG
,16,8,Troas,GPE
,16,9,Paul,PERSON
,16,9,Macedonia,GPE
,16,9,Macedonia,GPE
,16,10,Macedonia,GPE
,16,11,Troas,GPE
,16,11,Samothracia,PERSON
,16,11,the next day,DATE
,16,11,Neapolis,GPE
,16,12,Philippi,GPE
,16,12,Macedonia,GPE
,16,13,on,PERSON
,16,14,Lydia,PERSON
,16,14,Thyatira,GPE
,16,14,Paul,PERSON
,16,17,Paul,PERSON
,16,18,Paul,PERSON
,16,18,Jesus Christ,PERSON
,16,18,the same hour,TIME
,16,19,Paul,PERSON
,16,19,Silas,PERSON
,16,20,Jews,NORP
,16,21,Romans,NORP
,16,25,midnight,TIME
,16,25,Paul,PERSON
,16,25,Silas,PERSON
,16,26,so,PERSON
,16,28,Paul,PERSON
,16,29,Paul,PERSON
,16,29,Silas,PERSON
,16,31,on,PERSON
,16,31,Jesus Christ,PERSON
,16,33,the same hour of the night,TIME
,16,36,Paul,PERSON
,16,37,Paul,PERSON
,16,37,Romans,NORP
,16,38,Romans,NORP
,16,40,Lydia,PERSON
,17,1,Amphipolis,PERSON
,17,1,Apollonia,PERSON
,17,1,Thessalonica,GPE
,17,1,Jews,NORP
,17,2,Paul,PERSON
,17,2,three sabbath days,DATE
,17,3,Jesus,PERSON
,17,3,Christ,GPE
,17,4,Paul,PERSON
,17,4,Silas,PERSON
,17,4,Greeks,NORP
,17,5,Jews,NORP
,17,5,on,PERSON
,17,5,Jason,ORG
,17,6,Jason,PERSON
,17,7,Whom Jason,PERSON
,17,7,Caesar,PERSON
,17,7,one,CARDINAL
,17,7,Jesus,PERSON
,17,9,Jason,ORG
,17,10,Paul,PERSON
,17,10,Silas,PERSON
,17,10,night,TIME
,17,10,Berea,GPE
,17,10,Jews,NORP
,17,11,Thessalonica,GPE
,17,11,so,PERSON
,17,12,Greeks,NORP
,17,13,Jews,NORP
,17,13,Thessalonica,GPE
,17,13,Paul,PERSON
,17,13,Berea,GPE
,17,14,Paul,PERSON
,17,14,Silas,PERSON
,17,14,Timotheus,GPE
,17,15,Paul,PERSON
,17,15,Athens,GPE
,17,15,Silas,PERSON
,17,15,Timotheus,PERSON
,17,16,Paul,PERSON
,17,16,Athens,GPE
,17,17,Jews,NORP
,17,17,daily,DATE
,17,18,Stoicks,ORG
,17,18,Jesus,PERSON
,17,19,Areopagus,PERSON
,17,19,May,DATE
,17,21,Athenians,NORP
,17,22,Paul,PERSON
,17,22,Mars,LOC
,17,22,Ye,PERSON
,17,22,Athens,GPE
,17,26,one,CARDINAL
,17,26,on,PERSON
,17,29,Forasmuch,ORG
,17,29,Godhead,ORG
,17,33,So,PERSON
,17,33,Paul,PERSON
,17,34,Dionysius the Areopagite,PERSON
,17,34,Damaris,PERSON
,18,1,Paul,PERSON
,18,1,Athens,GPE
,18,1,Corinth,GPE
,18,2,Jew,NORP
,18,2,Aquila,PERSON
,18,2,Pontus,PERSON
,18,2,Italy,GPE
,18,2,Priscilla,PERSON
,18,2,Claudius,PERSON
,18,2,Jews,NORP
,18,2,Rome,GPE
,18,4,Jews,NORP
,18,4,Greeks,NORP
,18,5,Silas,PERSON
,18,5,Timotheus,GPE
,18,5,Macedonia,GPE
,18,5,Paul,PERSON
,18,5,Jews,NORP
,18,5,Jesus,PERSON
,18,7,Justus,ORG
,18,8,Crispus,PERSON
,18,8,on,PERSON
,18,8,Corinthians,NORP
,18,9,Paul,PERSON
,18,9,the night,TIME
,18,10,on,PERSON
,18,11,a year and six months,DATE
,18,12,Gallio,ORG
,18,12,Achaia,GPE
,18,12,Jews,NORP
,18,12,one,CARDINAL
,18,12,Paul,PERSON
,18,14,Paul,PERSON
,18,14,Gallio,ORG
,18,14,Jews,NORP
,18,14,Jews,NORP
,18,17,Greeks,NORP
,18,17,Sosthenes,NORP
,18,17,Gallio,ORG
,18,18,Paul,PERSON
,18,18,Syria,GPE
,18,18,Priscilla,PERSON
,18,18,Aquila,PERSON
,18,19,Ephesus,GPE
,18,19,Jews,NORP
,18,21,Jerusalem,GPE
,18,21,Ephesus,GPE
,18,22,Caesarea,PERSON
,18,22,Antioch,GPE
,18,23,Galatia,GPE
,18,23,Phrygia,GPE
,18,24,Jew,NORP
,18,24,Apollos,PERSON
,18,24,Alexandria,GPE
,18,24,Ephesus,GPE
,18,25,John,PERSON
,18,26,Aquila,PERSON
,18,26,Priscilla,PERSON
,18,27,Achaia,GPE
,18,28,Jews,NORP
,18,28,Jesus,PERSON
,19,1,Apollos,PERSON
,19,1,Corinth,GPE
,19,1,Paul,PERSON
,19,1,Ephesus,GPE
,19,2,the Holy Ghost,WORK_OF_ART
,19,2,so,PERSON
,19,3,Unto John's,PERSON
,19,4,Paul,PERSON
,19,4,John,PERSON
,19,4,on,PERSON
,19,4,on,PERSON
,19,4,Christ Jesus,PERSON
,19,5,Jesus,PERSON
,19,6,Paul,PERSON
,19,6,the Holy Ghost,WORK_OF_ART
,19,6,on,PERSON
,19,7,about twelve,CARDINAL
,19,8,three months,DATE
,19,9,daily,DATE
,19,9,one,CARDINAL
,19,9,Tyrannus,PERSON
,19,10,two years,DATE
,19,10,so,PERSON
,19,10,Asia,LOC
,19,10,Jesus,PERSON
,19,10,Jews,NORP
,19,10,Greeks,NORP
,19,11,Paul,PERSON
,19,12,So,PERSON
,19,13,Jews,NORP
,19,13,Jesus,PERSON
,19,13,Jesus,PERSON
,19,13,Paul,PERSON
,19,14,seven,CARDINAL
,19,14,one,CARDINAL
,19,14,Sceva,NORP
,19,14,Jew,NORP
,19,14,so,PERSON
,19,15,Jesus,PERSON
,19,15,Paul,PERSON
,19,16,on,PERSON
,19,16,so,PERSON
,19,17,Jews,NORP
,19,17,Greeks,NORP
,19,17,Ephesus,ORG
,19,17,on,PERSON
,19,17,Jesus,PERSON
,19,19,fifty thousand,CARDINAL
,19,20,So,PERSON
,19,21,Paul,PERSON
,19,21,Macedonia,GPE
,19,21,Achaia,GPE
,19,21,Jerusalem,GPE
,19,21,Rome,GPE
,19,22,So,PERSON
,19,22,Macedonia,GPE
,19,22,two,CARDINAL
,19,22,Timotheus,GPE
,19,22,Erastus,ORG
,19,22,Asia,LOC
,19,24,Demetrius,PERSON
,19,24,Diana,PERSON
,19,26,Ephesus,GPE
,19,26,Asia,LOC
,19,26,Paul,PERSON
,19,27,So,PERSON
,19,27,Diana,PERSON
,19,27,Asia,LOC
,19,28,Great,PERSON
,19,28,Diana,PERSON
,19,28,Ephesians,NORP
,19,29,Gaius,PERSON
,19,29,Aristarchus,PERSON
,19,29,Macedonia,GPE
,19,29,Paul,PERSON
,19,29,one,CARDINAL
,19,30,Paul,PERSON
,19,31,Asia,LOC
,19,32,one,CARDINAL
,19,33,Alexander,PERSON
,19,33,Jews,NORP
,19,33,Alexander,PERSON
,19,34,Jew,NORP
,19,34,one,CARDINAL
,19,34,two hours,TIME
,19,34,Great,PERSON
,19,34,Diana,PERSON
,19,34,Ephesians,NORP
,19,35,Ephesus,GPE
,19,35,Ephesians,NORP
,19,35,Diana,PERSON
,19,35,Jupiter,LOC
,19,38,Demetrius,PERSON
,19,40,day,DATE
,20,1,Paul,PERSON
,20,1,Macedonia,GPE
,20,2,Greece,GPE
,20,3,three months,DATE
,20,3,Jews,NORP
,20,3,Syria,GPE
,20,3,Macedonia,GPE
,20,4,Asia Sopater,LOC
,20,4,Berea,GPE
,20,4,Thessalonians,NORP
,20,4,Aristarchus,NORP
,20,4,Secundus,PERSON
,20,4,Gaius of Derbe,PERSON
,20,4,Timotheus,GPE
,20,4,Asia,LOC
,20,4,Tychicus,GPE
,20,4,Trophimus,GPE
,20,5,Troas,GPE
,20,6,Philippi,PERSON
,20,6,the days,DATE
,20,6,Troas,GPE
,20,6,five days,DATE
,20,6,seven days,DATE
,20,7,the first day of the week,DATE
,20,7,Paul,PERSON
,20,7,on,PERSON
,20,7,morrow,DATE
,20,7,midnight,TIME
,20,9,Eutychus,PERSON
,20,9,Paul,PERSON
,20,9,third,ORDINAL
,20,10,Paul,PERSON
,20,10,on,PERSON
,20,11,so,PERSON
,20,13,Assos,GPE
,20,13,Paul,PERSON
,20,13,so,PERSON
,20,14,Assos,GPE
,20,14,Mitylene,PERSON
,20,15,the next day,DATE
,20,15,Chios,ORG
,20,15,the next day,DATE
,20,15,Samos,GPE
,20,15,Trogyllium,GPE
,20,15,the next day,DATE
,20,15,Miletus,ORG
,20,16,Paul,PERSON
,20,16,Ephesus,ORG
,20,16,Asia,LOC
,20,16,Jerusalem,GPE
,20,16,the day,DATE
,20,16,Pentecost,PERSON
,20,17,Miletus,ORG
,20,17,Ephesus,ORG
,20,18,Ye,PERSON
,20,18,the first day,DATE
,20,18,Asia,LOC
,20,19,Jews,NORP
,20,21,Jews,NORP
,20,21,Greeks,NORP
,20,21,Jesus Christ,PERSON
,20,22,Jerusalem,GPE
,20,24,so,PERSON
,20,24,Jesus,PERSON
,20,26,this day,DATE
,20,28,the Holy Ghost,FAC
,20,31,three years,DATE
,20,31,every one night,TIME
,20,35,so,PERSON
,20,35,Jesus,PERSON
,20,37,on,PERSON
,20,37,Paul,PERSON
,21,1,Coos,ORG
,21,1,the day,DATE
,21,1,Rhodes,PERSON
,21,1,Patara,PERSON
,21,2,Phenicia,PERSON
,21,3,Cyprus,GPE
,21,3,on,PERSON
,21,3,Syria,GPE
,21,4,seven days,DATE
,21,4,Paul,PERSON
,21,4,Spirit,ORG
,21,4,Jerusalem,GPE
,21,5,on,PERSON
,21,5,on,PERSON
,21,6,one,CARDINAL
,21,7,Tyre,ORG
,21,7,Ptolemais,ORG
,21,7,one day,DATE
,21,8,the next day,DATE
,21,8,Paul's,ORG
,21,8,Caesarea,PERSON
,21,8,Philip,PERSON
,21,8,one,CARDINAL
,21,8,seven,CARDINAL
,21,9,four,CARDINAL
,21,10,Judaea,ORG
,21,10,Agabus,ORG
,21,11,Paul,PERSON
,21,11,the Holy Ghost,WORK_OF_ART
,21,11,So,PERSON
,21,11,Jews,NORP
,21,11,Jerusalem,GPE
,21,11,Gentiles,PRODUCT
,21,12,Jerusalem,GPE
,21,13,Paul,PERSON
,21,13,Jerusalem,GPE
,21,13,Jesus,PERSON
,21,15,those days,DATE
,21,15,Jerusalem,GPE
,21,16,Caesarea,PERSON
,21,16,one,CARDINAL
,21,16,Mnason,PERSON
,21,16,Cyprus,GPE
,21,17,Jerusalem,GPE
,21,18,the day,DATE
,21,18,Paul,PERSON
,21,18,James,PERSON
,21,19,Gentiles,ORG
,21,20,thousands,CARDINAL
,21,20,Jews,NORP
,21,21,Jews,NORP
,21,21,Gentiles,ORG
,21,21,Moses,PERSON
,21,23,four,CARDINAL
,21,23,on,PERSON
,21,25,Gentiles,ORG
,21,26,Paul,PERSON
,21,26,the next day,DATE
,21,27,the seven days,DATE
,21,27,Jews,NORP
,21,27,Asia,LOC
,21,27,on,PERSON
,21,28,Men of Israel,ORG
,21,28,Greeks,NORP
,21,29,Trophimus an Ephesian,LOC
,21,29,Paul,PERSON
,21,30,Paul,PERSON
,21,31,Jerusalem,GPE
,21,32,Paul,PERSON
,21,33,two,CARDINAL
,21,34,one,CARDINAL
,21,35,so,PERSON
,21,37,Paul,PERSON
,21,37,Greek,NORP
,21,38,Egyptian,NORP
,21,38,these days,DATE
,21,38,four thousand,CARDINAL
,21,39,Paul,PERSON
,21,39,Jew,NORP
,21,39,Tarsus,PERSON
,21,39,Cilicia,ORG
,21,40,Paul,PERSON
,21,40,on,PERSON
,21,40,Hebrew,LANGUAGE
,22,2,Hebrew,LANGUAGE
,22,3,Jew,NORP
,22,3,Tarsus,PERSON
,22,3,Cilicia,LOC
,22,3,Gamaliel,GPE
,22,3,this day,DATE
,22,4,death,PERSON
,22,5,Damascus,GPE
,22,5,Jerusalem,GPE
,22,6,Damascus,GPE
,22,6,about noon,TIME
,22,7,Saul,PERSON
,22,7,Saul,PERSON
,22,8,Jesus,PERSON
,22,8,Nazareth,PERSON
,22,10,Damascus,GPE
,22,11,Damascus,GPE
,22,12,one,CARDINAL
,22,12,Ananias,PERSON
,22,12,Jews,NORP
,22,13,Saul,PERSON
,22,13,the same hour,TIME
,22,16,tarriest,PERSON
,22,16,on,PERSON
,22,17,Jerusalem,GPE
,22,18,Jerusalem,GPE
,22,19,on,PERSON
,22,20,Stephen,PERSON
,22,20,death,PERSON
,22,21,Depart,PERSON
,22,24,so,PERSON
,22,25,Paul,PERSON
,22,25,Roman,NORP
,22,26,Roman,NORP
,22,27,Roman,NORP
,22,27,Yea,PERSON
,22,28,Paul,PERSON
,22,29,Roman,NORP
,22,30,On,PERSON
,22,30,Jews,NORP
,22,30,Paul,PERSON
,23,1,Paul,PERSON
,23,1,this day,DATE
,23,2,Ananias,PERSON
,23,2,on,PERSON
,23,3,Paul,PERSON
,23,4,Revilest,PERSON
,23,5,Paul,PERSON
,23,6,Paul,PERSON
,23,6,one,CARDINAL
,23,6,Sadducees,ORG
,23,6,Pharisee,NORP
,23,7,so,PERSON
,23,7,Sadducees,ORG
,23,8,Sadducees,ORG
,23,10,Paul,PERSON
,23,11,the night,TIME
,23,11,Paul,PERSON
,23,11,Jerusalem,GPE
,23,11,so,PERSON
,23,11,Rome,GPE
,23,12,Jews,NORP
,23,12,Paul,PERSON
,23,13,more than forty,CARDINAL
,23,14,Paul,PERSON
,23,16,Paul,PERSON
,23,16,Paul,PERSON
,23,17,Paul,PERSON
,23,17,one,CARDINAL
,23,18,So,PERSON
,23,18,Paul,PERSON
,23,20,Jews,NORP
,23,20,Paul,PERSON
,23,20,morrow,DATE
,23,21,more than forty,CARDINAL
,23,22,So,PERSON
,23,23,two,CARDINAL
,23,23,two hundred,CARDINAL
,23,23,Caesarea,PERSON
,23,23,two hundred,CARDINAL
,23,23,the third hour of the night,TIME
,23,24,Paul,PERSON
,23,24,on,PERSON
,23,24,Felix,PERSON
,23,26,Claudius Lysias,PERSON
,23,26,Felix,PERSON
,23,27,Jews,NORP
,23,27,Roman,NORP
,23,29,death,PERSON
,23,30,Jews,NORP
,23,31,Paul,PERSON
,23,31,Antipatris,GPE
,23,32,On,PERSON
,23,32,morrow,DATE
,23,33,Caesarea,PERSON
,23,33,Paul,PERSON
,23,34,Cilicia,ORG
,23,35,Herod,PERSON
,24,1,five days,DATE
,24,1,Ananias,PERSON
,24,1,Tertullus,PERSON
,24,1,Paul,PERSON
,24,2,Tertullus,ORG
,24,3,Felix,PERSON
,24,5,Jews,NORP
,24,5,Nazarenes,NORP
,24,7,Lysias,PERSON
,24,9,Jews,NORP
,24,9,so,PERSON
,24,10,Paul,PERSON
,24,10,Forasmuch,PERSON
,24,10,many years,DATE
,24,11,twelve days,DATE
,24,11,Jerusalem,GPE
,24,14,so,PERSON
,24,18,Whereupon,ORG
,24,18,Jews,NORP
,24,18,Asia,LOC
,24,21,this day,DATE
,24,22,Felix,PERSON
,24,22,Lysias,PERSON
,24,23,Paul,PERSON
,24,24,Felix,PERSON
,24,24,Drusilla,PERSON
,24,24,Jewess,ORG
,24,24,Paul,PERSON
,24,24,Christ,GPE
,24,25,Felix,PERSON
,24,26,Paul,PERSON
,24,27,two years,DATE
,24,27,Porcius Festus,PERSON
,24,27,Felix,PERSON
,24,27,Felix,PERSON
,24,27,Jews,NORP
,24,27,Paul,PERSON
,25,1,Festus,PERSON
,25,1,three days,DATE
,25,1,Caesarea,PERSON
,25,1,Jerusalem,GPE
,25,2,Jews,NORP
,25,2,Paul,PERSON
,25,3,Jerusalem,GPE
,25,4,Festus,PERSON
,25,4,Paul,PERSON
,25,4,Caesarea,PERSON
,25,6,more than ten days,DATE
,25,6,Caesarea,PERSON
,25,6,the next day,DATE
,25,6,on,PERSON
,25,6,Paul,PERSON
,25,7,Jews,NORP
,25,7,Jerusalem,GPE
,25,7,Paul,ORG
,25,8,Jews,NORP
,25,8,Caesar,PERSON
,25,9,Festus,PERSON
,25,9,Jews,NORP
,25,9,Paul,PERSON
,25,9,Jerusalem,GPE
,25,10,Paul,PERSON
,25,10,Caesar,PERSON
,25,10,Jews,NORP
,25,11,death,PERSON
,25,11,Caesar,PERSON
,25,12,Festus,PERSON
,25,12,Caesar,PERSON
,25,12,Caesar,PERSON
,25,13,Agrippa,PERSON
,25,13,Bernice,PERSON
,25,13,Caesarea,PERSON
,25,13,Festus,PERSON
,25,14,Festus,PERSON
,25,14,Paul,PERSON
,25,14,Felix,PERSON
,25,15,Jerusalem,GPE
,25,15,Jews,NORP
,25,16,Romans,NORP
,25,17,on,PERSON
,25,17,on,PERSON
,25,19,one,CARDINAL
,25,19,Jesus,PERSON
,25,19,Paul,PERSON
,25,20,Jerusalem,GPE
,25,21,Paul,PERSON
,25,21,Augustus,PERSON
,25,21,Caesar,PERSON
,25,22,Agrippa,PERSON
,25,22,Festus,PERSON
,25,23,on,PERSON
,25,23,Agrippa,PERSON
,25,23,Bernice,PERSON
,25,23,Festus,PERSON
,25,23,Paul,PERSON
,25,24,Festus,PERSON
,25,24,King Agrippa,PERSON
,25,24,Jews,NORP
,25,24,Jerusalem,GPE
,25,25,death,PERSON
,25,25,Augustus,PERSON
,25,26,Agrippa,PERSON
,26,1,Agrippa,PERSON
,26,1,Paul,PERSON
,26,1,Paul,PERSON
,26,2,Agrippa,PERSON
,26,2,this day,DATE
,26,2,Jews,NORP
,26,3,Jews,NORP
,26,4,first,ORDINAL
,26,4,Jerusalem,GPE
,26,4,Jews,NORP
,26,5,Pharisee,NORP
,26,7,twelve,CARDINAL
,26,7,Agrippa,PERSON
,26,7,Jews,NORP
,26,9,Jesus of Nazareth,ORG
,26,10,Jerusalem,GPE
,26,10,put,PERSON
,26,10,death,PERSON
,26,12,Whereupon,ORG
,26,12,Damascus,GPE
,26,13,midday,TIME
,26,14,Hebrew,LANGUAGE
,26,14,Saul,PERSON
,26,14,Saul,PERSON
,26,15,Jesus,PERSON
,26,18,Satan,PERSON
,26,19,Whereupon,ORG
,26,19,Agrippa,PERSON
,26,20,first,ORDINAL
,26,20,Damascus,GPE
,26,20,Jerusalem,GPE
,26,20,Judaea,ORG
,26,20,Gentiles,ORG
,26,21,Jews,NORP
,26,22,this day,DATE
,26,22,Moses,PERSON
,26,23,first,ORDINAL
,26,23,Gentiles,PRODUCT
,26,24,Festus,PERSON
,26,24,Paul,PERSON
,26,25,Festus,PERSON
,26,27,Agrippa,PERSON
,26,28,Agrippa,PERSON
,26,28,Paul,PERSON
,26,28,Christian,NORP
,26,29,Paul,PERSON
,26,29,this day,DATE
,26,30,Bernice,PERSON
,26,31,death,PERSON
,26,32,Agrippa,PERSON
,26,32,Festus,PERSON
,26,32,Caesar,PERSON
,27,1,Italy,GPE
,27,1,Paul,PERSON
,27,1,Julius,PERSON
,27,1,Augustus,PERSON
,27,2,Asia,LOC
,27,2,one,CARDINAL
,27,2,Aristarchus,NORP
,27,2,Macedonian,NORP
,27,2,Thessalonica,GPE
,27,3,the next day,DATE
,27,3,Sidon,GPE
,27,3,Julius,PERSON
,27,3,Paul,PERSON
,27,4,Cyprus,GPE
,27,5,Cilicia,LOC
,27,5,Myra,PERSON
,27,5,Lycia,PERSON
,27,6,Alexandria,GPE
,27,6,Italy,GPE
,27,6,put,PERSON
,27,7,many days,DATE
,27,7,Cnidus,PERSON
,27,7,Crete,GPE
,27,7,Salmone,ORG
,27,8,Lasea,GPE
,27,9,Paul,PERSON
,27,11,Paul,PERSON
,27,12,Phenice,ORG
,27,12,winter,DATE
,27,12,Crete,GPE
,27,12,the south west,LOC
,27,13,Crete,GPE
,27,14,Euroclydon,PERSON
,27,16,Clauda,PERSON
,27,17,strake sail,PERSON
,27,17,so,PERSON
,27,18,the next day,DATE
,27,19,the third day,DATE
,27,20,many days,DATE
,27,20,on,PERSON
,27,21,Paul,PERSON
,27,21,Crete,GPE
,27,23,this night,TIME
,27,24,Paul,PERSON
,27,24,Caesar,PERSON
,27,27,fourteenth,ORDINAL
,27,27,Adria,GPE
,27,27,about midnight,TIME
,27,28,twenty fathoms,QUANTITY
,27,28,fifteen fathoms,QUANTITY
,27,29,four,CARDINAL
,27,29,the day,DATE
,27,31,Paul,PERSON
,27,33,the day,DATE
,27,33,on,PERSON
,27,33,Paul,PERSON
,27,33,This day,DATE
,27,33,the fourteenth day,DATE
,27,37,two hundred threescore and sixteen,CARDINAL
,27,41,two,CARDINAL
,27,43,Paul,PERSON
,27,43,first,ORDINAL
,27,44,on,PERSON
,27,44,on,PERSON
,27,44,so,PERSON
,28,1,Melita,PERSON
,28,3,Paul,PERSON
,28,3,on,PERSON
,28,3,on,PERSON
,28,4,on,PERSON
,28,7,the same quarters,DATE
,28,7,Publius,PERSON
,28,7,three days,DATE
,28,8,Publius,PERSON
,28,8,Paul,PERSON
,28,8,on,PERSON
,28,9,So,PERSON
,28,11,three months,DATE
,28,11,Alexandria,GPE
,28,11,Castor and Pollux,WORK_OF_ART
,28,12,Syracuse,GPE
,28,12,three days,DATE
,28,13,Rhegium,PERSON
,28,13,one day,DATE
,28,13,the next day,DATE
,28,13,Puteoli,NORP
,28,14,seven days,DATE
,28,14,so,PERSON
,28,14,Rome,GPE
,28,15,Appii forum,ORG
,28,15,three,CARDINAL
,28,15,Paul,PERSON
,28,16,Rome,GPE
,28,16,Paul,PERSON
,28,17,three days,DATE
,28,17,Paul,PERSON
,28,17,Jews,NORP
,28,17,Jerusalem,GPE
,28,17,Romans,NORP
,28,18,death,PERSON
,28,19,Jews,NORP
,28,19,Caesar,PERSON
,28,20,Israel,GPE
,28,21,Judaea,ORG
,28,23,Jesus,PERSON
,28,23,Moses,PERSON
,28,23,morning,TIME
,28,23,evening,TIME
,28,25,Paul,PERSON
,28,25,the Holy Ghost by Esaias the prophet,WORK_OF_ART
,28,28,Gentiles,ORG
,28,29,Jews,NORP
,28,30,Paul,PERSON
,28,30,two whole years,DATE
,28,31,Jesus Christ,PERSON
,1,1,Paul,PERSON
,1,1,Jesus Christ,PERSON
,1,3,Jesus Christ,PERSON
,1,3,David,PERSON
,1,6,Jesus Christ,PERSON
,1,7,Rome,GPE
,1,7,Grace,PERSON
,1,7,Jesus Christ,PERSON
,1,8,First,ORDINAL
,1,8,Jesus Christ,PERSON
,1,9,Son,PERSON
,1,13,Gentiles,ORG
,1,14,Greeks,NORP
,1,14,Barbarians,NORP
,1,15,So,PERSON
,1,15,Rome,GPE
,1,16,Jew,NORP
,1,16,first,ORDINAL
,1,16,Greek,NORP
,1,20,Godhead,ORG
,1,20,so,PERSON
,1,27,one,CARDINAL
,1,32,death,PERSON
,2,5,the day,DATE
,2,9,Jew,NORP
,2,9,first,ORDINAL
,2,10,Jew,NORP
,2,10,first,ORDINAL
,2,14,Gentiles,ORG
,2,16,the day,DATE
,2,16,Jesus Christ,PERSON
,2,17,Jew,NORP
,2,28,Jew,NORP
,2,29,Jew,NORP
,2,29,one,CARDINAL
,3,1,Jew,NORP
,3,9,Jews,NORP
,3,9,Gentiles,PERSON
,3,22,Jesus Christ,PERSON
,3,24,Jesus,PERSON
,3,26,Jesus,PERSON
,3,29,Jews,NORP
,3,29,Gentiles,ORG
,4,1,Abraham,PERSON
,4,2,Abraham,PERSON
,4,3,Abraham,PERSON
,4,5,on,PERSON
,4,6,David,PERSON
,4,7,Blessed,PERSON
,4,8,Blessed,PERSON
,4,9,Abraham,PERSON
,4,12,Abraham,PERSON
,4,13,Abraham,PERSON
,4,16,Abraham,PERSON
,4,18,So,PERSON
,4,19,about an hundred years old,DATE
,4,19,Sarah,PERSON
,4,24,on,PERSON
,4,24,Jesus,PERSON
,5,1,Jesus Christ,PERSON
,5,3,so,PERSON
,5,5,the Holy Ghost,FAC
,5,6,Christ,GPE
,5,7,one,CARDINAL
,5,10,death,PERSON
,5,10,Son,PERSON
,5,11,so,PERSON
,5,11,Jesus Christ,PERSON
,5,12,one,CARDINAL
,5,12,death,PERSON
,5,12,so,PERSON
,5,12,death,PERSON
,5,14,death,PERSON
,5,14,Adam,PERSON
,5,14,Moses,PERSON
,5,14,Adam,PERSON
,5,15,so,PERSON
,5,15,one,CARDINAL
,5,15,one,CARDINAL
,5,15,Jesus Christ,PERSON
,5,16,so,PERSON
,5,16,one,CARDINAL
,5,17,one,CARDINAL
,5,17,death,PERSON
,5,17,one,CARDINAL
,5,17,one,CARDINAL
,5,17,Jesus Christ,PERSON
,5,18,one,CARDINAL
,5,18,so,PERSON
,5,18,one,CARDINAL
,5,19,one,CARDINAL
,5,19,so,PERSON
,5,19,one,CARDINAL
,5,21,death,PERSON
,5,21,so,PERSON
,5,21,Jesus Christ,PERSON
,6,3,so,PERSON
,6,3,Jesus Christ,PERSON
,6,3,death,PERSON
,6,4,death,PERSON
,6,4,Christ,GPE
,6,4,so,PERSON
,6,5,death,PERSON
,6,8,Christ,GPE
,6,9,Christ,GPE
,6,9,death,PERSON
,6,11,Jesus Christ,PERSON
,6,16,death,PERSON
,6,19,so,PERSON
,6,21,death,PERSON
,6,23,death,PERSON
,6,23,Jesus Christ,PERSON
,7,2,so,PERSON
,7,3,So,PERSON
,7,3,so,PERSON
,7,4,Christ,GPE
,7,5,death,PERSON
,7,10,death,PERSON
,7,13,death,PERSON
,7,13,death,PERSON
,7,15,I.,NORP
,7,24,death,PERSON
,7,25,Jesus Christ,PERSON
,7,25,So,PERSON
,8,1,Christ Jesus,PERSON
,8,1,Spirit,ORG
,8,2,Spirit,ORG
,8,2,Christ,GPE
,8,2,Jesus,PERSON
,8,2,death,PERSON
,8,3,Son,PERSON
,8,4,Spirit,ORG
,8,5,Spirit,ORG
,8,5,Spirit,PRODUCT
,8,6,death,PERSON
,8,8,So,PERSON
,8,9,Spirit,ORG
,8,9,so,PERSON
,8,10,Spirit,ORG
,8,11,Spirit,ORG
,8,11,Jesus,PERSON
,8,11,Christ,GPE
,8,11,Spirit,ORG
,8,13,Spirit,ORG
,8,15,Spirit,ORG
,8,15,Abba,PERSON
,8,16,Spirit,ORG
,8,17,Christ,ORG
,8,17,so,PERSON
,8,23,Spirit,ORG
,8,26,Spirit,ORG
,8,26,Spirit,ORG
,8,27,Spirit,ORG
,8,29,Son,PERSON
,8,32,Son,PERSON
,8,35,Christ,GPE
,8,36,day,DATE
,8,38,death,PERSON
,8,39,Christ Jesus,PERSON
,9,1,Christ,GPE
,9,1,the Holy Ghost,WORK_OF_ART
,9,3,Christ,GPE
,9,4,Israelites,NORP
,9,6,Israel,GPE
,9,6,Israel,GPE
,9,7,Abraham,PERSON
,9,7,Isaac,PERSON
,9,9,Sarah,PERSON
,9,10,Rebecca,PERSON
,9,10,Isaac,PERSON
,9,13,Jacob,PERSON
,9,13,Esau,PERSON
,9,15,Moses,PERSON
,9,15,on,PERSON
,9,15,on,PERSON
,9,16,So,PERSON
,9,17,Pharaoh,PERSON
,9,18,on,PERSON
,9,21,one,CARDINAL
,9,23,on,PERSON
,9,24,Jews,NORP
,9,24,Gentiles,PRODUCT
,9,25,Osee,GPE
,9,26,Ye,PERSON
,9,27,Esaias,PERSON
,9,27,Israel,GPE
,9,27,Israel,GPE
,9,29,Esaias,PERSON
,9,29,Sabaoth,ORG
,9,29,Sodoma,LAW
,9,29,Gomorrha,PERSON
,9,30,Gentiles,ORG
,9,31,Israel,GPE
,9,33,Behold,PERSON
,9,33,Sion,PERSON
,9,33,on,PERSON
,10,1,Israel,GPE
,10,4,Christ,GPE
,10,5,Moses,PERSON
,10,6,on,PERSON
,10,6,Christ,GPE
,10,7,Christ,GPE
,10,9,Jesus,PERSON
,10,11,on,PERSON
,10,12,Jew,NORP
,10,12,Greek,NORP
,10,14,on,PERSON
,10,16,Esaias,PERSON
,10,17,So,PERSON
,10,19,Israel,GPE
,10,19,First,ORDINAL
,10,19,Moses,PERSON
,10,20,Esaias,PERSON
,10,21,Israel,GPE
,11,1,Hath God,PERSON
,11,1,Israelite,NORP
,11,1,Abraham,PERSON
,11,1,Benjamin,PERSON
,11,2,Elias,PERSON
,11,2,Israel,GPE
,11,4,seven thousand,CARDINAL
,11,4,Baal,PERSON
,11,5,so,PERSON
,11,7,Israel,GPE
,11,8,God,PERSON
,11,8,this day,DATE
,11,9,David,PERSON
,11,12,Gentiles,ORG
,11,13,Gentiles,PERSON
,11,16,so,PERSON
,11,22,on,PERSON
,11,25,Israel,GPE
,11,26,so,PERSON
,11,26,Israel,GPE
,11,26,Jacob,PERSON
,11,31,so,PERSON
,11,35,first,ORDINAL
,12,4,one,CARDINAL
,12,5,So,PERSON
,12,5,one,CARDINAL
,12,5,Christ,GPE
,12,5,one,CARDINAL
,12,5,one,CARDINAL
,12,7,on,PERSON
,12,7,on,PERSON
,12,8,on,PERSON
,12,16,one,CARDINAL
,12,20,so,PERSON
,12,20,on,PERSON
,13,12,the day,DATE
,13,12,put,PERSON
,13,12,on,PERSON
,13,13,the day,DATE
,13,14,put,PERSON
,13,14,on,PERSON
,13,14,Jesus Christ,PERSON
,14,2,one,CARDINAL
,14,5,One,CARDINAL
,14,5,one day,DATE
,14,5,every day,DATE
,14,6,the day,DATE
,14,9,Christ,GPE
,14,10,Christ,GPE
,14,12,So,PERSON
,14,13,put,PERSON
,14,14,Jesus,PERSON
,14,17,the Holy Ghost,FAC
,14,19,one,CARDINAL
,15,3,on,PERSON
,15,5,Jesus,PERSON
,15,6,one,CARDINAL
,15,6,one,CARDINAL
,15,6,Jesus Christ,PERSON
,15,7,Christ,ORG
,15,8,Jesus Christ,PERSON
,15,9,Gentiles,ORG
,15,9,Gentiles,ORG
,15,12,Esaias,PERSON
,15,12,Jesse,PERSON
,15,12,Gentiles,ORG
,15,12,Gentiles,ORG
,15,13,the Holy Ghost,FAC
,15,16,Jesus Christ,PERSON
,15,16,Gentiles,ORG
,15,16,the Holy Ghost,WORK_OF_ART
,15,17,Jesus Christ,PERSON
,15,18,Christ,ORG
,15,19,so,PERSON
,15,19,Jerusalem,GPE
,15,19,Illyricum,PERSON
,15,19,Christ,GPE
,15,20,so,PERSON
,15,23,these many years,DATE
,15,24,Spain,GPE
,15,24,on,PERSON
,15,25,Jerusalem,GPE
,15,26,Macedonia,GPE
,15,26,Achaia,GPE
,15,26,Jerusalem,GPE
,15,27,Gentiles,ORG
,15,28,Spain,GPE
,15,29,Christ,GPE
,15,30,Jesus Christ,PERSON
,15,30,Spirit,ORG
,15,31,Judaea,ORG
,15,31,Jerusalem,GPE
,16,1,Phebe,PERSON
,16,3,Priscilla,PERSON
,16,3,Aquila,PERSON
,16,3,Christ,GPE
,16,3,Jesus,PERSON
,16,4,Gentiles,PRODUCT
,16,5,Epaenetus,ORG
,16,5,Achaia unto Christ,ORG
,16,6,Mary,PERSON
,16,6,on,PERSON
,16,7,Andronicus,PERSON
,16,7,Junia,ORG
,16,7,Christ,GPE
,16,9,Christ,GPE
,16,9,Stachys,GPE
,16,10,Salute Apelles,PERSON
,16,10,Christ,GPE
,16,10,Aristobulus,PERSON
,16,11,Narcissus,PERSON
,16,12,Tryphosa,PERSON
,16,12,Persis,PERSON
,16,13,Salute Rufus,ORG
,16,14,Salute Asyncritus,ORG
,16,14,Phlegon,ORG
,16,14,"Hermas, Patrobas",ORG
,16,14,Hermes,ORG
,16,15,Salute Philologus,ORG
,16,15,Julia,PERSON
,16,15,Nereus,GPE
,16,15,Olympas,PERSON
,16,16,Salute,ORG
,16,18,Jesus Christ,PERSON
,16,19,on,PERSON
,16,20,Satan,PERSON
,16,20,Jesus Christ,PERSON
,16,21,Lucius,PERSON
,16,21,Jason,PERSON
,16,21,Sosipater,PERSON
,16,22,Tertius,PERSON
,16,23,Gaius,PERSON
,16,23,Erastus,PERSON
,16,23,Quartus,PRODUCT
,16,24,Jesus Christ,PERSON
,16,25,Jesus Christ,PERSON
,16,27,Jesus Christ,PERSON
,1,1,Paul,PERSON
,1,1,Jesus Christ,PERSON
,1,1,Sosthenes,NORP
,1,2,Corinth,GPE
,1,2,Christ Jesus,PERSON
,1,2,Jesus Christ,PERSON
,1,3,Grace,PERSON
,1,3,Jesus Christ,PERSON
,1,4,on,PERSON
,1,4,Jesus Christ,PERSON
,1,6,Christ,GPE
,1,7,So,PERSON
,1,7,Jesus Christ,PERSON
,1,8,the day,DATE
,1,8,Jesus Christ,PERSON
,1,9,Jesus Christ,PERSON
,1,10,Jesus Christ,PERSON
,1,11,Chloe,PERSON
,1,12,Paul,PERSON
,1,12,Apollos,PERSON
,1,12,Cephas,PERSON
,1,13,Paul,PERSON
,1,13,Paul,PERSON
,1,14,Crispus,PERSON
,1,14,Gaius,PERSON
,1,16,Stephanas,GPE
,1,17,Christ,GPE
,1,22,Jews,NORP
,1,22,Greeks,NORP
,1,23,Jews,NORP
,1,23,Greeks,NORP
,1,24,Jews,NORP
,1,24,Greeks,NORP
,1,24,Christ,GPE
,1,30,Christ Jesus,PERSON
,2,2,Jesus Christ,PERSON
,2,4,Spirit,ORG
,2,9,Eye,PERSON
,2,10,Spirit,ORG
,2,10,Spirit,ORG
,2,11,so,PERSON
,2,13,the Holy Ghost teacheth,WORK_OF_ART
,2,16,Christ,GPE
,3,1,Christ,GPE
,3,4,Paul,PERSON
,3,4,Apollos,PERSON
,3,5,Paul,PERSON
,3,5,Apollos,PERSON
,3,6,Apollos,PERSON
,3,7,So,PERSON
,3,8,one,CARDINAL
,3,11,Jesus Christ,PERSON
,3,13,the day,DATE
,3,15,so,PERSON
,3,22,Paul,PERSON
,3,22,Apollos,PERSON
,3,22,Cephas,PERSON
,3,22,death,PERSON
,3,23,Christ,ORG
,4,1,so,PERSON
,4,1,Christ,GPE
,4,6,Apollos,PERSON
,4,9,death,PERSON
,4,10,Christ,ORG
,4,10,Christ,GPE
,4,11,this present hour,TIME
,4,13,this day,DATE
,4,15,ten thousand,CARDINAL
,4,15,Christ,GPE
,4,15,Jesus,PERSON
,4,17,Timotheus,PERSON
,4,17,Christ,GPE
,5,1,so,PERSON
,5,1,Gentiles,ORG
,5,3,so,PERSON
,5,4,Jesus Christ,PERSON
,5,4,Jesus Christ,PERSON
,5,5,Satan,PERSON
,5,5,the day,DATE
,5,5,Jesus,PERSON
,5,11,one,CARDINAL
,5,13,put,PERSON
,6,5,so,PERSON
,6,11,Jesus,PERSON
,6,11,Spirit,ORG
,6,15,Christ,GPE
,6,15,Christ,GPE
,6,16,one,CARDINAL
,6,16,two,CARDINAL
,6,17,one,CARDINAL
,7,5,Satan,PERSON
,7,8,I.,ORG
,7,11,put,PERSON
,7,12,put,PERSON
,7,17,so,PERSON
,7,17,so,PERSON
,7,22,freeman,PERSON
,7,22,Christ,ORG
,7,26,so,PERSON
,7,36,so,PERSON
,7,37,so,PERSON
,7,38,So,PERSON
,7,40,so,PERSON
,8,6,one,CARDINAL
,8,6,one,CARDINAL
,8,6,Jesus Christ,PERSON
,8,7,this hour,TIME
,8,12,so,PERSON
,8,12,Christ,GPE
,9,1,Jesus Christ,PERSON
,9,5,Cephas,PERSON
,9,6,Barnabas,PERSON
,9,9,Moses,PERSON
,9,12,Christ,GPE
,9,14,so,PERSON
,9,15,so,PERSON
,9,18,Christ,GPE
,9,20,Jews,NORP
,9,20,Jew,NORP
,9,20,Jews,NORP
,9,24,So,PERSON
,9,26,so,PERSON
,9,26,so,PERSON
,10,2,Moses,PERSON
,10,4,Rock was Christ,ORG
,10,8,one day,DATE
,10,8,twenty thousand,CARDINAL
,10,9,Christ,GPE
,10,16,Christ,GPE
,10,16,Christ,GPE
,10,17,one,CARDINAL
,10,17,one,CARDINAL
,10,17,one,CARDINAL
,10,18,Israel,GPE
,10,20,Gentiles,ORG
,10,21,Ye,PERSON
,10,32,Jews,NORP
,10,32,Gentiles,ORG
,11,1,Christ,GPE
,11,3,Christ,GPE
,11,3,Christ,GPE
,11,10,on,PERSON
,11,12,so,PERSON
,11,18,first,ORDINAL
,11,20,one,CARDINAL
,11,23,Jesus,PERSON
,11,26,death,PERSON
,11,28,so,PERSON
,11,29,drinketh,ORG
,12,2,Gentiles,PERSON
,12,3,Jesus,PERSON
,12,3,Jesus,PERSON
,12,3,the Holy Ghost,WORK_OF_ART
,12,4,Spirit,ORG
,12,7,Spirit,ORG
,12,8,Spirit,ORG
,12,8,Spirit,ORG
,12,9,Spirit,ORG
,12,9,Spirit,ORG
,12,12,one,CARDINAL
,12,12,one,CARDINAL
,12,12,so,PERSON
,12,12,Christ,ORG
,12,13,one,CARDINAL
,12,13,one,CARDINAL
,12,13,Jews,NORP
,12,13,Gentiles,ORG
,12,13,Spirit,PRODUCT
,12,14,one,CARDINAL
,12,19,one,CARDINAL
,12,20,one,CARDINAL
,12,26,one,CARDINAL
,12,26,one,CARDINAL
,12,27,Christ,GPE
,12,28,first,ORDINAL
,12,28,thirdly,ORDINAL
,13,2,so,PERSON
,13,7,Beareth,PERSON
,13,11,put,PERSON
,13,13,three,CARDINAL
,14,9,So,PERSON
,14,10,so,PERSON
,14,12,so,PERSON
,14,19,five,CARDINAL
,14,19,ten thousand,CARDINAL
,14,23,one,CARDINAL
,14,24,one,CARDINAL
,14,25,so,PERSON
,14,25,on,PERSON
,14,27,two,CARDINAL
,14,27,three,CARDINAL
,14,29,two,CARDINAL
,14,29,three,CARDINAL
,14,30,first,ORDINAL
,14,31,one,CARDINAL
,15,3,first,ORDINAL
,15,4,the third day,DATE
,15,5,Cephas,PERSON
,15,5,twelve,CARDINAL
,15,6,five hundred,CARDINAL
,15,7,James,PERSON
,15,8,one,CARDINAL
,15,11,so,PERSON
,15,11,so,PERSON
,15,13,Christ,GPE
,15,15,so,PERSON
,15,18,Christ,GPE
,15,19,Christ,GPE
,15,20,Christ,GPE
,15,21,death,PERSON
,15,22,Adam,PERSON
,15,22,so,PERSON
,15,22,Christ,GPE
,15,23,Christ,ORG
,15,24,put,PERSON
,15,25,put,PERSON
,15,26,death,PERSON
,15,27,put,PERSON
,15,27,put,PERSON
,15,27,put,PERSON
,15,28,Son,PERSON
,15,28,put,PERSON
,15,30,every hour,TIME
,15,31,Jesus,PERSON
,15,31,daily,DATE
,15,32,Ephesus,GPE
,15,39,one,CARDINAL
,15,41,one,CARDINAL
,15,42,So,PERSON
,15,45,so,PERSON
,15,45,first,ORDINAL
,15,45,Adam,PERSON
,15,45,Adam,PERSON
,15,46,first,ORDINAL
,15,47,first,ORDINAL
,15,47,second,ORDINAL
,15,53,put,PERSON
,15,53,on,PERSON
,15,53,put,PERSON
,15,53,on,PERSON
,15,54,So,PERSON
,15,54,put,PERSON
,15,54,on,PERSON
,15,54,put,PERSON
,15,54,on,PERSON
,15,54,Death,PERSON
,15,55,death,PERSON
,15,56,death,PERSON
,15,57,Jesus Christ,PERSON
,16,1,Galatia,GPE
,16,1,so,PERSON
,16,2,the first day of the week,DATE
,16,3,Jerusalem,GPE
,16,5,Macedonia,GPE
,16,5,Macedonia,GPE
,16,6,on,PERSON
,16,8,Ephesus,FAC
,16,8,Pentecost,PERSON
,16,10,Timotheus,GPE
,16,12,Apollos,PERSON
,16,15,Stephanas,GPE
,16,15,Achaia,GPE
,16,15,the ministry of the saints,ORG
,16,17,Stephanas,GPE
,16,17,Fortunatus,GPE
,16,17,Achaicus,ORG
,16,17,on,PERSON
,16,19,Asia,LOC
,16,19,Aquila,PERSON
,16,19,Priscilla,PERSON
,16,21,Paul,PERSON
,16,22,Jesus Christ,PERSON
,16,23,Jesus Christ,PERSON
,16,24,Jesus,PERSON
,1,1,Paul,PERSON
,1,1,Jesus Christ,PERSON
,1,1,Timothy,PERSON
,1,1,Corinth,GPE
,1,2,Grace,PERSON
,1,2,Jesus Christ,PERSON
,1,3,Jesus Christ,PERSON
,1,5,so,PERSON
,1,5,Christ,GPE
,1,7,so,PERSON
,1,8,Asia,LOC
,1,9,death,PERSON
,1,10,so,PERSON
,1,10,death,PERSON
,1,11,Ye,PERSON
,1,11,on,PERSON
,1,14,the day,DATE
,1,14,Jesus,PERSON
,1,15,second,ORDINAL
,1,16,Macedonia,GPE
,1,16,Macedonia,GPE
,1,16,on,PERSON
,1,16,Judaea,ORG
,1,19,Jesus Christ,PERSON
,1,19,Silvanus,PERSON
,1,19,Timotheus,GPE
,1,21,Christ,GPE
,1,22,Spirit,ORG
,1,23,Corinth,GPE
,2,7,So,PERSON
,2,10,Christ,GPE
,2,11,Satan,PERSON
,2,12,Troas,PERSON
,2,13,Titus,PERSON
,2,13,Macedonia,GPE
,2,14,Christ,GPE
,2,15,Christ,GPE
,2,16,death,PERSON
,2,16,death,PERSON
,2,17,Christ,GPE
,3,3,Forasmuch,PERSON
,3,3,Spirit,ORG
,3,4,Christ,GPE
,3,7,death,PERSON
,3,7,so,PERSON
,3,7,Israel,GPE
,3,7,Moses,PERSON
,3,13,Moses,PERSON
,3,13,put,PERSON
,3,13,vail,GPE
,3,13,Israel,GPE
,3,14,this day,DATE
,3,14,vail,GPE
,3,14,vail,GPE
,3,14,Christ,GPE
,3,15,this day,DATE
,3,15,Moses,PERSON
,3,15,vail,GPE
,3,16,vail,GPE
,3,17,Spirit,ORG
,3,18,Spirit,ORG
,4,4,Christ,GPE
,4,5,Christ Jesus,PERSON
,4,5,Jesus,PERSON
,4,6,Jesus Christ,PERSON
,4,8,on,PERSON
,4,10,Jesus,PERSON
,4,10,Jesus,PERSON
,4,11,death,PERSON
,4,11,Jesus,PERSON
,4,11,Jesus,PERSON
,4,12,So,PERSON
,4,12,death,PERSON
,4,14,Jesus,PERSON
,4,14,Jesus,PERSON
,4,16,day,DATE
,5,3,so,PERSON
,5,5,Spirit,PRODUCT
,5,10,Christ,ORG
,5,12,on,PERSON
,5,14,Christ,GPE
,5,17,Christ,GPE
,5,18,Jesus Christ,PERSON
,5,18,the ministry of reconciliation,ORG
,5,19,Christ,GPE
,5,20,Christ,GPE
,5,20,Christ,GPE
,6,2,the day,DATE
,6,2,the day,DATE
,6,6,the Holy Ghost,FAC
,6,7,on,PERSON
,6,7,on,PERSON
,6,11,Corinthians,PERSON
,6,15,concord,GPE
,6,15,Christ,GPE
,6,15,Belial,PERSON
,7,5,Macedonia,GPE
,7,5,on,PERSON
,7,6,Titus,PERSON
,7,7,so,PERSON
,7,8,a season,DATE
,7,10,death,PERSON
,7,13,Titus,PERSON
,7,14,so,PERSON
,7,14,Titus,PERSON
,8,1,on,PERSON
,8,1,Macedonia,GPE
,8,5,first,ORDINAL
,8,6,Titus,PERSON
,8,6,so,PERSON
,8,9,Jesus Christ,PERSON
,8,10,a year ago,DATE
,8,11,so,PERSON
,8,12,first,ORDINAL
,8,16,put,PERSON
,8,16,Titus,PERSON
,8,23,Titus,PERSON
,8,23,Christ,GPE
,8,24,on,PERSON
,9,2,Macedonia,GPE
,9,2,Achaia,GPE
,9,2,a year ago,DATE
,9,4,Macedonia,GPE
,9,7,so,PERSON
,9,11,thanksgiving,DATE
,9,13,Christ,GPE
,10,1,Paul,PERSON
,10,1,Christ,GPE
,10,5,Christ,GPE
,10,7,on,PERSON
,10,7,so,PERSON
,11,2,one,CARDINAL
,11,2,Christ,GPE
,11,3,Eve,PERSON
,11,3,so,PERSON
,11,3,Christ,GPE
,11,4,Jesus,PERSON
,11,9,Macedonia,GPE
,11,9,so,PERSON
,11,10,Christ,GPE
,11,10,Achaia,GPE
,11,13,Christ,GPE
,11,14,Satan,PERSON
,11,20,on,PERSON
,11,22,Hebrews,LOC
,11,22,so,PERSON
,11,22,I.,PERSON
,11,22,Israelites,NORP
,11,22,so,PERSON
,11,22,I.,PERSON
,11,22,Abraham,PERSON
,11,22,so,PERSON
,11,22,I.,PERSON
,11,23,Christ,GPE
,11,24,Jews,NORP
,11,24,five,CARDINAL
,11,24,forty,CARDINAL
,11,24,one,CARDINAL
,11,25,a night and a day,TIME
,11,28,daily,DATE
,11,31,Jesus Christ,PERSON
,11,32,Damascus,GPE
,11,32,Aretas,ORG
,12,2,Christ,GPE
,12,2,fourteen years ago,DATE
,12,2,one,CARDINAL
,12,2,third,ORDINAL
,12,7,Satan,PERSON
,12,9,Christ,GPE
,12,10,Christ,ORG
,12,14,third,ORDINAL
,12,16,so,PERSON
,12,18,Titus,PERSON
,12,18,Titus,PERSON
,13,1,third,ORDINAL
,13,1,two,CARDINAL
,13,1,three,CARDINAL
,13,2,second,ORDINAL
,13,3,Christ,GPE
,13,5,Jesus Christ,PERSON
,13,11,one,CARDINAL
,13,12,one,CARDINAL
,13,14,Jesus Christ,PERSON
,13,14,the Holy Ghost,FAC
,1,1,Paul,PERSON
,1,1,Jesus Christ,PERSON
,1,2,Galatia,PERSON
,1,3,Grace,PERSON
,1,3,Jesus Christ,PERSON
,1,6,so,PERSON
,1,7,Christ,GPE
,1,9,so,PERSON
,1,10,Christ,GPE
,1,12,Jesus Christ,PERSON
,1,13,Jews,NORP
,1,14,Jews,NORP
,1,16,Son,PERSON
,1,17,Jerusalem,GPE
,1,17,Arabia,GPE
,1,17,Damascus,GPE
,1,18,three years,DATE
,1,18,Jerusalem,GPE
,1,18,Peter,PERSON
,1,18,fifteen days,DATE
,1,19,James the Lord,PERSON
,1,21,Syria,GPE
,1,21,Cilicia,ORG
,1,22,Judaea,ORG
,2,1,fourteen years,DATE
,2,1,Jerusalem,GPE
,2,1,Barnabas,PERSON
,2,1,Titus,PERSON
,2,2,Gentiles,ORG
,2,3,Titus,PERSON
,2,3,Greek,NORP
,2,4,Christ Jesus,PERSON
,2,5,an hour,TIME
,2,7,Peter,PERSON
,2,8,Peter,PERSON
,2,9,James,PERSON
,2,9,Cephas,PERSON
,2,9,John,PERSON
,2,9,Barnabas,PERSON
,2,11,Peter,PERSON
,2,11,Antioch,GPE
,2,12,James,PERSON
,2,13,Jews,NORP
,2,13,Barnabas,PERSON
,2,14,Peter,PERSON
,2,14,Jew,NORP
,2,14,Gentiles,ORG
,2,14,Jews,NORP
,2,14,Gentiles,ORG
,2,14,Jews,NORP
,2,15,Jews,NORP
,2,15,Gentiles,PRODUCT
,2,16,Jesus Christ,PERSON
,2,16,Jesus Christ,PERSON
,2,16,Christ,GPE
,2,17,Christ,ORG
,2,21,Christ,ORG
,3,1,Galatians,NORP
,3,1,Jesus Christ,PERSON
,3,2,Spirit,ORG
,3,3,so,PERSON
,3,3,Spirit,ORG
,3,4,so,PERSON
,3,5,Spirit,ORG
,3,6,Abraham,PERSON
,3,7,Abraham,PERSON
,3,8,Abraham,PERSON
,3,9,So,PERSON
,3,9,Abraham,PERSON
,3,13,on,PERSON
,3,14,Abraham,PERSON
,3,14,on,PERSON
,3,14,Gentiles,PERSON
,3,14,Jesus Christ,PERSON
,3,14,Spirit,ORG
,3,16,Abraham,PERSON
,3,16,Christ,ORG
,3,17,Christ,GPE
,3,17,four hundred and thirty years,DATE
,3,18,Abraham,PERSON
,3,22,Jesus Christ,PERSON
,3,24,Christ,PERSON
,3,26,Jesus,PERSON
,3,27,Christ,GPE
,3,27,put,PERSON
,3,27,on,PERSON
,3,28,Jew,NORP
,3,28,Greek,NORP
,3,28,Christ Jesus,PERSON
,3,29,Abraham,PERSON
,4,3,so,PERSON
,4,4,Son,PERSON
,4,6,Spirit,ORG
,4,6,Son,PERSON
,4,6,Abba,PERSON
,4,7,Christ,GPE
,4,10,months,DATE
,4,13,first,ORDINAL
,4,14,Christ Jesus,PERSON
,4,22,Abraham,PERSON
,4,22,two,CARDINAL
,4,24,two,CARDINAL
,4,24,Agar,PERSON
,4,25,Agar,LOC
,4,25,mount Sinai,GPE
,4,25,Arabia,GPE
,4,25,Jerusalem,GPE
,4,26,Jerusalem,GPE
,4,28,Isaac,PERSON
,4,29,Spirit,ORG
,4,29,so,PERSON
,4,31,So,PERSON
,5,2,Paul,PERSON
,5,5,Spirit,ORG
,5,6,Jesus Christ,PERSON
,5,7,Ye,PERSON
,5,15,one,CARDINAL
,5,16,Walk,PERSON
,5,16,Spirit,ORG
,5,17,Spirit,ORG
,5,17,Spirit,ORG
,5,17,so,PERSON
,5,18,Spirit,ORG
,5,22,Spirit,ORG
,5,24,Christ,ORG
,5,25,Spirit,ORG
,5,25,Spirit,ORG
,6,2,so,PERSON
,6,8,Spirit,ORG
,6,8,Spirit,ORG
,6,9,season,DATE
,6,12,Christ,GPE
,6,14,Jesus Christ,PERSON
,6,15,Jesus,PERSON
,6,16,on,PERSON
,6,16,Israel,GPE
,6,17,Jesus,PERSON
,6,18,Jesus Christ,PERSON
,1,1,Paul,PERSON
,1,1,Jesus Christ,PERSON
,1,1,Ephesus,FAC
,1,1,Jesus,PERSON
,1,2,Grace,PERSON
,1,2,Jesus Christ,PERSON
,1,3,Jesus Christ,PERSON
,1,3,Christ,GPE
,1,5,Jesus Christ,PERSON
,1,10,Christ,GPE
,1,10,on,PERSON
,1,12,first,ORDINAL
,1,12,Christ,GPE
,1,15,Jesus,PERSON
,1,17,Jesus Christ,PERSON
,1,20,Christ,GPE
,1,22,put,PERSON
,2,5,Christ,GPE
,2,6,Christ,GPE
,2,6,Jesus,PERSON
,2,7,Christ Jesus,PERSON
,2,10,Jesus,PERSON
,2,11,Uncircumcision,PERSON
,2,12,Israel,GPE
,2,13,Christ,GPE
,2,13,Jesus,PERSON
,2,13,Christ,GPE
,2,14,us,GPE
,2,15,one,CARDINAL
,2,15,so,PERSON
,2,16,one,CARDINAL
,2,18,one,CARDINAL
,2,20,Jesus Christ,PERSON
,2,22,Spirit,PRODUCT
,3,1,Paul,PERSON
,3,1,Jesus Christ,PERSON
,3,1,Gentiles,PERSON
,3,5,Spirit,ORG
,3,6,Gentiles,ORG
,3,6,Christ,GPE
,3,7,Whereof,ORG
,3,8,Gentiles,ORG
,3,8,Christ,GPE
,3,9,Jesus Christ,PERSON
,3,11,Christ Jesus,PERSON
,3,14,Jesus Christ,PERSON
,3,16,Spirit,ORG
,3,17,Christ,GPE
,3,18,May,DATE
,3,19,Christ,GPE
,3,20,us,GPE
,3,21,Christ Jesus,PERSON
,4,3,Spirit,ORG
,4,4,one,CARDINAL
,4,4,one,CARDINAL
,4,4,Spirit,ORG
,4,5,One,CARDINAL
,4,5,one,CARDINAL
,4,5,one,CARDINAL
,4,6,One,CARDINAL
,4,7,Christ,GPE
,4,8,on,PERSON
,4,9,first,ORDINAL
,4,20,so,PERSON
,4,20,Christ,ORG
,4,21,so,PERSON
,4,21,Jesus,PERSON
,4,22,put,PERSON
,4,24,put,PERSON
,4,24,on,PERSON
,4,25,one,CARDINAL
,4,30,the day,DATE
,4,31,put,PERSON
,5,2,Christ,ORG
,5,5,Christ,GPE
,5,9,Spirit,ORG
,5,14,Awake,PERSON
,5,16,the days,DATE
,5,18,Spirit,ORG
,5,20,Jesus Christ,PERSON
,5,23,Christ,ORG
,5,24,so,PERSON
,5,25,Christ,ORG
,5,28,So,PERSON
,5,31,two,CARDINAL
,5,33,so,PERSON
,6,2,first,ORDINAL
,6,3,on,PERSON
,6,6,Christ,GPE
,6,11,Put,PERSON
,6,11,on,PERSON
,6,14,on,PERSON
,6,17,Spirit,ORG
,6,18,Spirit,ORG
,6,21,Tychicus,ORG
,6,23,Jesus Christ,PERSON
,6,24,Grace,PERSON
,6,24,Jesus Christ,PERSON
,1,1,Paul,PERSON
,1,1,Timotheus,GPE
,1,1,Jesus Christ,PERSON
,1,1,Christ Jesus,PERSON
,1,1,Philippi,GPE
,1,2,Grace,PERSON
,1,2,Jesus Christ,PERSON
,1,5,the first day,DATE
,1,6,the day,DATE
,1,6,Jesus Christ,PERSON
,1,8,Jesus Christ,PERSON
,1,10,the day,DATE
,1,10,Christ,GPE
,1,11,Jesus Christ,PERSON
,1,13,So,PERSON
,1,13,Christ,GPE
,1,16,one,CARDINAL
,1,18,Christ,PERSON
,1,19,Spirit,ORG
,1,19,Jesus Christ,PERSON
,1,20,so,PERSON
,1,20,death,PERSON
,1,21,Christ,GPE
,1,23,two,CARDINAL
,1,23,Christ,ORG
,1,26,Jesus Christ,PERSON
,1,27,one,CARDINAL
,1,27,one,CARDINAL
,1,29,Christ,ORG
,1,29,on,PERSON
,2,1,Christ,GPE
,2,1,Spirit,ORG
,2,2,one,CARDINAL
,2,2,one,CARDINAL
,2,4,on,PERSON
,2,4,on,PERSON
,2,5,Jesus,PERSON
,2,8,death,PERSON
,2,8,death,PERSON
,2,10,Jesus,PERSON
,2,11,Jesus Christ,PERSON
,2,16,the day,DATE
,2,16,Christ,GPE
,2,19,Jesus,PERSON
,2,19,Timotheus,GPE
,2,21,Jesus Christ's,PERSON
,2,23,so,PERSON
,2,25,Epaphroditus,ORG
,2,27,death,PERSON
,2,27,on,PERSON
,2,27,on,PERSON
,2,27,on,PERSON
,2,30,death,PERSON
,3,3,Christ Jesus,PERSON
,3,5,the eighth day,DATE
,3,5,Israel,GPE
,3,5,Benjamin,PERSON
,3,5,Hebrew,LANGUAGE
,3,5,Hebrews,NORP
,3,5,Pharisee,NORP
,3,7,Christ,GPE
,3,8,Christ Jesus,PERSON
,3,8,Christ,GPE
,3,9,Christ,GPE
,3,10,death,PERSON
,3,12,Christ Jesus,PERSON
,3,14,Jesus,PERSON
,3,17,so,PERSON
,3,20,Jesus Christ,PERSON
,4,1,so,PERSON
,4,2,Euodias,PERSON
,4,2,Syntyche,ORG
,4,3,Clement,PERSON
,4,7,Christ Jesus,ORG
,4,8,on,PERSON
,4,13,Christ,GPE
,4,15,Philippians,NORP
,4,15,Macedonia,GPE
,4,16,Thessalonica,GPE
,4,18,Epaphroditus,ORG
,4,19,Christ Jesus,PERSON
,4,21,Jesus,PERSON
,4,22,Caesar,PERSON
,4,23,Jesus Christ,PERSON
,1,1,Paul,PERSON
,1,1,Jesus Christ,PERSON
,1,1,Timotheus,GPE
,1,2,Christ,GPE
,1,2,Colosse,ORG
,1,2,Grace,PERSON
,1,2,Jesus Christ,PERSON
,1,3,Jesus Christ,PERSON
,1,4,Christ Jesus,PERSON
,1,7,Epaphras,ORG
,1,7,Christ,GPE
,1,8,Spirit,ORG
,1,9,the day,DATE
,1,13,Son,PERSON
,1,22,death,PERSON
,1,23,Paul,PERSON
,1,27,Gentiles,ORG
,1,28,Christ,GPE
,1,28,Jesus,PERSON
,1,29,Whereunto,PERSON
,2,1,Laodicea,ORG
,2,2,Christ,GPE
,2,5,Christ,GPE
,2,6,Christ Jesus,PERSON
,2,6,so,PERSON
,2,7,thanksgiving,DATE
,2,8,Christ,GPE
,2,9,Godhead,PERSON
,2,16,the sabbath days,DATE
,2,17,Christ,GPE
,3,1,Christ,GPE
,3,1,on,PERSON
,3,2,on,PERSON
,3,2,on,PERSON
,3,2,on,PERSON
,3,4,Christ,PERSON
,3,6,on,PERSON
,3,8,put,PERSON
,3,9,put,PERSON
,3,10,put,PERSON
,3,10,on,PERSON
,3,11,Greek,NORP
,3,11,Jew,NORP
,3,11,Scythian,NORP
,3,11,Christ,PERSON
,3,12,Put,PERSON
,3,12,on,PERSON
,3,13,so,PERSON
,3,14,put,PERSON
,3,14,on,PERSON
,3,15,one,CARDINAL
,3,16,Christ,GPE
,3,17,Jesus,PERSON
,4,1,a Master in heaven,WORK_OF_ART
,4,7,Tychicus,ORG
,4,9,Onesimus,GPE
,4,10,Aristarchus,NORP
,4,10,Marcus,PERSON
,4,10,Barnabas,PERSON
,4,11,Jesus,PERSON
,4,11,Justus,ORG
,4,12,Christ,GPE
,4,13,Laodicea,ORG
,4,13,Hierapolis,GPE
,4,14,Luke,PERSON
,4,14,Demas,ORG
,4,15,Laodicea,ORG
,4,15,Nymphas,GPE
,4,16,Laodiceans,NORP
,4,16,Laodicea,ORG
,4,17,Archippus,PERSON
,4,18,Paul,PERSON
,1,1,Paul,PERSON
,1,1,Silvanus,PERSON
,1,1,Timotheus,GPE
,1,1,Thessalonians,NORP
,1,1,Jesus Christ,PERSON
,1,1,Grace,PERSON
,1,1,Jesus Christ,PERSON
,1,3,Jesus Christ,PERSON
,1,5,the Holy Ghost,LOC
,1,6,the Holy Ghost:,WORK_OF_ART
,1,7,So,PERSON
,1,7,Macedonia,GPE
,1,7,Achaia,GPE
,1,8,Macedonia,GPE
,1,8,Achaia,GPE
,1,8,so,PERSON
,1,10,Son,PERSON
,1,10,Jesus,PERSON
,2,2,Philippi,GPE
,2,4,put,PERSON
,2,4,so,PERSON
,2,6,Christ,GPE
,2,8,So,PERSON
,2,14,Judaea,ORG
,2,14,Jesus,PERSON
,2,14,Jews,NORP
,2,15,Jesus,PERSON
,2,16,Gentiles,ORG
,2,18,Paul,PERSON
,2,18,Satan,PERSON
,2,19,Jesus Christ,PERSON
,3,1,Athens,GPE
,3,2,Timotheus,PERSON
,3,2,Christ,GPE
,3,6,Timotheus,GPE
,3,11,Jesus Christ,PERSON
,3,12,one,CARDINAL
,3,13,Jesus Christ,PERSON
,4,1,Jesus,PERSON
,4,1,so,PERSON
,4,2,Jesus,PERSON
,4,5,Gentiles,ORG
,4,8,Spirit,ORG
,4,10,Macedonia,GPE
,4,14,Jesus,PERSON
,4,14,so,PERSON
,4,14,Jesus,PERSON
,4,16,Christ,GPE
,4,16,first,ORDINAL
,4,17,so,PERSON
,5,2,the day,DATE
,5,2,so,PERSON
,5,8,the day,DATE
,5,8,on,PERSON
,5,9,Jesus Christ,PERSON
,5,18,Jesus,PERSON
,5,19,Spirit,ORG
,5,23,Jesus Christ,PERSON
,5,28,Jesus Christ,PERSON
,1,1,Paul,PERSON
,1,1,Silvanus,PERSON
,1,1,Timotheus,GPE
,1,1,Thessalonians,NORP
,1,1,Jesus Christ,PERSON
,1,2,Grace,PERSON
,1,2,Jesus Christ,PERSON
,1,4,So,PERSON
,1,7,Jesus,PERSON
,1,8,on,PERSON
,1,8,Jesus Christ,PERSON
,1,10,that day,DATE
,1,12,Jesus Christ,PERSON
,1,12,Jesus Christ,PERSON
,2,1,Jesus Christ,PERSON
,2,2,the day,DATE
,2,2,Christ,GPE
,2,3,that day,DATE
,2,3,first,ORDINAL
,2,4,so,PERSON
,2,9,Satan,PERSON
,2,13,Spirit,ORG
,2,14,Whereunto,PERSON
,2,14,Jesus Christ,PERSON
,2,16,Jesus Christ,PERSON
,3,5,Christ,GPE
,3,6,Jesus Christ,PERSON
,3,12,Jesus Christ,PERSON
,3,17,Paul,PERSON
,3,17,so,PERSON
,3,18,Jesus Christ,PERSON
,1,1,Paul,PERSON
,1,1,Jesus Christ,PERSON
,1,1,Saviour,PERSON
,1,1,Jesus Christ,PERSON
,1,2,Timothy,PERSON
,1,2,Grace,PERSON
,1,2,Jesus Christ,PERSON
,1,3,Ephesus,ORG
,1,3,Macedonia,GPE
,1,4,so,PERSON
,1,12,Christ Jesus,PERSON
,1,14,Jesus,PERSON
,1,15,Christ Jesus,PERSON
,1,16,first,ORDINAL
,1,16,Jesus Christ,PERSON
,1,16,on,PERSON
,1,18,Timothy,PERSON
,1,18,on,PERSON
,1,19,put,PERSON
,1,20,Hymenaeus,GPE
,1,20,Alexander,PERSON
,1,20,Satan,PERSON
,2,1,first,ORDINAL
,2,3,Saviour,PERSON
,2,5,one,CARDINAL
,2,5,Christ Jesus,PERSON
,2,7,Whereunto,PERSON
,2,7,Christ,GPE
,2,7,Gentiles,ORG
,2,13,Adam,PERSON
,2,13,first,ORDINAL
,2,13,Eve,PERSON
,2,14,Adam,PERSON
,3,2,one,CARDINAL
,3,4,One,CARDINAL
,3,10,first,ORDINAL
,3,11,so,PERSON
,3,12,one,CARDINAL
,3,13,Jesus,PERSON
,3,16,Spirit,ORG
,3,16,on,PERSON
,4,1,Spirit,ORG
,4,6,put,PERSON
,4,6,Jesus Christ,PERSON
,4,14,on,PERSON
,5,4,first,ORDINAL
,5,9,threescore years old,DATE
,5,9,one,CARDINAL
,5,11,Christ,ORG
,5,12,first,ORDINAL
,5,15,Satan,PERSON
,5,19,two or three,CARDINAL
,5,21,Jesus Christ,PERSON
,5,21,one,CARDINAL
,5,22,on,PERSON
,6,3,Jesus Christ,PERSON
,6,12,on,PERSON
,6,13,Christ Jesus,PERSON
,6,13,Pontius Pilate,PERSON
,6,14,Jesus Christ,PERSON
,6,19,on,PERSON
,6,20,Timothy,PERSON
,6,20,so,PERSON
,1,1,Paul,PERSON
,1,1,Jesus Christ,PERSON
,1,1,Christ Jesus,PERSON
,1,2,Timothy,PERSON
,1,2,Grace,PERSON
,1,2,Christ Jesus,PERSON
,1,5,first,ORDINAL
,1,5,Lois,PERSON
,1,5,Eunice,PERSON
,1,6,put,PERSON
,1,6,on,PERSON
,1,9,Christ,GPE
,1,9,Jesus,PERSON
,1,10,Jesus,PERSON
,1,10,death,PERSON
,1,11,Whereunto,PERSON
,1,11,Gentiles,PRODUCT
,1,12,that day,DATE
,1,13,Jesus,PERSON
,1,14,the Holy Ghost,FAC
,1,15,Asia,LOC
,1,15,Hermogenes,ORG
,1,16,Onesiphorus,GPE
,1,17,Rome,GPE
,1,18,Ephesus,GPE
,2,1,Christ Jesus,PERSON
,2,3,Jesus Christ,PERSON
,2,6,first,ORDINAL
,2,8,Jesus Christ,PERSON
,2,8,David,PERSON
,2,10,Jesus,PERSON
,2,14,put,PERSON
,2,17,Hymenaeus,GPE
,2,17,Philetus,ORG
,2,19,Christ,GPE
,2,22,on,PERSON
,3,1,the last days,DATE
,3,8,Jannes,NORP
,3,8,Jambres,PERSON
,3,8,Moses,PERSON
,3,8,so,PERSON
,3,11,Antioch,GPE
,3,11,Iconium,GPE
,3,11,Lystra,PERSON
,3,12,Christ Jesus,PERSON
,3,15,Jesus,PERSON
,4,1,Jesus Christ,PERSON
,4,2,season,DATE
,4,10,Demas,PERSON
,4,10,Thessalonica,GPE
,4,10,Crescens to Galatia,ORG
,4,10,Titus,PERSON
,4,11,Luke,PERSON
,4,11,Take Mark,PERSON
,4,12,Tychicus,ORG
,4,12,Ephesus,GPE
,4,13,Troas,GPE
,4,13,Carpus,ORG
,4,14,Alexander,PERSON
,4,16,first,ORDINAL
,4,17,Gentiles,ORG
,4,19,Prisca,PERSON
,4,19,Aquila,PERSON
,4,19,Onesiphorus,GPE
,4,20,Erastus,PERSON
,4,20,Corinth,GPE
,4,20,Trophimus,GPE
,4,20,Miletum,ORG
,4,21,Eubulus,PERSON
,4,21,Pudens,GPE
,4,21,Linus,PERSON
,4,21,Claudia,PERSON
,4,22,Jesus Christ,PERSON
,1,1,Paul,PERSON
,1,1,Jesus Christ,PERSON
,1,3,Saviour,PERSON
,1,4,Titus,PERSON
,1,4,Grace,PERSON
,1,4,Jesus Christ,PERSON
,1,4,Saviour,PERSON
,1,5,Crete,GPE
,1,6,one,CARDINAL
,1,12,One,CARDINAL
,1,12,Cretians,NORP
,1,14,Jewish,NORP
,2,10,Saviour,PERSON
,2,13,Saviour Jesus Christ,PERSON
,3,1,Put,PERSON
,3,4,Saviour,PERSON
,3,5,the Holy Ghost,FAC
,3,6,on,PERSON
,3,6,Jesus Christ,PERSON
,3,6,Saviour,PERSON
,3,10,first,ORDINAL
,3,10,second,ORDINAL
,3,12,Artemas,PERSON
,3,12,Tychicus,ORG
,3,12,Nicopolis,PERSON
,3,12,winter,DATE
,3,13,Zenas,PERSON
,3,13,Apollos,PERSON
,3,13,on,PERSON
,1,1,Paul,PERSON
,1,1,Jesus Christ,PERSON
,1,1,Timothy,PERSON
,1,1,Philemon,PERSON
,1,2,Apphia,PERSON
,1,2,Archippus,PERSON
,1,3,Grace,PERSON
,1,3,Jesus Christ,PERSON
,1,5,Jesus,PERSON
,1,6,Christ Jesus,PERSON
,1,8,Christ,GPE
,1,9,Paul,PERSON
,1,9,Jesus Christ,PERSON
,1,10,Onesimus,PERSON
,1,15,a season,DATE
,1,18,put,PERSON
,1,18,on,PERSON
,1,19,Paul,PERSON
,1,23,Christ Jesus,PERSON
,1,24,Marcus,PERSON
,1,24,Aristarchus,NORP
,1,24,Demas,ORG
,1,24,Lucas,PERSON
,1,25,Jesus Christ,PERSON
,1,2,these last days,DATE
,1,2,Son,PERSON
,1,3,on,PERSON
,1,3,on,PERSON
,1,4,so,PERSON
,1,5,Son,PERSON
,1,5,this day,DATE
,1,13,on,PERSON
,2,3,so,PERSON
,2,3,first,ORDINAL
,2,4,the Holy Ghost,FAC
,2,5,put,PERSON
,2,6,one,CARDINAL
,2,8,put,PERSON
,2,8,put,PERSON
,2,8,put,PERSON
,2,8,put,PERSON
,2,9,Jesus,PERSON
,2,9,death,PERSON
,2,9,death,PERSON
,2,11,one,CARDINAL
,2,13,put,PERSON
,2,14,Forasmuch,ORG
,2,14,death,PERSON
,2,14,death,PERSON
,2,15,death,PERSON
,2,16,on,PERSON
,2,16,on,PERSON
,2,16,Abraham,PERSON
,3,1,Apostle,PERSON
,3,1,Christ Jesus,PERSON
,3,2,Moses,PERSON
,3,3,Moses,PERSON
,3,5,Moses,PERSON
,3,7,the Holy Ghost,WORK_OF_ART
,3,8,Harden,PERSON
,3,8,the day,DATE
,3,9,forty years,DATE
,3,11,So,PERSON
,3,13,one,CARDINAL
,3,14,Christ,GPE
,3,16,Egypt,GPE
,3,16,Moses,PERSON
,3,17,forty years,DATE
,3,19,So,PERSON
,4,4,the seventh day,DATE
,4,4,on,PERSON
,4,4,the seventh day,DATE
,4,6,first,ORDINAL
,4,7,David,PERSON
,4,7,so,PERSON
,4,8,Jesus,PERSON
,4,8,another day,DATE
,4,14,Jesus,PERSON
,5,2,on,PERSON
,5,2,on,PERSON
,5,3,so,PERSON
,5,4,Aaron,PERSON
,5,5,So,PERSON
,5,5,Son,PERSON
,5,6,Melchisedec,ORG
,5,7,the days,DATE
,5,7,death,PERSON
,5,10,Melchisedec,ORG
,5,12,one,CARDINAL
,5,12,first,ORDINAL
,6,1,on,PERSON
,6,2,on,PERSON
,6,4,the Holy Ghost,FAC
,6,6,put,PERSON
,6,13,Abraham,PERSON
,6,15,so,PERSON
,6,18,two,CARDINAL
,6,20,Jesus,PERSON
,6,20,Melchisedec,ORG
,7,1,Melchisedec,ORG
,7,1,Salem,GPE
,7,1,Abraham,PERSON
,7,2,Abraham,PERSON
,7,2,tenth,ORDINAL
,7,2,first,ORDINAL
,7,2,Salem,GPE
,7,4,Abraham,PERSON
,7,4,tenth,ORDINAL
,7,5,Levi,PERSON
,7,5,Abraham,PERSON
,7,6,Abraham,PERSON
,7,9,so,PERSON
,7,9,Levi,PERSON
,7,9,Abraham,PERSON
,7,10,Melchisedec,ORG
,7,11,Levitical,ORG
,7,11,Melchisedec,ORG
,7,11,Aaron,PERSON
,7,14,Juda,ORG
,7,14,Moses,PERSON
,7,15,Melchisedec,ORG
,7,17,Melchisedec,ORG
,7,21,Melchisedec,ORG
,7,22,so,PERSON
,7,22,Jesus,PERSON
,7,23,death,PERSON
,7,27,first,ORDINAL
,7,28,Son,PERSON
,8,1,on,PERSON
,8,4,on,PERSON
,8,5,Moses,PERSON
,8,7,first,ORDINAL
,8,7,second,ORDINAL
,8,8,Israel,GPE
,8,8,Judah,PERSON
,8,9,the day,DATE
,8,9,Egypt,GPE
,8,10,Israel,GPE
,8,10,those days,DATE
,8,10,put,PERSON
,8,13,waxeth old,ORG
,9,1,first,ORDINAL
,9,2,first,ORDINAL
,9,3,second,ORDINAL
,9,4,ark,PERSON
,9,4,Aaron,PERSON
,9,6,first,ORDINAL
,9,7,second,ORDINAL
,9,8,The Holy Ghost,WORK_OF_ART
,9,8,first,ORDINAL
,9,10,on,PERSON
,9,14,Christ,GPE
,9,14,Spirit,ORG
,9,15,death,PERSON
,9,15,first,ORDINAL
,9,16,death,PERSON
,9,18,Whereupon,ORG
,9,18,first,ORDINAL
,9,19,Moses,PERSON
,9,24,Christ,ORG
,9,25,every year,DATE
,9,26,put,PERSON
,9,28,So,PERSON
,9,28,second,ORDINAL
,10,1,year,DATE
,10,1,year,DATE
,10,3,every year,DATE
,10,7,Lo,PERSON
,10,8,Sacrifice,ORG
,10,9,Lo,PERSON
,10,9,first,ORDINAL
,10,9,second,ORDINAL
,10,10,Jesus Christ,PERSON
,10,11,daily,DATE
,10,12,one,CARDINAL
,10,12,on,PERSON
,10,14,one,CARDINAL
,10,15,Whereof,ORG
,10,15,the Holy Ghost,WORK_OF_ART
,10,16,those days,DATE
,10,16,put,PERSON
,10,19,Jesus,PERSON
,10,25,so,PERSON
,10,28,Moses,PERSON
,10,28,two,CARDINAL
,10,28,three,CARDINAL
,10,29,Spirit,ORG
,10,32,the former days,DATE
,10,33,so,PERSON
,11,3,so,PERSON
,11,4,Abel,PERSON
,11,4,Cain,PERSON
,11,5,Enoch,PERSON
,11,5,death,PERSON
,11,7,Noah,PERSON
,11,7,ark,PERSON
,11,8,Abraham,PERSON
,11,9,Isaac,PERSON
,11,9,Jacob,PERSON
,11,11,Sara,PERSON
,11,12,one,CARDINAL
,11,12,so,PERSON
,11,13,on,PERSON
,11,17,Abraham,PERSON
,11,17,Isaac,PERSON
,11,18,Isaac,PERSON
,11,20,Isaac,PERSON
,11,20,Jacob,PERSON
,11,20,Esau,PERSON
,11,21,Jacob,PERSON
,11,21,Joseph,PERSON
,11,22,Joseph,PERSON
,11,22,Israel,GPE
,11,23,Moses,PERSON
,11,23,three months,DATE
,11,24,Moses,PERSON
,11,24,Pharaoh,PERSON
,11,24,daughter,PERSON
,11,26,Christ,GPE
,11,26,Egypt,GPE
,11,27,Egypt,GPE
,11,29,Egyptians,NORP
,11,30,Jericho,GPE
,11,30,about seven days,DATE
,11,31,Rahab,PERSON
,11,32,Gedeon,ORG
,11,32,Barak,PERSON
,11,32,Samson,ORG
,11,32,Jephthae,PERSON
,11,32,David,PERSON
,11,32,Samuel,PERSON
,12,1,so,PERSON
,12,1,so,PERSON
,12,2,Jesus,PERSON
,12,4,Ye,PERSON
,12,10,a few days,DATE
,12,16,Esau,PERSON
,12,16,one,CARDINAL
,12,20,so,PERSON
,12,21,so,PERSON
,12,21,Moses,PERSON
,12,22,Jerusalem,GPE
,12,24,Jesus,PERSON
,12,24,Abel,PERSON
,12,25,on,PERSON
,13,6,So,PERSON
,13,8,Jesus Christ,PERSON
,13,8,the same yesterday,DATE
,13,12,Jesus,PERSON
,13,20,Jesus,PERSON
,13,21,Jesus Christ,PERSON
,13,23,Timothy,PERSON
,13,24,Italy,GPE
,13,25,Grace,PERSON
,1,1,James,PERSON
,1,1,Jesus Christ,PERSON
,1,1,twelve,CARDINAL
,1,11,so,PERSON
,1,12,Blessed,PERSON
,1,15,death,PERSON
,2,1,Jesus Christ,PERSON
,2,10,one,CARDINAL
,2,12,So,PERSON
,2,12,so,PERSON
,2,16,one,CARDINAL
,2,16,Depart,PERSON
,2,17,so,PERSON
,2,21,Abraham,PERSON
,2,21,Isaac,PERSON
,2,22,Seest,ORG
,2,23,Abraham,PERSON
,2,25,Rahab,PERSON
,2,26,so,PERSON
,3,3,put,PERSON
,3,4,so,PERSON
,3,5,so,PERSON
,3,5,kindleth,NORP
,3,6,so,PERSON
,3,6,on,PERSON
,3,6,on,PERSON
,3,9,Therewith,PERSON
,3,10,so,PERSON
,3,12,so,PERSON
,3,17,first,ORDINAL
,4,3,Ye,PERSON
,4,5,us,GPE
,4,11,one,CARDINAL
,4,12,one,CARDINAL
,4,13,a year,DATE
,4,14,on,PERSON
,5,3,Ye,PERSON
,5,3,the last days,DATE
,5,5,Ye,PERSON
,5,5,on,PERSON
,5,6,Ye,PERSON
,5,11,Ye,PERSON
,5,11,Job,ORG
,5,16,availeth,NORP
,5,17,Elias,PERSON
,5,17,on,PERSON
,5,17,three years and six months,DATE
,5,19,one,CARDINAL
,5,20,death,PERSON
,1,1,Peter,PERSON
,1,1,Jesus Christ,PERSON
,1,1,Pontus,PERSON
,1,1,Galatia,GPE
,1,1,Cappadocia,GPE
,1,1,Asia,LOC
,1,1,Bithynia,PERSON
,1,2,Spirit,ORG
,1,2,Jesus Christ,PERSON
,1,3,Jesus Christ,PERSON
,1,3,Jesus Christ,PERSON
,1,7,Jesus Christ,PERSON
,1,11,Christ,ORG
,1,12,the Holy Ghost,WORK_OF_ART
,1,13,Jesus Christ,PERSON
,1,15,so,PERSON
,1,17,on,PERSON
,1,18,Forasmuch,PERSON
,1,19,Christ,GPE
,1,22,Spirit,ORG
,1,23,abideth,ORG
,2,3,so,PERSON
,2,5,Ye,PERSON
,2,5,Jesus Christ,PERSON
,2,6,Behold,PERSON
,2,6,Sion,PERSON
,2,6,on,PERSON
,2,12,the day,DATE
,2,15,so,PERSON
,2,15,put,PERSON
,2,24,on,PERSON
,2,25,Shepherd,PERSON
,2,25,Bishop,PERSON
,3,3,on,PERSON
,3,6,Sara,PERSON
,3,6,Abraham,PERSON
,3,8,one,CARDINAL
,3,16,Christ,GPE
,3,17,so,PERSON
,3,18,put,PERSON
,3,18,death,PERSON
,3,18,Spirit,ORG
,3,20,the days,DATE
,3,20,Noah,PERSON
,3,20,ark,PERSON
,3,20,eight,CARDINAL
,3,21,Jesus Christ,PERSON
,3,22,on,PERSON
,4,1,Forasmuch,ORG
,4,1,Christ,PERSON
,4,3,Gentiles,ORG
,4,10,so,PERSON
,4,11,Jesus Christ,PERSON
,4,13,Christ,ORG
,4,14,Christ,GPE
,4,14,on,PERSON
,4,14,on,PERSON
,4,16,Christian,NORP
,4,16,on,PERSON
,4,17,first,ORDINAL
,5,1,Christ,ORG
,5,4,Shepherd,PERSON
,5,10,Christ Jesus,PERSON
,5,12,Silvanus,PERSON
,5,13,Babylon,GPE
,5,13,so,PERSON
,5,13,Marcus,PERSON
,5,14,Jesus,PERSON
,1,1,Simon Peter,PERSON
,1,1,Jesus Christ,PERSON
,1,1,Jesus,PERSON
,1,2,Grace,PERSON
,1,2,Jesus,PERSON
,1,8,Jesus Christ,PERSON
,1,11,so,PERSON
,1,11,Saviour Jesus Christ,PERSON
,1,12,put,PERSON
,1,14,put,PERSON
,1,14,Jesus Christ,PERSON
,1,16,Jesus Christ,PERSON
,1,17,Son,PERSON
,1,20,first,ORDINAL
,1,21,the Holy Ghost,WORK_OF_ART
,2,5,Noah,PERSON
,2,5,eighth,ORDINAL
,2,6,Sodom,GPE
,2,6,Gomorrha,PERSON
,2,7,Lot,PERSON
,2,9,the day,DATE
,2,13,the day,DATE
,2,15,Balaam,PERSON
,2,15,Bosor,PERSON
,2,20,Saviour Jesus Christ,PERSON
,3,1,second,ORDINAL
,3,2,Saviour,PERSON
,3,3,first,ORDINAL
,3,3,the last days,DATE
,3,7,the day,DATE
,3,8,one day,DATE
,3,8,a thousand years,DATE
,3,8,a thousand years as one day,DATE
,3,10,the day,DATE
,3,12,on,PERSON
,3,15,Paul,PERSON
,3,17,Ye,PERSON
,3,18,Saviour Jesus Christ,PERSON
,1,3,Jesus Christ,PERSON
,1,7,Jesus Christ,PERSON
,1,7,Son,PERSON
,2,1,Jesus Christ,PERSON
,2,6,so,PERSON
,2,15,Love,WORK_OF_ART
,2,18,antichrist,PERSON
,2,20,the Holy One,FAC
,2,22,Jesus,PERSON
,2,22,antichrist,PERSON
,2,23,Son,PERSON
,2,23,Son,PERSON
,2,24,Son,PERSON
,3,4,sin transgresseth,PERSON
,3,12,Cain,PERSON
,3,14,death,PERSON
,3,14,death,PERSON
,3,23,on,PERSON
,3,23,Jesus Christ,PERSON
,3,24,us,GPE
,3,24,Spirit,ORG
,4,2,Jesus Christ,PERSON
,4,3,Jesus Christ,PERSON
,4,3,antichrist,PERSON
,4,4,Ye,PERSON
,4,9,Son,PERSON
,4,10,Son,PERSON
,4,11,so,PERSON
,4,13,Spirit,ORG
,4,14,Son,PERSON
,4,15,Jesus,PERSON
,4,16,God,PERSON
,4,17,the day,DATE
,4,17,so,PERSON
,4,19,first,ORDINAL
,5,1,Jesus,PERSON
,5,1,Christ,ORG
,5,5,Jesus,PERSON
,5,6,Jesus Christ,PERSON
,5,6,Spirit,ORG
,5,6,beareth witness,ORG
,5,6,Spirit,ORG
,5,7,three,CARDINAL
,5,7,the Holy Ghost:,WORK_OF_ART
,5,7,three,CARDINAL
,5,8,three,CARDINAL
,5,8,Spirit,ORG
,5,8,three,CARDINAL
,5,9,Son,PERSON
,5,10,on,PERSON
,5,10,Son,PERSON
,5,11,Son,PERSON
,5,12,Son,PERSON
,5,13,on,PERSON
,5,13,on,PERSON
,5,16,death,PERSON
,5,16,death,PERSON
,5,16,death,PERSON
,5,17,death,PERSON
,5,20,Jesus Christ,PERSON
,1,3,Grace,PERSON
,1,3,Jesus Christ,PERSON
,1,7,Jesus Christ,PERSON
,1,7,antichrist,PERSON
,1,9,abideth,ORG
,1,9,Christ,GPE
,1,9,abideth,ORG
,1,1,Gaius,PERSON
,1,6,on,PERSON
,1,7,Gentiles,PRODUCT
,1,9,Diotrephes,PERSON
,1,12,Demetrius,PERSON
,1,1,Jude,ORG
,1,1,Jesus Christ,PERSON
,1,1,James,PERSON
,1,1,Jesus Christ,PERSON
,1,4,Jesus Christ,PERSON
,1,5,put,PERSON
,1,5,Egypt,GPE
,1,6,first,ORDINAL
,1,7,Sodom,ORG
,1,7,Gomorrha,PERSON
,1,9,Michael,PERSON
,1,9,Moses,PERSON
,1,11,Cain,PERSON
,1,11,Balaam,PERSON
,1,11,Core,ORG
,1,14,Enoch,PERSON
,1,14,seventh,ORDINAL
,1,14,Adam,PERSON
,1,14,Behold,PERSON
,1,14,ten thousands,CARDINAL
,1,17,Jesus Christ,PERSON
,1,19,Spirit,ORG
,1,20,on,PERSON
,1,20,the Holy Ghost,LOC
,1,21,Jesus Christ,PERSON
,1,25,Saviour,PERSON
,1,1,The Revelation of Jesus Christ,WORK_OF_ART
,1,1,John,PERSON
,1,2,Jesus Christ,PERSON
,1,3,Blessed,PERSON
,1,4,John,PERSON
,1,4,seven,CARDINAL
,1,4,Asia,LOC
,1,4,Grace,PERSON
,1,4,seven,CARDINAL
,1,5,Jesus Christ,PERSON
,1,5,first,ORDINAL
,1,7,so,PERSON
,1,8,Omega,ORG
,1,9,John,PERSON
,1,9,Jesus Christ,PERSON
,1,9,Patmos,GPE
,1,9,Jesus Christ,PERSON
,1,10,Spirit,ORG
,1,10,on,PERSON
,1,11,Omega,ORG
,1,11,first,ORDINAL
,1,11,seven,CARDINAL
,1,11,Asia,LOC
,1,11,Ephesus,GPE
,1,11,Smyrna,GPE
,1,11,Pergamos,PERSON
,1,11,Thyatira,PERSON
,1,11,Sardis,GPE
,1,11,Philadelphia,GPE
,1,12,seven,CARDINAL
,1,13,seven,CARDINAL
,1,13,one,CARDINAL
,1,16,seven,CARDINAL
,1,17,first,ORDINAL
,1,18,death,PERSON
,1,20,seven,CARDINAL
,1,20,seven,CARDINAL
,1,20,seven,CARDINAL
,1,20,seven,CARDINAL
,1,20,seven,CARDINAL
,1,20,seven,CARDINAL
,2,1,Ephesus,ORG
,2,1,seven,CARDINAL
,2,1,seven,CARDINAL
,2,4,first,ORDINAL
,2,5,first,ORDINAL
,2,6,Nicolaitanes,ORG
,2,7,Spirit,ORG
,2,8,Smyrna,GPE
,2,8,first,ORDINAL
,2,9,Jews,NORP
,2,9,Satan,PERSON
,2,10,ten days,DATE
,2,10,death,PERSON
,2,11,Spirit,ORG
,2,11,second,ORDINAL
,2,11,death,PERSON
,2,12,Pergamos,GPE
,2,12,two,CARDINAL
,2,13,Satan,ORG
,2,13,those days,DATE
,2,13,Antipas,PERSON
,2,13,Satan,PERSON
,2,14,Balaam,PERSON
,2,14,Balac,PERSON
,2,14,Israel,GPE
,2,15,So,PERSON
,2,15,Nicolaitanes,ORG
,2,17,Spirit,ORG
,2,18,Thyatira,GPE
,2,19,first,ORDINAL
,2,20,Jezebel,PERSON
,2,23,death,PERSON
,2,24,Thyatira,GPE
,2,24,Satan,PERSON
,2,24,put,PERSON
,2,28,morning,TIME
,2,29,Spirit,ORG
,3,1,Sardis,GPE
,3,1,seven,CARDINAL
,3,1,seven,CARDINAL
,3,3,on,PERSON
,3,4,Sardis,GPE
,3,6,Spirit,ORG
,3,7,Philadelphia,GPE
,3,7,David,PERSON
,3,9,Satan,PERSON
,3,9,Jews,NORP
,3,10,the hour,TIME
,3,12,Jerusalem,GPE
,3,13,Spirit,ORG
,3,14,Laodiceans,NORP
,3,16,So,PERSON
,3,22,Spirit,ORG
,4,1,first,ORDINAL
,4,2,on,PERSON
,4,4,four,CARDINAL
,4,4,twenty,CARDINAL
,4,4,four,CARDINAL
,4,4,twenty,CARDINAL
,4,4,on,PERSON
,4,5,seven,CARDINAL
,4,5,seven,CARDINAL
,4,6,four,CARDINAL
,4,7,first,ORDINAL
,4,7,second,ORDINAL
,4,7,third,ORDINAL
,4,7,fourth,ORDINAL
,4,8,four,CARDINAL
,4,8,six,CARDINAL
,4,8,God Almighty,PERSON
,4,9,on,PERSON
,4,10,four,CARDINAL
,4,10,twenty,CARDINAL
,4,10,on,PERSON
,5,1,on,PERSON
,5,1,on,PERSON
,5,1,seven,CARDINAL
,5,5,one,CARDINAL
,5,5,Weep,PERSON
,5,5,Juda,ORG
,5,5,the Root of David,ORG
,5,5,seven,CARDINAL
,5,6,four,CARDINAL
,5,6,Lamb,PERSON
,5,6,seven,CARDINAL
,5,6,seven,CARDINAL
,5,6,seven,CARDINAL
,5,8,four,CARDINAL
,5,8,four,CARDINAL
,5,8,twenty,CARDINAL
,5,8,Lamb,PERSON
,5,10,on,PERSON
,5,11,ten thousand times,DATE
,5,11,ten thousand,CARDINAL
,5,11,thousands of thousands,CARDINAL
,5,12,Worthy,PERSON
,5,12,Lamb,PERSON
,5,13,on,PERSON
,5,13,Blessing,PERSON
,5,13,Lamb,PERSON
,5,14,four,CARDINAL
,5,14,four,CARDINAL
,5,14,twenty,CARDINAL
,6,1,Lamb,PERSON
,6,1,one,CARDINAL
,6,1,four,CARDINAL
,6,2,on,PERSON
,6,3,second,ORDINAL
,6,3,second,ORDINAL
,6,5,third,ORDINAL
,6,5,third,ORDINAL
,6,5,on,PERSON
,6,6,four,CARDINAL
,6,6,a penny,MONEY
,6,6,three,CARDINAL
,6,6,a penny,MONEY
,6,7,fourth,ORDINAL
,6,7,fourth,ORDINAL
,6,8,on,PERSON
,6,8,Death,PERSON
,6,8,fourth,ORDINAL
,6,8,death,PERSON
,6,9,fifth,ORDINAL
,6,10,on,PERSON
,6,10,on,PERSON
,6,11,a little season,DATE
,6,12,sixth,ORDINAL
,6,16,on,PERSON
,6,16,on,PERSON
,7,1,four,CARDINAL
,7,1,on,PERSON
,7,1,four,CARDINAL
,7,1,four,CARDINAL
,7,1,on,PERSON
,7,1,on,PERSON
,7,1,on,PERSON
,7,2,four,CARDINAL
,7,4,an hundred and forty and four thousand,CARDINAL
,7,4,Israel,GPE
,7,5,Juda,PERSON
,7,5,twelve thousand,CARDINAL
,7,5,Reuben,PERSON
,7,5,twelve thousand,CARDINAL
,7,5,Gad,PERSON
,7,5,twelve thousand,CARDINAL
,7,6,Aser,ORG
,7,6,twelve thousand,CARDINAL
,7,6,Nephthalim,ORG
,7,6,twelve thousand,CARDINAL
,7,6,Manasses,PRODUCT
,7,6,twelve thousand,CARDINAL
,7,7,Simeon,PERSON
,7,7,twelve thousand,CARDINAL
,7,7,Levi,PERSON
,7,7,twelve thousand,CARDINAL
,7,7,Issachar,WORK_OF_ART
,7,7,twelve thousand,CARDINAL
,7,8,Zabulon,PRODUCT
,7,8,twelve thousand,CARDINAL
,7,8,Joseph,PERSON
,7,8,twelve thousand,CARDINAL
,7,8,Benjamin,PERSON
,7,8,twelve thousand,CARDINAL
,7,9,Lamb,PERSON
,7,10,Lamb,PERSON
,7,11,four,CARDINAL
,7,11,on,PERSON
,7,12,thanksgiving,DATE
,7,13,one,CARDINAL
,7,15,on,PERSON
,7,16,on,PERSON
,7,17,Lamb,PERSON
,8,1,seventh,ORDINAL
,8,1,half an hour,TIME
,8,2,seven,CARDINAL
,8,2,seven,CARDINAL
,8,6,seven,CARDINAL
,8,6,seven,CARDINAL
,8,7,first,ORDINAL
,8,7,third,ORDINAL
,8,8,second,ORDINAL
,8,8,third,ORDINAL
,8,9,third,ORDINAL
,8,9,third,ORDINAL
,8,10,third,ORDINAL
,8,10,third,ORDINAL
,8,11,Wormwood,PERSON
,8,11,third,ORDINAL
,8,12,fourth,ORDINAL
,8,12,third,ORDINAL
,8,12,third,ORDINAL
,8,12,third,ORDINAL
,8,12,so,PERSON
,8,12,third,ORDINAL
,8,12,the day,DATE
,8,12,third,ORDINAL
,8,13,three,CARDINAL
,9,1,fifth,ORDINAL
,9,5,five months,DATE
,9,6,those days,DATE
,9,6,death,PERSON
,9,6,death,PERSON
,9,7,on,PERSON
,9,10,five months,DATE
,9,11,Hebrew,LANGUAGE
,9,11,Abaddon,PERSON
,9,11,Greek,NORP
,9,11,Apollyon,NORP
,9,12,One,CARDINAL
,9,12,two,CARDINAL
,9,13,sixth,ORDINAL
,9,13,four,CARDINAL
,9,14,sixth,ORDINAL
,9,14,four,CARDINAL
,9,14,Euphrates,LOC
,9,15,four,CARDINAL
,9,15,an hour,TIME
,9,15,a year,DATE
,9,15,third,ORDINAL
,9,16,two hundred thousand thousand,CARDINAL
,9,17,on,PERSON
,9,18,three,CARDINAL
,9,18,third,ORDINAL
,10,2,on,PERSON
,10,3,seven,CARDINAL
,10,4,seven,CARDINAL
,10,4,seven,CARDINAL
,10,7,the days,DATE
,10,7,seventh,ORDINAL
,10,11,Thou,PERSON
,11,1,Rise,ORG
,11,2,forty and two months,DATE
,11,3,two,CARDINAL
,11,3,a thousand two hundred and threescore days,DATE
,11,4,two,CARDINAL
,11,4,two,CARDINAL
,11,6,the days,DATE
,11,8,Sodom,GPE
,11,8,Egypt,GPE
,11,9,three days and an half,DATE
,11,9,put,PERSON
,11,10,two,CARDINAL
,11,10,on,PERSON
,11,11,three days,DATE
,11,11,Spirit,ORG
,11,13,the same hour,TIME
,11,13,tenth,ORDINAL
,11,13,seven thousand,CARDINAL
,11,14,second,ORDINAL
,11,14,third,ORDINAL
,11,15,seventh,ORDINAL
,11,15,Christ,ORG
,11,16,four,CARDINAL
,11,16,twenty,CARDINAL
,11,16,on,PERSON
,11,17,God Almighty,PERSON
,11,19,ark,PERSON
,12,1,twelve,CARDINAL
,12,3,seven,CARDINAL
,12,3,ten,CARDINAL
,12,3,seven,CARDINAL
,12,4,third,ORDINAL
,12,7,Michael,PERSON
,12,9,Satan,PERSON
,12,11,Lamb,PERSON
,12,11,death,PERSON
,12,14,two,CARDINAL
,12,14,half,CARDINAL
,12,17,Jesus Christ,PERSON
,13,1,seven,CARDINAL
,13,1,ten,CARDINAL
,13,1,ten,CARDINAL
,13,3,one,CARDINAL
,13,3,death,PERSON
,13,5,forty and two months,DATE
,13,8,Lamb,PERSON
,13,11,two,CARDINAL
,13,12,first,ORDINAL
,13,12,first,ORDINAL
,13,13,so,PERSON
,13,13,on,PERSON
,13,14,on,PERSON
,13,14,on,PERSON
,13,18,Six hundred threescore and six,CARDINAL
,14,1,Lamb,PERSON
,14,1,on,PERSON
,14,1,the mount Sion,LOC
,14,1,an hundred forty and four thousand,CARDINAL
,14,3,four,CARDINAL
,14,3,the hundred and forty and four thousand,CARDINAL
,14,4,Lamb,PERSON
,14,6,on,PERSON
,14,7,the hour,TIME
,14,8,Babylon,PERSON
,14,9,third,ORDINAL
,14,12,Jesus,PERSON
,14,13,Blessed,PERSON
,14,13,Spirit,ORG
,14,14,on,PERSON
,14,15,on,PERSON
,14,16,on,PERSON
,14,16,on,PERSON
,14,20,a thousand and six hundred furlongs,CARDINAL
,15,1,seven,CARDINAL
,15,1,seven,CARDINAL
,15,2,on,PERSON
,15,3,Moses,PERSON
,15,3,Lamb,PERSON
,15,3,Great,PERSON
,15,6,seven,CARDINAL
,15,6,seven,CARDINAL
,15,7,one,CARDINAL
,15,7,four,CARDINAL
,15,7,seven,CARDINAL
,15,7,seven golden,QUANTITY
,15,8,seven,CARDINAL
,15,8,seven,CARDINAL
,16,1,seven,CARDINAL
,16,2,first,ORDINAL
,16,3,second,ORDINAL
,16,4,third,ORDINAL
,16,7,so,PERSON
,16,8,fourth,ORDINAL
,16,10,fifth,ORDINAL
,16,12,sixth,ORDINAL
,16,12,Euphrates,ORG
,16,13,three,CARDINAL
,16,15,Blessed,PERSON
,16,16,Hebrew,LANGUAGE
,16,17,seventh,ORDINAL
,16,18,so,PERSON
,16,18,so,PERSON
,16,19,three,CARDINAL
,16,19,Babylon,PERSON
,17,1,one,CARDINAL
,17,1,seven,CARDINAL
,17,1,seven,CARDINAL
,17,3,So,PERSON
,17,3,seven,CARDINAL
,17,3,ten,CARDINAL
,17,5,MYSTERY,PERSON
,17,5,EARTH,LOC
,17,6,Jesus,PERSON
,17,7,seven,CARDINAL
,17,7,ten,CARDINAL
,17,8,on,PERSON
,17,9,seven,CARDINAL
,17,9,seven,CARDINAL
,17,9,on,PERSON
,17,10,seven,CARDINAL
,17,10,five,CARDINAL
,17,11,eighth,ORDINAL
,17,11,seven,CARDINAL
,17,12,ten,CARDINAL
,17,12,ten,CARDINAL
,17,12,one hour,TIME
,17,13,one,CARDINAL
,17,14,Lamb,PERSON
,17,14,Lamb,PERSON
,17,16,ten,CARDINAL
,17,17,put,PERSON
,18,2,Babylon,PERSON
,18,7,so,PERSON
,18,8,one day,DATE
,18,8,death,PERSON
,18,10,Babylon,GPE
,18,10,one hour,TIME
,18,17,one hour,TIME
,18,17,so,PERSON
,18,19,on,PERSON
,18,19,one hour,TIME
,18,20,on,PERSON
,18,21,Babylon,GPE
,19,1,Alleluia,PERSON
,19,4,four,CARDINAL
,19,4,twenty,CARDINAL
,19,4,four,CARDINAL
,19,4,on,PERSON
,19,7,Lamb,PERSON
,19,9,Blessed,PERSON
,19,10,Jesus,PERSON
,19,10,Jesus,PERSON
,19,11,Faithful and True,WORK_OF_ART
,19,12,on,PERSON
,19,13,The Word of God,WORK_OF_ART
,19,16,on,PERSON
,19,16,on,PERSON
,19,18,on,PERSON
,19,19,on,PERSON
,20,2,on,PERSON
,20,2,Satan,PERSON
,20,2,a thousand years,DATE
,20,3,the thousand years,DATE
,20,3,a little season,DATE
,20,4,Jesus,PERSON
,20,4,Christ,GPE
,20,4,a thousand years,DATE
,20,5,the thousand years,DATE
,20,5,first,ORDINAL
,20,6,Blessed,PERSON
,20,6,first,ORDINAL
,20,6,on,PERSON
,20,6,second,ORDINAL
,20,6,death,PERSON
,20,6,a thousand years,DATE
,20,7,the thousand years,DATE
,20,7,Satan,PERSON
,20,8,the four quarters,DATE
,20,8,Gog,PERSON
,20,8,Magog,PERSON
,20,9,on,PERSON
,20,11,on,PERSON
,20,13,death,PERSON
,20,14,death,PERSON
,20,14,second,ORDINAL
,20,14,death,PERSON
,21,1,first,ORDINAL
,21,1,first,ORDINAL
,21,2,John,PERSON
,21,2,Jerusalem,GPE
,21,3,Behold,PERSON
,21,4,death,PERSON
,21,5,Behold,PERSON
,21,6,Omega,ORG
,21,8,second,ORDINAL
,21,8,death,PERSON
,21,9,one,CARDINAL
,21,9,seven,CARDINAL
,21,9,seven,CARDINAL
,21,9,seven,CARDINAL
,21,9,Lamb,PERSON
,21,10,Jerusalem,GPE
,21,12,twelve,CARDINAL
,21,12,twelve,CARDINAL
,21,12,twelve,CARDINAL
,21,12,Israel,GPE
,21,13,On,PERSON
,21,13,three,CARDINAL
,21,13,on,PERSON
,21,13,three,CARDINAL
,21,13,on,PERSON
,21,13,on,PERSON
,21,13,three,CARDINAL
,21,14,twelve,CARDINAL
,21,14,twelve,CARDINAL
,21,16,twelve thousand furlongs,QUANTITY
,21,17,an hundred and forty and four cubits,CARDINAL
,21,19,first,ORDINAL
,21,19,jasper,GPE
,21,19,second,ORDINAL
,21,19,sapphire,ORG
,21,19,third,ORDINAL
,21,19,fourth,ORDINAL
,21,20,fifth,ORDINAL
,21,20,sardonyx,ORG
,21,20,sixth,ORDINAL
,21,20,sardius,ORG
,21,20,seventh,ORDINAL
,21,20,eighth,ORDINAL
,21,20,ninth,ORDINAL
,21,20,tenth,ORDINAL
,21,20,eleventh,ORDINAL
,21,20,twelfth,ORDINAL
,21,21,twelve,CARDINAL
,21,21,twelve,CARDINAL
,21,21,one,CARDINAL
,21,22,Lamb,PERSON
,21,23,Lamb,PERSON
,21,27,Lamb,PERSON
,22,2,on,PERSON
,22,2,twelve,CARDINAL
,22,3,Lamb,PERSON
,22,8,John,PERSON
,22,13,Omega,ORG
,22,13,first,ORDINAL
,22,16,Jesus,PERSON
,22,16,David,PERSON
,22,16,morning,TIME
,22,17,Spirit,ORG
,22,20,so,PERSON
,22,20,Jesus,PERSON
,22,21,Jesus Christ,PERSON
